solid OpenSCAD_Model
  facet normal -0.815509 0 0.578744
    outer loop
      vertex 0.766378 0 41.6602
      vertex 1.09084 31.2 42.1174
      vertex 0.766378 31.2 41.6602
    endloop
  endfacet
  facet normal -0.815509 0 0.578744
    outer loop
      vertex 1.09084 31.2 42.1174
      vertex 0.766378 0 41.6602
      vertex 1.09084 0 42.1174
    endloop
  endfacet
  facet normal 0.745586 -0 0.666409
    outer loop
      vertex 86.5355 0 42.5355
      vertex 86.9092 31.2 42.1174
      vertex 86.5355 31.2 42.5355
    endloop
  endfacet
  facet normal 0.745586 0 0.666409
    outer loop
      vertex 86.9092 31.2 42.1174
      vertex 86.5355 0 42.5355
      vertex 86.9092 0 42.1174
    endloop
  endfacet
  facet normal 0.998481 0 0.0551001
    outer loop
      vertex 87.9686 31.2 39.5598
      vertex 87.9719 22.7 39.5
      vertex 87.9719 31.2 39.5
    endloop
  endfacet
  facet normal 0.998481 -0 0.0551001
    outer loop
      vertex 87.9686 0 39.5598
      vertex 87.9719 22.7 39.5
      vertex 87.9686 31.2 39.5598
    endloop
  endfacet
  facet normal 0.998425 2.67243e-06 0.0561115
    outer loop
      vertex 87.9686 0 39.5598
      vertex 88 22.7 39
      vertex 87.9719 22.7 39.5
    endloop
  endfacet
  facet normal 0.998431 0 0.0560034
    outer loop
      vertex 88 22.7 39
      vertex 87.9686 0 39.5598
      vertex 88 0 39
    endloop
  endfacet
  facet normal 0.745571 0 -0.666427
    outer loop
      vertex 86.9092 0 1.88255
      vertex 86.5355 31.2 1.46447
      vertex 86.9092 31.2 1.88255
    endloop
  endfacet
  facet normal 0.745571 0 -0.666427
    outer loop
      vertex 86.5355 31.2 1.46447
      vertex 86.9092 0 1.88255
      vertex 86.5355 0 1.46447
    endloop
  endfacet
  facet normal -0.985872 0 0.167501
    outer loop
      vertex 0.0314388 0 39.5598
      vertex 0.12536 31.2 40.1126
      vertex 0.0314388 31.2 39.5598
    endloop
  endfacet
  facet normal -0.985872 0 0.167501
    outer loop
      vertex 0.12536 31.2 40.1126
      vertex 0.0314388 0 39.5598
      vertex 0.12536 0 40.1126
    endloop
  endfacet
  facet normal -0.815563 0 -0.578668
    outer loop
      vertex 1.09084 0 1.88255
      vertex 0.766378 31.2 2.33984
      vertex 1.09084 31.2 1.88255
    endloop
  endfacet
  facet normal -0.815563 -0 -0.578668
    outer loop
      vertex 0.766378 31.2 2.33984
      vertex 1.09084 0 1.88255
      vertex 0.766378 0 2.33984
    endloop
  endfacet
  facet normal -0.578595 0 0.815615
    outer loop
      vertex 1.88255 31.2 42.9092
      vertex 2.33984 0 43.2336
      vertex 2.33984 31.2 43.2336
    endloop
  endfacet
  facet normal -0.578595 0 0.815615
    outer loop
      vertex 2.33984 0 43.2336
      vertex 1.88255 31.2 42.9092
      vertex 1.88255 0 42.9092
    endloop
  endfacet
  facet normal 0.985849 -0 0.167637
    outer loop
      vertex 87.8746 0 40.1126
      vertex 87.9686 31.2 39.5598
      vertex 87.8746 31.2 40.1126
    endloop
  endfacet
  facet normal 0.985849 0 0.167637
    outer loop
      vertex 87.9686 31.2 39.5598
      vertex 87.8746 0 40.1126
      vertex 87.9686 0 39.5598
    endloop
  endfacet
  facet normal -1 0 0
    outer loop
      vertex 0 0 5
      vertex 0 22.7 39
      vertex 0 22.7 5
    endloop
  endfacet
  facet normal -1 -0 0
    outer loop
      vertex 0 22.7 39
      vertex 0 0 5
      vertex 0 0 39
    endloop
  endfacet
  facet normal -1 0 0
    outer loop
      vertex 0 22.7 5
      vertex 0 31.2 4.5
      vertex 0 22.7 4.5
    endloop
  endfacet
  facet normal -1 0 0
    outer loop
      vertex 0 31.2 4.5
      vertex 0 22.7 5
      vertex 0 31.2 39.5
    endloop
  endfacet
  facet normal -1 0 0
    outer loop
      vertex 0 22.7 39
      vertex 0 31.2 39.5
      vertex 0 22.7 5
    endloop
  endfacet
  facet normal -1 -0 0
    outer loop
      vertex 0 31.2 39.5
      vertex 0 22.7 39
      vertex 0 22.7 39.5
    endloop
  endfacet
  facet normal -0.382687 0 -0.923878
    outer loop
      vertex 2.83058 0 0.495155
      vertex 3.3486 31.2 0.280582
      vertex 3.3486 0 0.280582
    endloop
  endfacet
  facet normal -0.382687 0 -0.923878
    outer loop
      vertex 3.3486 31.2 0.280582
      vertex 2.83058 0 0.495155
      vertex 2.83058 31.2 0.495155
    endloop
  endfacet
  facet normal -0.998427 0 -0.0560718
    outer loop
      vertex 0.0314388 31.2 4.44018
      vertex 0.0280793 22.7 4.5
      vertex 0.0280793 31.2 4.5
    endloop
  endfacet
  facet normal -0.998427 0 -0.0560718
    outer loop
      vertex 0.0314388 0 4.44018
      vertex 0.0280793 22.7 4.5
      vertex 0.0314388 31.2 4.44018
    endloop
  endfacet
  facet normal -0.998427 -4.07059e-09 -0.0560703
    outer loop
      vertex 0.0314388 0 4.44018
      vertex 0 22.7 5
      vertex 0.0280793 22.7 4.5
    endloop
  endfacet
  facet normal -0.998427 -0 -0.0560704
    outer loop
      vertex 0 22.7 5
      vertex 0.0314388 0 4.44018
      vertex 0 0 5
    endloop
  endfacet
  facet normal 0 0 1
    outer loop
      vertex 83.5 31.2 44
      vertex 83 22.7 44
      vertex 83.5 22.7 44
    endloop
  endfacet
  facet normal 0 0 1
    outer loop
      vertex 83 22.7 44
      vertex 5 22.7 44
      vertex 83 0 44
    endloop
  endfacet
  facet normal 0 0 1
    outer loop
      vertex 83.5 31.2 44
      vertex 5 22.7 44
      vertex 83 22.7 44
    endloop
  endfacet
  facet normal -0 0 1
    outer loop
      vertex 4.5 31.2 44
      vertex 5 22.7 44
      vertex 83.5 31.2 44
    endloop
  endfacet
  facet normal 0 0 1
    outer loop
      vertex 5 22.7 44
      vertex 4.5 31.2 44
      vertex 4.5 22.7 44
    endloop
  endfacet
  facet normal 0 0 1
    outer loop
      vertex 83 0 44
      vertex 5 22.7 44
      vertex 5 0 44
    endloop
  endfacet
  facet normal -0.382728 0 0.923861
    outer loop
      vertex 2.83058 31.2 43.5048
      vertex 3.3486 0 43.7194
      vertex 3.3486 31.2 43.7194
    endloop
  endfacet
  facet normal -0.382728 0 0.923861
    outer loop
      vertex 3.3486 0 43.7194
      vertex 2.83058 31.2 43.5048
      vertex 2.83058 0 43.5048
    endloop
  endfacet
  facet normal -0.666357 0 -0.745633
    outer loop
      vertex 1.46447 0 1.46447
      vertex 1.88255 31.2 1.09084
      vertex 1.88255 0 1.09084
    endloop
  endfacet
  facet normal -0.666357 0 -0.745633
    outer loop
      vertex 1.88255 31.2 1.09084
      vertex 1.46447 0 1.46447
      vertex 1.46447 31.2 1.46447
    endloop
  endfacet
  facet normal -0.48372 0 -0.875223
    outer loop
      vertex 2.33984 0 0.766378
      vertex 2.83058 31.2 0.495155
      vertex 2.83058 0 0.495155
    endloop
  endfacet
  facet normal -0.48372 0 -0.875223
    outer loop
      vertex 2.83058 31.2 0.495155
      vertex 2.33984 0 0.766378
      vertex 2.33984 31.2 0.766378
    endloop
  endfacet
  facet normal 0.167501 0 -0.985872
    outer loop
      vertex 83.5598 0 0.0314388
      vertex 84.1126 31.2 0.12536
      vertex 84.1126 0 0.12536
    endloop
  endfacet
  facet normal 0.167501 0 -0.985872
    outer loop
      vertex 84.1126 31.2 0.12536
      vertex 83.5598 0 0.0314388
      vertex 83.5598 31.2 0.0314388
    endloop
  endfacet
  facet normal 0.923856 -0 0.38274
    outer loop
      vertex 87.5048 0 41.1694
      vertex 87.7194 31.2 40.6514
      vertex 87.5048 31.2 41.1694
    endloop
  endfacet
  facet normal 0.923856 0 0.38274
    outer loop
      vertex 87.7194 31.2 40.6514
      vertex 87.5048 0 41.1694
      vertex 87.7194 0 40.6514
    endloop
  endfacet
  facet normal 0.960928 0 -0.276798
    outer loop
      vertex 87.8746 0 3.88739
      vertex 87.7194 31.2 3.3486
      vertex 87.8746 31.2 3.88739
    endloop
  endfacet
  facet normal 0.960928 0 -0.276798
    outer loop
      vertex 87.7194 31.2 3.3486
      vertex 87.8746 0 3.88739
      vertex 87.7194 0 3.3486
    endloop
  endfacet
  facet normal 1 -0 0
    outer loop
      vertex 88 0 39
      vertex 88 22.7 5
      vertex 88 22.7 39
    endloop
  endfacet
  facet normal 1 0 0
    outer loop
      vertex 88 22.7 5
      vertex 88 0 39
      vertex 88 0 5
    endloop
  endfacet
  facet normal 1 0 0
    outer loop
      vertex 88 22.7 39
      vertex 88 31.2 39.5
      vertex 88 22.7 39.5
    endloop
  endfacet
  facet normal 1 0 0
    outer loop
      vertex 88 31.2 39.5
      vertex 88 22.7 39
      vertex 88 31.2 4.5
    endloop
  endfacet
  facet normal 1 -0 0
    outer loop
      vertex 88 22.7 5
      vertex 88 31.2 4.5
      vertex 88 22.7 39
    endloop
  endfacet
  facet normal 1 0 0
    outer loop
      vertex 88 31.2 4.5
      vertex 88 22.7 5
      vertex 88 22.7 4.5
    endloop
  endfacet
  facet normal -0.923878 0 -0.382687
    outer loop
      vertex 0.495155 0 2.83058
      vertex 0.280582 31.2 3.3486
      vertex 0.495155 31.2 2.83058
    endloop
  endfacet
  facet normal -0.923878 -0 -0.382687
    outer loop
      vertex 0.280582 31.2 3.3486
      vertex 0.495155 0 2.83058
      vertex 0.280582 0 3.3486
    endloop
  endfacet
  facet normal -0.578668 0 -0.815563
    outer loop
      vertex 1.88255 0 1.09084
      vertex 2.33984 31.2 0.766378
      vertex 2.33984 0 0.766378
    endloop
  endfacet
  facet normal -0.578668 0 -0.815563
    outer loop
      vertex 2.33984 31.2 0.766378
      vertex 1.88255 0 1.09084
      vertex 1.88255 31.2 1.09084
    endloop
  endfacet
  facet normal 0 1 0
    outer loop
      vertex 5.05398 31.2 5.54442
      vertex 0.0314388 31.2 4.44018
      vertex 0.0280793 31.2 4.5
    endloop
  endfacet
  facet normal 0 1 -0
    outer loop
      vertex 8.10442 31.2 2.6
      vertex 6.55863 31.2 5.11094
      vertex 8.12813 31.2 2.6131
    endloop
  endfacet
  facet normal 0 1 0
    outer loop
      vertex 4.5 31.2 0.0280793
      vertex 6 31.2 4.95
      vertex 8.10442 31.2 2.6
    endloop
  endfacet
  facet normal 0 1 0
    outer loop
      vertex 6.55863 31.2 5.11094
      vertex 8.10442 31.2 2.6
      vertex 6.45558 31.2 5.05398
    endloop
  endfacet
  facet normal 0 1 0
    outer loop
      vertex 6.45558 31.2 5.05398
      vertex 8.10442 31.2 2.6
      vertex 6.34679 31.2 5.00892
    endloop
  endfacet
  facet normal 0 1 0
    outer loop
      vertex 6 31.2 4.95
      vertex 0.12536 31.2 3.88739
      vertex 0.0314388 31.2 4.44018
    endloop
  endfacet
  facet normal 0 1 0
    outer loop
      vertex 6.34679 31.2 5.00892
      vertex 8.10442 31.2 2.6
      vertex 6.23365 31.2 4.97633
    endloop
  endfacet
  facet normal 0 1 0
    outer loop
      vertex 6.23365 31.2 4.97633
      vertex 8.10442 31.2 2.6
      vertex 6.11756 31.2 4.9566
    endloop
  endfacet
  facet normal 0 1 0
    outer loop
      vertex 6 31.2 4.95
      vertex 0.280582 31.2 3.3486
      vertex 0.12536 31.2 3.88739
    endloop
  endfacet
  facet normal 0 1 0
    outer loop
      vertex 6.11756 31.2 4.9566
      vertex 8.10442 31.2 2.6
      vertex 6 31.2 4.95
    endloop
  endfacet
  facet normal 0 1 0
    outer loop
      vertex 6 31.2 4.95
      vertex 0.495155 31.2 2.83058
      vertex 0.280582 31.2 3.3486
    endloop
  endfacet
  facet normal 0 1 0
    outer loop
      vertex 6 31.2 4.95
      vertex 0.766378 31.2 2.33984
      vertex 0.495155 31.2 2.83058
    endloop
  endfacet
  facet normal 0 1 -0
    outer loop
      vertex 83.5 31.2 0
      vertex 79.8956 31.2 2.6
      vertex 83.5 31.2 0.0280793
    endloop
  endfacet
  facet normal 0 1 0
    outer loop
      vertex 83.5 31.2 0.0280793
      vertex 87.2336 31.2 2.33984
      vertex 86.9092 31.2 1.88255
    endloop
  endfacet
  facet normal 0 1 0
    outer loop
      vertex 79.8956 31.2 2.6
      vertex 83.5 31.2 0
      vertex 8.10442 31.2 2.6
    endloop
  endfacet
  facet normal 0 1 0
    outer loop
      vertex 83.5 31.2 0.0280793
      vertex 86.9092 31.2 1.88255
      vertex 86.5355 31.2 1.46447
    endloop
  endfacet
  facet normal 0 1 0
    outer loop
      vertex 6 31.2 4.95
      vertex 4.5 31.2 0.0280793
      vertex 3.88739 31.2 0.12536
    endloop
  endfacet
  facet normal 0 1 0
    outer loop
      vertex 83.5 31.2 0.0280793
      vertex 86.5355 31.2 1.46447
      vertex 86.1174 31.2 1.09084
    endloop
  endfacet
  facet normal 0 1 0
    outer loop
      vertex 6 31.2 4.95
      vertex 1.09084 31.2 1.88255
      vertex 0.766378 31.2 2.33984
    endloop
  endfacet
  facet normal 0 1 0
    outer loop
      vertex 83.5 31.2 0.0280793
      vertex 86.1174 31.2 1.09084
      vertex 85.6602 31.2 0.766378
    endloop
  endfacet
  facet normal 0 1 0
    outer loop
      vertex 6 31.2 4.95
      vertex 1.46447 31.2 1.46447
      vertex 1.09084 31.2 1.88255
    endloop
  endfacet
  facet normal 0 1 0
    outer loop
      vertex 83.5 31.2 0.0280793
      vertex 85.6602 31.2 0.766378
      vertex 85.1694 31.2 0.495155
    endloop
  endfacet
  facet normal 0 1 0
    outer loop
      vertex 6 31.2 4.95
      vertex 1.88255 31.2 1.09084
      vertex 1.46447 31.2 1.46447
    endloop
  endfacet
  facet normal 0 1 0
    outer loop
      vertex 83.5 31.2 0.0280793
      vertex 85.1694 31.2 0.495155
      vertex 84.6514 31.2 0.280582
    endloop
  endfacet
  facet normal 0 1 0
    outer loop
      vertex 6 31.2 4.95
      vertex 2.33984 31.2 0.766378
      vertex 1.88255 31.2 1.09084
    endloop
  endfacet
  facet normal 0 1 0
    outer loop
      vertex 83.5 31.2 0.0280793
      vertex 84.6514 31.2 0.280582
      vertex 84.1126 31.2 0.12536
    endloop
  endfacet
  facet normal 0 1 0
    outer loop
      vertex 6 31.2 4.95
      vertex 2.83058 31.2 0.495155
      vertex 2.33984 31.2 0.766378
    endloop
  endfacet
  facet normal 0 1 0
    outer loop
      vertex 83.5 31.2 0.0280793
      vertex 84.1126 31.2 0.12536
      vertex 83.5598 31.2 0.0314388
    endloop
  endfacet
  facet normal 0 1 0
    outer loop
      vertex 6 31.2 4.95
      vertex 3.3486 31.2 0.280582
      vertex 2.83058 31.2 0.495155
    endloop
  endfacet
  facet normal 0 1 0
    outer loop
      vertex 6 31.2 4.95
      vertex 3.88739 31.2 0.12536
      vertex 3.3486 31.2 0.280582
    endloop
  endfacet
  facet normal 0 1 0
    outer loop
      vertex 3.88739 31.2 0.12536
      vertex 4.5 31.2 0.0280793
      vertex 4.44018 31.2 0.0314388
    endloop
  endfacet
  facet normal 0 1 0
    outer loop
      vertex 4.5 31.2 0
      vertex 8.10442 31.2 2.6
      vertex 83.5 31.2 0
    endloop
  endfacet
  facet normal 0 1 0
    outer loop
      vertex 8.10442 31.2 2.6
      vertex 4.5 31.2 0
      vertex 4.5 31.2 0.0280793
    endloop
  endfacet
  facet normal 0 1 0
    outer loop
      vertex 6 31.2 7.05
      vertex 6 31.2 10
      vertex 6.44786 31.2 9.97485
    endloop
  endfacet
  facet normal 0 1 0
    outer loop
      vertex 6 31.2 7.05
      vertex 6.44786 31.2 9.97485
      vertex 6.89008 31.2 9.89971
    endloop
  endfacet
  facet normal 0 1 0
    outer loop
      vertex 6 31.2 10
      vertex 6 31.2 7.05
      vertex 5.55214 31.2 9.97485
    endloop
  endfacet
  facet normal 0 1 0
    outer loop
      vertex 6 31.2 7.05
      vertex 6.89008 31.2 9.89971
      vertex 7.32112 31.2 9.77553
    endloop
  endfacet
  facet normal 0 1 -0
    outer loop
      vertex 5.88244 31.2 7.0434
      vertex 5.55214 31.2 9.97485
      vertex 6 31.2 7.05
    endloop
  endfacet
  facet normal 0 1 0
    outer loop
      vertex 6 31.2 7.05
      vertex 7.32112 31.2 9.77553
      vertex 7.73553 31.2 9.60388
    endloop
  endfacet
  facet normal 0 1 0
    outer loop
      vertex 5.55214 31.2 9.97485
      vertex 5.88244 31.2 7.0434
      vertex 5.10992 31.2 9.89971
    endloop
  endfacet
  facet normal 0 1 0
    outer loop
      vertex 6 31.2 7.05
      vertex 7.73553 31.2 9.60388
      vertex 8.12813 31.2 9.3869
    endloop
  endfacet
  facet normal 0 1 -0
    outer loop
      vertex 5.76635 31.2 7.02367
      vertex 5.10992 31.2 9.89971
      vertex 5.88244 31.2 7.0434
    endloop
  endfacet
  facet normal 0 1 0
    outer loop
      vertex 6 31.2 7.05
      vertex 8.12813 31.2 9.3869
      vertex 8.49396 31.2 9.12733
    endloop
  endfacet
  facet normal 0 1 0
    outer loop
      vertex 5.10992 31.2 9.89971
      vertex 5.76635 31.2 7.02367
      vertex 4.67888 31.2 9.77553
    endloop
  endfacet
  facet normal 0 1 0
    outer loop
      vertex 6 31.2 7.05
      vertex 8.49396 31.2 9.12733
      vertex 8.82843 31.2 8.82843
    endloop
  endfacet
  facet normal 0 1 -0
    outer loop
      vertex 5.65321 31.2 6.99108
      vertex 4.67888 31.2 9.77553
      vertex 5.76635 31.2 7.02367
    endloop
  endfacet
  facet normal 0 1 0
    outer loop
      vertex 6 31.2 7.05
      vertex 8.82843 31.2 8.82843
      vertex 9.12733 31.2 8.49396
    endloop
  endfacet
  facet normal 0 1 0
    outer loop
      vertex 4.67888 31.2 9.77553
      vertex 5.65321 31.2 6.99108
      vertex 4.26446 31.2 9.60388
    endloop
  endfacet
  facet normal 0 1 0
    outer loop
      vertex 6 31.2 7.05
      vertex 9.12733 31.2 8.49396
      vertex 9.3869 31.2 8.12813
    endloop
  endfacet
  facet normal 0 1 -0
    outer loop
      vertex 5.54442 31.2 6.94602
      vertex 4.26446 31.2 9.60388
      vertex 5.65321 31.2 6.99108
    endloop
  endfacet
  facet normal 0 1 0
    outer loop
      vertex 6 31.2 7.05
      vertex 9.3869 31.2 8.12813
      vertex 9.60388 31.2 7.73553
    endloop
  endfacet
  facet normal 0 1 0
    outer loop
      vertex 4.26446 31.2 9.60388
      vertex 5.54442 31.2 6.94602
      vertex 3.87187 31.2 9.3869
    endloop
  endfacet
  facet normal 0 1 -0
    outer loop
      vertex 5.44137 31.2 6.88906
      vertex 3.87187 31.2 9.3869
      vertex 5.54442 31.2 6.94602
    endloop
  endfacet
  facet normal 0 1 0
    outer loop
      vertex 3.87187 31.2 9.3869
      vertex 5.44137 31.2 6.88906
      vertex 3.50604 31.2 9.12733
    endloop
  endfacet
  facet normal 0 1 0
    outer loop
      vertex 6 31.2 7.05
      vertex 9.60388 31.2 7.73553
      vertex 9.77553 31.2 7.32112
    endloop
  endfacet
  facet normal 0 1 0
    outer loop
      vertex 6.55863 31.2 37.1109
      vertex 8.12813 31.2 34.6131
      vertex 6.45558 31.2 37.054
    endloop
  endfacet
  facet normal 0 1 -0
    outer loop
      vertex 7.73553 31.2 34.3961
      vertex 6.45558 31.2 37.054
      vertex 8.12813 31.2 34.6131
    endloop
  endfacet
  facet normal -0 1 0
    outer loop
      vertex 2.39612 31.2 36.2645
      vertex 6 31.2 36.95
      vertex 2.6131 31.2 35.8719
    endloop
  endfacet
  facet normal 0 1 0
    outer loop
      vertex 6 31.2 36.95
      vertex 2.39612 31.2 36.2645
      vertex 2.29856 31.2 36.5
    endloop
  endfacet
  facet normal 0 1 0
    outer loop
      vertex 6.45558 31.2 37.054
      vertex 7.73553 31.2 34.3961
      vertex 6.34679 31.2 37.0089
    endloop
  endfacet
  facet normal 0 1 0
    outer loop
      vertex 6 31.2 36.95
      vertex 2.87267 31.2 35.506
      vertex 2.6131 31.2 35.8719
    endloop
  endfacet
  facet normal 0 1 -0
    outer loop
      vertex 7.32112 31.2 34.2245
      vertex 6.34679 31.2 37.0089
      vertex 7.73553 31.2 34.3961
    endloop
  endfacet
  facet normal 0 1 0
    outer loop
      vertex 6 31.2 36.95
      vertex 3.17157 31.2 35.1716
      vertex 2.87267 31.2 35.506
    endloop
  endfacet
  facet normal 0 1 0
    outer loop
      vertex 6.34679 31.2 37.0089
      vertex 7.32112 31.2 34.2245
      vertex 6.23365 31.2 36.9763
    endloop
  endfacet
  facet normal 0 1 0
    outer loop
      vertex 6 31.2 36.95
      vertex 3.50604 31.2 34.8727
      vertex 3.17157 31.2 35.1716
    endloop
  endfacet
  facet normal 0 1 -0
    outer loop
      vertex 6.89008 31.2 34.1003
      vertex 6.23365 31.2 36.9763
      vertex 7.32112 31.2 34.2245
    endloop
  endfacet
  facet normal 0 1 0
    outer loop
      vertex 6 31.2 36.95
      vertex 3.87187 31.2 34.6131
      vertex 3.50604 31.2 34.8727
    endloop
  endfacet
  facet normal 0 1 0
    outer loop
      vertex 6.23365 31.2 36.9763
      vertex 6.89008 31.2 34.1003
      vertex 6.11756 31.2 36.9566
    endloop
  endfacet
  facet normal 0 1 0
    outer loop
      vertex 6 31.2 36.95
      vertex 4.26446 31.2 34.3961
      vertex 3.87187 31.2 34.6131
    endloop
  endfacet
  facet normal 0 1 -0
    outer loop
      vertex 6.44786 31.2 34.0252
      vertex 6.11756 31.2 36.9566
      vertex 6.89008 31.2 34.1003
    endloop
  endfacet
  facet normal 0 1 0
    outer loop
      vertex 6 31.2 36.95
      vertex 4.67888 31.2 34.2245
      vertex 4.26446 31.2 34.3961
    endloop
  endfacet
  facet normal 0 1 0
    outer loop
      vertex 6.11756 31.2 36.9566
      vertex 6.44786 31.2 34.0252
      vertex 6 31.2 36.95
    endloop
  endfacet
  facet normal 0 1 0
    outer loop
      vertex 6 31.2 36.95
      vertex 5.10992 31.2 34.1003
      vertex 4.67888 31.2 34.2245
    endloop
  endfacet
  facet normal 0 1 0
    outer loop
      vertex 6 31.2 34
      vertex 6 31.2 36.95
      vertex 6.44786 31.2 34.0252
    endloop
  endfacet
  facet normal 0 1 0
    outer loop
      vertex 6 31.2 36.95
      vertex 5.55214 31.2 34.0252
      vertex 5.10992 31.2 34.1003
    endloop
  endfacet
  facet normal 0 1 0
    outer loop
      vertex 6 31.2 36.95
      vertex 6 31.2 34
      vertex 5.55214 31.2 34.0252
    endloop
  endfacet
  facet normal 0 1 -0
    outer loop
      vertex 84.1281 31.2 34.6131
      vertex 82.5586 31.2 37.1109
      vertex 84.494 31.2 34.8727
    endloop
  endfacet
  facet normal 0 1 0
    outer loop
      vertex 82.5586 31.2 37.1109
      vertex 84.1281 31.2 34.6131
      vertex 82.4556 31.2 37.054
    endloop
  endfacet
  facet normal 0 1 0
    outer loop
      vertex 82 31.2 36.95
      vertex 78.3961 31.2 36.2645
      vertex 78.2245 31.2 36.6789
    endloop
  endfacet
  facet normal 0 1 -0
    outer loop
      vertex 83.7355 31.2 34.3961
      vertex 82.4556 31.2 37.054
      vertex 84.1281 31.2 34.6131
    endloop
  endfacet
  facet normal 0 1 0
    outer loop
      vertex 82 31.2 36.95
      vertex 78.6131 31.2 35.8719
      vertex 78.3961 31.2 36.2645
    endloop
  endfacet
  facet normal 0 1 0
    outer loop
      vertex 82.4556 31.2 37.054
      vertex 83.7355 31.2 34.3961
      vertex 82.3468 31.2 37.0089
    endloop
  endfacet
  facet normal 0 1 0
    outer loop
      vertex 82 31.2 36.95
      vertex 78.8727 31.2 35.506
      vertex 78.6131 31.2 35.8719
    endloop
  endfacet
  facet normal 0 1 -0
    outer loop
      vertex 83.3211 31.2 34.2245
      vertex 82.3468 31.2 37.0089
      vertex 83.7355 31.2 34.3961
    endloop
  endfacet
  facet normal 0 1 0
    outer loop
      vertex 82 31.2 36.95
      vertex 79.1716 31.2 35.1716
      vertex 78.8727 31.2 35.506
    endloop
  endfacet
  facet normal 0 1 0
    outer loop
      vertex 82.3468 31.2 37.0089
      vertex 83.3211 31.2 34.2245
      vertex 82.2336 31.2 36.9763
    endloop
  endfacet
  facet normal 0 1 0
    outer loop
      vertex 82 31.2 36.95
      vertex 79.506 31.2 34.8727
      vertex 79.1716 31.2 35.1716
    endloop
  endfacet
  facet normal 0 1 -0
    outer loop
      vertex 82.8901 31.2 34.1003
      vertex 82.2336 31.2 36.9763
      vertex 83.3211 31.2 34.2245
    endloop
  endfacet
  facet normal 0 1 0
    outer loop
      vertex 82 31.2 36.95
      vertex 79.8719 31.2 34.6131
      vertex 79.506 31.2 34.8727
    endloop
  endfacet
  facet normal 0 1 0
    outer loop
      vertex 82.2336 31.2 36.9763
      vertex 82.8901 31.2 34.1003
      vertex 82.1176 31.2 36.9566
    endloop
  endfacet
  facet normal 0 1 0
    outer loop
      vertex 82 31.2 36.95
      vertex 80.2645 31.2 34.3961
      vertex 79.8719 31.2 34.6131
    endloop
  endfacet
  facet normal 0 1 -0
    outer loop
      vertex 82.4479 31.2 34.0252
      vertex 82.1176 31.2 36.9566
      vertex 82.8901 31.2 34.1003
    endloop
  endfacet
  facet normal 0 1 0
    outer loop
      vertex 82 31.2 36.95
      vertex 80.6789 31.2 34.2245
      vertex 80.2645 31.2 34.3961
    endloop
  endfacet
  facet normal 0 1 0
    outer loop
      vertex 82.1176 31.2 36.9566
      vertex 82.4479 31.2 34.0252
      vertex 82 31.2 36.95
    endloop
  endfacet
  facet normal 0 1 0
    outer loop
      vertex 82 31.2 36.95
      vertex 81.1099 31.2 34.1003
      vertex 80.6789 31.2 34.2245
    endloop
  endfacet
  facet normal 0 1 0
    outer loop
      vertex 82 31.2 34
      vertex 82 31.2 36.95
      vertex 82.4479 31.2 34.0252
    endloop
  endfacet
  facet normal 0 1 0
    outer loop
      vertex 82 31.2 36.95
      vertex 81.5521 31.2 34.0252
      vertex 81.1099 31.2 34.1003
    endloop
  endfacet
  facet normal 0 1 0
    outer loop
      vertex 82 31.2 36.95
      vertex 82 31.2 34
      vertex 81.5521 31.2 34.0252
    endloop
  endfacet
  facet normal 0 1 0
    outer loop
      vertex 82 31.2 7.05
      vertex 82 31.2 10
      vertex 82.4479 31.2 9.97485
    endloop
  endfacet
  facet normal 0 1 0
    outer loop
      vertex 82.1176 31.2 7.0434
      vertex 82.4479 31.2 9.97485
      vertex 82.8901 31.2 9.89971
    endloop
  endfacet
  facet normal 0 1 0
    outer loop
      vertex 82 31.2 10
      vertex 82 31.2 7.05
      vertex 81.5521 31.2 9.97485
    endloop
  endfacet
  facet normal 0 1 0
    outer loop
      vertex 82.2336 31.2 7.02367
      vertex 82.8901 31.2 9.89971
      vertex 83.3211 31.2 9.77553
    endloop
  endfacet
  facet normal 0 1 -0
    outer loop
      vertex 81.8824 31.2 7.0434
      vertex 81.5521 31.2 9.97485
      vertex 82 31.2 7.05
    endloop
  endfacet
  facet normal 0 1 0
    outer loop
      vertex 82.3468 31.2 6.99108
      vertex 83.3211 31.2 9.77553
      vertex 83.7355 31.2 9.60388
    endloop
  endfacet
  facet normal 0 1 0
    outer loop
      vertex 81.5521 31.2 9.97485
      vertex 81.8824 31.2 7.0434
      vertex 81.1099 31.2 9.89971
    endloop
  endfacet
  facet normal 0 1 0
    outer loop
      vertex 82.4556 31.2 6.94602
      vertex 83.7355 31.2 9.60388
      vertex 84.1281 31.2 9.3869
    endloop
  endfacet
  facet normal 0 1 -0
    outer loop
      vertex 81.7663 31.2 7.02367
      vertex 81.1099 31.2 9.89971
      vertex 81.8824 31.2 7.0434
    endloop
  endfacet
  facet normal 0 1 0
    outer loop
      vertex 82.5586 31.2 6.88906
      vertex 84.1281 31.2 9.3869
      vertex 84.494 31.2 9.12733
    endloop
  endfacet
  facet normal 0 1 0
    outer loop
      vertex 81.1099 31.2 9.89971
      vertex 81.7663 31.2 7.02367
      vertex 80.6789 31.2 9.77553
    endloop
  endfacet
  facet normal 0 1 0
    outer loop
      vertex 82.6547 31.2 6.82092
      vertex 84.494 31.2 9.12733
      vertex 84.8284 31.2 8.82843
    endloop
  endfacet
  facet normal 0 1 -0
    outer loop
      vertex 81.6532 31.2 6.99108
      vertex 80.6789 31.2 9.77553
      vertex 81.7663 31.2 7.02367
    endloop
  endfacet
  facet normal 0 1 0
    outer loop
      vertex 82.7425 31.2 6.74246
      vertex 84.8284 31.2 8.82843
      vertex 85.1273 31.2 8.49396
    endloop
  endfacet
  facet normal 0 1 0
    outer loop
      vertex 80.6789 31.2 9.77553
      vertex 81.6532 31.2 6.99108
      vertex 80.2645 31.2 9.60388
    endloop
  endfacet
  facet normal 0 1 0
    outer loop
      vertex 82.8209 31.2 6.65466
      vertex 85.1273 31.2 8.49396
      vertex 85.3869 31.2 8.12813
    endloop
  endfacet
  facet normal 0 1 -0
    outer loop
      vertex 81.5444 31.2 6.94602
      vertex 80.2645 31.2 9.60388
      vertex 81.6532 31.2 6.99108
    endloop
  endfacet
  facet normal 0 1 0
    outer loop
      vertex 82.8891 31.2 6.55863
      vertex 85.3869 31.2 8.12813
      vertex 85.6039 31.2 7.73553
    endloop
  endfacet
  facet normal 0 1 0
    outer loop
      vertex 80.2645 31.2 9.60388
      vertex 81.5444 31.2 6.94602
      vertex 79.8719 31.2 9.3869
    endloop
  endfacet
  facet normal 0 1 0
    outer loop
      vertex 82.946 31.2 6.45558
      vertex 85.6039 31.2 7.73553
      vertex 85.7014 31.2 7.5
    endloop
  endfacet
  facet normal 0 1 -0
    outer loop
      vertex 81.4414 31.2 6.88906
      vertex 79.8719 31.2 9.3869
      vertex 81.5444 31.2 6.94602
    endloop
  endfacet
  facet normal 0 1 0
    outer loop
      vertex 9.77553 31.2 7.32112
      vertex 6.11756 31.2 7.0434
      vertex 6 31.2 7.05
    endloop
  endfacet
  facet normal 0 1 0
    outer loop
      vertex 9.77553 31.2 7.32112
      vertex 6.23365 31.2 7.02367
      vertex 6.11756 31.2 7.0434
    endloop
  endfacet
  facet normal 0 1 0
    outer loop
      vertex 9.77553 31.2 7.32112
      vertex 6.34679 31.2 6.99108
      vertex 6.23365 31.2 7.02367
    endloop
  endfacet
  facet normal 0 1 0
    outer loop
      vertex 9.77553 31.2 7.32112
      vertex 6.45558 31.2 6.94602
      vertex 6.34679 31.2 6.99108
    endloop
  endfacet
  facet normal 0 1 0
    outer loop
      vertex 6.99108 31.2 6.34679
      vertex 9.77553 31.2 7.32112
      vertex 9.89971 31.2 6.89008
    endloop
  endfacet
  facet normal 0 1 0
    outer loop
      vertex 9.77553 31.2 7.32112
      vertex 6.55863 31.2 6.88906
      vertex 6.45558 31.2 6.94602
    endloop
  endfacet
  facet normal 0 1 0
    outer loop
      vertex 9.77553 31.2 7.32112
      vertex 6.65466 31.2 6.82092
      vertex 6.55863 31.2 6.88906
    endloop
  endfacet
  facet normal 0 1 0
    outer loop
      vertex 9.77553 31.2 7.32112
      vertex 6.74246 31.2 6.74246
      vertex 6.65466 31.2 6.82092
    endloop
  endfacet
  facet normal 0 1 0
    outer loop
      vertex 9.77553 31.2 7.32112
      vertex 6.82092 31.2 6.65466
      vertex 6.74246 31.2 6.74246
    endloop
  endfacet
  facet normal 0 1 0
    outer loop
      vertex 9.77553 31.2 7.32112
      vertex 6.88906 31.2 6.55863
      vertex 6.82092 31.2 6.65466
    endloop
  endfacet
  facet normal 0 1 0
    outer loop
      vertex 9.77553 31.2 7.32112
      vertex 6.94602 31.2 6.45558
      vertex 6.88906 31.2 6.55863
    endloop
  endfacet
  facet normal 0 1 0
    outer loop
      vertex 7.02367 31.2 6.23365
      vertex 9.89971 31.2 6.89008
      vertex 9.97485 31.2 6.44786
    endloop
  endfacet
  facet normal 0 1 0
    outer loop
      vertex 9.77553 31.2 7.32112
      vertex 6.99108 31.2 6.34679
      vertex 6.94602 31.2 6.45558
    endloop
  endfacet
  facet normal 0 1 0
    outer loop
      vertex 9.89971 31.2 6.89008
      vertex 7.02367 31.2 6.23365
      vertex 6.99108 31.2 6.34679
    endloop
  endfacet
  facet normal 0 1 0
    outer loop
      vertex 9.97485 31.2 6.44786
      vertex 7.0434 31.2 6.11756
      vertex 7.02367 31.2 6.23365
    endloop
  endfacet
  facet normal 0 1 0
    outer loop
      vertex 10 31.2 6
      vertex 7.0434 31.2 6.11756
      vertex 9.97485 31.2 6.44786
    endloop
  endfacet
  facet normal 0 1 0
    outer loop
      vertex 10 31.2 6
      vertex 7.05 31.2 6
      vertex 7.0434 31.2 6.11756
    endloop
  endfacet
  facet normal 0 1 0
    outer loop
      vertex 10 31.2 6
      vertex 7.0434 31.2 5.88244
      vertex 7.05 31.2 6
    endloop
  endfacet
  facet normal 0 1 -0
    outer loop
      vertex 9.97485 31.2 5.55214
      vertex 7.0434 31.2 5.88244
      vertex 10 31.2 6
    endloop
  endfacet
  facet normal 0 1 0
    outer loop
      vertex 7.0434 31.2 5.88244
      vertex 9.97485 31.2 5.55214
      vertex 7.02367 31.2 5.76635
    endloop
  endfacet
  facet normal 0 1 -0
    outer loop
      vertex 9.89971 31.2 5.10992
      vertex 7.02367 31.2 5.76635
      vertex 9.97485 31.2 5.55214
    endloop
  endfacet
  facet normal 0 1 0
    outer loop
      vertex 7.02367 31.2 5.76635
      vertex 9.89971 31.2 5.10992
      vertex 6.99108 31.2 5.65321
    endloop
  endfacet
  facet normal 0 1 -0
    outer loop
      vertex 9.77553 31.2 4.67888
      vertex 6.99108 31.2 5.65321
      vertex 9.89971 31.2 5.10992
    endloop
  endfacet
  facet normal 0 1 0
    outer loop
      vertex 6.99108 31.2 5.65321
      vertex 9.77553 31.2 4.67888
      vertex 6.94602 31.2 5.54442
    endloop
  endfacet
  facet normal 0 1 -0
    outer loop
      vertex 9.60388 31.2 4.26446
      vertex 6.94602 31.2 5.54442
      vertex 9.77553 31.2 4.67888
    endloop
  endfacet
  facet normal 0 1 0
    outer loop
      vertex 6.94602 31.2 5.54442
      vertex 9.60388 31.2 4.26446
      vertex 6.88906 31.2 5.44137
    endloop
  endfacet
  facet normal 0 1 -0
    outer loop
      vertex 9.3869 31.2 3.87187
      vertex 6.88906 31.2 5.44137
      vertex 9.60388 31.2 4.26446
    endloop
  endfacet
  facet normal 0 1 0
    outer loop
      vertex 6.88906 31.2 5.44137
      vertex 9.3869 31.2 3.87187
      vertex 6.82092 31.2 5.34534
    endloop
  endfacet
  facet normal 0 1 -0
    outer loop
      vertex 9.12733 31.2 3.50604
      vertex 6.82092 31.2 5.34534
      vertex 9.3869 31.2 3.87187
    endloop
  endfacet
  facet normal 0 1 0
    outer loop
      vertex 6.82092 31.2 5.34534
      vertex 9.12733 31.2 3.50604
      vertex 6.74246 31.2 5.25754
    endloop
  endfacet
  facet normal 0 1 -0
    outer loop
      vertex 8.82843 31.2 3.17157
      vertex 6.74246 31.2 5.25754
      vertex 9.12733 31.2 3.50604
    endloop
  endfacet
  facet normal 0 1 0
    outer loop
      vertex 6.74246 31.2 5.25754
      vertex 8.82843 31.2 3.17157
      vertex 6.65466 31.2 5.17908
    endloop
  endfacet
  facet normal 0 1 -0
    outer loop
      vertex 8.49396 31.2 2.87267
      vertex 6.65466 31.2 5.17908
      vertex 8.82843 31.2 3.17157
    endloop
  endfacet
  facet normal 0 1 0
    outer loop
      vertex 6.65466 31.2 5.17908
      vertex 8.49396 31.2 2.87267
      vertex 6.55863 31.2 5.11094
    endloop
  endfacet
  facet normal 0 1 -0
    outer loop
      vertex 81.3453 31.2 6.82092
      vertex 79.506 31.2 9.12733
      vertex 81.4414 31.2 6.88906
    endloop
  endfacet
  facet normal 0 1 0
    outer loop
      vertex 79.506 31.2 9.12733
      vertex 81.3453 31.2 6.82092
      vertex 79.1716 31.2 8.82843
    endloop
  endfacet
  facet normal 0 1 -0
    outer loop
      vertex 81.2575 31.2 6.74246
      vertex 79.1716 31.2 8.82843
      vertex 81.3453 31.2 6.82092
    endloop
  endfacet
  facet normal 0 1 0
    outer loop
      vertex 79.1716 31.2 8.82843
      vertex 81.2575 31.2 6.74246
      vertex 78.8727 31.2 8.49396
    endloop
  endfacet
  facet normal 0 1 -0
    outer loop
      vertex 81.1791 31.2 6.65466
      vertex 78.8727 31.2 8.49396
      vertex 81.2575 31.2 6.74246
    endloop
  endfacet
  facet normal 0 1 0
    outer loop
      vertex 78.8727 31.2 8.49396
      vertex 81.1791 31.2 6.65466
      vertex 78.6131 31.2 8.12813
    endloop
  endfacet
  facet normal 0 1 -0
    outer loop
      vertex 81.1109 31.2 6.55863
      vertex 78.6131 31.2 8.12813
      vertex 81.1791 31.2 6.65466
    endloop
  endfacet
  facet normal 0 1 0
    outer loop
      vertex 78.6131 31.2 8.12813
      vertex 81.1109 31.2 6.55863
      vertex 78.3961 31.2 7.73553
    endloop
  endfacet
  facet normal 0 1 -0
    outer loop
      vertex 81.054 31.2 6.45558
      vertex 78.3961 31.2 7.73553
      vertex 81.1109 31.2 6.55863
    endloop
  endfacet
  facet normal 0 1 0
    outer loop
      vertex 78.3961 31.2 7.73553
      vertex 81.054 31.2 6.45558
      vertex 78.2245 31.2 7.32112
    endloop
  endfacet
  facet normal 0 1 -0
    outer loop
      vertex 81.0089 31.2 6.34679
      vertex 78.2245 31.2 7.32112
      vertex 81.054 31.2 6.45558
    endloop
  endfacet
  facet normal 0 1 0
    outer loop
      vertex 78.2245 31.2 7.32112
      vertex 81.0089 31.2 6.34679
      vertex 78.1003 31.2 6.89008
    endloop
  endfacet
  facet normal 0 1 -0
    outer loop
      vertex 80.9763 31.2 6.23365
      vertex 78.1003 31.2 6.89008
      vertex 81.0089 31.2 6.34679
    endloop
  endfacet
  facet normal 0 1 0
    outer loop
      vertex 78.1003 31.2 6.89008
      vertex 80.9763 31.2 6.23365
      vertex 78.0251 31.2 6.44786
    endloop
  endfacet
  facet normal 0 1 -0
    outer loop
      vertex 80.9566 31.2 6.11756
      vertex 78.0251 31.2 6.44786
      vertex 80.9763 31.2 6.23365
    endloop
  endfacet
  facet normal 0 1 -0
    outer loop
      vertex 80.95 31.2 6
      vertex 78.0251 31.2 6.44786
      vertex 80.9566 31.2 6.11756
    endloop
  endfacet
  facet normal 0 1 0
    outer loop
      vertex 80.95 31.2 6
      vertex 78 31.2 6
      vertex 78.0251 31.2 6.44786
    endloop
  endfacet
  facet normal 0 1 0
    outer loop
      vertex 80.9566 31.2 5.88244
      vertex 78 31.2 6
      vertex 80.95 31.2 6
    endloop
  endfacet
  facet normal 0 1 0
    outer loop
      vertex 78.0251 31.2 5.55214
      vertex 80.9566 31.2 5.88244
      vertex 80.9763 31.2 5.76635
    endloop
  endfacet
  facet normal 0 1 0
    outer loop
      vertex 78.1003 31.2 5.10992
      vertex 80.9763 31.2 5.76635
      vertex 81.0089 31.2 5.65321
    endloop
  endfacet
  facet normal 0 1 0
    outer loop
      vertex 80.9566 31.2 5.88244
      vertex 78.0251 31.2 5.55214
      vertex 78 31.2 6
    endloop
  endfacet
  facet normal 0 1 0
    outer loop
      vertex 78.2245 31.2 4.67888
      vertex 81.0089 31.2 5.65321
      vertex 81.054 31.2 5.54442
    endloop
  endfacet
  facet normal 0 1 0
    outer loop
      vertex 78.3961 31.2 4.26446
      vertex 81.054 31.2 5.54442
      vertex 81.1109 31.2 5.44137
    endloop
  endfacet
  facet normal 0 1 0
    outer loop
      vertex 78.6131 31.2 3.87187
      vertex 81.1109 31.2 5.44137
      vertex 81.1791 31.2 5.34534
    endloop
  endfacet
  facet normal 0 1 0
    outer loop
      vertex 78.8727 31.2 3.50604
      vertex 81.1791 31.2 5.34534
      vertex 81.2575 31.2 5.25754
    endloop
  endfacet
  facet normal 0 1 0
    outer loop
      vertex 79.1716 31.2 3.17157
      vertex 81.2575 31.2 5.25754
      vertex 81.3453 31.2 5.17908
    endloop
  endfacet
  facet normal 0 1 0
    outer loop
      vertex 79.506 31.2 2.87267
      vertex 81.3453 31.2 5.17908
      vertex 81.4414 31.2 5.11094
    endloop
  endfacet
  facet normal 0 1 0
    outer loop
      vertex 80.9763 31.2 5.76635
      vertex 78.1003 31.2 5.10992
      vertex 78.0251 31.2 5.55214
    endloop
  endfacet
  facet normal 0 1 0
    outer loop
      vertex 79.8956 31.2 2.6
      vertex 81.4414 31.2 5.11094
      vertex 81.5444 31.2 5.05398
    endloop
  endfacet
  facet normal 0 1 0
    outer loop
      vertex 79.8956 31.2 2.6
      vertex 81.5444 31.2 5.05398
      vertex 81.6532 31.2 5.00892
    endloop
  endfacet
  facet normal 0 1 0
    outer loop
      vertex 79.8956 31.2 2.6
      vertex 81.6532 31.2 5.00892
      vertex 81.7663 31.2 4.97633
    endloop
  endfacet
  facet normal 0 1 0
    outer loop
      vertex 79.8956 31.2 2.6
      vertex 81.7663 31.2 4.97633
      vertex 81.8824 31.2 4.9566
    endloop
  endfacet
  facet normal 0 1 0
    outer loop
      vertex 79.8956 31.2 2.6
      vertex 81.8824 31.2 4.9566
      vertex 82 31.2 4.95
    endloop
  endfacet
  facet normal 0 1 0
    outer loop
      vertex 81.0089 31.2 5.65321
      vertex 78.2245 31.2 4.67888
      vertex 78.1003 31.2 5.10992
    endloop
  endfacet
  facet normal 0 1 0
    outer loop
      vertex 7.5 31.2 41.7014
      vertex 6.11756 31.2 39.0434
      vertex 6 31.2 39.05
    endloop
  endfacet
  facet normal 0 1 0
    outer loop
      vertex 9.60388 31.2 39.7355
      vertex 6.23365 31.2 39.0237
      vertex 6.11756 31.2 39.0434
    endloop
  endfacet
  facet normal 0 1 0
    outer loop
      vertex 9.60388 31.2 39.7355
      vertex 6.34679 31.2 38.9911
      vertex 6.23365 31.2 39.0237
    endloop
  endfacet
  facet normal 0 1 0
    outer loop
      vertex 9.60388 31.2 39.7355
      vertex 6.45558 31.2 38.946
      vertex 6.34679 31.2 38.9911
    endloop
  endfacet
  facet normal 0 1 0
    outer loop
      vertex 6.99108 31.2 38.3468
      vertex 9.77553 31.2 39.3211
      vertex 9.89971 31.2 38.8901
    endloop
  endfacet
  facet normal 0 1 0
    outer loop
      vertex 9.60388 31.2 39.7355
      vertex 6.55863 31.2 38.8891
      vertex 6.45558 31.2 38.946
    endloop
  endfacet
  facet normal 0 1 0
    outer loop
      vertex 9.60388 31.2 39.7355
      vertex 6.65466 31.2 38.8209
      vertex 6.55863 31.2 38.8891
    endloop
  endfacet
  facet normal 0 1 0
    outer loop
      vertex 9.60388 31.2 39.7355
      vertex 6.74246 31.2 38.7425
      vertex 6.65466 31.2 38.8209
    endloop
  endfacet
  facet normal 0 1 0
    outer loop
      vertex 9.60388 31.2 39.7355
      vertex 6.82092 31.2 38.6547
      vertex 6.74246 31.2 38.7425
    endloop
  endfacet
  facet normal 0 1 0
    outer loop
      vertex 9.60388 31.2 39.7355
      vertex 6.88906 31.2 38.5586
      vertex 6.82092 31.2 38.6547
    endloop
  endfacet
  facet normal 0 1 0
    outer loop
      vertex 9.60388 31.2 39.7355
      vertex 6.94602 31.2 38.4556
      vertex 6.88906 31.2 38.5586
    endloop
  endfacet
  facet normal 0 1 0
    outer loop
      vertex 7.02367 31.2 38.2336
      vertex 9.89971 31.2 38.8901
      vertex 9.97485 31.2 38.4479
    endloop
  endfacet
  facet normal 0 1 0
    outer loop
      vertex 9.77553 31.2 39.3211
      vertex 6.99108 31.2 38.3468
      vertex 6.94602 31.2 38.4556
    endloop
  endfacet
  facet normal 0 1 0
    outer loop
      vertex 9.89971 31.2 38.8901
      vertex 7.02367 31.2 38.2336
      vertex 6.99108 31.2 38.3468
    endloop
  endfacet
  facet normal 0 1 0
    outer loop
      vertex 9.97485 31.2 38.4479
      vertex 7.0434 31.2 38.1176
      vertex 7.02367 31.2 38.2336
    endloop
  endfacet
  facet normal 0 1 0
    outer loop
      vertex 10 31.2 38
      vertex 7.0434 31.2 38.1176
      vertex 9.97485 31.2 38.4479
    endloop
  endfacet
  facet normal 0 1 0
    outer loop
      vertex 10 31.2 38
      vertex 7.05 31.2 38
      vertex 7.0434 31.2 38.1176
    endloop
  endfacet
  facet normal 0 1 0
    outer loop
      vertex 10 31.2 38
      vertex 7.0434 31.2 37.8824
      vertex 7.05 31.2 38
    endloop
  endfacet
  facet normal 0 1 -0
    outer loop
      vertex 9.97485 31.2 37.5521
      vertex 7.0434 31.2 37.8824
      vertex 10 31.2 38
    endloop
  endfacet
  facet normal 0 1 0
    outer loop
      vertex 7.0434 31.2 37.8824
      vertex 9.97485 31.2 37.5521
      vertex 7.02367 31.2 37.7664
    endloop
  endfacet
  facet normal 0 1 -0
    outer loop
      vertex 9.89971 31.2 37.1099
      vertex 7.02367 31.2 37.7664
      vertex 9.97485 31.2 37.5521
    endloop
  endfacet
  facet normal 0 1 0
    outer loop
      vertex 7.02367 31.2 37.7664
      vertex 9.89971 31.2 37.1099
      vertex 6.99108 31.2 37.6532
    endloop
  endfacet
  facet normal 0 1 -0
    outer loop
      vertex 9.77553 31.2 36.6789
      vertex 6.99108 31.2 37.6532
      vertex 9.89971 31.2 37.1099
    endloop
  endfacet
  facet normal 0 1 0
    outer loop
      vertex 6.99108 31.2 37.6532
      vertex 9.77553 31.2 36.6789
      vertex 6.94602 31.2 37.5444
    endloop
  endfacet
  facet normal 0 1 -0
    outer loop
      vertex 9.60388 31.2 36.2645
      vertex 6.94602 31.2 37.5444
      vertex 9.77553 31.2 36.6789
    endloop
  endfacet
  facet normal 0 1 0
    outer loop
      vertex 6.94602 31.2 37.5444
      vertex 9.60388 31.2 36.2645
      vertex 6.88906 31.2 37.4414
    endloop
  endfacet
  facet normal 0 1 -0
    outer loop
      vertex 9.3869 31.2 35.8719
      vertex 6.88906 31.2 37.4414
      vertex 9.60388 31.2 36.2645
    endloop
  endfacet
  facet normal 0 1 0
    outer loop
      vertex 6.88906 31.2 37.4414
      vertex 9.3869 31.2 35.8719
      vertex 6.82092 31.2 37.3453
    endloop
  endfacet
  facet normal 0 1 -0
    outer loop
      vertex 9.12733 31.2 35.506
      vertex 6.82092 31.2 37.3453
      vertex 9.3869 31.2 35.8719
    endloop
  endfacet
  facet normal 0 1 0
    outer loop
      vertex 6.82092 31.2 37.3453
      vertex 9.12733 31.2 35.506
      vertex 6.74246 31.2 37.2575
    endloop
  endfacet
  facet normal 0 1 -0
    outer loop
      vertex 8.82843 31.2 35.1716
      vertex 6.74246 31.2 37.2575
      vertex 9.12733 31.2 35.506
    endloop
  endfacet
  facet normal 0 1 0
    outer loop
      vertex 6.74246 31.2 37.2575
      vertex 8.82843 31.2 35.1716
      vertex 6.65466 31.2 37.1791
    endloop
  endfacet
  facet normal 0 1 -0
    outer loop
      vertex 8.49396 31.2 34.8727
      vertex 6.65466 31.2 37.1791
      vertex 8.82843 31.2 35.1716
    endloop
  endfacet
  facet normal 0 1 0
    outer loop
      vertex 6.65466 31.2 37.1791
      vertex 8.49396 31.2 34.8727
      vertex 6.55863 31.2 37.1109
    endloop
  endfacet
  facet normal 0 1 0
    outer loop
      vertex 85.8 31.2 36.5
      vertex 87.9719 31.2 39.5
      vertex 88 31.2 39.5
    endloop
  endfacet
  facet normal 0 1 0
    outer loop
      vertex 87.9719 31.2 39.5
      vertex 85.8 31.2 36.5
      vertex 85.7507 31.2 39.5
    endloop
  endfacet
  facet normal 0 1 0
    outer loop
      vertex 85.7014 31.2 36.5
      vertex 85.7507 31.2 39.5
      vertex 85.8 31.2 36.5
    endloop
  endfacet
  facet normal 0 1 0
    outer loop
      vertex 85.7014 31.2 39.5
      vertex 82 31.2 39.05
      vertex 78.2245 31.2 39.3211
    endloop
  endfacet
  facet normal 0 1 0
    outer loop
      vertex 85.7014 31.2 39.5
      vertex 82.1176 31.2 39.0434
      vertex 82 31.2 39.05
    endloop
  endfacet
  facet normal 0 1 0
    outer loop
      vertex 85.7014 31.2 39.5
      vertex 82.2336 31.2 39.0237
      vertex 82.1176 31.2 39.0434
    endloop
  endfacet
  facet normal 0 1 0
    outer loop
      vertex 85.7014 31.2 39.5
      vertex 82.3468 31.2 38.9911
      vertex 82.2336 31.2 39.0237
    endloop
  endfacet
  facet normal 0 1 0
    outer loop
      vertex 85.7014 31.2 39.5
      vertex 82.4556 31.2 38.946
      vertex 82.3468 31.2 38.9911
    endloop
  endfacet
  facet normal 0 1 0
    outer loop
      vertex 85.7014 31.2 39.5
      vertex 82.5586 31.2 38.8891
      vertex 82.4556 31.2 38.946
    endloop
  endfacet
  facet normal 0 1 0
    outer loop
      vertex 85.7014 31.2 39.5
      vertex 82.6547 31.2 38.8209
      vertex 82.5586 31.2 38.8891
    endloop
  endfacet
  facet normal 0 1 0
    outer loop
      vertex 85.7014 31.2 39.5
      vertex 82.7425 31.2 38.7425
      vertex 82.6547 31.2 38.8209
    endloop
  endfacet
  facet normal 0 1 0
    outer loop
      vertex 85.7014 31.2 39.5
      vertex 82.8209 31.2 38.6547
      vertex 82.7425 31.2 38.7425
    endloop
  endfacet
  facet normal 0 1 0
    outer loop
      vertex 85.7014 31.2 39.5
      vertex 82.8891 31.2 38.5586
      vertex 82.8209 31.2 38.6547
    endloop
  endfacet
  facet normal 0 1 0
    outer loop
      vertex 85.7014 31.2 39.5
      vertex 82.946 31.2 38.4556
      vertex 82.8891 31.2 38.5586
    endloop
  endfacet
  facet normal 0 1 0
    outer loop
      vertex 85.7014 31.2 39.5
      vertex 82.9911 31.2 38.3468
      vertex 82.946 31.2 38.4556
    endloop
  endfacet
  facet normal 0 1 0
    outer loop
      vertex 85.7507 31.2 39.5
      vertex 85.7014 31.2 36.5
      vertex 85.7014 31.2 39.5
    endloop
  endfacet
  facet normal 0 1 0
    outer loop
      vertex 85.7014 31.2 39.5
      vertex 83.0237 31.2 38.2336
      vertex 82.9911 31.2 38.3468
    endloop
  endfacet
  facet normal 0 1 0
    outer loop
      vertex 85.7014 31.2 39.5
      vertex 83.0434 31.2 38.1176
      vertex 83.0237 31.2 38.2336
    endloop
  endfacet
  facet normal 0 1 0
    outer loop
      vertex 85.7014 31.2 39.5
      vertex 83.05 31.2 38
      vertex 83.0434 31.2 38.1176
    endloop
  endfacet
  facet normal 0 1 0
    outer loop
      vertex 85.7014 31.2 39.5
      vertex 85.7014 31.2 36.5
      vertex 83.05 31.2 38
    endloop
  endfacet
  facet normal 0 1 0
    outer loop
      vertex 83.05 31.2 38
      vertex 85.7014 31.2 36.5
      vertex 83.0434 31.2 37.8824
    endloop
  endfacet
  facet normal 0 1 0
    outer loop
      vertex 83.0434 31.2 37.8824
      vertex 85.7014 31.2 36.5
      vertex 83.0237 31.2 37.7664
    endloop
  endfacet
  facet normal 0 1 0
    outer loop
      vertex 83.0237 31.2 37.7664
      vertex 85.7014 31.2 36.5
      vertex 82.9911 31.2 37.6532
    endloop
  endfacet
  facet normal 0 1 0
    outer loop
      vertex 82.9911 31.2 37.6532
      vertex 85.7014 31.2 36.5
      vertex 82.946 31.2 37.5444
    endloop
  endfacet
  facet normal 0 1 -0
    outer loop
      vertex 85.6039 31.2 36.2645
      vertex 82.946 31.2 37.5444
      vertex 85.7014 31.2 36.5
    endloop
  endfacet
  facet normal 0 1 0
    outer loop
      vertex 82.946 31.2 37.5444
      vertex 85.6039 31.2 36.2645
      vertex 82.8891 31.2 37.4414
    endloop
  endfacet
  facet normal 0 1 -0
    outer loop
      vertex 85.3869 31.2 35.8719
      vertex 82.8891 31.2 37.4414
      vertex 85.6039 31.2 36.2645
    endloop
  endfacet
  facet normal 0 1 0
    outer loop
      vertex 82.8891 31.2 37.4414
      vertex 85.3869 31.2 35.8719
      vertex 82.8209 31.2 37.3453
    endloop
  endfacet
  facet normal 0 1 -0
    outer loop
      vertex 84.494 31.2 34.8727
      vertex 82.6547 31.2 37.1791
      vertex 84.8284 31.2 35.1716
    endloop
  endfacet
  facet normal 0 1 0
    outer loop
      vertex 82.6547 31.2 37.1791
      vertex 84.494 31.2 34.8727
      vertex 82.5586 31.2 37.1109
    endloop
  endfacet
  facet normal 0 1 0
    outer loop
      vertex 82.7425 31.2 37.2575
      vertex 84.8284 31.2 35.1716
      vertex 82.6547 31.2 37.1791
    endloop
  endfacet
  facet normal 0 1 -0
    outer loop
      vertex 84.8284 31.2 35.1716
      vertex 82.7425 31.2 37.2575
      vertex 85.1273 31.2 35.506
    endloop
  endfacet
  facet normal 0 1 0
    outer loop
      vertex 82.8209 31.2 37.3453
      vertex 85.1273 31.2 35.506
      vertex 82.7425 31.2 37.2575
    endloop
  endfacet
  facet normal 0 1 -0
    outer loop
      vertex 85.1273 31.2 35.506
      vertex 82.8209 31.2 37.3453
      vertex 85.3869 31.2 35.8719
    endloop
  endfacet
  facet normal 0 1 0
    outer loop
      vertex 88 31.2 39.5
      vertex 85.8 31.2 7.5
      vertex 85.8 31.2 36.5
    endloop
  endfacet
  facet normal 0 1 0
    outer loop
      vertex 87.9719 31.2 4.5
      vertex 85.7014 31.2 7.5
      vertex 85.8 31.2 7.5
    endloop
  endfacet
  facet normal 0 1 0
    outer loop
      vertex 79.8719 31.2 9.3869
      vertex 81.4414 31.2 6.88906
      vertex 79.506 31.2 9.12733
    endloop
  endfacet
  facet normal 0 1 0
    outer loop
      vertex 82.4479 31.2 9.97485
      vertex 82.1176 31.2 7.0434
      vertex 82 31.2 7.05
    endloop
  endfacet
  facet normal 0 1 0
    outer loop
      vertex 82.8901 31.2 9.89971
      vertex 82.2336 31.2 7.02367
      vertex 82.1176 31.2 7.0434
    endloop
  endfacet
  facet normal 0 1 0
    outer loop
      vertex 83.3211 31.2 9.77553
      vertex 82.3468 31.2 6.99108
      vertex 82.2336 31.2 7.02367
    endloop
  endfacet
  facet normal 0 1 0
    outer loop
      vertex 83.7355 31.2 9.60388
      vertex 82.4556 31.2 6.94602
      vertex 82.3468 31.2 6.99108
    endloop
  endfacet
  facet normal 0 1 0
    outer loop
      vertex 84.1281 31.2 9.3869
      vertex 82.5586 31.2 6.88906
      vertex 82.4556 31.2 6.94602
    endloop
  endfacet
  facet normal 0 1 0
    outer loop
      vertex 84.494 31.2 9.12733
      vertex 82.6547 31.2 6.82092
      vertex 82.5586 31.2 6.88906
    endloop
  endfacet
  facet normal 0 1 0
    outer loop
      vertex 84.8284 31.2 8.82843
      vertex 82.7425 31.2 6.74246
      vertex 82.6547 31.2 6.82092
    endloop
  endfacet
  facet normal 0 1 0
    outer loop
      vertex 85.1273 31.2 8.49396
      vertex 82.8209 31.2 6.65466
      vertex 82.7425 31.2 6.74246
    endloop
  endfacet
  facet normal 0 1 0
    outer loop
      vertex 85.3869 31.2 8.12813
      vertex 82.8891 31.2 6.55863
      vertex 82.8209 31.2 6.65466
    endloop
  endfacet
  facet normal 0 1 0
    outer loop
      vertex 85.6039 31.2 7.73553
      vertex 82.946 31.2 6.45558
      vertex 82.8891 31.2 6.55863
    endloop
  endfacet
  facet normal 0 1 0
    outer loop
      vertex 85.7014 31.2 7.5
      vertex 82.9911 31.2 6.34679
      vertex 82.946 31.2 6.45558
    endloop
  endfacet
  facet normal 0 1 0
    outer loop
      vertex 85.7014 31.2 7.5
      vertex 83.0237 31.2 6.23365
      vertex 82.9911 31.2 6.34679
    endloop
  endfacet
  facet normal 0 1 0
    outer loop
      vertex 85.7014 31.2 7.5
      vertex 83.0434 31.2 6.11756
      vertex 83.0237 31.2 6.23365
    endloop
  endfacet
  facet normal 0 1 0
    outer loop
      vertex 85.7014 31.2 7.5
      vertex 83.05 31.2 6
      vertex 83.0434 31.2 6.11756
    endloop
  endfacet
  facet normal 0 1 0
    outer loop
      vertex 85.7014 31.2 7.5
      vertex 83.0434 31.2 5.88244
      vertex 83.05 31.2 6
    endloop
  endfacet
  facet normal 0 1 0
    outer loop
      vertex 85.7014 31.2 7.5
      vertex 83.0237 31.2 5.76635
      vertex 83.0434 31.2 5.88244
    endloop
  endfacet
  facet normal 0 1 0
    outer loop
      vertex 85.7014 31.2 7.5
      vertex 82.9911 31.2 5.65321
      vertex 83.0237 31.2 5.76635
    endloop
  endfacet
  facet normal 0 1 0
    outer loop
      vertex 85.7014 31.2 7.5
      vertex 87.9719 31.2 4.5
      vertex 82.9911 31.2 5.65321
    endloop
  endfacet
  facet normal 0 1 0
    outer loop
      vertex 82.9911 31.2 5.65321
      vertex 87.9719 31.2 4.5
      vertex 82.946 31.2 5.54442
    endloop
  endfacet
  facet normal 0 1 -0
    outer loop
      vertex 87.8746 31.2 3.88739
      vertex 82.946 31.2 5.54442
      vertex 87.9719 31.2 4.5
    endloop
  endfacet
  facet normal 0 1 -0
    outer loop
      vertex 87.7194 31.2 3.3486
      vertex 82.946 31.2 5.54442
      vertex 87.8746 31.2 3.88739
    endloop
  endfacet
  facet normal 0 1 0
    outer loop
      vertex 82.946 31.2 5.54442
      vertex 87.7194 31.2 3.3486
      vertex 82.8891 31.2 5.44137
    endloop
  endfacet
  facet normal 0 1 0
    outer loop
      vertex 79.8956 31.2 2.6
      vertex 82 31.2 4.95
      vertex 82.1176 31.2 4.9566
    endloop
  endfacet
  facet normal 0 1 -0
    outer loop
      vertex 88 31.2 4.5
      vertex 85.8 31.2 7.5
      vertex 88 31.2 39.5
    endloop
  endfacet
  facet normal 0 1 -0
    outer loop
      vertex 87.9719 31.2 4.5
      vertex 85.8 31.2 7.5
      vertex 88 31.2 4.5
    endloop
  endfacet
  facet normal 0 1 -0
    outer loop
      vertex 87.5048 31.2 2.83058
      vertex 82.8891 31.2 5.44137
      vertex 87.7194 31.2 3.3486
    endloop
  endfacet
  facet normal 0 1 0
    outer loop
      vertex 82.8891 31.2 5.44137
      vertex 87.5048 31.2 2.83058
      vertex 82.8209 31.2 5.34534
    endloop
  endfacet
  facet normal 0 1 -0
    outer loop
      vertex 87.2336 31.2 2.33984
      vertex 82.8209 31.2 5.34534
      vertex 87.5048 31.2 2.83058
    endloop
  endfacet
  facet normal 0 1 0
    outer loop
      vertex 82.8209 31.2 5.34534
      vertex 87.2336 31.2 2.33984
      vertex 82.7425 31.2 5.25754
    endloop
  endfacet
  facet normal 0 1 0
    outer loop
      vertex 82.7425 31.2 5.25754
      vertex 87.2336 31.2 2.33984
      vertex 82.6547 31.2 5.17908
    endloop
  endfacet
  facet normal 0 1 -0
    outer loop
      vertex 83.5 31.2 0.0280793
      vertex 82.6547 31.2 5.17908
      vertex 87.2336 31.2 2.33984
    endloop
  endfacet
  facet normal 0 1 0
    outer loop
      vertex 82.6547 31.2 5.17908
      vertex 83.5 31.2 0.0280793
      vertex 82.5586 31.2 5.11094
    endloop
  endfacet
  facet normal 0 1 0
    outer loop
      vertex 87.8746 31.2 3.88739
      vertex 87.9719 31.2 4.5
      vertex 87.9686 31.2 4.44018
    endloop
  endfacet
  facet normal 0 1 0
    outer loop
      vertex 81.4414 31.2 5.11094
      vertex 79.8956 31.2 2.6
      vertex 79.8719 31.2 2.6131
    endloop
  endfacet
  facet normal 0 1 0
    outer loop
      vertex 82.5586 31.2 5.11094
      vertex 83.5 31.2 0.0280793
      vertex 82.4556 31.2 5.05398
    endloop
  endfacet
  facet normal 0 1 0
    outer loop
      vertex 81.054 31.2 5.54442
      vertex 78.3961 31.2 4.26446
      vertex 78.2245 31.2 4.67888
    endloop
  endfacet
  facet normal 0 1 0
    outer loop
      vertex 81.1109 31.2 5.44137
      vertex 78.6131 31.2 3.87187
      vertex 78.3961 31.2 4.26446
    endloop
  endfacet
  facet normal 0 1 0
    outer loop
      vertex 82.4556 31.2 5.05398
      vertex 83.5 31.2 0.0280793
      vertex 82.3468 31.2 5.00892
    endloop
  endfacet
  facet normal 0 1 0
    outer loop
      vertex 81.1791 31.2 5.34534
      vertex 78.8727 31.2 3.50604
      vertex 78.6131 31.2 3.87187
    endloop
  endfacet
  facet normal 0 1 0
    outer loop
      vertex 81.2575 31.2 5.25754
      vertex 79.1716 31.2 3.17157
      vertex 78.8727 31.2 3.50604
    endloop
  endfacet
  facet normal 0 1 0
    outer loop
      vertex 83.5 31.2 0.0280793
      vertex 82.2336 31.2 4.97633
      vertex 82.3468 31.2 5.00892
    endloop
  endfacet
  facet normal 0 1 0
    outer loop
      vertex 81.3453 31.2 5.17908
      vertex 79.506 31.2 2.87267
      vertex 79.1716 31.2 3.17157
    endloop
  endfacet
  facet normal 0 1 0
    outer loop
      vertex 81.4414 31.2 5.11094
      vertex 79.8719 31.2 2.6131
      vertex 79.506 31.2 2.87267
    endloop
  endfacet
  facet normal 0 1 0
    outer loop
      vertex 82.1176 31.2 4.9566
      vertex 83.5 31.2 0.0280793
      vertex 79.8956 31.2 2.6
    endloop
  endfacet
  facet normal 0 1 0
    outer loop
      vertex 83.5 31.2 0.0280793
      vertex 82.1176 31.2 4.9566
      vertex 82.2336 31.2 4.97633
    endloop
  endfacet
  facet normal 0 1 -0
    outer loop
      vertex 7.5 31.2 41.7014
      vertex 4.5 31.2 41.7507
      vertex 7.5 31.2 41.8
    endloop
  endfacet
  facet normal 0 1 0
    outer loop
      vertex 7.5 31.2 41.7014
      vertex 4.5 31.2 41.7014
      vertex 4.5 31.2 41.7507
    endloop
  endfacet
  facet normal 0 1 0
    outer loop
      vertex 6.11756 31.2 39.0434
      vertex 7.5 31.2 41.7014
      vertex 7.73553 31.2 41.6039
    endloop
  endfacet
  facet normal 0 1 0
    outer loop
      vertex 7.5 31.2 41.7014
      vertex 6 31.2 39.05
      vertex 4.5 31.2 41.7014
    endloop
  endfacet
  facet normal 0 1 0
    outer loop
      vertex 6.11756 31.2 39.0434
      vertex 7.73553 31.2 41.6039
      vertex 8.12813 31.2 41.3869
    endloop
  endfacet
  facet normal 0 1 -0
    outer loop
      vertex 5.88244 31.2 39.0434
      vertex 4.5 31.2 41.7014
      vertex 6 31.2 39.05
    endloop
  endfacet
  facet normal 0 1 0
    outer loop
      vertex 6.11756 31.2 39.0434
      vertex 8.12813 31.2 41.3869
      vertex 8.49396 31.2 41.1273
    endloop
  endfacet
  facet normal 0 1 -0
    outer loop
      vertex 5.76635 31.2 39.0237
      vertex 4.5 31.2 41.7014
      vertex 5.88244 31.2 39.0434
    endloop
  endfacet
  facet normal 0 1 0
    outer loop
      vertex 6.11756 31.2 39.0434
      vertex 8.49396 31.2 41.1273
      vertex 8.82843 31.2 40.8284
    endloop
  endfacet
  facet normal 0 1 -0
    outer loop
      vertex 5.65321 31.2 38.9911
      vertex 4.5 31.2 41.7014
      vertex 5.76635 31.2 39.0237
    endloop
  endfacet
  facet normal 0 1 0
    outer loop
      vertex 6.11756 31.2 39.0434
      vertex 8.82843 31.2 40.8284
      vertex 9.12733 31.2 40.494
    endloop
  endfacet
  facet normal 0 1 -0
    outer loop
      vertex 5.54442 31.2 38.946
      vertex 4.5 31.2 41.7014
      vertex 5.65321 31.2 38.9911
    endloop
  endfacet
  facet normal 0 1 0
    outer loop
      vertex 6.11756 31.2 39.0434
      vertex 9.12733 31.2 40.494
      vertex 9.3869 31.2 40.1281
    endloop
  endfacet
  facet normal 0 1 0
    outer loop
      vertex 4.5 31.2 41.7014
      vertex 5.54442 31.2 38.946
      vertex 4.26446 31.2 41.6039
    endloop
  endfacet
  facet normal 0 1 0
    outer loop
      vertex 6.11756 31.2 39.0434
      vertex 9.3869 31.2 40.1281
      vertex 9.60388 31.2 39.7355
    endloop
  endfacet
  facet normal 0 1 0
    outer loop
      vertex 4.26446 31.2 41.6039
      vertex 5.54442 31.2 38.946
      vertex 3.87187 31.2 41.3869
    endloop
  endfacet
  facet normal 0 1 -0
    outer loop
      vertex 5.44137 31.2 38.8891
      vertex 3.87187 31.2 41.3869
      vertex 5.54442 31.2 38.946
    endloop
  endfacet
  facet normal 0 1 -0
    outer loop
      vertex 2.29856 31.2 36.5
      vertex 2.24929 31.2 39.5
      vertex 2.29856 31.2 39.5
    endloop
  endfacet
  facet normal 0 1 0
    outer loop
      vertex 2.24929 31.2 39.5
      vertex 2.2 31.2 36.5
      vertex 0.0280793 31.2 39.5
    endloop
  endfacet
  facet normal 0 1 0
    outer loop
      vertex 6.94602 31.2 38.4556
      vertex 9.60388 31.2 39.7355
      vertex 9.77553 31.2 39.3211
    endloop
  endfacet
  facet normal 0 1 0
    outer loop
      vertex 3.87187 31.2 41.3869
      vertex 5.44137 31.2 38.8891
      vertex 3.50604 31.2 41.1273
    endloop
  endfacet
  facet normal 0 1 -0
    outer loop
      vertex 5.34534 31.2 38.8209
      vertex 3.50604 31.2 41.1273
      vertex 5.44137 31.2 38.8891
    endloop
  endfacet
  facet normal 0 1 0
    outer loop
      vertex 3.50604 31.2 41.1273
      vertex 5.34534 31.2 38.8209
      vertex 3.17157 31.2 40.8284
    endloop
  endfacet
  facet normal 0 1 -0
    outer loop
      vertex 5.25754 31.2 38.7425
      vertex 3.17157 31.2 40.8284
      vertex 5.34534 31.2 38.8209
    endloop
  endfacet
  facet normal 0 1 0
    outer loop
      vertex 3.17157 31.2 40.8284
      vertex 5.25754 31.2 38.7425
      vertex 2.87267 31.2 40.494
    endloop
  endfacet
  facet normal 0 1 -0
    outer loop
      vertex 5.17908 31.2 38.6547
      vertex 2.87267 31.2 40.494
      vertex 5.25754 31.2 38.7425
    endloop
  endfacet
  facet normal 0 1 0
    outer loop
      vertex 2.87267 31.2 40.494
      vertex 5.17908 31.2 38.6547
      vertex 2.6131 31.2 40.1281
    endloop
  endfacet
  facet normal 0 1 -0
    outer loop
      vertex 5.11094 31.2 38.5586
      vertex 2.6131 31.2 40.1281
      vertex 5.17908 31.2 38.6547
    endloop
  endfacet
  facet normal 0 1 0
    outer loop
      vertex 2.6131 31.2 40.1281
      vertex 5.11094 31.2 38.5586
      vertex 2.39612 31.2 39.7355
    endloop
  endfacet
  facet normal 0 1 -0
    outer loop
      vertex 5.05398 31.2 38.4556
      vertex 2.39612 31.2 39.7355
      vertex 5.11094 31.2 38.5586
    endloop
  endfacet
  facet normal 0 1 0
    outer loop
      vertex 2.39612 31.2 39.7355
      vertex 5.05398 31.2 38.4556
      vertex 2.29856 31.2 39.5
    endloop
  endfacet
  facet normal 0 1 -0
    outer loop
      vertex 5.00892 31.2 38.3468
      vertex 2.29856 31.2 39.5
      vertex 5.05398 31.2 38.4556
    endloop
  endfacet
  facet normal 0 1 -0
    outer loop
      vertex 4.97633 31.2 38.2336
      vertex 2.29856 31.2 39.5
      vertex 5.00892 31.2 38.3468
    endloop
  endfacet
  facet normal 0 1 -0
    outer loop
      vertex 4.9566 31.2 38.1176
      vertex 2.29856 31.2 39.5
      vertex 4.97633 31.2 38.2336
    endloop
  endfacet
  facet normal 0 1 -0
    outer loop
      vertex 4.95 31.2 38
      vertex 2.29856 31.2 39.5
      vertex 4.9566 31.2 38.1176
    endloop
  endfacet
  facet normal 0 1 0
    outer loop
      vertex 2.29856 31.2 39.5
      vertex 4.95 31.2 38
      vertex 2.29856 31.2 36.5
    endloop
  endfacet
  facet normal 0 1 0
    outer loop
      vertex 2.29856 31.2 36.5
      vertex 4.95 31.2 38
      vertex 4.9566 31.2 37.8824
    endloop
  endfacet
  facet normal 0 1 0
    outer loop
      vertex 2.29856 31.2 36.5
      vertex 4.9566 31.2 37.8824
      vertex 4.97633 31.2 37.7664
    endloop
  endfacet
  facet normal 0 1 0
    outer loop
      vertex 2.29856 31.2 36.5
      vertex 4.97633 31.2 37.7664
      vertex 5.00892 31.2 37.6532
    endloop
  endfacet
  facet normal 0 1 0
    outer loop
      vertex 2.29856 31.2 36.5
      vertex 5.00892 31.2 37.6532
      vertex 5.05398 31.2 37.5444
    endloop
  endfacet
  facet normal 0 1 0
    outer loop
      vertex 2.29856 31.2 36.5
      vertex 5.05398 31.2 37.5444
      vertex 5.11094 31.2 37.4414
    endloop
  endfacet
  facet normal 0 1 0
    outer loop
      vertex 2.29856 31.2 36.5
      vertex 5.11094 31.2 37.4414
      vertex 5.17908 31.2 37.3453
    endloop
  endfacet
  facet normal 0 1 0
    outer loop
      vertex 2.29856 31.2 36.5
      vertex 5.17908 31.2 37.3453
      vertex 5.25754 31.2 37.2575
    endloop
  endfacet
  facet normal 0 1 0
    outer loop
      vertex 2.29856 31.2 36.5
      vertex 5.25754 31.2 37.2575
      vertex 5.34534 31.2 37.1791
    endloop
  endfacet
  facet normal 0 1 0
    outer loop
      vertex 2.29856 31.2 36.5
      vertex 5.34534 31.2 37.1791
      vertex 5.44137 31.2 37.1109
    endloop
  endfacet
  facet normal 0 1 0
    outer loop
      vertex 2.29856 31.2 36.5
      vertex 5.44137 31.2 37.1109
      vertex 5.54442 31.2 37.054
    endloop
  endfacet
  facet normal 0 1 -0
    outer loop
      vertex 8.12813 31.2 34.6131
      vertex 6.55863 31.2 37.1109
      vertex 8.49396 31.2 34.8727
    endloop
  endfacet
  facet normal 0 1 0
    outer loop
      vertex 6 31.2 36.95
      vertex 2.29856 31.2 36.5
      vertex 5.88244 31.2 36.9566
    endloop
  endfacet
  facet normal 0 1 0
    outer loop
      vertex 2.29856 31.2 36.5
      vertex 5.76635 31.2 36.9763
      vertex 5.88244 31.2 36.9566
    endloop
  endfacet
  facet normal 0 1 0
    outer loop
      vertex 2.29856 31.2 36.5
      vertex 5.65321 31.2 37.0089
      vertex 5.76635 31.2 36.9763
    endloop
  endfacet
  facet normal 0 1 0
    outer loop
      vertex 2.29856 31.2 36.5
      vertex 5.54442 31.2 37.054
      vertex 5.65321 31.2 37.0089
    endloop
  endfacet
  facet normal 0 1 0
    outer loop
      vertex 2.24929 31.2 39.5
      vertex 2.29856 31.2 36.5
      vertex 2.2 31.2 36.5
    endloop
  endfacet
  facet normal 0 1 0
    outer loop
      vertex 0.0280793 31.2 39.5
      vertex 2.2 31.2 36.5
      vertex 0 31.2 39.5
    endloop
  endfacet
  facet normal 0 1 -0
    outer loop
      vertex 2.2 31.2 7.5
      vertex 0 31.2 39.5
      vertex 2.2 31.2 36.5
    endloop
  endfacet
  facet normal 0 1 -0
    outer loop
      vertex 5.34534 31.2 6.82092
      vertex 3.50604 31.2 9.12733
      vertex 5.44137 31.2 6.88906
    endloop
  endfacet
  facet normal 0 1 0
    outer loop
      vertex 3.50604 31.2 9.12733
      vertex 5.34534 31.2 6.82092
      vertex 3.17157 31.2 8.82843
    endloop
  endfacet
  facet normal 0 1 -0
    outer loop
      vertex 5.25754 31.2 6.74246
      vertex 3.17157 31.2 8.82843
      vertex 5.34534 31.2 6.82092
    endloop
  endfacet
  facet normal 0 1 0
    outer loop
      vertex 3.17157 31.2 8.82843
      vertex 5.25754 31.2 6.74246
      vertex 2.87267 31.2 8.49396
    endloop
  endfacet
  facet normal 0 1 -0
    outer loop
      vertex 5.17908 31.2 6.65466
      vertex 2.87267 31.2 8.49396
      vertex 5.25754 31.2 6.74246
    endloop
  endfacet
  facet normal 0 1 0
    outer loop
      vertex 2.87267 31.2 8.49396
      vertex 5.17908 31.2 6.65466
      vertex 2.6131 31.2 8.12813
    endloop
  endfacet
  facet normal 0 1 -0
    outer loop
      vertex 5.11094 31.2 6.55863
      vertex 2.6131 31.2 8.12813
      vertex 5.17908 31.2 6.65466
    endloop
  endfacet
  facet normal 0 1 0
    outer loop
      vertex 2.6131 31.2 8.12813
      vertex 5.11094 31.2 6.55863
      vertex 2.39612 31.2 7.73553
    endloop
  endfacet
  facet normal 0 1 -0
    outer loop
      vertex 5.05398 31.2 6.45558
      vertex 2.39612 31.2 7.73553
      vertex 5.11094 31.2 6.55863
    endloop
  endfacet
  facet normal 0 1 0
    outer loop
      vertex 2.39612 31.2 7.73553
      vertex 5.05398 31.2 6.45558
      vertex 2.29856 31.2 7.5
    endloop
  endfacet
  facet normal 0 1 -0
    outer loop
      vertex 5.00892 31.2 6.34679
      vertex 2.29856 31.2 7.5
      vertex 5.05398 31.2 6.45558
    endloop
  endfacet
  facet normal 0 1 -0
    outer loop
      vertex 4.97633 31.2 6.23365
      vertex 2.29856 31.2 7.5
      vertex 5.00892 31.2 6.34679
    endloop
  endfacet
  facet normal 0 1 -0
    outer loop
      vertex 4.9566 31.2 6.11756
      vertex 2.29856 31.2 7.5
      vertex 4.97633 31.2 6.23365
    endloop
  endfacet
  facet normal 0 1 -0
    outer loop
      vertex 4.95 31.2 6
      vertex 2.29856 31.2 7.5
      vertex 4.9566 31.2 6.11756
    endloop
  endfacet
  facet normal 0 1 0
    outer loop
      vertex 4.9566 31.2 5.88244
      vertex 2.29856 31.2 7.5
      vertex 4.95 31.2 6
    endloop
  endfacet
  facet normal 0 1 0
    outer loop
      vertex 4.97633 31.2 5.76635
      vertex 2.29856 31.2 7.5
      vertex 4.9566 31.2 5.88244
    endloop
  endfacet
  facet normal 0 1 0
    outer loop
      vertex 5.00892 31.2 5.65321
      vertex 2.29856 31.2 7.5
      vertex 4.97633 31.2 5.76635
    endloop
  endfacet
  facet normal 0 1 0
    outer loop
      vertex 0.0280793 31.2 4.5
      vertex 2.29856 31.2 7.5
      vertex 5.00892 31.2 5.65321
    endloop
  endfacet
  facet normal 0 1 0
    outer loop
      vertex 0.0280793 31.2 4.5
      vertex 5.00892 31.2 5.65321
      vertex 5.05398 31.2 5.54442
    endloop
  endfacet
  facet normal 0 1 0
    outer loop
      vertex 0.0314388 31.2 4.44018
      vertex 5.05398 31.2 5.54442
      vertex 5.11094 31.2 5.44137
    endloop
  endfacet
  facet normal 0 1 0
    outer loop
      vertex 0.0314388 31.2 4.44018
      vertex 5.11094 31.2 5.44137
      vertex 5.17908 31.2 5.34534
    endloop
  endfacet
  facet normal 0 1 0
    outer loop
      vertex 0.0314388 31.2 4.44018
      vertex 5.17908 31.2 5.34534
      vertex 5.25754 31.2 5.25754
    endloop
  endfacet
  facet normal 0 1 0
    outer loop
      vertex 0.0314388 31.2 4.44018
      vertex 5.25754 31.2 5.25754
      vertex 5.34534 31.2 5.17908
    endloop
  endfacet
  facet normal 0 1 -0
    outer loop
      vertex 8.12813 31.2 2.6131
      vertex 6.55863 31.2 5.11094
      vertex 8.49396 31.2 2.87267
    endloop
  endfacet
  facet normal 0 1 0
    outer loop
      vertex 0.0314388 31.2 4.44018
      vertex 5.88244 31.2 4.9566
      vertex 6 31.2 4.95
    endloop
  endfacet
  facet normal 0 1 0
    outer loop
      vertex 0.0314388 31.2 4.44018
      vertex 5.76635 31.2 4.97633
      vertex 5.88244 31.2 4.9566
    endloop
  endfacet
  facet normal 0 1 0
    outer loop
      vertex 0.0314388 31.2 4.44018
      vertex 5.65321 31.2 5.00892
      vertex 5.76635 31.2 4.97633
    endloop
  endfacet
  facet normal 0 1 0
    outer loop
      vertex 0.0314388 31.2 4.44018
      vertex 5.54442 31.2 5.05398
      vertex 5.65321 31.2 5.00892
    endloop
  endfacet
  facet normal 0 1 0
    outer loop
      vertex 0.0314388 31.2 4.44018
      vertex 5.44137 31.2 5.11094
      vertex 5.54442 31.2 5.05398
    endloop
  endfacet
  facet normal 0 1 0
    outer loop
      vertex 0.0314388 31.2 4.44018
      vertex 5.34534 31.2 5.17908
      vertex 5.44137 31.2 5.11094
    endloop
  endfacet
  facet normal 0 1 0
    outer loop
      vertex 2.29856 31.2 7.5
      vertex 0.0280793 31.2 4.5
      vertex 2.2 31.2 7.5
    endloop
  endfacet
  facet normal 0 1 0
    outer loop
      vertex 0 31.2 4.5
      vertex 2.2 31.2 7.5
      vertex 0.0280793 31.2 4.5
    endloop
  endfacet
  facet normal 0 1 0
    outer loop
      vertex 2.2 31.2 7.5
      vertex 0 31.2 4.5
      vertex 0 31.2 39.5
    endloop
  endfacet
  facet normal 0 1 0
    outer loop
      vertex 80.5 31.2 41.8
      vertex 83.5 31.2 44
      vertex 83.5 31.2 43.9719
    endloop
  endfacet
  facet normal 0 1 0
    outer loop
      vertex 83.5 31.2 44
      vertex 80.5 31.2 41.8
      vertex 4.5 31.2 44
    endloop
  endfacet
  facet normal 0 1 0
    outer loop
      vertex 83.5 31.2 41.7507
      vertex 83.5 31.2 43.9719
      vertex 83.5598 31.2 43.9686
    endloop
  endfacet
  facet normal 0 1 -0
    outer loop
      vertex 7.5 31.2 41.8
      vertex 4.5 31.2 44
      vertex 80.5 31.2 41.8
    endloop
  endfacet
  facet normal 0 1 0
    outer loop
      vertex 83.5 31.2 41.7507
      vertex 83.5598 31.2 43.9686
      vertex 84.1126 31.2 43.8746
    endloop
  endfacet
  facet normal 0 1 0
    outer loop
      vertex 4.5 31.2 44
      vertex 7.5 31.2 41.8
      vertex 4.5 31.2 43.9719
    endloop
  endfacet
  facet normal 0 1 0
    outer loop
      vertex 83.6231 31.2 41.7298
      vertex 84.1126 31.2 43.8746
      vertex 84.6514 31.2 43.7194
    endloop
  endfacet
  facet normal 0 1 0
    outer loop
      vertex 4.5 31.2 41.7507
      vertex 4.5 31.2 43.9719
      vertex 7.5 31.2 41.8
    endloop
  endfacet
  facet normal 0 1 0
    outer loop
      vertex 83.9248 31.2 41.6429
      vertex 84.6514 31.2 43.7194
      vertex 85.1694 31.2 43.5048
    endloop
  endfacet
  facet normal 0 1 0
    outer loop
      vertex 4.5 31.2 43.9719
      vertex 4.5 31.2 41.7507
      vertex 4.44018 31.2 43.9686
    endloop
  endfacet
  facet normal 0 1 0
    outer loop
      vertex 84.2149 31.2 41.5227
      vertex 85.1694 31.2 43.5048
      vertex 85.6602 31.2 43.2336
    endloop
  endfacet
  facet normal 0 1 0
    outer loop
      vertex 4.44018 31.2 43.9686
      vertex 4.5 31.2 41.7507
      vertex 3.88739 31.2 43.8746
    endloop
  endfacet
  facet normal 0 1 0
    outer loop
      vertex 84.4897 31.2 41.3708
      vertex 85.6602 31.2 43.2336
      vertex 86.1174 31.2 42.9092
    endloop
  endfacet
  facet normal 0 1 -0
    outer loop
      vertex 4.37694 31.2 41.7298
      vertex 3.88739 31.2 43.8746
      vertex 4.5 31.2 41.7507
    endloop
  endfacet
  facet normal 0 1 0
    outer loop
      vertex 84.7458 31.2 41.1891
      vertex 86.1174 31.2 42.9092
      vertex 86.5355 31.2 42.5355
    endloop
  endfacet
  facet normal 0 1 0
    outer loop
      vertex 3.88739 31.2 43.8746
      vertex 4.37694 31.2 41.7298
      vertex 3.3486 31.2 43.7194
    endloop
  endfacet
  facet normal 0 1 0
    outer loop
      vertex 84.9799 31.2 40.9799
      vertex 86.5355 31.2 42.5355
      vertex 86.9092 31.2 42.1174
    endloop
  endfacet
  facet normal 0 1 -0
    outer loop
      vertex 4.07522 31.2 41.6429
      vertex 3.3486 31.2 43.7194
      vertex 4.37694 31.2 41.7298
    endloop
  endfacet
  facet normal 0 1 0
    outer loop
      vertex 3.3486 31.2 43.7194
      vertex 4.07522 31.2 41.6429
      vertex 2.83058 31.2 43.5048
    endloop
  endfacet
  facet normal 0 1 0
    outer loop
      vertex 83.5 31.2 43.9719
      vertex 83.5 31.2 41.7507
      vertex 80.5 31.2 41.8
    endloop
  endfacet
  facet normal 0 1 0
    outer loop
      vertex 84.1126 31.2 43.8746
      vertex 83.6231 31.2 41.7298
      vertex 83.5 31.2 41.7507
    endloop
  endfacet
  facet normal 0 1 0
    outer loop
      vertex 85.1891 31.2 40.7458
      vertex 86.9092 31.2 42.1174
      vertex 87.2336 31.2 41.6602
    endloop
  endfacet
  facet normal 0 1 0
    outer loop
      vertex 84.6514 31.2 43.7194
      vertex 83.9248 31.2 41.6429
      vertex 83.6231 31.2 41.7298
    endloop
  endfacet
  facet normal 0 1 0
    outer loop
      vertex 85.1694 31.2 43.5048
      vertex 84.2149 31.2 41.5227
      vertex 83.9248 31.2 41.6429
    endloop
  endfacet
  facet normal 0 1 0
    outer loop
      vertex 85.6602 31.2 43.2336
      vertex 84.4897 31.2 41.3708
      vertex 84.2149 31.2 41.5227
    endloop
  endfacet
  facet normal 0 1 0
    outer loop
      vertex 86.1174 31.2 42.9092
      vertex 84.7458 31.2 41.1891
      vertex 84.4897 31.2 41.3708
    endloop
  endfacet
  facet normal 0 1 0
    outer loop
      vertex 85.3708 31.2 40.4897
      vertex 87.2336 31.2 41.6602
      vertex 87.5048 31.2 41.1694
    endloop
  endfacet
  facet normal 0 1 0
    outer loop
      vertex 86.5355 31.2 42.5355
      vertex 84.9799 31.2 40.9799
      vertex 84.7458 31.2 41.1891
    endloop
  endfacet
  facet normal 0 1 0
    outer loop
      vertex 86.9092 31.2 42.1174
      vertex 85.1891 31.2 40.7458
      vertex 84.9799 31.2 40.9799
    endloop
  endfacet
  facet normal 0 1 0
    outer loop
      vertex 85.5227 31.2 40.2149
      vertex 87.5048 31.2 41.1694
      vertex 87.7194 31.2 40.6514
    endloop
  endfacet
  facet normal 0 1 0
    outer loop
      vertex 87.2336 31.2 41.6602
      vertex 85.3708 31.2 40.4897
      vertex 85.1891 31.2 40.7458
    endloop
  endfacet
  facet normal 0 1 0
    outer loop
      vertex 87.5048 31.2 41.1694
      vertex 85.5227 31.2 40.2149
      vertex 85.3708 31.2 40.4897
    endloop
  endfacet
  facet normal 0 1 0
    outer loop
      vertex 85.6429 31.2 39.9248
      vertex 87.7194 31.2 40.6514
      vertex 87.8746 31.2 40.1126
    endloop
  endfacet
  facet normal 0 1 0
    outer loop
      vertex 87.7194 31.2 40.6514
      vertex 85.6429 31.2 39.9248
      vertex 85.5227 31.2 40.2149
    endloop
  endfacet
  facet normal 0 1 0
    outer loop
      vertex 87.8746 31.2 40.1126
      vertex 85.7298 31.2 39.6231
      vertex 85.6429 31.2 39.9248
    endloop
  endfacet
  facet normal 0 1 0
    outer loop
      vertex 85.7507 31.2 39.5
      vertex 87.8746 31.2 40.1126
      vertex 87.9686 31.2 39.5598
    endloop
  endfacet
  facet normal 0 1 0
    outer loop
      vertex 85.7507 31.2 39.5
      vertex 87.9686 31.2 39.5598
      vertex 87.9719 31.2 39.5
    endloop
  endfacet
  facet normal 0 1 0
    outer loop
      vertex 87.8746 31.2 40.1126
      vertex 85.7507 31.2 39.5
      vertex 85.7298 31.2 39.6231
    endloop
  endfacet
  facet normal 0 1 -0
    outer loop
      vertex 3.78512 31.2 41.5227
      vertex 2.83058 31.2 43.5048
      vertex 4.07522 31.2 41.6429
    endloop
  endfacet
  facet normal 0 1 0
    outer loop
      vertex 2.83058 31.2 43.5048
      vertex 3.78512 31.2 41.5227
      vertex 2.33984 31.2 43.2336
    endloop
  endfacet
  facet normal 0 1 -0
    outer loop
      vertex 3.51031 31.2 41.3708
      vertex 2.33984 31.2 43.2336
      vertex 3.78512 31.2 41.5227
    endloop
  endfacet
  facet normal 0 1 0
    outer loop
      vertex 2.33984 31.2 43.2336
      vertex 3.51031 31.2 41.3708
      vertex 1.88255 31.2 42.9092
    endloop
  endfacet
  facet normal 0 1 -0
    outer loop
      vertex 3.25423 31.2 41.1891
      vertex 1.88255 31.2 42.9092
      vertex 3.51031 31.2 41.3708
    endloop
  endfacet
  facet normal 0 1 0
    outer loop
      vertex 1.88255 31.2 42.9092
      vertex 3.25423 31.2 41.1891
      vertex 1.46447 31.2 42.5355
    endloop
  endfacet
  facet normal 0 1 -0
    outer loop
      vertex 3.0201 31.2 40.9799
      vertex 1.46447 31.2 42.5355
      vertex 3.25423 31.2 41.1891
    endloop
  endfacet
  facet normal 0 1 0
    outer loop
      vertex 1.46447 31.2 42.5355
      vertex 3.0201 31.2 40.9799
      vertex 1.09084 31.2 42.1174
    endloop
  endfacet
  facet normal 0 1 -0
    outer loop
      vertex 2.81087 31.2 40.7458
      vertex 1.09084 31.2 42.1174
      vertex 3.0201 31.2 40.9799
    endloop
  endfacet
  facet normal 0 1 0
    outer loop
      vertex 1.09084 31.2 42.1174
      vertex 2.81087 31.2 40.7458
      vertex 0.766378 31.2 41.6602
    endloop
  endfacet
  facet normal 0 1 -0
    outer loop
      vertex 2.62917 31.2 40.4897
      vertex 0.766378 31.2 41.6602
      vertex 2.81087 31.2 40.7458
    endloop
  endfacet
  facet normal 0 1 0
    outer loop
      vertex 0.766378 31.2 41.6602
      vertex 2.62917 31.2 40.4897
      vertex 0.495155 31.2 41.1694
    endloop
  endfacet
  facet normal 0 1 -0
    outer loop
      vertex 2.47729 31.2 40.2149
      vertex 0.495155 31.2 41.1694
      vertex 2.62917 31.2 40.4897
    endloop
  endfacet
  facet normal 0 1 0
    outer loop
      vertex 0.495155 31.2 41.1694
      vertex 2.47729 31.2 40.2149
      vertex 0.280582 31.2 40.6514
    endloop
  endfacet
  facet normal 0 1 -0
    outer loop
      vertex 2.35713 31.2 39.9248
      vertex 0.280582 31.2 40.6514
      vertex 2.47729 31.2 40.2149
    endloop
  endfacet
  facet normal 0 1 0
    outer loop
      vertex 0.280582 31.2 40.6514
      vertex 2.35713 31.2 39.9248
      vertex 0.12536 31.2 40.1126
    endloop
  endfacet
  facet normal 0 1 -0
    outer loop
      vertex 2.2702 31.2 39.6231
      vertex 0.12536 31.2 40.1126
      vertex 2.35713 31.2 39.9248
    endloop
  endfacet
  facet normal 0 1 -0
    outer loop
      vertex 2.24929 31.2 39.5
      vertex 0.12536 31.2 40.1126
      vertex 2.2702 31.2 39.6231
    endloop
  endfacet
  facet normal 0 1 0
    outer loop
      vertex 0.12536 31.2 40.1126
      vertex 2.24929 31.2 39.5
      vertex 0.0314388 31.2 39.5598
    endloop
  endfacet
  facet normal 0 1 0
    outer loop
      vertex 0.0314388 31.2 39.5598
      vertex 2.24929 31.2 39.5
      vertex 0.0280793 31.2 39.5
    endloop
  endfacet
  facet normal 0 1 0
    outer loop
      vertex 80.5 31.2 41.7014
      vertex 83.5 31.2 41.7507
      vertex 83.5 31.2 41.7014
    endloop
  endfacet
  facet normal 0 1 0
    outer loop
      vertex 83.5 31.2 41.7507
      vertex 80.5 31.2 41.7014
      vertex 80.5 31.2 41.8
    endloop
  endfacet
  facet normal 0 1 0
    outer loop
      vertex 84.1281 31.2 41.3869
      vertex 83.5 31.2 41.7014
      vertex 83.7355 31.2 41.6039
    endloop
  endfacet
  facet normal 0 1 0
    outer loop
      vertex 84.494 31.2 41.1273
      vertex 83.5 31.2 41.7014
      vertex 84.1281 31.2 41.3869
    endloop
  endfacet
  facet normal 0 1 0
    outer loop
      vertex 83.5 31.2 41.7014
      vertex 84.494 31.2 41.1273
      vertex 80.5 31.2 41.7014
    endloop
  endfacet
  facet normal 0 1 0
    outer loop
      vertex 80.5 31.2 41.7014
      vertex 79.8719 31.2 41.3869
      vertex 80.2645 31.2 41.6039
    endloop
  endfacet
  facet normal 0 1 0
    outer loop
      vertex 79.506 31.2 41.1273
      vertex 80.5 31.2 41.7014
      vertex 84.494 31.2 41.1273
    endloop
  endfacet
  facet normal 0 1 0
    outer loop
      vertex 80.5 31.2 41.7014
      vertex 79.506 31.2 41.1273
      vertex 79.8719 31.2 41.3869
    endloop
  endfacet
  facet normal 0 1 0
    outer loop
      vertex 84.8284 31.2 40.8284
      vertex 79.506 31.2 41.1273
      vertex 84.494 31.2 41.1273
    endloop
  endfacet
  facet normal 0 1 0
    outer loop
      vertex 84.8284 31.2 40.8284
      vertex 79.1716 31.2 40.8284
      vertex 79.506 31.2 41.1273
    endloop
  endfacet
  facet normal 0 1 0
    outer loop
      vertex 85.1273 31.2 40.494
      vertex 79.1716 31.2 40.8284
      vertex 84.8284 31.2 40.8284
    endloop
  endfacet
  facet normal 0 1 0
    outer loop
      vertex 85.1273 31.2 40.494
      vertex 78.8727 31.2 40.494
      vertex 79.1716 31.2 40.8284
    endloop
  endfacet
  facet normal 0 1 0
    outer loop
      vertex 85.3869 31.2 40.1281
      vertex 78.8727 31.2 40.494
      vertex 85.1273 31.2 40.494
    endloop
  endfacet
  facet normal 0 1 0
    outer loop
      vertex 85.3869 31.2 40.1281
      vertex 78.6131 31.2 40.1281
      vertex 78.8727 31.2 40.494
    endloop
  endfacet
  facet normal 0 1 0
    outer loop
      vertex 85.7014 31.2 39.5
      vertex 85.3869 31.2 40.1281
      vertex 85.6039 31.2 39.7355
    endloop
  endfacet
  facet normal 0 1 0
    outer loop
      vertex 85.3869 31.2 40.1281
      vertex 85.7014 31.2 39.5
      vertex 78.6131 31.2 40.1281
    endloop
  endfacet
  facet normal 0 1 0
    outer loop
      vertex 78.6131 31.2 40.1281
      vertex 85.7014 31.2 39.5
      vertex 78.3961 31.2 39.7355
    endloop
  endfacet
  facet normal 0 1 0
    outer loop
      vertex 78.3961 31.2 39.7355
      vertex 85.7014 31.2 39.5
      vertex 78.2245 31.2 39.3211
    endloop
  endfacet
  facet normal 0 1 -0
    outer loop
      vertex 81.8824 31.2 39.0434
      vertex 78.2245 31.2 39.3211
      vertex 82 31.2 39.05
    endloop
  endfacet
  facet normal 0 1 -0
    outer loop
      vertex 81.7663 31.2 39.0237
      vertex 78.2245 31.2 39.3211
      vertex 81.8824 31.2 39.0434
    endloop
  endfacet
  facet normal 0 1 -0
    outer loop
      vertex 81.6532 31.2 38.9911
      vertex 78.2245 31.2 39.3211
      vertex 81.7663 31.2 39.0237
    endloop
  endfacet
  facet normal 0 1 -0
    outer loop
      vertex 81.5444 31.2 38.946
      vertex 78.2245 31.2 39.3211
      vertex 81.6532 31.2 38.9911
    endloop
  endfacet
  facet normal 0 1 -0
    outer loop
      vertex 81.4414 31.2 38.8891
      vertex 78.2245 31.2 39.3211
      vertex 81.5444 31.2 38.946
    endloop
  endfacet
  facet normal 0 1 -0
    outer loop
      vertex 81.3453 31.2 38.8209
      vertex 78.2245 31.2 39.3211
      vertex 81.4414 31.2 38.8891
    endloop
  endfacet
  facet normal 0 1 -0
    outer loop
      vertex 81.2575 31.2 38.7425
      vertex 78.2245 31.2 39.3211
      vertex 81.3453 31.2 38.8209
    endloop
  endfacet
  facet normal 0 1 -0
    outer loop
      vertex 81.1791 31.2 38.6547
      vertex 78.2245 31.2 39.3211
      vertex 81.2575 31.2 38.7425
    endloop
  endfacet
  facet normal 0 1 -0
    outer loop
      vertex 81.1109 31.2 38.5586
      vertex 78.2245 31.2 39.3211
      vertex 81.1791 31.2 38.6547
    endloop
  endfacet
  facet normal 0 1 -0
    outer loop
      vertex 81.054 31.2 38.4556
      vertex 78.2245 31.2 39.3211
      vertex 81.1109 31.2 38.5586
    endloop
  endfacet
  facet normal 0 1 -0
    outer loop
      vertex 81.0089 31.2 38.3468
      vertex 78.2245 31.2 39.3211
      vertex 81.054 31.2 38.4556
    endloop
  endfacet
  facet normal 0 1 0
    outer loop
      vertex 78.2245 31.2 39.3211
      vertex 81.0089 31.2 38.3468
      vertex 78.1003 31.2 38.8901
    endloop
  endfacet
  facet normal 0 1 -0
    outer loop
      vertex 80.9763 31.2 38.2336
      vertex 78.1003 31.2 38.8901
      vertex 81.0089 31.2 38.3468
    endloop
  endfacet
  facet normal 0 1 0
    outer loop
      vertex 78.1003 31.2 38.8901
      vertex 80.9763 31.2 38.2336
      vertex 78.0251 31.2 38.4479
    endloop
  endfacet
  facet normal 0 1 -0
    outer loop
      vertex 80.9566 31.2 38.1176
      vertex 78.0251 31.2 38.4479
      vertex 80.9763 31.2 38.2336
    endloop
  endfacet
  facet normal 0 1 -0
    outer loop
      vertex 80.95 31.2 38
      vertex 78.0251 31.2 38.4479
      vertex 80.9566 31.2 38.1176
    endloop
  endfacet
  facet normal 0 1 0
    outer loop
      vertex 80.95 31.2 38
      vertex 78 31.2 38
      vertex 78.0251 31.2 38.4479
    endloop
  endfacet
  facet normal 0 1 0
    outer loop
      vertex 80.9566 31.2 37.8824
      vertex 78 31.2 38
      vertex 80.95 31.2 38
    endloop
  endfacet
  facet normal 0 1 0
    outer loop
      vertex 78.0251 31.2 37.5521
      vertex 80.9566 31.2 37.8824
      vertex 80.9763 31.2 37.7664
    endloop
  endfacet
  facet normal 0 1 0
    outer loop
      vertex 78.1003 31.2 37.1099
      vertex 80.9763 31.2 37.7664
      vertex 81.0089 31.2 37.6532
    endloop
  endfacet
  facet normal 0 1 0
    outer loop
      vertex 80.9566 31.2 37.8824
      vertex 78.0251 31.2 37.5521
      vertex 78 31.2 38
    endloop
  endfacet
  facet normal 0 1 0
    outer loop
      vertex 78.2245 31.2 36.6789
      vertex 81.0089 31.2 37.6532
      vertex 81.054 31.2 37.5444
    endloop
  endfacet
  facet normal 0 1 0
    outer loop
      vertex 78.2245 31.2 36.6789
      vertex 81.054 31.2 37.5444
      vertex 81.1109 31.2 37.4414
    endloop
  endfacet
  facet normal 0 1 0
    outer loop
      vertex 78.2245 31.2 36.6789
      vertex 81.1109 31.2 37.4414
      vertex 81.1791 31.2 37.3453
    endloop
  endfacet
  facet normal 0 1 0
    outer loop
      vertex 78.2245 31.2 36.6789
      vertex 81.1791 31.2 37.3453
      vertex 81.2575 31.2 37.2575
    endloop
  endfacet
  facet normal 0 1 0
    outer loop
      vertex 78.2245 31.2 36.6789
      vertex 81.2575 31.2 37.2575
      vertex 81.3453 31.2 37.1791
    endloop
  endfacet
  facet normal 0 1 0
    outer loop
      vertex 78.2245 31.2 36.6789
      vertex 81.3453 31.2 37.1791
      vertex 81.4414 31.2 37.1109
    endloop
  endfacet
  facet normal 0 1 0
    outer loop
      vertex 80.9763 31.2 37.7664
      vertex 78.1003 31.2 37.1099
      vertex 78.0251 31.2 37.5521
    endloop
  endfacet
  facet normal 0 1 0
    outer loop
      vertex 78.2245 31.2 36.6789
      vertex 81.4414 31.2 37.1109
      vertex 81.5444 31.2 37.054
    endloop
  endfacet
  facet normal 0 1 0
    outer loop
      vertex 78.2245 31.2 36.6789
      vertex 81.5444 31.2 37.054
      vertex 81.6532 31.2 37.0089
    endloop
  endfacet
  facet normal 0 1 0
    outer loop
      vertex 78.2245 31.2 36.6789
      vertex 81.6532 31.2 37.0089
      vertex 81.7663 31.2 36.9763
    endloop
  endfacet
  facet normal 0 1 0
    outer loop
      vertex 78.2245 31.2 36.6789
      vertex 81.7663 31.2 36.9763
      vertex 81.8824 31.2 36.9566
    endloop
  endfacet
  facet normal 0 1 0
    outer loop
      vertex 78.2245 31.2 36.6789
      vertex 81.8824 31.2 36.9566
      vertex 82 31.2 36.95
    endloop
  endfacet
  facet normal 0 1 0
    outer loop
      vertex 81.0089 31.2 37.6532
      vertex 78.2245 31.2 36.6789
      vertex 78.1003 31.2 37.1099
    endloop
  endfacet
  facet normal 0.985848 0 -0.16764
    outer loop
      vertex 87.9686 0 4.44018
      vertex 87.8746 31.2 3.88739
      vertex 87.9686 31.2 4.44018
    endloop
  endfacet
  facet normal 0.985848 0 -0.16764
    outer loop
      vertex 87.8746 31.2 3.88739
      vertex 87.9686 0 4.44018
      vertex 87.8746 0 3.88739
    endloop
  endfacet
  facet normal -0.875248 0 0.483674
    outer loop
      vertex 0.495155 0 41.1694
      vertex 0.766378 31.2 41.6602
      vertex 0.495155 31.2 41.1694
    endloop
  endfacet
  facet normal -0.875248 0 0.483674
    outer loop
      vertex 0.766378 31.2 41.6602
      vertex 0.495155 0 41.1694
      vertex 0.766378 0 41.6602
    endloop
  endfacet
  facet normal 0.666409 0 0.745586
    outer loop
      vertex 86.1174 31.2 42.9092
      vertex 86.5355 0 42.5355
      vertex 86.5355 31.2 42.5355
    endloop
  endfacet
  facet normal 0.666409 0 0.745586
    outer loop
      vertex 86.5355 0 42.5355
      vertex 86.1174 31.2 42.9092
      vertex 86.1174 0 42.9092
    endloop
  endfacet
  facet normal -0.666427 0 0.745571
    outer loop
      vertex 1.46447 31.2 42.5355
      vertex 1.88255 0 42.9092
      vertex 1.88255 31.2 42.9092
    endloop
  endfacet
  facet normal -0.666427 0 0.745571
    outer loop
      vertex 1.88255 0 42.9092
      vertex 1.46447 31.2 42.5355
      vertex 1.46447 0 42.5355
    endloop
  endfacet
  facet normal 0 0 -1
    outer loop
      vertex 83 0 0
      vertex 5 0 0
      vertex 83 22.7 0
    endloop
  endfacet
  facet normal 0 0 -1
    outer loop
      vertex 83 22.7 0
      vertex 83.5 31.2 0
      vertex 83.5 22.7 0
    endloop
  endfacet
  facet normal 0 0 -1
    outer loop
      vertex 5 22.7 0
      vertex 83 22.7 0
      vertex 5 0 0
    endloop
  endfacet
  facet normal 0 0 -1
    outer loop
      vertex 83 22.7 0
      vertex 5 22.7 0
      vertex 83.5 31.2 0
    endloop
  endfacet
  facet normal 0 0 -1
    outer loop
      vertex 4.5 31.2 0
      vertex 5 22.7 0
      vertex 4.5 22.7 0
    endloop
  endfacet
  facet normal 0 0 -1
    outer loop
      vertex 5 22.7 0
      vertex 4.5 31.2 0
      vertex 83.5 31.2 0
    endloop
  endfacet
  facet normal -0.923873 0 0.382699
    outer loop
      vertex 0.280582 0 40.6514
      vertex 0.495155 31.2 41.1694
      vertex 0.280582 31.2 40.6514
    endloop
  endfacet
  facet normal -0.923873 0 0.382699
    outer loop
      vertex 0.495155 31.2 41.1694
      vertex 0.280582 0 40.6514
      vertex 0.495155 0 41.1694
    endloop
  endfacet
  facet normal -0.276834 0 -0.960918
    outer loop
      vertex 3.3486 0 0.280582
      vertex 3.88739 31.2 0.12536
      vertex 3.88739 0 0.12536
    endloop
  endfacet
  facet normal -0.276834 0 -0.960918
    outer loop
      vertex 3.88739 31.2 0.12536
      vertex 3.3486 0 0.280582
      vertex 3.3486 31.2 0.280582
    endloop
  endfacet
  facet normal 0.875265 -0 0.483643
    outer loop
      vertex 87.2336 0 41.6602
      vertex 87.5048 31.2 41.1694
      vertex 87.2336 31.2 41.6602
    endloop
  endfacet
  facet normal 0.875265 0 0.483643
    outer loop
      vertex 87.5048 31.2 41.1694
      vertex 87.2336 0 41.6602
      vertex 87.5048 0 41.1694
    endloop
  endfacet
  facet normal 0.0560905 0 -0.998426
    outer loop
      vertex 83.5598 0 0.0314388
      vertex 83.5 22.7 0.0280793
      vertex 83.5598 31.2 0.0314388
    endloop
  endfacet
  facet normal 0.0560724 -4.77596e-08 -0.998427
    outer loop
      vertex 83 0 0
      vertex 83.5 22.7 0.0280793
      vertex 83.5598 0 0.0314388
    endloop
  endfacet
  facet normal 0.0560703 0 -0.998427
    outer loop
      vertex 83.5 22.7 0.0280793
      vertex 83 0 0
      vertex 83 22.7 0
    endloop
  endfacet
  facet normal 0.0560905 0 -0.998426
    outer loop
      vertex 83.5598 31.2 0.0314388
      vertex 83.5 22.7 0.0280793
      vertex 83.5 31.2 0.0280793
    endloop
  endfacet
  facet normal 0.38274 0 0.923856
    outer loop
      vertex 84.6514 31.2 43.7194
      vertex 85.1694 0 43.5048
      vertex 85.1694 31.2 43.5048
    endloop
  endfacet
  facet normal 0.38274 0 0.923856
    outer loop
      vertex 85.1694 0 43.5048
      vertex 84.6514 31.2 43.7194
      vertex 84.6514 0 43.7194
    endloop
  endfacet
  facet normal -0.875223 0 -0.48372
    outer loop
      vertex 0.766378 0 2.33984
      vertex 0.495155 31.2 2.83058
      vertex 0.766378 31.2 2.33984
    endloop
  endfacet
  facet normal -0.875223 -0 -0.48372
    outer loop
      vertex 0.495155 31.2 2.83058
      vertex 0.766378 0 2.33984
      vertex 0.495155 0 2.83058
    endloop
  endfacet
  facet normal -0.985871 0 -0.167503
    outer loop
      vertex 0.12536 0 3.88739
      vertex 0.0314388 31.2 4.44018
      vertex 0.12536 31.2 3.88739
    endloop
  endfacet
  facet normal -0.985871 -0 -0.167503
    outer loop
      vertex 0.0314388 31.2 4.44018
      vertex 0.12536 0 3.88739
      vertex 0.0314388 0 4.44018
    endloop
  endfacet
  facet normal -0.276798 0 0.960928
    outer loop
      vertex 3.3486 31.2 43.7194
      vertex 3.88739 0 43.8746
      vertex 3.88739 31.2 43.8746
    endloop
  endfacet
  facet normal -0.276798 0 0.960928
    outer loop
      vertex 3.88739 0 43.8746
      vertex 3.3486 31.2 43.7194
      vertex 3.3486 0 43.7194
    endloop
  endfacet
  facet normal 0.57867 0 0.815561
    outer loop
      vertex 85.6602 31.2 43.2336
      vertex 86.1174 0 42.9092
      vertex 86.1174 31.2 42.9092
    endloop
  endfacet
  facet normal 0.57867 0 0.815561
    outer loop
      vertex 86.1174 0 42.9092
      vertex 85.6602 31.2 43.2336
      vertex 85.6602 0 43.2336
    endloop
  endfacet
  facet normal 0.998425 0 -0.0561115
    outer loop
      vertex 88 22.7 5
      vertex 88 0 5
      vertex 87.9719 22.7 4.5
    endloop
  endfacet
  facet normal 0.998482 0 -0.0550817
    outer loop
      vertex 87.9719 22.7 4.5
      vertex 87.9686 31.2 4.44018
      vertex 87.9719 31.2 4.5
    endloop
  endfacet
  facet normal 0.998482 0 -0.0550817
    outer loop
      vertex 87.9719 22.7 4.5
      vertex 87.9686 0 4.44018
      vertex 87.9686 31.2 4.44018
    endloop
  endfacet
  facet normal 0.998431 2.43104e-06 -0.0560014
    outer loop
      vertex 87.9686 0 4.44018
      vertex 87.9719 22.7 4.5
      vertex 88 0 5
    endloop
  endfacet
  facet normal 0.27683 0 -0.960919
    outer loop
      vertex 84.1126 0 0.12536
      vertex 84.6514 31.2 0.280582
      vertex 84.6514 0 0.280582
    endloop
  endfacet
  facet normal 0.27683 0 -0.960919
    outer loop
      vertex 84.6514 31.2 0.280582
      vertex 84.1126 0 0.12536
      vertex 84.1126 31.2 0.12536
    endloop
  endfacet
  facet normal 0.483674 0 -0.875248
    outer loop
      vertex 85.1694 0 0.495155
      vertex 85.6602 31.2 0.766378
      vertex 85.6602 0 0.766378
    endloop
  endfacet
  facet normal 0.483674 0 -0.875248
    outer loop
      vertex 85.6602 31.2 0.766378
      vertex 85.1694 0 0.495155
      vertex 85.1694 31.2 0.495155
    endloop
  endfacet
  facet normal 0.923861 0 -0.382728
    outer loop
      vertex 87.7194 0 3.3486
      vertex 87.5048 31.2 2.83058
      vertex 87.7194 31.2 3.3486
    endloop
  endfacet
  facet normal 0.923861 0 -0.382728
    outer loop
      vertex 87.5048 31.2 2.83058
      vertex 87.7194 0 3.3486
      vertex 87.5048 0 2.83058
    endloop
  endfacet
  facet normal -0.998427 0 0.0560703
    outer loop
      vertex 0 22.7 39
      vertex 0 0 39
      vertex 0.0280793 22.7 39.5
    endloop
  endfacet
  facet normal -0.998426 0 0.0560905
    outer loop
      vertex 0.0280793 22.7 39.5
      vertex 0.0314388 31.2 39.5598
      vertex 0.0280793 31.2 39.5
    endloop
  endfacet
  facet normal -0.998426 0 0.0560905
    outer loop
      vertex 0.0280793 22.7 39.5
      vertex 0.0314388 0 39.5598
      vertex 0.0314388 31.2 39.5598
    endloop
  endfacet
  facet normal -0.998427 -4.77596e-08 0.0560724
    outer loop
      vertex 0.0314388 0 39.5598
      vertex 0.0280793 22.7 39.5
      vertex 0 0 39
    endloop
  endfacet
  facet normal 0.87524 0 -0.483688
    outer loop
      vertex 87.5048 0 2.83058
      vertex 87.2336 31.2 2.33984
      vertex 87.5048 31.2 2.83058
    endloop
  endfacet
  facet normal 0.87524 0 -0.483688
    outer loop
      vertex 87.2336 31.2 2.33984
      vertex 87.5048 0 2.83058
      vertex 87.2336 0 2.33984
    endloop
  endfacet
  facet normal 0.276793 0 0.960929
    outer loop
      vertex 84.1126 31.2 43.8746
      vertex 84.6514 0 43.7194
      vertex 84.6514 31.2 43.7194
    endloop
  endfacet
  facet normal 0.276793 0 0.960929
    outer loop
      vertex 84.6514 0 43.7194
      vertex 84.1126 31.2 43.8746
      vertex 84.1126 0 43.8746
    endloop
  endfacet
  facet normal -0.960919 0 0.27683
    outer loop
      vertex 0.12536 0 40.1126
      vertex 0.280582 31.2 40.6514
      vertex 0.12536 31.2 40.1126
    endloop
  endfacet
  facet normal -0.960919 0 0.27683
    outer loop
      vertex 0.280582 31.2 40.6514
      vertex 0.12536 0 40.1126
      vertex 0.280582 0 40.6514
    endloop
  endfacet
  facet normal 0.815561 -0 0.57867
    outer loop
      vertex 86.9092 0 42.1174
      vertex 87.2336 31.2 41.6602
      vertex 86.9092 31.2 42.1174
    endloop
  endfacet
  facet normal 0.815561 0 0.57867
    outer loop
      vertex 87.2336 31.2 41.6602
      vertex 86.9092 0 42.1174
      vertex 87.2336 0 41.6602
    endloop
  endfacet
  facet normal 0.578744 0 -0.815509
    outer loop
      vertex 85.6602 0 0.766378
      vertex 86.1174 31.2 1.09084
      vertex 86.1174 0 1.09084
    endloop
  endfacet
  facet normal 0.578744 0 -0.815509
    outer loop
      vertex 86.1174 31.2 1.09084
      vertex 85.6602 0 0.766378
      vertex 85.6602 31.2 0.766378
    endloop
  endfacet
  facet normal -0.483688 0 0.87524
    outer loop
      vertex 2.33984 31.2 43.2336
      vertex 2.83058 0 43.5048
      vertex 2.83058 31.2 43.5048
    endloop
  endfacet
  facet normal -0.483688 0 0.87524
    outer loop
      vertex 2.83058 0 43.5048
      vertex 2.33984 31.2 43.2336
      vertex 2.33984 0 43.2336
    endloop
  endfacet
  facet normal 0.0551001 -0 0.998481
    outer loop
      vertex 83.5 22.7 43.9719
      vertex 83.5598 31.2 43.9686
      vertex 83.5 31.2 43.9719
    endloop
  endfacet
  facet normal 0.0551001 0 0.998481
    outer loop
      vertex 83.5598 31.2 43.9686
      vertex 83.5 22.7 43.9719
      vertex 83.5598 0 43.9686
    endloop
  endfacet
  facet normal 0.0561115 2.67243e-06 0.998425
    outer loop
      vertex 83 22.7 44
      vertex 83.5598 0 43.9686
      vertex 83.5 22.7 43.9719
    endloop
  endfacet
  facet normal 0.0560034 0 0.998431
    outer loop
      vertex 83.5598 0 43.9686
      vertex 83 22.7 44
      vertex 83 0 44
    endloop
  endfacet
  facet normal 0.66634 0 -0.745648
    outer loop
      vertex 86.1174 0 1.09084
      vertex 86.5355 31.2 1.46447
      vertex 86.5355 0 1.46447
    endloop
  endfacet
  facet normal 0.66634 0 -0.745648
    outer loop
      vertex 86.5355 31.2 1.46447
      vertex 86.1174 0 1.09084
      vertex 86.1174 31.2 1.09084
    endloop
  endfacet
  facet normal 0.382699 0 -0.923873
    outer loop
      vertex 84.6514 0 0.280582
      vertex 85.1694 31.2 0.495155
      vertex 85.1694 0 0.495155
    endloop
  endfacet
  facet normal 0.382699 0 -0.923873
    outer loop
      vertex 85.1694 31.2 0.495155
      vertex 84.6514 0 0.280582
      vertex 84.6514 31.2 0.280582
    endloop
  endfacet
  facet normal -0.745633 0 -0.666357
    outer loop
      vertex 1.46447 0 1.46447
      vertex 1.09084 31.2 1.88255
      vertex 1.46447 31.2 1.46447
    endloop
  endfacet
  facet normal -0.745633 -0 -0.666357
    outer loop
      vertex 1.09084 31.2 1.88255
      vertex 1.46447 0 1.46447
      vertex 1.09084 0 1.88255
    endloop
  endfacet
  facet normal -0.0550817 0 0.998482
    outer loop
      vertex 4.5 31.2 43.9719
      vertex 4.44018 31.2 43.9686
      vertex 4.5 22.7 43.9719
    endloop
  endfacet
  facet normal -0.0561115 0 0.998425
    outer loop
      vertex 4.5 22.7 43.9719
      vertex 5 0 44
      vertex 5 22.7 44
    endloop
  endfacet
  facet normal -0.0560014 2.43104e-06 0.998431
    outer loop
      vertex 4.5 22.7 43.9719
      vertex 4.44018 0 43.9686
      vertex 5 0 44
    endloop
  endfacet
  facet normal -0.0550817 0 0.998482
    outer loop
      vertex 4.44018 0 43.9686
      vertex 4.5 22.7 43.9719
      vertex 4.44018 31.2 43.9686
    endloop
  endfacet
  facet normal 0.483643 0 0.875265
    outer loop
      vertex 85.1694 31.2 43.5048
      vertex 85.6602 0 43.2336
      vertex 85.6602 31.2 43.2336
    endloop
  endfacet
  facet normal 0.483643 0 0.875265
    outer loop
      vertex 85.6602 0 43.2336
      vertex 85.1694 31.2 43.5048
      vertex 85.1694 0 43.5048
    endloop
  endfacet
  facet normal 0 -1 0
    outer loop
      vertex 83 0 44
      vertex 63.5857 0 26.6767
      vertex 64 0 26.7
    endloop
  endfacet
  facet normal 0 -1 0
    outer loop
      vertex 35.9893 0 31.4903
      vertex 63.1767 0 26.6072
      vertex 63.5857 0 26.6767
    endloop
  endfacet
  facet normal 0 -1 0
    outer loop
      vertex 35.9893 0 31.4903
      vertex 62.778 0 26.4924
      vertex 63.1767 0 26.6072
    endloop
  endfacet
  facet normal 0 -1 0
    outer loop
      vertex 35.9893 0 31.4903
      vertex 62.3946 0 26.3336
      vertex 62.778 0 26.4924
    endloop
  endfacet
  facet normal 0 -1 0
    outer loop
      vertex 35.9893 0 31.4903
      vertex 62.0315 0 26.1329
      vertex 62.3946 0 26.3336
    endloop
  endfacet
  facet normal 0 -1 0
    outer loop
      vertex 35.9893 0 31.4903
      vertex 61.6931 0 25.8928
      vertex 62.0315 0 26.1329
    endloop
  endfacet
  facet normal 0 -1 0
    outer loop
      vertex 35.9893 0 31.4903
      vertex 61.3837 0 25.6163
      vertex 61.6931 0 25.8928
    endloop
  endfacet
  facet normal 0 -1 0
    outer loop
      vertex 35.9893 0 31.4903
      vertex 61.1072 0 25.3069
      vertex 61.3837 0 25.6163
    endloop
  endfacet
  facet normal 0 -1 0
    outer loop
      vertex 35.9893 0 31.4903
      vertex 60.8671 0 24.9685
      vertex 61.1072 0 25.3069
    endloop
  endfacet
  facet normal 0 -1 0
    outer loop
      vertex 36 0 31.3
      vertex 60.6664 0 24.6054
      vertex 60.8671 0 24.9685
    endloop
  endfacet
  facet normal 0 -1 0
    outer loop
      vertex 36 0 31.3
      vertex 60.5076 0 24.222
      vertex 60.6664 0 24.6054
    endloop
  endfacet
  facet normal 0 -1 0
    outer loop
      vertex 36 0 31.3
      vertex 60.3928 0 23.8233
      vertex 60.5076 0 24.222
    endloop
  endfacet
  facet normal 0 -1 0
    outer loop
      vertex 36 0 21.7
      vertex 60.3928 0 23.8233
      vertex 36 0 31.3
    endloop
  endfacet
  facet normal 0 -1 0
    outer loop
      vertex 60.3928 0 23.8233
      vertex 36 0 21.7
      vertex 60.3233 0 23.4143
    endloop
  endfacet
  facet normal 0 -1 0
    outer loop
      vertex 60.3233 0 23.4143
      vertex 36 0 21.7
      vertex 60.3 0 23
    endloop
  endfacet
  facet normal 0 -1 -0
    outer loop
      vertex 60.3 0 23
      vertex 36 0 21.7
      vertex 60.3233 0 22.5857
    endloop
  endfacet
  facet normal 0 -1 0
    outer loop
      vertex 35.9893 0 21.5097
      vertex 60.3233 0 22.5857
      vertex 36 0 21.7
    endloop
  endfacet
  facet normal 0 -1 -0
    outer loop
      vertex 60.3233 0 22.5857
      vertex 35.9893 0 21.5097
      vertex 60.3928 0 22.1767
    endloop
  endfacet
  facet normal 0 -1 0
    outer loop
      vertex 35.9574 0 21.3217
      vertex 60.3928 0 22.1767
      vertex 35.9893 0 21.5097
    endloop
  endfacet
  facet normal 0 -1 -0
    outer loop
      vertex 60.3928 0 22.1767
      vertex 35.9574 0 21.3217
      vertex 60.5076 0 21.778
    endloop
  endfacet
  facet normal 0 -1 0
    outer loop
      vertex 35.9046 0 21.1385
      vertex 60.5076 0 21.778
      vertex 35.9574 0 21.3217
    endloop
  endfacet
  facet normal 0 -1 -0
    outer loop
      vertex 60.5076 0 21.778
      vertex 35.9046 0 21.1385
      vertex 60.6664 0 21.3946
    endloop
  endfacet
  facet normal 0 -1 0
    outer loop
      vertex 35.8316 0 20.9624
      vertex 60.6664 0 21.3946
      vertex 35.9046 0 21.1385
    endloop
  endfacet
  facet normal 0 -1 -0
    outer loop
      vertex 60.6664 0 21.3946
      vertex 35.8316 0 20.9624
      vertex 60.8671 0 21.0315
    endloop
  endfacet
  facet normal 0 -1 0
    outer loop
      vertex 35.7394 0 20.7955
      vertex 60.8671 0 21.0315
      vertex 35.8316 0 20.9624
    endloop
  endfacet
  facet normal 0 -1 0
    outer loop
      vertex 35.7394 0 20.7955
      vertex 61.1072 0 20.6931
      vertex 60.8671 0 21.0315
    endloop
  endfacet
  facet normal 0 -1 0
    outer loop
      vertex 35.6291 0 20.6401
      vertex 61.1072 0 20.6931
      vertex 35.7394 0 20.7955
    endloop
  endfacet
  facet normal 0 -1 0
    outer loop
      vertex 35.5021 0 20.4979
      vertex 61.1072 0 20.6931
      vertex 35.6291 0 20.6401
    endloop
  endfacet
  facet normal 0 -1 0
    outer loop
      vertex 35.5021 0 20.4979
      vertex 61.3837 0 20.3837
      vertex 61.1072 0 20.6931
    endloop
  endfacet
  facet normal 0 -1 0
    outer loop
      vertex 35.3599 0 20.3709
      vertex 61.3837 0 20.3837
      vertex 35.5021 0 20.4979
    endloop
  endfacet
  facet normal 0 -1 0
    outer loop
      vertex 61.6931 0 20.1072
      vertex 35.3599 0 20.3709
      vertex 35.2045 0 20.2606
    endloop
  endfacet
  facet normal 0 -1 0
    outer loop
      vertex 25.0383 0 8.13669
      vertex 35.2045 0 20.2606
      vertex 35.0376 0 20.1684
    endloop
  endfacet
  facet normal 0 -1 0
    outer loop
      vertex 35.3599 0 20.3709
      vertex 61.6931 0 20.1072
      vertex 61.3837 0 20.3837
    endloop
  endfacet
  facet normal 0 -1 0
    outer loop
      vertex 25.0724 0 8.25522
      vertex 35.0376 0 20.1684
      vertex 34.8615 0 20.0954
    endloop
  endfacet
  facet normal 0 -1 0
    outer loop
      vertex 25.0931 0 8.37683
      vertex 34.8615 0 20.0954
      vertex 34.6783 0 20.0426
    endloop
  endfacet
  facet normal 0 -1 0
    outer loop
      vertex 25.1 0 8.5
      vertex 34.6783 0 20.0426
      vertex 34.4903 0 20.0107
    endloop
  endfacet
  facet normal 0 -1 0
    outer loop
      vertex 25.0931 0 8.62315
      vertex 34.4903 0 20.0107
      vertex 34.3 0 20
    endloop
  endfacet
  facet normal 0 -1 0
    outer loop
      vertex 35.2045 0 20.2606
      vertex 62.0315 0 19.8671
      vertex 61.6931 0 20.1072
    endloop
  endfacet
  facet normal 0 -1 0
    outer loop
      vertex 0 0 39
      vertex 5 0 44
      vertex 4.44018 0 43.9686
    endloop
  endfacet
  facet normal 0 -1 0
    outer loop
      vertex 5 0 44
      vertex 34.4903 0 32.9893
      vertex 83 0 44
    endloop
  endfacet
  facet normal 0 -1 0
    outer loop
      vertex 0 0 39
      vertex 4.44018 0 43.9686
      vertex 3.88739 0 43.8746
    endloop
  endfacet
  facet normal 0 -1 0
    outer loop
      vertex 34.6783 0 32.9574
      vertex 83 0 44
      vertex 34.4903 0 32.9893
    endloop
  endfacet
  facet normal 0 -1 0
    outer loop
      vertex 0 0 39
      vertex 3.88739 0 43.8746
      vertex 3.3486 0 43.7194
    endloop
  endfacet
  facet normal 0 -1 0
    outer loop
      vertex 34.8615 0 32.9046
      vertex 83 0 44
      vertex 34.6783 0 32.9574
    endloop
  endfacet
  facet normal 0 -1 0
    outer loop
      vertex 0 0 39
      vertex 3.3486 0 43.7194
      vertex 2.83058 0 43.5048
    endloop
  endfacet
  facet normal 0 -1 0
    outer loop
      vertex 35.0376 0 32.8316
      vertex 83 0 44
      vertex 34.8615 0 32.9046
    endloop
  endfacet
  facet normal 0 -1 0
    outer loop
      vertex 0 0 39
      vertex 2.83058 0 43.5048
      vertex 2.33984 0 43.2336
    endloop
  endfacet
  facet normal 0 -1 0
    outer loop
      vertex 35.2045 0 32.7394
      vertex 83 0 44
      vertex 35.0376 0 32.8316
    endloop
  endfacet
  facet normal 0 -1 0
    outer loop
      vertex 0 0 39
      vertex 2.33984 0 43.2336
      vertex 1.88255 0 42.9092
    endloop
  endfacet
  facet normal 0 -1 0
    outer loop
      vertex 35.3599 0 32.6291
      vertex 83 0 44
      vertex 35.2045 0 32.7394
    endloop
  endfacet
  facet normal 0 -1 0
    outer loop
      vertex 0 0 39
      vertex 1.88255 0 42.9092
      vertex 1.46447 0 42.5355
    endloop
  endfacet
  facet normal 0 -1 0
    outer loop
      vertex 63.5857 0 26.6767
      vertex 83 0 44
      vertex 35.3599 0 32.6291
    endloop
  endfacet
  facet normal 0 -1 0
    outer loop
      vertex 0 0 39
      vertex 1.46447 0 42.5355
      vertex 1.09084 0 42.1174
    endloop
  endfacet
  facet normal 0 -1 0
    outer loop
      vertex 64.4143 0 26.6767
      vertex 83 0 44
      vertex 64 0 26.7
    endloop
  endfacet
  facet normal 0 -1 0
    outer loop
      vertex 0 0 39
      vertex 1.09084 0 42.1174
      vertex 0.766378 0 41.6602
    endloop
  endfacet
  facet normal 0 -1 0
    outer loop
      vertex 64.8233 0 26.6072
      vertex 83 0 44
      vertex 64.4143 0 26.6767
    endloop
  endfacet
  facet normal 0 -1 0
    outer loop
      vertex 0 0 39
      vertex 0.766378 0 41.6602
      vertex 0.495155 0 41.1694
    endloop
  endfacet
  facet normal 0 -1 0
    outer loop
      vertex 65.222 0 26.4924
      vertex 83 0 44
      vertex 64.8233 0 26.6072
    endloop
  endfacet
  facet normal 0 -1 0
    outer loop
      vertex 0 0 39
      vertex 0.495155 0 41.1694
      vertex 0.280582 0 40.6514
    endloop
  endfacet
  facet normal 0 -1 0
    outer loop
      vertex 65.6054 0 26.3336
      vertex 83 0 44
      vertex 65.222 0 26.4924
    endloop
  endfacet
  facet normal 0 -1 0
    outer loop
      vertex 0 0 39
      vertex 0.280582 0 40.6514
      vertex 0.12536 0 40.1126
    endloop
  endfacet
  facet normal 0 -1 0
    outer loop
      vertex 65.9685 0 26.1329
      vertex 83 0 44
      vertex 65.6054 0 26.3336
    endloop
  endfacet
  facet normal 0 -1 0
    outer loop
      vertex 0 0 39
      vertex 0.12536 0 40.1126
      vertex 0.0314388 0 39.5598
    endloop
  endfacet
  facet normal 0 -1 0
    outer loop
      vertex 66.3069 0 25.8928
      vertex 83 0 44
      vertex 65.9685 0 26.1329
    endloop
  endfacet
  facet normal 0 -1 0
    outer loop
      vertex 12.3709 0 32.3599
      vertex 5 0 44
      vertex 0 0 39
    endloop
  endfacet
  facet normal 0 -1 0
    outer loop
      vertex 5 0 44
      vertex 34.3 0 33
      vertex 34.4903 0 32.9893
    endloop
  endfacet
  facet normal 0 -1 0
    outer loop
      vertex 5 0 44
      vertex 13.7 0 33
      vertex 34.3 0 33
    endloop
  endfacet
  facet normal 0 -1 0
    outer loop
      vertex 5 0 44
      vertex 13.5097 0 32.9893
      vertex 13.7 0 33
    endloop
  endfacet
  facet normal 0 -1 0
    outer loop
      vertex 5 0 44
      vertex 13.3217 0 32.9574
      vertex 13.5097 0 32.9893
    endloop
  endfacet
  facet normal 0 -1 0
    outer loop
      vertex 5 0 44
      vertex 13.1385 0 32.9046
      vertex 13.3217 0 32.9574
    endloop
  endfacet
  facet normal 0 -1 0
    outer loop
      vertex 5 0 44
      vertex 12.9624 0 32.8316
      vertex 13.1385 0 32.9046
    endloop
  endfacet
  facet normal 0 -1 0
    outer loop
      vertex 5 0 44
      vertex 12.7955 0 32.7394
      vertex 12.9624 0 32.8316
    endloop
  endfacet
  facet normal 0 -1 0
    outer loop
      vertex 5 0 44
      vertex 12.6401 0 32.6291
      vertex 12.7955 0 32.7394
    endloop
  endfacet
  facet normal 0 -1 0
    outer loop
      vertex 5 0 44
      vertex 12.4979 0 32.5021
      vertex 12.6401 0 32.6291
    endloop
  endfacet
  facet normal 0 -1 0
    outer loop
      vertex 5 0 44
      vertex 12.3709 0 32.3599
      vertex 12.4979 0 32.5021
    endloop
  endfacet
  facet normal 0 -1 0
    outer loop
      vertex 0 0 39
      vertex 12.2606 0 32.2045
      vertex 12.3709 0 32.3599
    endloop
  endfacet
  facet normal 0 -1 0
    outer loop
      vertex 0 0 39
      vertex 12.1684 0 32.0376
      vertex 12.2606 0 32.2045
    endloop
  endfacet
  facet normal 0 -1 0
    outer loop
      vertex 0 0 39
      vertex 12.0954 0 31.8615
      vertex 12.1684 0 32.0376
    endloop
  endfacet
  facet normal 0 -1 0
    outer loop
      vertex 0 0 39
      vertex 12.0426 0 31.6783
      vertex 12.0954 0 31.8615
    endloop
  endfacet
  facet normal 0 -1 0
    outer loop
      vertex 0 0 39
      vertex 12.0107 0 31.4903
      vertex 12.0426 0 31.6783
    endloop
  endfacet
  facet normal 0 -1 0
    outer loop
      vertex 0 0 39
      vertex 12 0 31.3
      vertex 12.0107 0 31.4903
    endloop
  endfacet
  facet normal 0 -1 0
    outer loop
      vertex 0 0 39
      vertex 12 0 21.7
      vertex 12 0 31.3
    endloop
  endfacet
  facet normal 0 -1 0
    outer loop
      vertex 0 0 5
      vertex 12 0 21.7
      vertex 0 0 39
    endloop
  endfacet
  facet normal 0 -1 -0
    outer loop
      vertex 12 0 21.7
      vertex 0 0 5
      vertex 12.0107 0 21.5097
    endloop
  endfacet
  facet normal 0 -1 -0
    outer loop
      vertex 12.0107 0 21.5097
      vertex 0 0 5
      vertex 12.0426 0 21.3217
    endloop
  endfacet
  facet normal 0 -1 -0
    outer loop
      vertex 12.0426 0 21.3217
      vertex 0 0 5
      vertex 12.0954 0 21.1385
    endloop
  endfacet
  facet normal 0 -1 -0
    outer loop
      vertex 12.0954 0 21.1385
      vertex 0 0 5
      vertex 12.1684 0 20.9624
    endloop
  endfacet
  facet normal 0 -1 0
    outer loop
      vertex 24 0 9.59999
      vertex 34.3 0 20
      vertex 13.7 0 20
    endloop
  endfacet
  facet normal 0 -1 0
    outer loop
      vertex 24.5852 0 9.4314
      vertex 34.3 0 20
      vertex 24.4773 0 9.49106
    endloop
  endfacet
  facet normal 0 -1 0
    outer loop
      vertex 24.6858 0 9.36
      vertex 34.3 0 20
      vertex 24.5852 0 9.4314
    endloop
  endfacet
  facet normal 0 -1 0
    outer loop
      vertex 24.7778 0 9.27782
      vertex 34.3 0 20
      vertex 24.6858 0 9.36
    endloop
  endfacet
  facet normal 0 -1 0
    outer loop
      vertex 24.86 0 9.18584
      vertex 34.3 0 20
      vertex 24.7778 0 9.27782
    endloop
  endfacet
  facet normal 0 -1 0
    outer loop
      vertex 24.9314 0 9.08522
      vertex 34.3 0 20
      vertex 24.86 0 9.18584
    endloop
  endfacet
  facet normal 0 -1 0
    outer loop
      vertex 34.3 0 20
      vertex 24 0 9.59999
      vertex 24.1232 0 9.59308
    endloop
  endfacet
  facet normal 0 -1 0
    outer loop
      vertex 22.9069 0 8.62315
      vertex 13.7 0 20
      vertex 13.5097 0 20.0107
    endloop
  endfacet
  facet normal 0 -1 0
    outer loop
      vertex 5 0 0
      vertex 13.5097 0 20.0107
      vertex 13.3217 0 20.0426
    endloop
  endfacet
  facet normal 0 -1 0
    outer loop
      vertex 5 0 0
      vertex 13.3217 0 20.0426
      vertex 13.1385 0 20.0954
    endloop
  endfacet
  facet normal 0 -1 0
    outer loop
      vertex 0 0 5
      vertex 13.1385 0 20.0954
      vertex 12.9624 0 20.1684
    endloop
  endfacet
  facet normal 0 -1 0
    outer loop
      vertex 0 0 5
      vertex 12.9624 0 20.1684
      vertex 12.7955 0 20.2606
    endloop
  endfacet
  facet normal 0 -1 0
    outer loop
      vertex 0 0 5
      vertex 12.7955 0 20.2606
      vertex 12.6401 0 20.3709
    endloop
  endfacet
  facet normal 0 -1 0
    outer loop
      vertex 0 0 5
      vertex 12.6401 0 20.3709
      vertex 12.4979 0 20.4979
    endloop
  endfacet
  facet normal 0 -1 0
    outer loop
      vertex 13.7 0 20
      vertex 23.8768 0 9.59308
      vertex 24 0 9.59999
    endloop
  endfacet
  facet normal 0 -1 0
    outer loop
      vertex 13.7 0 20
      vertex 23.7552 0 9.57242
      vertex 23.8768 0 9.59308
    endloop
  endfacet
  facet normal 0 -1 0
    outer loop
      vertex 13.7 0 20
      vertex 23.6367 0 9.53827
      vertex 23.7552 0 9.57242
    endloop
  endfacet
  facet normal 0 -1 0
    outer loop
      vertex 13.7 0 20
      vertex 23.5227 0 9.49106
      vertex 23.6367 0 9.53827
    endloop
  endfacet
  facet normal 0 -1 0
    outer loop
      vertex 13.7 0 20
      vertex 23.4148 0 9.4314
      vertex 23.5227 0 9.49106
    endloop
  endfacet
  facet normal 0 -1 0
    outer loop
      vertex 13.7 0 20
      vertex 23.3141 0 9.36
      vertex 23.4148 0 9.4314
    endloop
  endfacet
  facet normal 0 -1 0
    outer loop
      vertex 13.7 0 20
      vertex 23.2222 0 9.27782
      vertex 23.3141 0 9.36
    endloop
  endfacet
  facet normal 0 -1 0
    outer loop
      vertex 13.7 0 20
      vertex 23.14 0 9.18584
      vertex 23.2222 0 9.27782
    endloop
  endfacet
  facet normal 0 -1 0
    outer loop
      vertex 13.7 0 20
      vertex 23.0686 0 9.08522
      vertex 23.14 0 9.18584
    endloop
  endfacet
  facet normal 0 -1 0
    outer loop
      vertex 13.7 0 20
      vertex 23.0089 0 8.97726
      vertex 23.0686 0 9.08522
    endloop
  endfacet
  facet normal 0 -1 0
    outer loop
      vertex 13.7 0 20
      vertex 22.9617 0 8.8633
      vertex 23.0089 0 8.97726
    endloop
  endfacet
  facet normal 0 -1 0
    outer loop
      vertex 13.7 0 20
      vertex 22.9276 0 8.74477
      vertex 22.9617 0 8.8633
    endloop
  endfacet
  facet normal 0 -1 0
    outer loop
      vertex 0 0 5
      vertex 12.4979 0 20.4979
      vertex 12.3709 0 20.6401
    endloop
  endfacet
  facet normal 0 -1 0
    outer loop
      vertex 13.7 0 20
      vertex 22.9069 0 8.62315
      vertex 22.9276 0 8.74477
    endloop
  endfacet
  facet normal 0 -1 0
    outer loop
      vertex 13.5097 0 20.0107
      vertex 22.9 0 8.5
      vertex 22.9069 0 8.62315
    endloop
  endfacet
  facet normal 0 -1 -0
    outer loop
      vertex 13.5097 0 20.0107
      vertex 5 0 0
      vertex 22.9 0 8.5
    endloop
  endfacet
  facet normal 0 -1 -0
    outer loop
      vertex 22.9 0 8.5
      vertex 5 0 0
      vertex 22.9069 0 8.37683
    endloop
  endfacet
  facet normal 0 -1 -0
    outer loop
      vertex 22.9069 0 8.37683
      vertex 5 0 0
      vertex 22.9276 0 8.25522
    endloop
  endfacet
  facet normal 0 -1 -0
    outer loop
      vertex 22.9276 0 8.25522
      vertex 5 0 0
      vertex 22.9617 0 8.13669
    endloop
  endfacet
  facet normal 0 -1 -0
    outer loop
      vertex 22.9617 0 8.13669
      vertex 5 0 0
      vertex 23.0089 0 8.02272
    endloop
  endfacet
  facet normal 0 -1 -0
    outer loop
      vertex 23.0089 0 8.02272
      vertex 5 0 0
      vertex 23.0686 0 7.91476
    endloop
  endfacet
  facet normal 0 -1 -0
    outer loop
      vertex 23.7552 0 7.42757
      vertex 5 0 0
      vertex 23.8768 0 7.40691
    endloop
  endfacet
  facet normal 0 -1 -0
    outer loop
      vertex 23.6367 0 7.46172
      vertex 5 0 0
      vertex 23.7552 0 7.42757
    endloop
  endfacet
  facet normal 0 -1 -0
    outer loop
      vertex 23.5227 0 7.50893
      vertex 5 0 0
      vertex 23.6367 0 7.46172
    endloop
  endfacet
  facet normal 0 -1 -0
    outer loop
      vertex 23.4148 0 7.56859
      vertex 5 0 0
      vertex 23.5227 0 7.50893
    endloop
  endfacet
  facet normal 0 -1 -0
    outer loop
      vertex 23.3141 0 7.63998
      vertex 5 0 0
      vertex 23.4148 0 7.56859
    endloop
  endfacet
  facet normal 0 -1 -0
    outer loop
      vertex 23.2222 0 7.72217
      vertex 5 0 0
      vertex 23.3141 0 7.63998
    endloop
  endfacet
  facet normal 0 -1 -0
    outer loop
      vertex 23.14 0 7.81415
      vertex 5 0 0
      vertex 23.2222 0 7.72217
    endloop
  endfacet
  facet normal 0 -1 -0
    outer loop
      vertex 23.0686 0 7.91476
      vertex 5 0 0
      vertex 23.14 0 7.81415
    endloop
  endfacet
  facet normal 0 -1 0
    outer loop
      vertex 13.1385 0 20.0954
      vertex 0 0 5
      vertex 5 0 0
    endloop
  endfacet
  facet normal 0 -1 -0
    outer loop
      vertex 12.2606 0 20.7955
      vertex 0 0 5
      vertex 12.3709 0 20.6401
    endloop
  endfacet
  facet normal 0 -1 -0
    outer loop
      vertex 12.1684 0 20.9624
      vertex 0 0 5
      vertex 12.2606 0 20.7955
    endloop
  endfacet
  facet normal 0 -1 0
    outer loop
      vertex 66.8928 0 25.3069
      vertex 83 0 44
      vertex 66.6163 0 25.6163
    endloop
  endfacet
  facet normal -0 -1 0
    outer loop
      vertex 88 0 39
      vertex 83 0 44
      vertex 66.8928 0 25.3069
    endloop
  endfacet
  facet normal 0 -1 0
    outer loop
      vertex 83 0 44
      vertex 88 0 39
      vertex 83.5598 0 43.9686
    endloop
  endfacet
  facet normal 0 -1 0
    outer loop
      vertex 84.1126 0 43.8746
      vertex 88 0 39
      vertex 84.6514 0 43.7194
    endloop
  endfacet
  facet normal 0 -1 0
    outer loop
      vertex 84.6514 0 43.7194
      vertex 88 0 39
      vertex 85.1694 0 43.5048
    endloop
  endfacet
  facet normal 0 -1 0
    outer loop
      vertex 85.1694 0 43.5048
      vertex 88 0 39
      vertex 85.6602 0 43.2336
    endloop
  endfacet
  facet normal 0 -1 0
    outer loop
      vertex 66.6163 0 25.6163
      vertex 83 0 44
      vertex 66.3069 0 25.8928
    endloop
  endfacet
  facet normal 0 -1 0
    outer loop
      vertex 63.5857 0 26.6767
      vertex 35.3599 0 32.6291
      vertex 35.5021 0 32.5021
    endloop
  endfacet
  facet normal 0 -1 0
    outer loop
      vertex 63.5857 0 26.6767
      vertex 35.5021 0 32.5021
      vertex 35.6291 0 32.3599
    endloop
  endfacet
  facet normal 0 -1 0
    outer loop
      vertex 63.5857 0 26.6767
      vertex 35.6291 0 32.3599
      vertex 35.7394 0 32.2045
    endloop
  endfacet
  facet normal 0 -1 0
    outer loop
      vertex 63.5857 0 26.6767
      vertex 35.7394 0 32.2045
      vertex 35.8316 0 32.0376
    endloop
  endfacet
  facet normal 0 -1 0
    outer loop
      vertex 63.5857 0 26.6767
      vertex 35.8316 0 32.0376
      vertex 35.9046 0 31.8615
    endloop
  endfacet
  facet normal 0 -1 0
    outer loop
      vertex 63.5857 0 26.6767
      vertex 35.9046 0 31.8615
      vertex 35.9574 0 31.6783
    endloop
  endfacet
  facet normal 0 -1 0
    outer loop
      vertex 63.5857 0 26.6767
      vertex 35.9574 0 31.6783
      vertex 35.9893 0 31.4903
    endloop
  endfacet
  facet normal 0 -1 0
    outer loop
      vertex 60.8671 0 24.9685
      vertex 35.9893 0 31.4903
      vertex 36 0 31.3
    endloop
  endfacet
  facet normal 0 -1 0
    outer loop
      vertex 86.1174 0 42.9092
      vertex 88 0 39
      vertex 86.5355 0 42.5355
    endloop
  endfacet
  facet normal 0 -1 0
    outer loop
      vertex 86.5355 0 42.5355
      vertex 88 0 39
      vertex 86.9092 0 42.1174
    endloop
  endfacet
  facet normal 0 -1 0
    outer loop
      vertex 86.9092 0 42.1174
      vertex 88 0 39
      vertex 87.2336 0 41.6602
    endloop
  endfacet
  facet normal 0 -1 0
    outer loop
      vertex 87.5048 0 41.1694
      vertex 88 0 39
      vertex 87.7194 0 40.6514
    endloop
  endfacet
  facet normal 0 -1 0
    outer loop
      vertex 87.7194 0 40.6514
      vertex 88 0 39
      vertex 87.8746 0 40.1126
    endloop
  endfacet
  facet normal 0 -1 0
    outer loop
      vertex 87.8746 0 40.1126
      vertex 88 0 39
      vertex 87.9686 0 39.5598
    endloop
  endfacet
  facet normal 0 -1 0
    outer loop
      vertex 87.2336 0 41.6602
      vertex 88 0 39
      vertex 87.5048 0 41.1694
    endloop
  endfacet
  facet normal 0 -1 0
    outer loop
      vertex 85.6602 0 43.2336
      vertex 88 0 39
      vertex 86.1174 0 42.9092
    endloop
  endfacet
  facet normal 0 -1 0
    outer loop
      vertex 83.5598 0 43.9686
      vertex 88 0 39
      vertex 84.1126 0 43.8746
    endloop
  endfacet
  facet normal 0 -1 0
    outer loop
      vertex 67.1329 0 24.9685
      vertex 88 0 39
      vertex 66.8928 0 25.3069
    endloop
  endfacet
  facet normal 0 -1 0
    outer loop
      vertex 67.3336 0 24.6054
      vertex 88 0 39
      vertex 67.1329 0 24.9685
    endloop
  endfacet
  facet normal 0 -1 0
    outer loop
      vertex 67.4924 0 24.222
      vertex 88 0 39
      vertex 67.3336 0 24.6054
    endloop
  endfacet
  facet normal 0 -1 0
    outer loop
      vertex 67.6072 0 23.8233
      vertex 88 0 39
      vertex 67.4924 0 24.222
    endloop
  endfacet
  facet normal 0 -1 0
    outer loop
      vertex 67.6767 0 23.4143
      vertex 88 0 39
      vertex 67.6072 0 23.8233
    endloop
  endfacet
  facet normal 0 -1 0
    outer loop
      vertex 67.7 0 23
      vertex 88 0 39
      vertex 67.6767 0 23.4143
    endloop
  endfacet
  facet normal 0 -1 0
    outer loop
      vertex 88 0 5
      vertex 67.7 0 23
      vertex 67.6767 0 22.5857
    endloop
  endfacet
  facet normal 0 -1 0
    outer loop
      vertex 88 0 5
      vertex 67.6767 0 22.5857
      vertex 67.6072 0 22.1767
    endloop
  endfacet
  facet normal 0 -1 0
    outer loop
      vertex 88 0 5
      vertex 67.6072 0 22.1767
      vertex 67.4924 0 21.778
    endloop
  endfacet
  facet normal 0 -1 0
    outer loop
      vertex 88 0 5
      vertex 67.4924 0 21.778
      vertex 67.3336 0 21.3946
    endloop
  endfacet
  facet normal 0 -1 0
    outer loop
      vertex 88 0 5
      vertex 67.3336 0 21.3946
      vertex 67.1329 0 21.0315
    endloop
  endfacet
  facet normal 0 -1 0
    outer loop
      vertex 88 0 5
      vertex 67.1329 0 21.0315
      vertex 66.8928 0 20.6931
    endloop
  endfacet
  facet normal 0 -1 0
    outer loop
      vertex 88 0 5
      vertex 66.8928 0 20.6931
      vertex 66.6163 0 20.3837
    endloop
  endfacet
  facet normal 0 -1 0
    outer loop
      vertex 83 0 0
      vertex 66.6163 0 20.3837
      vertex 66.3069 0 20.1072
    endloop
  endfacet
  facet normal 0 -1 0
    outer loop
      vertex 34.3 0 20
      vertex 24.1232 0 9.59308
      vertex 24.2448 0 9.57242
    endloop
  endfacet
  facet normal 0 -1 0
    outer loop
      vertex 34.3 0 20
      vertex 24.2448 0 9.57242
      vertex 24.3633 0 9.53827
    endloop
  endfacet
  facet normal 0 -1 0
    outer loop
      vertex 34.3 0 20
      vertex 24.3633 0 9.53827
      vertex 24.4773 0 9.49106
    endloop
  endfacet
  facet normal 0 -1 0
    outer loop
      vertex 24.9911 0 8.97726
      vertex 34.3 0 20
      vertex 24.9314 0 9.08522
    endloop
  endfacet
  facet normal 0 -1 0
    outer loop
      vertex 25.0383 0 8.8633
      vertex 34.3 0 20
      vertex 24.9911 0 8.97726
    endloop
  endfacet
  facet normal 0 -1 0
    outer loop
      vertex 25.0724 0 8.74477
      vertex 34.3 0 20
      vertex 25.0383 0 8.8633
    endloop
  endfacet
  facet normal 0 -1 0
    outer loop
      vertex 25.0931 0 8.62315
      vertex 34.3 0 20
      vertex 25.0724 0 8.74477
    endloop
  endfacet
  facet normal 0 -1 0
    outer loop
      vertex 34.4903 0 20.0107
      vertex 25.0931 0 8.62315
      vertex 25.1 0 8.5
    endloop
  endfacet
  facet normal 0 -1 0
    outer loop
      vertex 34.6783 0 20.0426
      vertex 25.1 0 8.5
      vertex 25.0931 0 8.37683
    endloop
  endfacet
  facet normal 0 -1 0
    outer loop
      vertex 34.8615 0 20.0954
      vertex 25.0931 0 8.37683
      vertex 25.0724 0 8.25522
    endloop
  endfacet
  facet normal 0 -1 0
    outer loop
      vertex 35.0376 0 20.1684
      vertex 25.0724 0 8.25522
      vertex 25.0383 0 8.13669
    endloop
  endfacet
  facet normal 0 -1 -0
    outer loop
      vertex 35.2045 0 20.2606
      vertex 25.0383 0 8.13669
      vertex 62.0315 0 19.8671
    endloop
  endfacet
  facet normal 0 -1 0
    outer loop
      vertex 24.9911 0 8.02272
      vertex 62.0315 0 19.8671
      vertex 25.0383 0 8.13669
    endloop
  endfacet
  facet normal 0 -1 -0
    outer loop
      vertex 62.0315 0 19.8671
      vertex 24.9911 0 8.02272
      vertex 62.3946 0 19.6664
    endloop
  endfacet
  facet normal 0 -1 0
    outer loop
      vertex 24.9314 0 7.91476
      vertex 62.3946 0 19.6664
      vertex 24.9911 0 8.02272
    endloop
  endfacet
  facet normal 0 -1 -0
    outer loop
      vertex 62.3946 0 19.6664
      vertex 24.9314 0 7.91476
      vertex 62.778 0 19.5076
    endloop
  endfacet
  facet normal 0 -1 0
    outer loop
      vertex 24.86 0 7.81415
      vertex 62.778 0 19.5076
      vertex 24.9314 0 7.91476
    endloop
  endfacet
  facet normal 0 -1 0
    outer loop
      vertex 83 0 0
      vertex 62.778 0 19.5076
      vertex 24.86 0 7.81415
    endloop
  endfacet
  facet normal 0 -1 0
    outer loop
      vertex 62.778 0 19.5076
      vertex 83 0 0
      vertex 63.1767 0 19.3928
    endloop
  endfacet
  facet normal 0 -1 0
    outer loop
      vertex 63.1767 0 19.3928
      vertex 83 0 0
      vertex 63.5857 0 19.3233
    endloop
  endfacet
  facet normal 0 -1 0
    outer loop
      vertex 64 0 19.3
      vertex 83 0 0
      vertex 64.4143 0 19.3233
    endloop
  endfacet
  facet normal 0 -1 0
    outer loop
      vertex 63.5857 0 19.3233
      vertex 83 0 0
      vertex 64 0 19.3
    endloop
  endfacet
  facet normal 0 -1 0
    outer loop
      vertex 64.4143 0 19.3233
      vertex 83 0 0
      vertex 64.8233 0 19.3928
    endloop
  endfacet
  facet normal 0 -1 0
    outer loop
      vertex 83 0 0
      vertex 24.86 0 7.81415
      vertex 24.7778 0 7.72217
    endloop
  endfacet
  facet normal 0 -1 0
    outer loop
      vertex 83 0 0
      vertex 24.7778 0 7.72217
      vertex 24.6858 0 7.63998
    endloop
  endfacet
  facet normal 0 -1 0
    outer loop
      vertex 83 0 0
      vertex 24.6858 0 7.63998
      vertex 24.5852 0 7.56859
    endloop
  endfacet
  facet normal 0 -1 0
    outer loop
      vertex 83 0 0
      vertex 24.5852 0 7.56859
      vertex 24.4773 0 7.50893
    endloop
  endfacet
  facet normal 0 -1 0
    outer loop
      vertex 83 0 0
      vertex 24.4773 0 7.50893
      vertex 24.3633 0 7.46172
    endloop
  endfacet
  facet normal 0 -1 -0
    outer loop
      vertex 23.8768 0 7.40691
      vertex 5 0 0
      vertex 24 0 7.39999
    endloop
  endfacet
  facet normal 0 -1 0
    outer loop
      vertex 67.7 0 23
      vertex 88 0 5
      vertex 88 0 39
    endloop
  endfacet
  facet normal 0 -1 0
    outer loop
      vertex 83 0 0
      vertex 66.3069 0 20.1072
      vertex 65.9685 0 19.8671
    endloop
  endfacet
  facet normal 0 -1 0
    outer loop
      vertex 83 0 0
      vertex 65.9685 0 19.8671
      vertex 65.6054 0 19.6664
    endloop
  endfacet
  facet normal 0 -1 0
    outer loop
      vertex 83 0 0
      vertex 65.6054 0 19.6664
      vertex 65.222 0 19.5076
    endloop
  endfacet
  facet normal 0 -1 0
    outer loop
      vertex 64.8233 0 19.3928
      vertex 83 0 0
      vertex 65.222 0 19.5076
    endloop
  endfacet
  facet normal 0 -1 0
    outer loop
      vertex 83 0 0
      vertex 24.3633 0 7.46172
      vertex 24.2448 0 7.42757
    endloop
  endfacet
  facet normal 0 -1 0
    outer loop
      vertex 5 0 0
      vertex 24.2448 0 7.42757
      vertex 24.1232 0 7.40691
    endloop
  endfacet
  facet normal 0 -1 -0
    outer loop
      vertex 24 0 7.39999
      vertex 5 0 0
      vertex 24.1232 0 7.40691
    endloop
  endfacet
  facet normal 0 -1 0
    outer loop
      vertex 5 0 0
      vertex 0 0 5
      vertex 0.0314388 0 4.44018
    endloop
  endfacet
  facet normal 0 -1 -0
    outer loop
      vertex 24.2448 0 7.42757
      vertex 5 0 0
      vertex 83 0 0
    endloop
  endfacet
  facet normal 0 -1 0
    outer loop
      vertex 5 0 0
      vertex 0.0314388 0 4.44018
      vertex 0.12536 0 3.88739
    endloop
  endfacet
  facet normal 0 -1 0
    outer loop
      vertex 66.6163 0 20.3837
      vertex 83 0 0
      vertex 88 0 5
    endloop
  endfacet
  facet normal 0 -1 0
    outer loop
      vertex 5 0 0
      vertex 0.12536 0 3.88739
      vertex 0.280582 0 3.3486
    endloop
  endfacet
  facet normal 0 -1 0
    outer loop
      vertex 88 0 5
      vertex 83 0 0
      vertex 87.9686 0 4.44018
    endloop
  endfacet
  facet normal 0 -1 0
    outer loop
      vertex 5 0 0
      vertex 0.280582 0 3.3486
      vertex 0.495155 0 2.83058
    endloop
  endfacet
  facet normal 0 -1 0
    outer loop
      vertex 87.9686 0 4.44018
      vertex 83 0 0
      vertex 87.8746 0 3.88739
    endloop
  endfacet
  facet normal 0 -1 0
    outer loop
      vertex 5 0 0
      vertex 0.495155 0 2.83058
      vertex 0.766378 0 2.33984
    endloop
  endfacet
  facet normal 0 -1 0
    outer loop
      vertex 87.8746 0 3.88739
      vertex 83 0 0
      vertex 87.7194 0 3.3486
    endloop
  endfacet
  facet normal 0 -1 0
    outer loop
      vertex 5 0 0
      vertex 0.766378 0 2.33984
      vertex 1.09084 0 1.88255
    endloop
  endfacet
  facet normal 0 -1 0
    outer loop
      vertex 87.7194 0 3.3486
      vertex 83 0 0
      vertex 87.5048 0 2.83058
    endloop
  endfacet
  facet normal 0 -1 0
    outer loop
      vertex 5 0 0
      vertex 1.09084 0 1.88255
      vertex 1.46447 0 1.46447
    endloop
  endfacet
  facet normal 0 -1 0
    outer loop
      vertex 87.5048 0 2.83058
      vertex 83 0 0
      vertex 87.2336 0 2.33984
    endloop
  endfacet
  facet normal 0 -1 0
    outer loop
      vertex 5 0 0
      vertex 1.46447 0 1.46447
      vertex 1.88255 0 1.09084
    endloop
  endfacet
  facet normal 0 -1 0
    outer loop
      vertex 87.2336 0 2.33984
      vertex 83 0 0
      vertex 86.9092 0 1.88255
    endloop
  endfacet
  facet normal 0 -1 0
    outer loop
      vertex 5 0 0
      vertex 1.88255 0 1.09084
      vertex 2.33984 0 0.766378
    endloop
  endfacet
  facet normal 0 -1 0
    outer loop
      vertex 86.9092 0 1.88255
      vertex 83 0 0
      vertex 86.5355 0 1.46447
    endloop
  endfacet
  facet normal 0 -1 0
    outer loop
      vertex 5 0 0
      vertex 2.33984 0 0.766378
      vertex 2.83058 0 0.495155
    endloop
  endfacet
  facet normal 0 -1 0
    outer loop
      vertex 86.5355 0 1.46447
      vertex 83 0 0
      vertex 86.1174 0 1.09084
    endloop
  endfacet
  facet normal 0 -1 0
    outer loop
      vertex 5 0 0
      vertex 2.83058 0 0.495155
      vertex 3.3486 0 0.280582
    endloop
  endfacet
  facet normal 0 -1 0
    outer loop
      vertex 86.1174 0 1.09084
      vertex 83 0 0
      vertex 85.6602 0 0.766378
    endloop
  endfacet
  facet normal 0 -1 0
    outer loop
      vertex 5 0 0
      vertex 3.3486 0 0.280582
      vertex 3.88739 0 0.12536
    endloop
  endfacet
  facet normal 0 -1 0
    outer loop
      vertex 85.6602 0 0.766378
      vertex 83 0 0
      vertex 85.1694 0 0.495155
    endloop
  endfacet
  facet normal 0 -1 0
    outer loop
      vertex 5 0 0
      vertex 3.88739 0 0.12536
      vertex 4.44018 0 0.0314388
    endloop
  endfacet
  facet normal 0 -1 0
    outer loop
      vertex 85.1694 0 0.495155
      vertex 83 0 0
      vertex 84.6514 0 0.280582
    endloop
  endfacet
  facet normal 0 -1 0
    outer loop
      vertex 84.6514 0 0.280582
      vertex 83 0 0
      vertex 84.1126 0 0.12536
    endloop
  endfacet
  facet normal 0 -1 0
    outer loop
      vertex 84.1126 0 0.12536
      vertex 83 0 0
      vertex 83.5598 0 0.0314388
    endloop
  endfacet
  facet normal -0.0560703 0 -0.998427
    outer loop
      vertex 5 0 0
      vertex 4.5 22.7 0.0280793
      vertex 5 22.7 0
    endloop
  endfacet
  facet normal -0.0560704 -3.63562e-09 -0.998427
    outer loop
      vertex 4.44018 0 0.0314388
      vertex 4.5 22.7 0.0280793
      vertex 5 0 0
    endloop
  endfacet
  facet normal -0.0560718 -0 -0.998427
    outer loop
      vertex 4.44018 31.2 0.0314388
      vertex 4.5 22.7 0.0280793
      vertex 4.44018 0 0.0314388
    endloop
  endfacet
  facet normal -0.0560718 0 -0.998427
    outer loop
      vertex 4.5 22.7 0.0280793
      vertex 4.44018 31.2 0.0314388
      vertex 4.5 31.2 0.0280793
    endloop
  endfacet
  facet normal 0.815615 0 -0.578595
    outer loop
      vertex 87.2336 0 2.33984
      vertex 86.9092 31.2 1.88255
      vertex 87.2336 31.2 2.33984
    endloop
  endfacet
  facet normal 0.815615 0 -0.578595
    outer loop
      vertex 86.9092 31.2 1.88255
      vertex 87.2336 0 2.33984
      vertex 86.9092 0 1.88255
    endloop
  endfacet
  facet normal -0.960918 0 -0.276834
    outer loop
      vertex 0.280582 0 3.3486
      vertex 0.12536 31.2 3.88739
      vertex 0.280582 31.2 3.3486
    endloop
  endfacet
  facet normal -0.960918 -0 -0.276834
    outer loop
      vertex 0.12536 31.2 3.88739
      vertex 0.280582 0 3.3486
      vertex 0.12536 0 3.88739
    endloop
  endfacet
  facet normal -0.16764 0 0.985848
    outer loop
      vertex 3.88739 31.2 43.8746
      vertex 4.44018 0 43.9686
      vertex 4.44018 31.2 43.9686
    endloop
  endfacet
  facet normal -0.16764 0 0.985848
    outer loop
      vertex 4.44018 0 43.9686
      vertex 3.88739 31.2 43.8746
      vertex 3.88739 0 43.8746
    endloop
  endfacet
  facet normal -0.745648 0 0.66634
    outer loop
      vertex 1.09084 0 42.1174
      vertex 1.46447 31.2 42.5355
      vertex 1.09084 31.2 42.1174
    endloop
  endfacet
  facet normal -0.745648 0 0.66634
    outer loop
      vertex 1.46447 31.2 42.5355
      vertex 1.09084 0 42.1174
      vertex 1.46447 0 42.5355
    endloop
  endfacet
  facet normal -0.167503 0 -0.985871
    outer loop
      vertex 3.88739 0 0.12536
      vertex 4.44018 31.2 0.0314388
      vertex 4.44018 0 0.0314388
    endloop
  endfacet
  facet normal -0.167503 0 -0.985871
    outer loop
      vertex 4.44018 31.2 0.0314388
      vertex 3.88739 0 0.12536
      vertex 3.88739 31.2 0.12536
    endloop
  endfacet
  facet normal 0.167637 0 0.985849
    outer loop
      vertex 83.5598 31.2 43.9686
      vertex 84.1126 0 43.8746
      vertex 84.1126 31.2 43.8746
    endloop
  endfacet
  facet normal 0.167637 0 0.985849
    outer loop
      vertex 84.1126 0 43.8746
      vertex 83.5598 31.2 43.9686
      vertex 83.5598 0 43.9686
    endloop
  endfacet
  facet normal 0.960929 -0 0.276793
    outer loop
      vertex 87.7194 0 40.6514
      vertex 87.8746 31.2 40.1126
      vertex 87.7194 31.2 40.6514
    endloop
  endfacet
  facet normal 0.960929 0 0.276793
    outer loop
      vertex 87.8746 31.2 40.1126
      vertex 87.7194 0 40.6514
      vertex 87.8746 0 40.1126
    endloop
  endfacet
  facet normal 0.276853 0 0.960912
    outer loop
      vertex 4.07522 22.7 2.75713
      vertex 4.37694 3 2.6702
      vertex 4.37694 22.7 2.6702
    endloop
  endfacet
  facet normal 0.276853 0 0.960912
    outer loop
      vertex 4.37694 3 2.6702
      vertex 4.07522 22.7 2.75713
      vertex 4.07522 3 2.75713
    endloop
  endfacet
  facet normal -0.98586 -0 -0.16757
    outer loop
      vertex 85.7824 22.7 39.3135
      vertex 85.7824 3 39.3135
      vertex 85.7507 22.7 39.5
    endloop
  endfacet
  facet normal -0.985892 0 -0.167385
    outer loop
      vertex 85.7507 22.7 39.5
      vertex 85.7298 31.2 39.6231
      vertex 85.7507 31.2 39.5
    endloop
  endfacet
  facet normal -0.985873 -7.14457e-07 -0.167496
    outer loop
      vertex 85.7298 3 39.6231
      vertex 85.7507 22.7 39.5
      vertex 85.7824 3 39.3135
    endloop
  endfacet
  facet normal -0.985892 0 -0.167385
    outer loop
      vertex 85.7507 22.7 39.5
      vertex 85.7298 3 39.6231
      vertex 85.7298 31.2 39.6231
    endloop
  endfacet
  facet normal -0.998428 0 -0.0560521
    outer loop
      vertex 85.8 3 39
      vertex 85.7824 22.7 39.3135
      vertex 85.8 22.7 39
    endloop
  endfacet
  facet normal -0.998428 -0 -0.0560521
    outer loop
      vertex 85.7824 22.7 39.3135
      vertex 85.8 3 39
      vertex 85.7824 3 39.3135
    endloop
  endfacet
  facet normal 0.382674 0 0.923883
    outer loop
      vertex 3.78512 22.7 2.87729
      vertex 4.07522 3 2.75713
      vertex 4.07522 22.7 2.75713
    endloop
  endfacet
  facet normal 0.382674 0 0.923883
    outer loop
      vertex 4.07522 3 2.75713
      vertex 3.78512 22.7 2.87729
      vertex 3.78512 3 2.87729
    endloop
  endfacet
  facet normal -1 0 0
    outer loop
      vertex 85.8 3 5.4
      vertex 85.8 22.7 7.5
      vertex 85.8 22.7 5.4
    endloop
  endfacet
  facet normal -1 -0 0
    outer loop
      vertex 85.8 22.7 7.5
      vertex 85.8 3 5.4
      vertex 85.8 22.7 36.5
    endloop
  endfacet
  facet normal -1 0 0
    outer loop
      vertex 85.8 3 39
      vertex 85.8 22.7 36.5
      vertex 85.8 3 5.4
    endloop
  endfacet
  facet normal -1 0 0
    outer loop
      vertex 85.8 22.7 36.5
      vertex 85.8 3 39
      vertex 85.8 22.7 39
    endloop
  endfacet
  facet normal -1 0 0
    outer loop
      vertex 85.8 22.7 7.5
      vertex 85.8 31.2 36.5
      vertex 85.8 31.2 7.5
    endloop
  endfacet
  facet normal -1 -0 0
    outer loop
      vertex 85.8 31.2 36.5
      vertex 85.8 22.7 7.5
      vertex 85.8 22.7 36.5
    endloop
  endfacet
  facet normal 1 -0 0
    outer loop
      vertex 2.2 3 39
      vertex 2.2 22.7 36.5
      vertex 2.2 22.7 39
    endloop
  endfacet
  facet normal 1 0 0
    outer loop
      vertex 2.2 3 5.4
      vertex 2.2 22.7 36.5
      vertex 2.2 3 39
    endloop
  endfacet
  facet normal 1 0 0
    outer loop
      vertex 2.2 22.7 36.5
      vertex 2.2 3 5.4
      vertex 2.2 22.7 7.5
    endloop
  endfacet
  facet normal 1 0 0
    outer loop
      vertex 2.2 22.7 7.5
      vertex 2.2 3 5.4
      vertex 2.2 22.7 5.4
    endloop
  endfacet
  facet normal 1 -0 0
    outer loop
      vertex 2.2 22.7 36.5
      vertex 2.2 31.2 7.5
      vertex 2.2 31.2 36.5
    endloop
  endfacet
  facet normal 1 0 0
    outer loop
      vertex 2.2 31.2 7.5
      vertex 2.2 22.7 36.5
      vertex 2.2 22.7 7.5
    endloop
  endfacet
  facet normal -0.923838 0 -0.382783
    outer loop
      vertex 85.6429 3 39.9248
      vertex 85.5227 31.2 40.2149
      vertex 85.6429 31.2 39.9248
    endloop
  endfacet
  facet normal -0.923838 -0 -0.382783
    outer loop
      vertex 85.5227 31.2 40.2149
      vertex 85.6429 3 39.9248
      vertex 85.5227 3 40.2149
    endloop
  endfacet
  facet normal -0.483727 0 0.875219
    outer loop
      vertex 84.2149 22.7 2.87729
      vertex 84.4897 3 3.02917
      vertex 84.4897 22.7 3.02917
    endloop
  endfacet
  facet normal -0.483727 0 0.875219
    outer loop
      vertex 84.4897 3 3.02917
      vertex 84.2149 22.7 2.87729
      vertex 84.2149 3 2.87729
    endloop
  endfacet
  facet normal -0.167466 0 0.985878
    outer loop
      vertex 83.3135 22.7 2.61761
      vertex 83.6231 3 2.6702
      vertex 83.6231 22.7 2.6702
    endloop
  endfacet
  facet normal -0.167466 0 0.985878
    outer loop
      vertex 83.6231 3 2.6702
      vertex 83.3135 22.7 2.61761
      vertex 83.3135 3 2.61761
    endloop
  endfacet
  facet normal 0 0 1
    outer loop
      vertex 7 22.7 2.6
      vertex 5 22.7 2.6
      vertex 7 5.4 2.6
    endloop
  endfacet
  facet normal 0 0 1
    outer loop
      vertex 39.3 28.3 2.6
      vertex 9.8 28.3 2.6
      vertex 39.3 5.4 2.6
    endloop
  endfacet
  facet normal 0 0 1
    outer loop
      vertex 79.8956 31.2 2.6
      vertex 42.1 30.1 2.6
      vertex 79.8956 22.7 2.6
    endloop
  endfacet
  facet normal -0 0 1
    outer loop
      vertex 8.10442 31.2 2.6
      vertex 42.1 30.1 2.6
      vertex 79.8956 31.2 2.6
    endloop
  endfacet
  facet normal 0 0 1
    outer loop
      vertex 42.1 30.1 2.6
      vertex 8.10442 31.2 2.6
      vertex 8.10442 30.1 2.6
    endloop
  endfacet
  facet normal -0 0 1
    outer loop
      vertex 79.8956 22.7 2.6
      vertex 83 3 2.6
      vertex 83 22.7 2.6
    endloop
  endfacet
  facet normal 0 0 1
    outer loop
      vertex 42.1 5.4 2.6
      vertex 79.8956 22.7 2.6
      vertex 42.1 30.1 2.6
    endloop
  endfacet
  facet normal 0 0 1
    outer loop
      vertex 79.8956 22.7 2.6
      vertex 42.1 5.4 2.6
      vertex 83 3 2.6
    endloop
  endfacet
  facet normal 0 0 1
    outer loop
      vertex 5 3 2.6
      vertex 42.1 5.4 2.6
      vertex 39.3 5.4 2.6
    endloop
  endfacet
  facet normal 0 0 1
    outer loop
      vertex 9.8 5.4 2.6
      vertex 39.3 5.4 2.6
      vertex 9.8 28.3 2.6
    endloop
  endfacet
  facet normal 0 0 1
    outer loop
      vertex 5 3 2.6
      vertex 39.3 5.4 2.6
      vertex 9.8 5.4 2.6
    endloop
  endfacet
  facet normal 0 0 1
    outer loop
      vertex 5 3 2.6
      vertex 9.8 5.4 2.6
      vertex 7 5.4 2.6
    endloop
  endfacet
  facet normal 0 0 1
    outer loop
      vertex 42.1 5.4 2.6
      vertex 5 3 2.6
      vertex 83 3 2.6
    endloop
  endfacet
  facet normal 0 0 1
    outer loop
      vertex 5 3 2.6
      vertex 7 5.4 2.6
      vertex 5 22.7 2.6
    endloop
  endfacet
  facet normal 0.16757 0 -0.98586
    outer loop
      vertex 4.6865 3 41.7824
      vertex 4.5 22.7 41.7507
      vertex 4.6865 22.7 41.7824
    endloop
  endfacet
  facet normal 0.167517 -5.09559e-07 -0.985869
    outer loop
      vertex 4.37694 3 41.7298
      vertex 4.5 22.7 41.7507
      vertex 4.6865 3 41.7824
    endloop
  endfacet
  facet normal 0.167438 0 -0.985883
    outer loop
      vertex 4.37694 31.2 41.7298
      vertex 4.5 22.7 41.7507
      vertex 4.37694 3 41.7298
    endloop
  endfacet
  facet normal 0.167438 0 -0.985883
    outer loop
      vertex 4.5 22.7 41.7507
      vertex 4.37694 31.2 41.7298
      vertex 4.5 31.2 41.7507
    endloop
  endfacet
  facet normal -0.578645 0 -0.81558
    outer loop
      vertex 84.4897 3 41.3708
      vertex 84.7458 31.2 41.1891
      vertex 84.7458 3 41.1891
    endloop
  endfacet
  facet normal -0.578645 0 -0.81558
    outer loop
      vertex 84.7458 31.2 41.1891
      vertex 84.4897 3 41.3708
      vertex 84.4897 31.2 41.3708
    endloop
  endfacet
  facet normal 0.815559 -0 0.578675
    outer loop
      vertex 2.62917 3 3.91031
      vertex 2.81087 22.7 3.65423
      vertex 2.62917 22.7 3.91031
    endloop
  endfacet
  facet normal 0.815559 0 0.578675
    outer loop
      vertex 2.81087 22.7 3.65423
      vertex 2.62917 3 3.91031
      vertex 2.81087 3 3.65423
    endloop
  endfacet
  facet normal -0.960933 0 -0.276782
    outer loop
      vertex 85.7298 3 39.6231
      vertex 85.6429 31.2 39.9248
      vertex 85.7298 31.2 39.6231
    endloop
  endfacet
  facet normal -0.960933 -0 -0.276782
    outer loop
      vertex 85.6429 31.2 39.9248
      vertex 85.7298 3 39.6231
      vertex 85.6429 3 39.9248
    endloop
  endfacet
  facet normal -0.666339 0 -0.745649
    outer loop
      vertex 84.7458 3 41.1891
      vertex 84.9799 31.2 40.9799
      vertex 84.9799 3 40.9799
    endloop
  endfacet
  facet normal -0.666339 0 -0.745649
    outer loop
      vertex 84.9799 31.2 40.9799
      vertex 84.7458 3 41.1891
      vertex 84.7458 31.2 41.1891
    endloop
  endfacet
  facet normal 0.483763 0 -0.875199
    outer loop
      vertex 3.51031 3 41.3708
      vertex 3.78512 31.2 41.5227
      vertex 3.78512 3 41.5227
    endloop
  endfacet
  facet normal 0.483763 0 -0.875199
    outer loop
      vertex 3.78512 31.2 41.5227
      vertex 3.51031 3 41.3708
      vertex 3.51031 31.2 41.3708
    endloop
  endfacet
  facet normal 0.0560838 0 0.998426
    outer loop
      vertex 4.6865 22.7 2.61761
      vertex 5 3 2.6
      vertex 5 22.7 2.6
    endloop
  endfacet
  facet normal 0.0560838 0 0.998426
    outer loop
      vertex 5 3 2.6
      vertex 4.6865 22.7 2.61761
      vertex 4.6865 3 2.61761
    endloop
  endfacet
  facet normal 0 0 -1
    outer loop
      vertex 83 3 41.8
      vertex 80.5 22.7 41.8
      vertex 83 22.7 41.8
    endloop
  endfacet
  facet normal 0 0 -1
    outer loop
      vertex 80.5 22.7 41.8
      vertex 7.5 22.7 41.8
      vertex 80.5 31.2 41.8
    endloop
  endfacet
  facet normal 0 0 -1
    outer loop
      vertex 83 3 41.8
      vertex 7.5 22.7 41.8
      vertex 80.5 22.7 41.8
    endloop
  endfacet
  facet normal 0 0 -1
    outer loop
      vertex 5 3 41.8
      vertex 7.5 22.7 41.8
      vertex 83 3 41.8
    endloop
  endfacet
  facet normal -0 0 -1
    outer loop
      vertex 7.5 22.7 41.8
      vertex 5 3 41.8
      vertex 5 22.7 41.8
    endloop
  endfacet
  facet normal -0 0 -1
    outer loop
      vertex 80.5 31.2 41.8
      vertex 7.5 22.7 41.8
      vertex 7.5 31.2 41.8
    endloop
  endfacet
  facet normal 0.276765 0 -0.960938
    outer loop
      vertex 4.07522 3 41.6429
      vertex 4.37694 31.2 41.7298
      vertex 4.37694 3 41.7298
    endloop
  endfacet
  facet normal 0.276765 0 -0.960938
    outer loop
      vertex 4.37694 31.2 41.7298
      vertex 4.07522 3 41.6429
      vertex 4.07522 31.2 41.6429
    endloop
  endfacet
  facet normal -0.745692 0 0.666291
    outer loop
      vertex 84.9799 3 3.4201
      vertex 85.1891 22.7 3.65423
      vertex 84.9799 22.7 3.4201
    endloop
  endfacet
  facet normal -0.745692 0 0.666291
    outer loop
      vertex 85.1891 22.7 3.65423
      vertex 84.9799 3 3.4201
      vertex 85.1891 3 3.65423
    endloop
  endfacet
  facet normal 0.923883 0 -0.382674
    outer loop
      vertex 2.47729 3 40.2149
      vertex 2.35713 31.2 39.9248
      vertex 2.47729 31.2 40.2149
    endloop
  endfacet
  facet normal 0.923883 0 -0.382674
    outer loop
      vertex 2.35713 31.2 39.9248
      vertex 2.47729 3 40.2149
      vertex 2.35713 3 39.9248
    endloop
  endfacet
  facet normal 0.875226 -0 0.483714
    outer loop
      vertex 2.47729 3 4.18512
      vertex 2.62917 22.7 3.91031
      vertex 2.47729 22.7 4.18512
    endloop
  endfacet
  facet normal 0.875226 0 0.483714
    outer loop
      vertex 2.62917 22.7 3.91031
      vertex 2.47729 3 4.18512
      vertex 2.62917 3 3.91031
    endloop
  endfacet
  facet normal -0.0560838 0 0.998426
    outer loop
      vertex 83 22.7 2.6
      vertex 83.3135 3 2.61761
      vertex 83.3135 22.7 2.61761
    endloop
  endfacet
  facet normal -0.0560838 0 0.998426
    outer loop
      vertex 83.3135 3 2.61761
      vertex 83 22.7 2.6
      vertex 83 3 2.6
    endloop
  endfacet
  facet normal 0.998426 -0 0.0560838
    outer loop
      vertex 2.2 3 5.4
      vertex 2.21761 22.7 5.0865
      vertex 2.2 22.7 5.4
    endloop
  endfacet
  facet normal 0.998426 0 0.0560838
    outer loop
      vertex 2.21761 22.7 5.0865
      vertex 2.2 3 5.4
      vertex 2.21761 3 5.0865
    endloop
  endfacet
  facet normal -0.745649 0 -0.666339
    outer loop
      vertex 85.1891 3 40.7458
      vertex 84.9799 31.2 40.9799
      vertex 85.1891 31.2 40.7458
    endloop
  endfacet
  facet normal -0.745649 -0 -0.666339
    outer loop
      vertex 84.9799 31.2 40.9799
      vertex 85.1891 3 40.7458
      vertex 84.9799 3 40.9799
    endloop
  endfacet
  facet normal -0.27687 0 0.960907
    outer loop
      vertex 83.6231 22.7 2.6702
      vertex 83.9248 3 2.75713
      vertex 83.9248 22.7 2.75713
    endloop
  endfacet
  facet normal -0.27687 0 0.960907
    outer loop
      vertex 83.9248 3 2.75713
      vertex 83.6231 22.7 2.6702
      vertex 83.6231 3 2.6702
    endloop
  endfacet
  facet normal 0.382783 0 -0.923838
    outer loop
      vertex 3.78512 3 41.5227
      vertex 4.07522 31.2 41.6429
      vertex 4.07522 3 41.6429
    endloop
  endfacet
  facet normal 0.382783 0 -0.923838
    outer loop
      vertex 4.07522 31.2 41.6429
      vertex 3.78512 3 41.5227
      vertex 3.78512 31.2 41.5227
    endloop
  endfacet
  facet normal -0.960938 0 0.276765
    outer loop
      vertex 85.6429 3 4.47522
      vertex 85.7298 22.7 4.77694
      vertex 85.6429 22.7 4.47522
    endloop
  endfacet
  facet normal -0.960938 0 0.276765
    outer loop
      vertex 85.7298 22.7 4.77694
      vertex 85.6429 3 4.47522
      vertex 85.7298 3 4.77694
    endloop
  endfacet
  facet normal 0.578675 0 -0.815559
    outer loop
      vertex 3.25423 3 41.1891
      vertex 3.51031 31.2 41.3708
      vertex 3.51031 3 41.3708
    endloop
  endfacet
  facet normal 0.578675 0 -0.815559
    outer loop
      vertex 3.51031 31.2 41.3708
      vertex 3.25423 3 41.1891
      vertex 3.25423 31.2 41.1891
    endloop
  endfacet
  facet normal 0.985874 -0 0.167487
    outer loop
      vertex 2.21761 3 5.0865
      vertex 2.2702 22.7 4.77694
      vertex 2.21761 22.7 5.0865
    endloop
  endfacet
  facet normal 0.985874 0 0.167487
    outer loop
      vertex 2.2702 22.7 4.77694
      vertex 2.21761 3 5.0865
      vertex 2.2702 3 4.77694
    endloop
  endfacet
  facet normal -0.923838 0 0.382783
    outer loop
      vertex 85.5227 3 4.18512
      vertex 85.6429 22.7 4.47522
      vertex 85.5227 22.7 4.18512
    endloop
  endfacet
  facet normal -0.923838 0 0.382783
    outer loop
      vertex 85.6429 22.7 4.47522
      vertex 85.5227 3 4.18512
      vertex 85.6429 3 4.47522
    endloop
  endfacet
  facet normal 0.666291 0 -0.745692
    outer loop
      vertex 3.0201 3 40.9799
      vertex 3.25423 31.2 41.1891
      vertex 3.25423 3 41.1891
    endloop
  endfacet
  facet normal 0.666291 0 -0.745692
    outer loop
      vertex 3.25423 31.2 41.1891
      vertex 3.0201 3 40.9799
      vertex 3.0201 31.2 40.9799
    endloop
  endfacet
  facet normal 0.960907 0 -0.27687
    outer loop
      vertex 2.35713 3 39.9248
      vertex 2.2702 31.2 39.6231
      vertex 2.35713 31.2 39.9248
    endloop
  endfacet
  facet normal 0.960907 0 -0.27687
    outer loop
      vertex 2.2702 31.2 39.6231
      vertex 2.35713 3 39.9248
      vertex 2.2702 3 39.6231
    endloop
  endfacet
  facet normal -0.276782 0 -0.960933
    outer loop
      vertex 83.6231 3 41.7298
      vertex 83.9248 31.2 41.6429
      vertex 83.9248 3 41.6429
    endloop
  endfacet
  facet normal -0.276782 0 -0.960933
    outer loop
      vertex 83.9248 31.2 41.6429
      vertex 83.6231 3 41.7298
      vertex 83.6231 31.2 41.7298
    endloop
  endfacet
  facet normal -0.666392 0 0.745602
    outer loop
      vertex 84.7458 22.7 3.21087
      vertex 84.9799 3 3.4201
      vertex 84.9799 22.7 3.4201
    endloop
  endfacet
  facet normal -0.666392 0 0.745602
    outer loop
      vertex 84.9799 3 3.4201
      vertex 84.7458 22.7 3.21087
      vertex 84.7458 3 3.21087
    endloop
  endfacet
  facet normal -0.578645 0 0.81558
    outer loop
      vertex 84.4897 22.7 3.02917
      vertex 84.7458 3 3.21087
      vertex 84.7458 22.7 3.21087
    endloop
  endfacet
  facet normal -0.578645 0 0.81558
    outer loop
      vertex 84.7458 3 3.21087
      vertex 84.4897 22.7 3.02917
      vertex 84.4897 3 3.02917
    endloop
  endfacet
  facet normal -0.382674 0 0.923883
    outer loop
      vertex 83.9248 22.7 2.75713
      vertex 84.2149 3 2.87729
      vertex 84.2149 22.7 2.87729
    endloop
  endfacet
  facet normal -0.382674 0 0.923883
    outer loop
      vertex 84.2149 3 2.87729
      vertex 83.9248 22.7 2.75713
      vertex 83.9248 3 2.75713
    endloop
  endfacet
  facet normal -0.875199 0 0.483763
    outer loop
      vertex 85.3708 3 3.91031
      vertex 85.5227 22.7 4.18512
      vertex 85.3708 22.7 3.91031
    endloop
  endfacet
  facet normal -0.875199 0 0.483763
    outer loop
      vertex 85.5227 22.7 4.18512
      vertex 85.3708 3 3.91031
      vertex 85.5227 3 4.18512
    endloop
  endfacet
  facet normal 0.875219 0 -0.483727
    outer loop
      vertex 2.62917 3 40.4897
      vertex 2.47729 31.2 40.2149
      vertex 2.62917 31.2 40.4897
    endloop
  endfacet
  facet normal 0.875219 0 -0.483727
    outer loop
      vertex 2.47729 31.2 40.2149
      vertex 2.62917 3 40.4897
      vertex 2.47729 3 40.2149
    endloop
  endfacet
  facet normal 0.81558 0 -0.578645
    outer loop
      vertex 2.81087 3 40.7458
      vertex 2.62917 31.2 40.4897
      vertex 2.81087 31.2 40.7458
    endloop
  endfacet
  facet normal 0.81558 0 -0.578645
    outer loop
      vertex 2.62917 31.2 40.4897
      vertex 2.81087 3 40.7458
      vertex 2.62917 3 40.4897
    endloop
  endfacet
  facet normal 0.167487 0 0.985874
    outer loop
      vertex 4.37694 22.7 2.6702
      vertex 4.6865 3 2.61761
      vertex 4.6865 22.7 2.61761
    endloop
  endfacet
  facet normal 0.167487 0 0.985874
    outer loop
      vertex 4.6865 3 2.61761
      vertex 4.37694 22.7 2.6702
      vertex 4.37694 3 2.6702
    endloop
  endfacet
  facet normal -0.998428 0 0.0560521
    outer loop
      vertex 85.7824 3 5.0865
      vertex 85.8 22.7 5.4
      vertex 85.7824 22.7 5.0865
    endloop
  endfacet
  facet normal -0.998428 0 0.0560521
    outer loop
      vertex 85.8 22.7 5.4
      vertex 85.7824 3 5.0865
      vertex 85.8 3 5.4
    endloop
  endfacet
  facet normal -0.0560521 0 -0.998428
    outer loop
      vertex 83 3 41.8
      vertex 83.3135 22.7 41.7824
      vertex 83.3135 3 41.7824
    endloop
  endfacet
  facet normal -0.0560521 0 -0.998428
    outer loop
      vertex 83.3135 22.7 41.7824
      vertex 83 3 41.8
      vertex 83 22.7 41.8
    endloop
  endfacet
  facet normal -0.167385 0 -0.985892
    outer loop
      vertex 83.6231 3 41.7298
      vertex 83.5 22.7 41.7507
      vertex 83.6231 31.2 41.7298
    endloop
  endfacet
  facet normal -0.167496 -7.14457e-07 -0.985873
    outer loop
      vertex 83.3135 3 41.7824
      vertex 83.5 22.7 41.7507
      vertex 83.6231 3 41.7298
    endloop
  endfacet
  facet normal -0.16757 0 -0.98586
    outer loop
      vertex 83.5 22.7 41.7507
      vertex 83.3135 3 41.7824
      vertex 83.3135 22.7 41.7824
    endloop
  endfacet
  facet normal -0.167385 0 -0.985892
    outer loop
      vertex 83.6231 31.2 41.7298
      vertex 83.5 22.7 41.7507
      vertex 83.5 31.2 41.7507
    endloop
  endfacet
  facet normal -0.815559 0 0.578675
    outer loop
      vertex 85.1891 3 3.65423
      vertex 85.3708 22.7 3.91031
      vertex 85.1891 22.7 3.65423
    endloop
  endfacet
  facet normal -0.815559 0 0.578675
    outer loop
      vertex 85.3708 22.7 3.91031
      vertex 85.1891 3 3.65423
      vertex 85.3708 3 3.91031
    endloop
  endfacet
  facet normal 0.483714 0 0.875226
    outer loop
      vertex 3.51031 22.7 3.02917
      vertex 3.78512 3 2.87729
      vertex 3.78512 22.7 2.87729
    endloop
  endfacet
  facet normal 0.483714 0 0.875226
    outer loop
      vertex 3.78512 3 2.87729
      vertex 3.51031 22.7 3.02917
      vertex 3.51031 3 3.02917
    endloop
  endfacet
  facet normal 0.745602 0 -0.666392
    outer loop
      vertex 3.0201 3 40.9799
      vertex 2.81087 31.2 40.7458
      vertex 3.0201 31.2 40.9799
    endloop
  endfacet
  facet normal 0.745602 0 -0.666392
    outer loop
      vertex 2.81087 31.2 40.7458
      vertex 3.0201 3 40.9799
      vertex 2.81087 3 40.7458
    endloop
  endfacet
  facet normal 0.998426 0 -0.0560838
    outer loop
      vertex 2.21761 3 39.3135
      vertex 2.2 22.7 39
      vertex 2.21761 22.7 39.3135
    endloop
  endfacet
  facet normal 0.998426 0 -0.0560838
    outer loop
      vertex 2.2 22.7 39
      vertex 2.21761 3 39.3135
      vertex 2.2 3 39
    endloop
  endfacet
  facet normal -0.483776 0 -0.875192
    outer loop
      vertex 84.2149 3 41.5227
      vertex 84.4897 31.2 41.3708
      vertex 84.4897 3 41.3708
    endloop
  endfacet
  facet normal -0.483776 0 -0.875192
    outer loop
      vertex 84.4897 31.2 41.3708
      vertex 84.2149 3 41.5227
      vertex 84.2149 31.2 41.5227
    endloop
  endfacet
  facet normal -0.382783 0 -0.923838
    outer loop
      vertex 83.9248 3 41.6429
      vertex 84.2149 31.2 41.5227
      vertex 84.2149 3 41.5227
    endloop
  endfacet
  facet normal -0.382783 0 -0.923838
    outer loop
      vertex 84.2149 31.2 41.5227
      vertex 83.9248 3 41.6429
      vertex 83.9248 31.2 41.6429
    endloop
  endfacet
  facet normal -0.985869 0 0.167517
    outer loop
      vertex 85.7298 3 4.77694
      vertex 85.7824 22.7 5.0865
      vertex 85.7298 22.7 4.77694
    endloop
  endfacet
  facet normal -0.985869 0 0.167517
    outer loop
      vertex 85.7824 22.7 5.0865
      vertex 85.7298 3 4.77694
      vertex 85.7824 3 5.0865
    endloop
  endfacet
  facet normal -0.875192 0 -0.483776
    outer loop
      vertex 85.5227 3 40.2149
      vertex 85.3708 31.2 40.4897
      vertex 85.5227 31.2 40.2149
    endloop
  endfacet
  facet normal -0.875192 -0 -0.483776
    outer loop
      vertex 85.3708 31.2 40.4897
      vertex 85.5227 3 40.2149
      vertex 85.3708 3 40.4897
    endloop
  endfacet
  facet normal 0.923883 -0 0.382674
    outer loop
      vertex 2.35713 3 4.47522
      vertex 2.47729 22.7 4.18512
      vertex 2.35713 22.7 4.47522
    endloop
  endfacet
  facet normal 0.923883 0 0.382674
    outer loop
      vertex 2.47729 22.7 4.18512
      vertex 2.35713 3 4.47522
      vertex 2.47729 3 4.18512
    endloop
  endfacet
  facet normal 0 1 -0
    outer loop
      vertex 12.7135 3 40.8824
      vertex 5 3 41.8
      vertex 35.2865 3 40.8824
    endloop
  endfacet
  facet normal 0 1 0
    outer loop
      vertex 5 3 41.8
      vertex 12.7135 3 40.8824
      vertex 12.4 3 40.9
    endloop
  endfacet
  facet normal 0 1 -0
    outer loop
      vertex 34.9769 3 40.8298
      vertex 12.7135 3 40.8824
      vertex 35.2865 3 40.8824
    endloop
  endfacet
  facet normal 0 1 0
    outer loop
      vertex 34.9769 3 40.8298
      vertex 13.0231 3 40.8298
      vertex 12.7135 3 40.8824
    endloop
  endfacet
  facet normal 0 1 -0
    outer loop
      vertex 34.6752 3 40.7429
      vertex 13.0231 3 40.8298
      vertex 34.9769 3 40.8298
    endloop
  endfacet
  facet normal 0 1 0
    outer loop
      vertex 34.6752 3 40.7429
      vertex 13.3248 3 40.7429
      vertex 13.0231 3 40.8298
    endloop
  endfacet
  facet normal 0 1 -0
    outer loop
      vertex 34.3851 3 40.6227
      vertex 13.3248 3 40.7429
      vertex 34.6752 3 40.7429
    endloop
  endfacet
  facet normal 0 1 0
    outer loop
      vertex 34.3851 3 40.6227
      vertex 13.6149 3 40.6227
      vertex 13.3248 3 40.7429
    endloop
  endfacet
  facet normal 0 1 -0
    outer loop
      vertex 34.1103 3 40.4708
      vertex 13.6149 3 40.6227
      vertex 34.3851 3 40.6227
    endloop
  endfacet
  facet normal 0 1 0
    outer loop
      vertex 34.1103 3 40.4708
      vertex 13.8897 3 40.4708
      vertex 13.6149 3 40.6227
    endloop
  endfacet
  facet normal 0 1 -0
    outer loop
      vertex 33.8542 3 40.2891
      vertex 13.8897 3 40.4708
      vertex 34.1103 3 40.4708
    endloop
  endfacet
  facet normal 0 1 0
    outer loop
      vertex 33.8542 3 40.2891
      vertex 14.1458 3 40.2891
      vertex 13.8897 3 40.4708
    endloop
  endfacet
  facet normal 0 1 -0
    outer loop
      vertex 33.6201 3 40.0799
      vertex 14.1458 3 40.2891
      vertex 33.8542 3 40.2891
    endloop
  endfacet
  facet normal 0 1 0
    outer loop
      vertex 33.6201 3 40.0799
      vertex 14.3799 3 40.0799
      vertex 14.1458 3 40.2891
    endloop
  endfacet
  facet normal 0 1 -0
    outer loop
      vertex 33.4109 3 39.8458
      vertex 14.3799 3 40.0799
      vertex 33.6201 3 40.0799
    endloop
  endfacet
  facet normal 0 1 0
    outer loop
      vertex 33.4109 3 39.8458
      vertex 14.5891 3 39.8458
      vertex 14.3799 3 40.0799
    endloop
  endfacet
  facet normal 0 1 -0
    outer loop
      vertex 33.2292 3 39.5897
      vertex 14.5891 3 39.8458
      vertex 33.4109 3 39.8458
    endloop
  endfacet
  facet normal 0 1 0
    outer loop
      vertex 33.2292 3 39.5897
      vertex 14.7708 3 39.5897
      vertex 14.5891 3 39.8458
    endloop
  endfacet
  facet normal 0 1 -0
    outer loop
      vertex 33.0773 3 39.3149
      vertex 14.7708 3 39.5897
      vertex 33.2292 3 39.5897
    endloop
  endfacet
  facet normal 0 1 0
    outer loop
      vertex 33.0773 3 39.3149
      vertex 14.9227 3 39.3149
      vertex 14.7708 3 39.5897
    endloop
  endfacet
  facet normal 0 1 -0
    outer loop
      vertex 32.9571 3 39.0248
      vertex 14.9227 3 39.3149
      vertex 33.0773 3 39.3149
    endloop
  endfacet
  facet normal 0 1 0
    outer loop
      vertex 32.9571 3 39.0248
      vertex 15.0429 3 39.0248
      vertex 14.9227 3 39.3149
    endloop
  endfacet
  facet normal 0 1 -0
    outer loop
      vertex 32.8702 3 38.7231
      vertex 15.0429 3 39.0248
      vertex 32.9571 3 39.0248
    endloop
  endfacet
  facet normal 0 1 0
    outer loop
      vertex 32.8702 3 38.7231
      vertex 15.1298 3 38.7231
      vertex 15.0429 3 39.0248
    endloop
  endfacet
  facet normal 0 1 -0
    outer loop
      vertex 32.8176 3 38.4135
      vertex 15.1298 3 38.7231
      vertex 32.8702 3 38.7231
    endloop
  endfacet
  facet normal 0 1 0
    outer loop
      vertex 32.8176 3 38.4135
      vertex 15.1824 3 38.4135
      vertex 15.1298 3 38.7231
    endloop
  endfacet
  facet normal 0 1 -0
    outer loop
      vertex 32.8 3 38.1
      vertex 15.1824 3 38.4135
      vertex 32.8176 3 38.4135
    endloop
  endfacet
  facet normal 0 1 0
    outer loop
      vertex 32.8 3 38.1
      vertex 15.2 3 38.1
      vertex 15.1824 3 38.4135
    endloop
  endfacet
  facet normal 0 1 0
    outer loop
      vertex 32.8176 3 37.7865
      vertex 15.2 3 38.1
      vertex 32.8 3 38.1
    endloop
  endfacet
  facet normal 0 1 0
    outer loop
      vertex 32.8176 3 37.7865
      vertex 15.1824 3 37.7865
      vertex 15.2 3 38.1
    endloop
  endfacet
  facet normal 0 1 0
    outer loop
      vertex 32.8702 3 37.4769
      vertex 15.1824 3 37.7865
      vertex 32.8176 3 37.7865
    endloop
  endfacet
  facet normal 0 1 0
    outer loop
      vertex 32.8702 3 37.4769
      vertex 15.1298 3 37.4769
      vertex 15.1824 3 37.7865
    endloop
  endfacet
  facet normal 0 1 0
    outer loop
      vertex 32.9571 3 37.1752
      vertex 15.1298 3 37.4769
      vertex 32.8702 3 37.4769
    endloop
  endfacet
  facet normal 0 1 0
    outer loop
      vertex 32.9571 3 37.1752
      vertex 15.0429 3 37.1752
      vertex 15.1298 3 37.4769
    endloop
  endfacet
  facet normal 0 1 0
    outer loop
      vertex 33.0773 3 36.8851
      vertex 15.0429 3 37.1752
      vertex 32.9571 3 37.1752
    endloop
  endfacet
  facet normal 0 1 0
    outer loop
      vertex 33.0773 3 36.8851
      vertex 14.9227 3 36.8851
      vertex 15.0429 3 37.1752
    endloop
  endfacet
  facet normal 0 1 0
    outer loop
      vertex 34.3 3 33
      vertex 33.0773 3 36.8851
      vertex 33.2292 3 36.6103
    endloop
  endfacet
  facet normal 0 1 0
    outer loop
      vertex 33.0773 3 36.8851
      vertex 34.3 3 33
      vertex 14.9227 3 36.8851
    endloop
  endfacet
  facet normal 0 1 0
    outer loop
      vertex 34.3 3 33
      vertex 33.2292 3 36.6103
      vertex 33.4109 3 36.3542
    endloop
  endfacet
  facet normal 0 1 0
    outer loop
      vertex 13.7 3 33
      vertex 14.9227 3 36.8851
      vertex 34.3 3 33
    endloop
  endfacet
  facet normal 0 1 0
    outer loop
      vertex 34.3 3 33
      vertex 33.4109 3 36.3542
      vertex 33.6201 3 36.1201
    endloop
  endfacet
  facet normal 0 1 0
    outer loop
      vertex 14.9227 3 36.8851
      vertex 13.7 3 33
      vertex 14.7708 3 36.6103
    endloop
  endfacet
  facet normal 0 1 0
    outer loop
      vertex 34.3 3 33
      vertex 33.6201 3 36.1201
      vertex 33.8542 3 35.9109
    endloop
  endfacet
  facet normal 0 1 0
    outer loop
      vertex 14.7708 3 36.6103
      vertex 13.7 3 33
      vertex 14.5891 3 36.3542
    endloop
  endfacet
  facet normal 0 1 0
    outer loop
      vertex 34.3 3 33
      vertex 33.8542 3 35.9109
      vertex 34.1103 3 35.7292
    endloop
  endfacet
  facet normal 0 1 0
    outer loop
      vertex 14.5891 3 36.3542
      vertex 13.7 3 33
      vertex 14.3799 3 36.1201
    endloop
  endfacet
  facet normal 0 1 -0
    outer loop
      vertex 34.3 3 33
      vertex 34.1103 3 35.7292
      vertex 34.3851 3 35.5773
    endloop
  endfacet
  facet normal 0 1 0
    outer loop
      vertex 14.3799 3 36.1201
      vertex 13.7 3 33
      vertex 14.1458 3 35.9109
    endloop
  endfacet
  facet normal 0 1 0
    outer loop
      vertex 34.3 3 33
      vertex 34.3851 3 35.5773
      vertex 34.6752 3 35.4571
    endloop
  endfacet
  facet normal 0 1 0
    outer loop
      vertex 14.1458 3 35.9109
      vertex 13.7 3 33
      vertex 13.8897 3 35.7292
    endloop
  endfacet
  facet normal 0 1 0
    outer loop
      vertex 34.4903 3 32.9893
      vertex 34.6752 3 35.4571
      vertex 34.9769 3 35.3702
    endloop
  endfacet
  facet normal 0 1 0
    outer loop
      vertex 13.8897 3 35.7292
      vertex 13.7 3 33
      vertex 13.6149 3 35.5773
    endloop
  endfacet
  facet normal 0 1 0
    outer loop
      vertex 34.6783 3 32.9574
      vertex 34.9769 3 35.3702
      vertex 35.2865 3 35.3176
    endloop
  endfacet
  facet normal 0 1 0
    outer loop
      vertex 13.6149 3 35.5773
      vertex 13.7 3 33
      vertex 13.3248 3 35.4571
    endloop
  endfacet
  facet normal 0 1 0
    outer loop
      vertex 34.8615 3 32.9046
      vertex 35.2865 3 35.3176
      vertex 35.6 3 35.3
    endloop
  endfacet
  facet normal 0 1 -0
    outer loop
      vertex 13.5097 3 32.9893
      vertex 13.3248 3 35.4571
      vertex 13.7 3 33
    endloop
  endfacet
  facet normal 0 1 0
    outer loop
      vertex 85.8 3 39
      vertex 83 3 41.8
      vertex 83.3135 3 41.7824
    endloop
  endfacet
  facet normal 0 1 0
    outer loop
      vertex 83 3 41.8
      vertex 35.6 3 40.9
      vertex 5 3 41.8
    endloop
  endfacet
  facet normal 0 1 0
    outer loop
      vertex 85.8 3 39
      vertex 83.3135 3 41.7824
      vertex 83.6231 3 41.7298
    endloop
  endfacet
  facet normal 0 1 -0
    outer loop
      vertex 35.2865 3 40.8824
      vertex 5 3 41.8
      vertex 35.6 3 40.9
    endloop
  endfacet
  facet normal 0 1 0
    outer loop
      vertex 85.8 3 39
      vertex 83.6231 3 41.7298
      vertex 83.9248 3 41.6429
    endloop
  endfacet
  facet normal 0 1 -0
    outer loop
      vertex 12.0865 3 40.8824
      vertex 5 3 41.8
      vertex 12.4 3 40.9
    endloop
  endfacet
  facet normal 0 1 0
    outer loop
      vertex 85.8 3 39
      vertex 83.9248 3 41.6429
      vertex 84.2149 3 41.5227
    endloop
  endfacet
  facet normal 0 1 -0
    outer loop
      vertex 11.7769 3 40.8298
      vertex 5 3 41.8
      vertex 12.0865 3 40.8824
    endloop
  endfacet
  facet normal 0 1 0
    outer loop
      vertex 85.8 3 39
      vertex 84.2149 3 41.5227
      vertex 84.4897 3 41.3708
    endloop
  endfacet
  facet normal 0 1 -0
    outer loop
      vertex 11.4752 3 40.7429
      vertex 5 3 41.8
      vertex 11.7769 3 40.8298
    endloop
  endfacet
  facet normal 0 1 0
    outer loop
      vertex 85.8 3 39
      vertex 84.4897 3 41.3708
      vertex 84.7458 3 41.1891
    endloop
  endfacet
  facet normal 0 1 -0
    outer loop
      vertex 11.1851 3 40.6227
      vertex 5 3 41.8
      vertex 11.4752 3 40.7429
    endloop
  endfacet
  facet normal 0 1 0
    outer loop
      vertex 85.8 3 39
      vertex 84.7458 3 41.1891
      vertex 84.9799 3 40.9799
    endloop
  endfacet
  facet normal 0 1 -0
    outer loop
      vertex 10.9103 3 40.4708
      vertex 5 3 41.8
      vertex 11.1851 3 40.6227
    endloop
  endfacet
  facet normal 0 1 -0
    outer loop
      vertex 10.6542 3 40.2891
      vertex 5 3 41.8
      vertex 10.9103 3 40.4708
    endloop
  endfacet
  facet normal 0 1 0
    outer loop
      vertex 83 3 41.8
      vertex 35.9135 3 40.8824
      vertex 35.6 3 40.9
    endloop
  endfacet
  facet normal 0 1 0
    outer loop
      vertex 83 3 41.8
      vertex 36.2231 3 40.8298
      vertex 35.9135 3 40.8824
    endloop
  endfacet
  facet normal 0 1 0
    outer loop
      vertex 85.8 3 39
      vertex 84.9799 3 40.9799
      vertex 85.1891 3 40.7458
    endloop
  endfacet
  facet normal 0 1 0
    outer loop
      vertex 83 3 41.8
      vertex 36.5248 3 40.7429
      vertex 36.2231 3 40.8298
    endloop
  endfacet
  facet normal 0 1 0
    outer loop
      vertex 83 3 41.8
      vertex 36.8149 3 40.6227
      vertex 36.5248 3 40.7429
    endloop
  endfacet
  facet normal 0 1 0
    outer loop
      vertex 85.8 3 39
      vertex 85.1891 3 40.7458
      vertex 85.3708 3 40.4897
    endloop
  endfacet
  facet normal 0 1 0
    outer loop
      vertex 83 3 41.8
      vertex 37.0897 3 40.4708
      vertex 36.8149 3 40.6227
    endloop
  endfacet
  facet normal 0 1 0
    outer loop
      vertex 83 3 41.8
      vertex 37.3458 3 40.2891
      vertex 37.0897 3 40.4708
    endloop
  endfacet
  facet normal 0 1 0
    outer loop
      vertex 85.8 3 39
      vertex 85.3708 3 40.4897
      vertex 85.5227 3 40.2149
    endloop
  endfacet
  facet normal 0 1 0
    outer loop
      vertex 83 3 41.8
      vertex 37.5799 3 40.0799
      vertex 37.3458 3 40.2891
    endloop
  endfacet
  facet normal 0 1 0
    outer loop
      vertex 85.8 3 39
      vertex 85.5227 3 40.2149
      vertex 85.6429 3 39.9248
    endloop
  endfacet
  facet normal 0 1 0
    outer loop
      vertex 83 3 41.8
      vertex 64 3 30.75
      vertex 63.1323 3 30.7013
    endloop
  endfacet
  facet normal 0 1 0
    outer loop
      vertex 85.8 3 39
      vertex 85.6429 3 39.9248
      vertex 85.7298 3 39.6231
    endloop
  endfacet
  facet normal 0 1 0
    outer loop
      vertex 83 3 41.8
      vertex 63.1323 3 30.7013
      vertex 37.5799 3 40.0799
    endloop
  endfacet
  facet normal 0 1 0
    outer loop
      vertex 37.5799 3 40.0799
      vertex 63.1323 3 30.7013
      vertex 37.7891 3 39.8458
    endloop
  endfacet
  facet normal 0 1 0
    outer loop
      vertex 85.8 3 39
      vertex 85.7298 3 39.6231
      vertex 85.7824 3 39.3135
    endloop
  endfacet
  facet normal 0 1 -0
    outer loop
      vertex 62.2755 3 30.5557
      vertex 37.7891 3 39.8458
      vertex 63.1323 3 30.7013
    endloop
  endfacet
  facet normal 0 1 0
    outer loop
      vertex 83 3 41.8
      vertex 85.8 3 39
      vertex 70.0592 3 27.832
    endloop
  endfacet
  facet normal 0 1 0
    outer loop
      vertex 37.7891 3 39.8458
      vertex 62.2755 3 30.5557
      vertex 37.9708 3 39.5897
    endloop
  endfacet
  facet normal 0 1 -0
    outer loop
      vertex 61.4403 3 30.3151
      vertex 37.9708 3 39.5897
      vertex 62.2755 3 30.5557
    endloop
  endfacet
  facet normal 0 1 -0
    outer loop
      vertex 60.6374 3 29.9825
      vertex 38.1227 3 39.3149
      vertex 61.4403 3 30.3151
    endloop
  endfacet
  facet normal 0 1 0
    outer loop
      vertex 38.1227 3 39.3149
      vertex 60.6374 3 29.9825
      vertex 38.2429 3 39.0248
    endloop
  endfacet
  facet normal 0 1 0
    outer loop
      vertex 38.2429 3 39.0248
      vertex 60.6374 3 29.9825
      vertex 38.3298 3 38.7231
    endloop
  endfacet
  facet normal 0 1 -0
    outer loop
      vertex 59.8768 3 29.5621
      vertex 38.3298 3 38.7231
      vertex 60.6374 3 29.9825
    endloop
  endfacet
  facet normal 0 1 0
    outer loop
      vertex 38.3298 3 38.7231
      vertex 59.8768 3 29.5621
      vertex 38.3824 3 38.4135
    endloop
  endfacet
  facet normal 0 1 -0
    outer loop
      vertex 59.168 3 29.0592
      vertex 38.3824 3 38.4135
      vertex 59.8768 3 29.5621
    endloop
  endfacet
  facet normal 0 1 0
    outer loop
      vertex 38.3824 3 38.4135
      vertex 59.168 3 29.0592
      vertex 38.4 3 38.1
    endloop
  endfacet
  facet normal 0 1 -0
    outer loop
      vertex 58.5199 3 28.4801
      vertex 38.4 3 38.1
      vertex 59.168 3 29.0592
    endloop
  endfacet
  facet normal 0 1 0
    outer loop
      vertex 38.4 3 38.1
      vertex 58.5199 3 28.4801
      vertex 38.3824 3 37.7865
    endloop
  endfacet
  facet normal 0 1 0
    outer loop
      vertex 38.3824 3 37.7865
      vertex 58.5199 3 28.4801
      vertex 38.3298 3 37.4769
    endloop
  endfacet
  facet normal 0 1 -0
    outer loop
      vertex 57.9408 3 27.832
      vertex 38.3298 3 37.4769
      vertex 58.5199 3 28.4801
    endloop
  endfacet
  facet normal 0 1 0
    outer loop
      vertex 38.3298 3 37.4769
      vertex 57.9408 3 27.832
      vertex 38.2429 3 37.1752
    endloop
  endfacet
  facet normal 0 1 -0
    outer loop
      vertex 57.4379 3 27.1232
      vertex 38.2429 3 37.1752
      vertex 57.9408 3 27.832
    endloop
  endfacet
  facet normal 0 1 0
    outer loop
      vertex 38.2429 3 37.1752
      vertex 57.4379 3 27.1232
      vertex 38.1227 3 36.8851
    endloop
  endfacet
  facet normal 0 1 0
    outer loop
      vertex 13.3248 3 35.4571
      vertex 13.5097 3 32.9893
      vertex 13.0231 3 35.3702
    endloop
  endfacet
  facet normal 0 1 0
    outer loop
      vertex 35.2045 3 32.7394
      vertex 35.6 3 35.3
      vertex 35.9135 3 35.3176
    endloop
  endfacet
  facet normal 0 1 -0
    outer loop
      vertex 57.0175 3 26.3626
      vertex 38.1227 3 36.8851
      vertex 57.4379 3 27.1232
    endloop
  endfacet
  facet normal 0 1 0
    outer loop
      vertex 34.6752 3 35.4571
      vertex 34.4903 3 32.9893
      vertex 34.3 3 33
    endloop
  endfacet
  facet normal 0 1 0
    outer loop
      vertex 34.9769 3 35.3702
      vertex 34.6783 3 32.9574
      vertex 34.4903 3 32.9893
    endloop
  endfacet
  facet normal 0 1 0
    outer loop
      vertex 35.2865 3 35.3176
      vertex 34.8615 3 32.9046
      vertex 34.6783 3 32.9574
    endloop
  endfacet
  facet normal 0 1 0
    outer loop
      vertex 38.1227 3 36.8851
      vertex 57.0175 3 26.3626
      vertex 37.9708 3 36.6103
    endloop
  endfacet
  facet normal -0 1 0
    outer loop
      vertex 36 3 31.3
      vertex 37.9708 3 36.6103
      vertex 57.0175 3 26.3626
    endloop
  endfacet
  facet normal 0 1 0
    outer loop
      vertex 35.6 3 35.3
      vertex 35.0376 3 32.8316
      vertex 34.8615 3 32.9046
    endloop
  endfacet
  facet normal 0 1 0
    outer loop
      vertex 37.9708 3 36.6103
      vertex 36 3 31.3
      vertex 37.7891 3 36.3542
    endloop
  endfacet
  facet normal 0 1 0
    outer loop
      vertex 35.6 3 35.3
      vertex 35.2045 3 32.7394
      vertex 35.0376 3 32.8316
    endloop
  endfacet
  facet normal 0 1 0
    outer loop
      vertex 37.7891 3 36.3542
      vertex 36 3 31.3
      vertex 37.5799 3 36.1201
    endloop
  endfacet
  facet normal 0 1 0
    outer loop
      vertex 35.9135 3 35.3176
      vertex 35.3599 3 32.6291
      vertex 35.2045 3 32.7394
    endloop
  endfacet
  facet normal 0 1 0
    outer loop
      vertex 36.2231 3 35.3702
      vertex 35.3599 3 32.6291
      vertex 35.9135 3 35.3176
    endloop
  endfacet
  facet normal -0 1 0
    outer loop
      vertex 35.9893 3 31.4903
      vertex 37.5799 3 36.1201
      vertex 36 3 31.3
    endloop
  endfacet
  facet normal -0 1 0
    outer loop
      vertex 35.3599 3 32.6291
      vertex 36.2231 3 35.3702
      vertex 35.5021 3 32.5021
    endloop
  endfacet
  facet normal -0 1 0
    outer loop
      vertex 35.9574 3 31.6783
      vertex 37.5799 3 36.1201
      vertex 35.9893 3 31.4903
    endloop
  endfacet
  facet normal 0 1 0
    outer loop
      vertex 37.9708 3 39.5897
      vertex 61.4403 3 30.3151
      vertex 38.1227 3 39.3149
    endloop
  endfacet
  facet normal 0 1 0
    outer loop
      vertex 83 3 41.8
      vertex 64.8677 3 30.7013
      vertex 64 3 30.75
    endloop
  endfacet
  facet normal 0 1 0
    outer loop
      vertex 83 3 41.8
      vertex 65.7245 3 30.5557
      vertex 64.8677 3 30.7013
    endloop
  endfacet
  facet normal 0 1 0
    outer loop
      vertex 83 3 41.8
      vertex 66.5597 3 30.3151
      vertex 65.7245 3 30.5557
    endloop
  endfacet
  facet normal 0 1 0
    outer loop
      vertex 83 3 41.8
      vertex 67.3626 3 29.9825
      vertex 66.5597 3 30.3151
    endloop
  endfacet
  facet normal 0 1 0
    outer loop
      vertex 83 3 41.8
      vertex 68.1232 3 29.5621
      vertex 67.3626 3 29.9825
    endloop
  endfacet
  facet normal 0 1 0
    outer loop
      vertex 83 3 41.8
      vertex 68.832 3 29.0592
      vertex 68.1232 3 29.5621
    endloop
  endfacet
  facet normal 0 1 0
    outer loop
      vertex 83 3 41.8
      vertex 69.4801 3 28.4801
      vertex 68.832 3 29.0592
    endloop
  endfacet
  facet normal 0 1 0
    outer loop
      vertex 83 3 41.8
      vertex 70.0592 3 27.832
      vertex 69.4801 3 28.4801
    endloop
  endfacet
  facet normal 0 1 0
    outer loop
      vertex 85.8 3 39
      vertex 70.5621 3 27.1232
      vertex 70.0592 3 27.832
    endloop
  endfacet
  facet normal 0 1 0
    outer loop
      vertex 85.8 3 39
      vertex 70.9825 3 26.3626
      vertex 70.5621 3 27.1232
    endloop
  endfacet
  facet normal 0 1 0
    outer loop
      vertex 85.8 3 39
      vertex 71.3151 3 25.5597
      vertex 70.9825 3 26.3626
    endloop
  endfacet
  facet normal 0 1 0
    outer loop
      vertex 85.8 3 39
      vertex 71.5557 3 24.7245
      vertex 71.3151 3 25.5597
    endloop
  endfacet
  facet normal 0 1 0
    outer loop
      vertex 85.8 3 39
      vertex 71.7013 3 23.8677
      vertex 71.5557 3 24.7245
    endloop
  endfacet
  facet normal 0 1 0
    outer loop
      vertex 85.8 3 39
      vertex 71.75 3 23
      vertex 71.7013 3 23.8677
    endloop
  endfacet
  facet normal 0 1 -0
    outer loop
      vertex 85.8 3 5.4
      vertex 71.75 3 23
      vertex 85.8 3 39
    endloop
  endfacet
  facet normal 0 1 0
    outer loop
      vertex 71.75 3 23
      vertex 85.8 3 5.4
      vertex 71.7013 3 22.1323
    endloop
  endfacet
  facet normal 0 1 0
    outer loop
      vertex 71.7013 3 22.1323
      vertex 85.8 3 5.4
      vertex 71.5557 3 21.2755
    endloop
  endfacet
  facet normal 0 1 0
    outer loop
      vertex 71.5557 3 21.2755
      vertex 85.8 3 5.4
      vertex 71.3151 3 20.4403
    endloop
  endfacet
  facet normal 0 1 0
    outer loop
      vertex 71.3151 3 20.4403
      vertex 85.8 3 5.4
      vertex 70.9825 3 19.6374
    endloop
  endfacet
  facet normal 0 1 0
    outer loop
      vertex 70.9825 3 19.6374
      vertex 85.8 3 5.4
      vertex 70.5621 3 18.8768
    endloop
  endfacet
  facet normal 0 1 0
    outer loop
      vertex 57.4379 3 18.8768
      vertex 38.4 3 14.9
      vertex 38.3824 3 15.2135
    endloop
  endfacet
  facet normal 0 1 0
    outer loop
      vertex 63.1323 3 15.2987
      vertex 38.3824 3 14.5865
      vertex 38.4 3 14.9
    endloop
  endfacet
  facet normal 0 1 0
    outer loop
      vertex 63.1323 3 15.2987
      vertex 38.3298 3 14.2769
      vertex 38.3824 3 14.5865
    endloop
  endfacet
  facet normal 0 1 0
    outer loop
      vertex 63.1323 3 15.2987
      vertex 38.2429 3 13.9752
      vertex 38.3298 3 14.2769
    endloop
  endfacet
  facet normal 0 1 0
    outer loop
      vertex 63.1323 3 15.2987
      vertex 38.1227 3 13.6851
      vertex 38.2429 3 13.9752
    endloop
  endfacet
  facet normal 0 1 0
    outer loop
      vertex 83 3 2.6
      vertex 64 3 15.25
      vertex 64.8677 3 15.2987
    endloop
  endfacet
  facet normal 0 1 0
    outer loop
      vertex 63.1323 3 15.2987
      vertex 37.9708 3 13.4103
      vertex 38.1227 3 13.6851
    endloop
  endfacet
  facet normal 0 1 0
    outer loop
      vertex 63.1323 3 15.2987
      vertex 37.7891 3 13.1542
      vertex 37.9708 3 13.4103
    endloop
  endfacet
  facet normal 0 1 0
    outer loop
      vertex 63.1323 3 15.2987
      vertex 37.5799 3 12.9201
      vertex 37.7891 3 13.1542
    endloop
  endfacet
  facet normal 0 1 0
    outer loop
      vertex 63.1323 3 15.2987
      vertex 37.3458 3 12.7109
      vertex 37.5799 3 12.9201
    endloop
  endfacet
  facet normal 0 1 0
    outer loop
      vertex 63.1323 3 15.2987
      vertex 37.0897 3 12.5292
      vertex 37.3458 3 12.7109
    endloop
  endfacet
  facet normal 0 1 0
    outer loop
      vertex 63.1323 3 15.2987
      vertex 36.8149 3 12.3773
      vertex 37.0897 3 12.5292
    endloop
  endfacet
  facet normal 0 1 0
    outer loop
      vertex 63.1323 3 15.2987
      vertex 83 3 2.6
      vertex 36.8149 3 12.3773
    endloop
  endfacet
  facet normal 0 1 0
    outer loop
      vertex 36.8149 3 12.3773
      vertex 83 3 2.6
      vertex 36.5248 3 12.2571
    endloop
  endfacet
  facet normal -0 1 0
    outer loop
      vertex 26.1199 3 5.84177
      vertex 36.5248 3 12.2571
      vertex 83 3 2.6
    endloop
  endfacet
  facet normal 0 1 0
    outer loop
      vertex 14.9227 3 13.6851
      vertex 21.1211 3 10.3089
      vertex 14.7708 3 13.4103
    endloop
  endfacet
  facet normal 0 1 0
    outer loop
      vertex 35.2865 3 12.1176
      vertex 24.3807 3 11.8786
      vertex 24 3 11.9
    endloop
  endfacet
  facet normal 0 1 0
    outer loop
      vertex 35.2865 3 12.1176
      vertex 24.7566 3 11.8148
      vertex 24.3807 3 11.8786
    endloop
  endfacet
  facet normal 0 1 0
    outer loop
      vertex 35.2865 3 12.1176
      vertex 25.1229 3 11.7092
      vertex 24.7566 3 11.8148
    endloop
  endfacet
  facet normal 0 1 0
    outer loop
      vertex 35.2865 3 12.1176
      vertex 25.4752 3 11.5633
      vertex 25.1229 3 11.7092
    endloop
  endfacet
  facet normal 0 1 0
    outer loop
      vertex 35.2865 3 12.1176
      vertex 25.8089 3 11.3789
      vertex 25.4752 3 11.5633
    endloop
  endfacet
  facet normal 0 1 0
    outer loop
      vertex 26.8789 3 6.69109
      vertex 35.6 3 12.1
      vertex 35.9135 3 12.1176
    endloop
  endfacet
  facet normal 0 1 0
    outer loop
      vertex 35.2865 3 12.1176
      vertex 26.1199 3 11.1582
      vertex 25.8089 3 11.3789
    endloop
  endfacet
  facet normal 0 1 0
    outer loop
      vertex 35.2865 3 12.1176
      vertex 26.4042 3 10.9042
      vertex 26.1199 3 11.1582
    endloop
  endfacet
  facet normal -0 1 0
    outer loop
      vertex 26.4042 3 6.09584
      vertex 36.5248 3 12.2571
      vertex 26.1199 3 5.84177
    endloop
  endfacet
  facet normal 0 1 0
    outer loop
      vertex 35.2865 3 12.1176
      vertex 26.6582 3 10.6199
      vertex 26.4042 3 10.9042
    endloop
  endfacet
  facet normal 0 1 0
    outer loop
      vertex 35.2865 3 12.1176
      vertex 26.8789 3 10.3089
      vertex 26.6582 3 10.6199
    endloop
  endfacet
  facet normal 0 1 0
    outer loop
      vertex 35.2865 3 12.1176
      vertex 27.0633 3 9.9752
      vertex 26.8789 3 10.3089
    endloop
  endfacet
  facet normal 0 1 0
    outer loop
      vertex 35.2865 3 12.1176
      vertex 27.2092 3 9.62295
      vertex 27.0633 3 9.9752
    endloop
  endfacet
  facet normal 0 1 0
    outer loop
      vertex 35.2865 3 12.1176
      vertex 27.3148 3 9.25657
      vertex 27.2092 3 9.62295
    endloop
  endfacet
  facet normal 0 1 0
    outer loop
      vertex 35.2865 3 12.1176
      vertex 27.3786 3 8.88068
      vertex 27.3148 3 9.25657
    endloop
  endfacet
  facet normal 0 1 0
    outer loop
      vertex 83 3 2.6
      vertex 64.8677 3 15.2987
      vertex 65.7245 3 15.4443
    endloop
  endfacet
  facet normal 0 1 0
    outer loop
      vertex 35.2865 3 12.1176
      vertex 27.4 3 8.5
      vertex 27.3786 3 8.88068
    endloop
  endfacet
  facet normal 0 1 0
    outer loop
      vertex 35.2865 3 12.1176
      vertex 27.3786 3 8.11932
      vertex 27.4 3 8.5
    endloop
  endfacet
  facet normal 0 1 0
    outer loop
      vertex 35.2865 3 12.1176
      vertex 27.3148 3 7.74343
      vertex 27.3786 3 8.11932
    endloop
  endfacet
  facet normal 0 1 0
    outer loop
      vertex 35.2865 3 12.1176
      vertex 27.2092 3 7.37705
      vertex 27.3148 3 7.74343
    endloop
  endfacet
  facet normal 0 1 0
    outer loop
      vertex 35.2865 3 12.1176
      vertex 27.0633 3 7.02479
      vertex 27.2092 3 7.37705
    endloop
  endfacet
  facet normal 0 1 0
    outer loop
      vertex 35.6 3 12.1
      vertex 26.8789 3 6.69109
      vertex 27.0633 3 7.02479
    endloop
  endfacet
  facet normal 0 1 0
    outer loop
      vertex 35.9135 3 12.1176
      vertex 26.6582 3 6.38013
      vertex 26.8789 3 6.69109
    endloop
  endfacet
  facet normal 0 1 0
    outer loop
      vertex 36.2231 3 12.1702
      vertex 26.6582 3 6.38013
      vertex 35.9135 3 12.1176
    endloop
  endfacet
  facet normal 0 1 0
    outer loop
      vertex 36.5248 3 12.2571
      vertex 26.4042 3 6.09584
      vertex 36.2231 3 12.1702
    endloop
  endfacet
  facet normal -0 1 0
    outer loop
      vertex 26.6582 3 6.38013
      vertex 36.2231 3 12.1702
      vertex 26.4042 3 6.09584
    endloop
  endfacet
  facet normal 0 1 0
    outer loop
      vertex 26.1199 3 5.84177
      vertex 83 3 2.6
      vertex 25.8089 3 5.62114
    endloop
  endfacet
  facet normal 0 1 0
    outer loop
      vertex 70.5621 3 18.8768
      vertex 85.8 3 5.4
      vertex 70.0592 3 18.168
    endloop
  endfacet
  facet normal 0 1 0
    outer loop
      vertex 85.8 3 5.4
      vertex 69.4801 3 17.5199
      vertex 70.0592 3 18.168
    endloop
  endfacet
  facet normal 0 1 -0
    outer loop
      vertex 83 3 2.6
      vertex 69.4801 3 17.5199
      vertex 85.8 3 5.4
    endloop
  endfacet
  facet normal 0 1 0
    outer loop
      vertex 69.4801 3 17.5199
      vertex 83 3 2.6
      vertex 68.832 3 16.9408
    endloop
  endfacet
  facet normal 0 1 0
    outer loop
      vertex 68.832 3 16.9408
      vertex 83 3 2.6
      vertex 68.1232 3 16.4379
    endloop
  endfacet
  facet normal 0 1 0
    outer loop
      vertex 68.1232 3 16.4379
      vertex 83 3 2.6
      vertex 67.3626 3 16.0175
    endloop
  endfacet
  facet normal 0 1 0
    outer loop
      vertex 67.3626 3 16.0175
      vertex 83 3 2.6
      vertex 66.5597 3 15.6849
    endloop
  endfacet
  facet normal 0 1 0
    outer loop
      vertex 66.5597 3 15.6849
      vertex 83 3 2.6
      vertex 65.7245 3 15.4443
    endloop
  endfacet
  facet normal 0 1 0
    outer loop
      vertex 25.8089 3 5.62114
      vertex 83 3 2.6
      vertex 25.4752 3 5.43671
    endloop
  endfacet
  facet normal 0 1 0
    outer loop
      vertex 25.4752 3 5.43671
      vertex 83 3 2.6
      vertex 25.1229 3 5.2908
    endloop
  endfacet
  facet normal 0 1 0
    outer loop
      vertex 25.1229 3 5.2908
      vertex 83 3 2.6
      vertex 24.7566 3 5.18524
    endloop
  endfacet
  facet normal 0 1 0
    outer loop
      vertex 24.7566 3 5.18524
      vertex 83 3 2.6
      vertex 24.3807 3 5.12138
    endloop
  endfacet
  facet normal 0 1 0
    outer loop
      vertex 83 3 2.6
      vertex 85.8 3 5.4
      vertex 85.7824 3 5.0865
    endloop
  endfacet
  facet normal 0 1 -0
    outer loop
      vertex 10.4201 3 40.0799
      vertex 5 3 41.8
      vertex 10.6542 3 40.2891
    endloop
  endfacet
  facet normal 0 1 -0
    outer loop
      vertex 10.2109 3 39.8458
      vertex 5 3 41.8
      vertex 10.4201 3 40.0799
    endloop
  endfacet
  facet normal 0 1 -0
    outer loop
      vertex 10.0292 3 39.5897
      vertex 5 3 41.8
      vertex 10.2109 3 39.8458
    endloop
  endfacet
  facet normal 0 1 -0
    outer loop
      vertex 9.87729 3 39.3149
      vertex 5 3 41.8
      vertex 10.0292 3 39.5897
    endloop
  endfacet
  facet normal 0 1 -0
    outer loop
      vertex 9.75713 3 39.0248
      vertex 5 3 41.8
      vertex 9.87729 3 39.3149
    endloop
  endfacet
  facet normal 0 1 -0
    outer loop
      vertex 9.6702 3 38.7231
      vertex 5 3 41.8
      vertex 9.75713 3 39.0248
    endloop
  endfacet
  facet normal 0 1 -0
    outer loop
      vertex 9.61761 3 38.4135
      vertex 5 3 41.8
      vertex 9.6702 3 38.7231
    endloop
  endfacet
  facet normal 0 1 -0
    outer loop
      vertex 9.6 3 38.1
      vertex 5 3 41.8
      vertex 9.61761 3 38.4135
    endloop
  endfacet
  facet normal -0 1 0
    outer loop
      vertex 2.2 3 39
      vertex 5 3 41.8
      vertex 9.6 3 38.1
    endloop
  endfacet
  facet normal 0 1 0
    outer loop
      vertex 5 3 41.8
      vertex 2.2 3 39
      vertex 4.6865 3 41.7824
    endloop
  endfacet
  facet normal 0 1 0
    outer loop
      vertex 4.6865 3 41.7824
      vertex 2.2 3 39
      vertex 4.37694 3 41.7298
    endloop
  endfacet
  facet normal 0 1 0
    outer loop
      vertex 4.07522 3 41.6429
      vertex 2.2 3 39
      vertex 3.78512 3 41.5227
    endloop
  endfacet
  facet normal 0 1 0
    outer loop
      vertex 3.78512 3 41.5227
      vertex 2.2 3 39
      vertex 3.51031 3 41.3708
    endloop
  endfacet
  facet normal 0 1 0
    outer loop
      vertex 3.51031 3 41.3708
      vertex 2.2 3 39
      vertex 3.25423 3 41.1891
    endloop
  endfacet
  facet normal 0 1 0
    outer loop
      vertex 3.25423 3 41.1891
      vertex 2.2 3 39
      vertex 3.0201 3 40.9799
    endloop
  endfacet
  facet normal 0 1 0
    outer loop
      vertex 3.0201 3 40.9799
      vertex 2.2 3 39
      vertex 2.81087 3 40.7458
    endloop
  endfacet
  facet normal 0 1 0
    outer loop
      vertex 2.81087 3 40.7458
      vertex 2.2 3 39
      vertex 2.62917 3 40.4897
    endloop
  endfacet
  facet normal 0 1 0
    outer loop
      vertex 2.62917 3 40.4897
      vertex 2.2 3 39
      vertex 2.47729 3 40.2149
    endloop
  endfacet
  facet normal 0 1 0
    outer loop
      vertex 2.47729 3 40.2149
      vertex 2.2 3 39
      vertex 2.35713 3 39.9248
    endloop
  endfacet
  facet normal 0 1 0
    outer loop
      vertex 2.35713 3 39.9248
      vertex 2.2 3 39
      vertex 2.2702 3 39.6231
    endloop
  endfacet
  facet normal 0 1 0
    outer loop
      vertex 2.2702 3 39.6231
      vertex 2.2 3 39
      vertex 2.21761 3 39.3135
    endloop
  endfacet
  facet normal 0 1 0
    outer loop
      vertex 4.37694 3 41.7298
      vertex 2.2 3 39
      vertex 4.07522 3 41.6429
    endloop
  endfacet
  facet normal 0 1 0
    outer loop
      vertex 9.61761 3 37.7865
      vertex 2.2 3 39
      vertex 9.6 3 38.1
    endloop
  endfacet
  facet normal 0 1 0
    outer loop
      vertex 9.6702 3 37.4769
      vertex 2.2 3 39
      vertex 9.61761 3 37.7865
    endloop
  endfacet
  facet normal 0 1 0
    outer loop
      vertex 9.75713 3 37.1752
      vertex 2.2 3 39
      vertex 9.6702 3 37.4769
    endloop
  endfacet
  facet normal 0 1 0
    outer loop
      vertex 9.87729 3 36.8851
      vertex 2.2 3 39
      vertex 9.75713 3 37.1752
    endloop
  endfacet
  facet normal 0 1 0
    outer loop
      vertex 10.0292 3 36.6103
      vertex 2.2 3 39
      vertex 9.87729 3 36.8851
    endloop
  endfacet
  facet normal 0 1 0
    outer loop
      vertex 10.2109 3 36.3542
      vertex 2.2 3 39
      vertex 10.0292 3 36.6103
    endloop
  endfacet
  facet normal 0 1 0
    outer loop
      vertex 12 3 31.3
      vertex 10.2109 3 36.3542
      vertex 10.4201 3 36.1201
    endloop
  endfacet
  facet normal 0 1 0
    outer loop
      vertex 12.0426 3 31.6783
      vertex 10.4201 3 36.1201
      vertex 10.6542 3 35.9109
    endloop
  endfacet
  facet normal 0 1 0
    outer loop
      vertex 12.0954 3 31.8615
      vertex 10.6542 3 35.9109
      vertex 10.9103 3 35.7292
    endloop
  endfacet
  facet normal 0 1 0
    outer loop
      vertex 12.1684 3 32.0376
      vertex 10.9103 3 35.7292
      vertex 11.1851 3 35.5773
    endloop
  endfacet
  facet normal 0 1 0
    outer loop
      vertex 12.2606 3 32.2045
      vertex 11.1851 3 35.5773
      vertex 11.4752 3 35.4571
    endloop
  endfacet
  facet normal 0 1 -0
    outer loop
      vertex 13.3217 3 32.9574
      vertex 13.0231 3 35.3702
      vertex 13.5097 3 32.9893
    endloop
  endfacet
  facet normal 0 1 0
    outer loop
      vertex 13.0231 3 35.3702
      vertex 13.3217 3 32.9574
      vertex 12.7135 3 35.3176
    endloop
  endfacet
  facet normal 0 1 -0
    outer loop
      vertex 13.1385 3 32.9046
      vertex 12.7135 3 35.3176
      vertex 13.3217 3 32.9574
    endloop
  endfacet
  facet normal 0 1 0
    outer loop
      vertex 12.7135 3 35.3176
      vertex 13.1385 3 32.9046
      vertex 12.4 3 35.3
    endloop
  endfacet
  facet normal 0 1 -0
    outer loop
      vertex 12.9624 3 32.8316
      vertex 12.4 3 35.3
      vertex 13.1385 3 32.9046
    endloop
  endfacet
  facet normal 0 1 -0
    outer loop
      vertex 12.7955 3 32.7394
      vertex 12.4 3 35.3
      vertex 12.9624 3 32.8316
    endloop
  endfacet
  facet normal 0 1 0
    outer loop
      vertex 12.4 3 35.3
      vertex 12.7955 3 32.7394
      vertex 12.0865 3 35.3176
    endloop
  endfacet
  facet normal 0 1 -0
    outer loop
      vertex 12.6401 3 32.6291
      vertex 12.0865 3 35.3176
      vertex 12.7955 3 32.7394
    endloop
  endfacet
  facet normal 0 1 0
    outer loop
      vertex 12.0865 3 35.3176
      vertex 12.6401 3 32.6291
      vertex 11.7769 3 35.3702
    endloop
  endfacet
  facet normal 0 1 -0
    outer loop
      vertex 12.4979 3 32.5021
      vertex 11.7769 3 35.3702
      vertex 12.6401 3 32.6291
    endloop
  endfacet
  facet normal 0 1 0
    outer loop
      vertex 11.7769 3 35.3702
      vertex 12.4979 3 32.5021
      vertex 11.4752 3 35.4571
    endloop
  endfacet
  facet normal 0 1 -0
    outer loop
      vertex 12.3709 3 32.3599
      vertex 11.4752 3 35.4571
      vertex 12.4979 3 32.5021
    endloop
  endfacet
  facet normal 0 1 -0
    outer loop
      vertex 12.2606 3 32.2045
      vertex 11.4752 3 35.4571
      vertex 12.3709 3 32.3599
    endloop
  endfacet
  facet normal 0 1 0
    outer loop
      vertex 11.1851 3 35.5773
      vertex 12.2606 3 32.2045
      vertex 12.1684 3 32.0376
    endloop
  endfacet
  facet normal 0 1 0
    outer loop
      vertex 10.9103 3 35.7292
      vertex 12.1684 3 32.0376
      vertex 12.0954 3 31.8615
    endloop
  endfacet
  facet normal 0 1 0
    outer loop
      vertex 10.6542 3 35.9109
      vertex 12.0954 3 31.8615
      vertex 12.0426 3 31.6783
    endloop
  endfacet
  facet normal 0 1 0
    outer loop
      vertex 10.4201 3 36.1201
      vertex 12.0426 3 31.6783
      vertex 12.0107 3 31.4903
    endloop
  endfacet
  facet normal 0 1 0
    outer loop
      vertex 10.4201 3 36.1201
      vertex 12.0107 3 31.4903
      vertex 12 3 31.3
    endloop
  endfacet
  facet normal 0 1 0
    outer loop
      vertex 10.2109 3 36.3542
      vertex 12 3 31.3
      vertex 2.2 3 39
    endloop
  endfacet
  facet normal 0 1 -0
    outer loop
      vertex 12 3 21.7
      vertex 2.2 3 39
      vertex 12 3 31.3
    endloop
  endfacet
  facet normal 0 1 0
    outer loop
      vertex 10.2109 3 16.6458
      vertex 12 3 21.7
      vertex 12.0107 3 21.5097
    endloop
  endfacet
  facet normal 0 1 0
    outer loop
      vertex 10.4201 3 16.8799
      vertex 12.0107 3 21.5097
      vertex 12.0426 3 21.3217
    endloop
  endfacet
  facet normal 0 1 0
    outer loop
      vertex 10.6542 3 17.0891
      vertex 12.0426 3 21.3217
      vertex 12.0954 3 21.1385
    endloop
  endfacet
  facet normal 0 1 0
    outer loop
      vertex 10.9103 3 17.2708
      vertex 12.0954 3 21.1385
      vertex 12.1684 3 20.9624
    endloop
  endfacet
  facet normal 0 1 0
    outer loop
      vertex 11.1851 3 17.4227
      vertex 12.1684 3 20.9624
      vertex 12.2606 3 20.7955
    endloop
  endfacet
  facet normal 0 1 0
    outer loop
      vertex 35.3599 3 20.3709
      vertex 35.9135 3 17.6824
      vertex 35.2045 3 20.2606
    endloop
  endfacet
  facet normal 0 1 0
    outer loop
      vertex 38.4 3 14.9
      vertex 57.4379 3 18.8768
      vertex 57.9408 3 18.168
    endloop
  endfacet
  facet normal 0 1 0
    outer loop
      vertex 34.6783 3 20.0426
      vertex 34.9769 3 17.6298
      vertex 34.4903 3 20.0107
    endloop
  endfacet
  facet normal 0 1 -0
    outer loop
      vertex 34.6752 3 17.5429
      vertex 34.4903 3 20.0107
      vertex 34.9769 3 17.6298
    endloop
  endfacet
  facet normal 0 1 0
    outer loop
      vertex 34.4903 3 20.0107
      vertex 34.6752 3 17.5429
      vertex 34.3 3 20
    endloop
  endfacet
  facet normal 0 1 0
    outer loop
      vertex 12.7135 3 17.6824
      vertex 13.3217 3 20.0426
      vertex 13.5097 3 20.0107
    endloop
  endfacet
  facet normal 0 1 0
    outer loop
      vertex 12.7135 3 17.6824
      vertex 13.1385 3 20.0954
      vertex 13.3217 3 20.0426
    endloop
  endfacet
  facet normal 0 1 0
    outer loop
      vertex 12.4 3 17.7
      vertex 12.9624 3 20.1684
      vertex 13.1385 3 20.0954
    endloop
  endfacet
  facet normal 0 1 0
    outer loop
      vertex 12.4 3 17.7
      vertex 12.7955 3 20.2606
      vertex 12.9624 3 20.1684
    endloop
  endfacet
  facet normal 0 1 0
    outer loop
      vertex 12.0865 3 17.6824
      vertex 12.7955 3 20.2606
      vertex 12.4 3 17.7
    endloop
  endfacet
  facet normal 0 1 0
    outer loop
      vertex 12.7955 3 20.2606
      vertex 12.0865 3 17.6824
      vertex 12.6401 3 20.3709
    endloop
  endfacet
  facet normal 0 1 0
    outer loop
      vertex 11.7769 3 17.6298
      vertex 12.6401 3 20.3709
      vertex 12.0865 3 17.6824
    endloop
  endfacet
  facet normal 0 1 0
    outer loop
      vertex 12.6401 3 20.3709
      vertex 11.7769 3 17.6298
      vertex 12.4979 3 20.4979
    endloop
  endfacet
  facet normal 0 1 0
    outer loop
      vertex 11.4752 3 17.5429
      vertex 12.4979 3 20.4979
      vertex 11.7769 3 17.6298
    endloop
  endfacet
  facet normal 0 1 0
    outer loop
      vertex 12.4979 3 20.4979
      vertex 11.4752 3 17.5429
      vertex 12.3709 3 20.6401
    endloop
  endfacet
  facet normal 0 1 0
    outer loop
      vertex 12.3709 3 20.6401
      vertex 11.4752 3 17.5429
      vertex 12.2606 3 20.7955
    endloop
  endfacet
  facet normal 0 1 0
    outer loop
      vertex 11.1851 3 17.4227
      vertex 12.2606 3 20.7955
      vertex 11.4752 3 17.5429
    endloop
  endfacet
  facet normal 0 1 0
    outer loop
      vertex 12.1684 3 20.9624
      vertex 11.1851 3 17.4227
      vertex 10.9103 3 17.2708
    endloop
  endfacet
  facet normal 0 1 0
    outer loop
      vertex 12.0954 3 21.1385
      vertex 10.9103 3 17.2708
      vertex 10.6542 3 17.0891
    endloop
  endfacet
  facet normal 0 1 0
    outer loop
      vertex 12.0426 3 21.3217
      vertex 10.6542 3 17.0891
      vertex 10.4201 3 16.8799
    endloop
  endfacet
  facet normal 0 1 0
    outer loop
      vertex 12.0107 3 21.5097
      vertex 10.4201 3 16.8799
      vertex 10.2109 3 16.6458
    endloop
  endfacet
  facet normal 0 1 0
    outer loop
      vertex 12 3 21.7
      vertex 10.2109 3 16.6458
      vertex 10.0292 3 16.3897
    endloop
  endfacet
  facet normal 0 1 0
    outer loop
      vertex 12 3 21.7
      vertex 10.0292 3 16.3897
      vertex 2.2 3 39
    endloop
  endfacet
  facet normal 0 1 -0
    outer loop
      vertex 9.87729 3 16.1149
      vertex 2.2 3 39
      vertex 10.0292 3 16.3897
    endloop
  endfacet
  facet normal 0 1 -0
    outer loop
      vertex 9.75713 3 15.8248
      vertex 2.2 3 39
      vertex 9.87729 3 16.1149
    endloop
  endfacet
  facet normal 0 1 0
    outer loop
      vertex 2.2 3 5.4
      vertex 9.75713 3 15.8248
      vertex 9.6702 3 15.5231
    endloop
  endfacet
  facet normal 0 1 0
    outer loop
      vertex 2.2 3 5.4
      vertex 9.6702 3 15.5231
      vertex 9.61761 3 15.2135
    endloop
  endfacet
  facet normal 0 1 0
    outer loop
      vertex 2.2 3 5.4
      vertex 9.61761 3 15.2135
      vertex 9.6 3 14.9
    endloop
  endfacet
  facet normal 0 1 0
    outer loop
      vertex 2.2 3 5.4
      vertex 9.6 3 14.9
      vertex 9.61761 3 14.5865
    endloop
  endfacet
  facet normal 0 1 0
    outer loop
      vertex 2.2 3 5.4
      vertex 9.61761 3 14.5865
      vertex 9.6702 3 14.2769
    endloop
  endfacet
  facet normal 0 1 0
    outer loop
      vertex 2.2 3 5.4
      vertex 9.6702 3 14.2769
      vertex 9.75713 3 13.9752
    endloop
  endfacet
  facet normal 0 1 -0
    outer loop
      vertex 20.9367 3 9.9752
      vertex 14.7708 3 13.4103
      vertex 21.1211 3 10.3089
    endloop
  endfacet
  facet normal 0 1 0
    outer loop
      vertex 14.7708 3 13.4103
      vertex 20.9367 3 9.9752
      vertex 14.5891 3 13.1542
    endloop
  endfacet
  facet normal 0 1 -0
    outer loop
      vertex 20.7908 3 9.62295
      vertex 14.5891 3 13.1542
      vertex 20.9367 3 9.9752
    endloop
  endfacet
  facet normal 0 1 0
    outer loop
      vertex 14.5891 3 13.1542
      vertex 20.7908 3 9.62295
      vertex 14.3799 3 12.9201
    endloop
  endfacet
  facet normal 0 1 -0
    outer loop
      vertex 20.6852 3 9.25657
      vertex 14.3799 3 12.9201
      vertex 20.7908 3 9.62295
    endloop
  endfacet
  facet normal 0 1 0
    outer loop
      vertex 14.3799 3 12.9201
      vertex 20.6852 3 9.25657
      vertex 14.1458 3 12.7109
    endloop
  endfacet
  facet normal 0 1 -0
    outer loop
      vertex 20.6214 3 8.88068
      vertex 14.1458 3 12.7109
      vertex 20.6852 3 9.25657
    endloop
  endfacet
  facet normal 0 1 0
    outer loop
      vertex 14.1458 3 12.7109
      vertex 20.6214 3 8.88068
      vertex 13.8897 3 12.5292
    endloop
  endfacet
  facet normal 0 1 -0
    outer loop
      vertex 20.6 3 8.5
      vertex 13.8897 3 12.5292
      vertex 20.6214 3 8.88068
    endloop
  endfacet
  facet normal 0 1 0
    outer loop
      vertex 13.8897 3 12.5292
      vertex 20.6 3 8.5
      vertex 13.6149 3 12.3773
    endloop
  endfacet
  facet normal 0 1 0
    outer loop
      vertex 20.6214 3 8.11932
      vertex 13.6149 3 12.3773
      vertex 20.6 3 8.5
    endloop
  endfacet
  facet normal 0 1 0
    outer loop
      vertex 13.6149 3 12.3773
      vertex 20.6214 3 8.11932
      vertex 13.3248 3 12.2571
    endloop
  endfacet
  facet normal 0 1 0
    outer loop
      vertex 20.6852 3 7.74343
      vertex 13.3248 3 12.2571
      vertex 20.6214 3 8.11932
    endloop
  endfacet
  facet normal 0 1 0
    outer loop
      vertex 13.3248 3 12.2571
      vertex 20.6852 3 7.74343
      vertex 13.0231 3 12.1702
    endloop
  endfacet
  facet normal 0 1 0
    outer loop
      vertex 20.7908 3 7.37705
      vertex 13.0231 3 12.1702
      vertex 20.6852 3 7.74343
    endloop
  endfacet
  facet normal 0 1 0
    outer loop
      vertex 13.0231 3 12.1702
      vertex 20.7908 3 7.37705
      vertex 12.7135 3 12.1176
    endloop
  endfacet
  facet normal 0 1 0
    outer loop
      vertex 20.9367 3 7.02479
      vertex 12.7135 3 12.1176
      vertex 20.7908 3 7.37705
    endloop
  endfacet
  facet normal 0 1 0
    outer loop
      vertex 5 3 2.6
      vertex 12.7135 3 12.1176
      vertex 20.9367 3 7.02479
    endloop
  endfacet
  facet normal 0 1 0
    outer loop
      vertex 12.7135 3 12.1176
      vertex 5 3 2.6
      vertex 12.4 3 12.1
    endloop
  endfacet
  facet normal 0 1 0
    outer loop
      vertex 12.0865 3 12.1176
      vertex 5 3 2.6
      vertex 11.7769 3 12.1702
    endloop
  endfacet
  facet normal 0 1 0
    outer loop
      vertex 11.7769 3 12.1702
      vertex 5 3 2.6
      vertex 11.4752 3 12.2571
    endloop
  endfacet
  facet normal 0 1 0
    outer loop
      vertex 12.4 3 12.1
      vertex 5 3 2.6
      vertex 12.0865 3 12.1176
    endloop
  endfacet
  facet normal 0 1 0
    outer loop
      vertex 5 3 2.6
      vertex 20.9367 3 7.02479
      vertex 21.1211 3 6.69109
    endloop
  endfacet
  facet normal 0 1 0
    outer loop
      vertex 11.4752 3 12.2571
      vertex 5 3 2.6
      vertex 11.1851 3 12.3773
    endloop
  endfacet
  facet normal 0 1 0
    outer loop
      vertex 5 3 2.6
      vertex 21.1211 3 6.69109
      vertex 21.3418 3 6.38013
    endloop
  endfacet
  facet normal 0 1 0
    outer loop
      vertex 5 3 2.6
      vertex 21.3418 3 6.38013
      vertex 21.5958 3 6.09584
    endloop
  endfacet
  facet normal 0 1 0
    outer loop
      vertex 5 3 2.6
      vertex 21.5958 3 6.09584
      vertex 21.8801 3 5.84177
    endloop
  endfacet
  facet normal 0 1 0
    outer loop
      vertex 5 3 2.6
      vertex 21.8801 3 5.84177
      vertex 22.1911 3 5.62114
    endloop
  endfacet
  facet normal 0 1 0
    outer loop
      vertex 9.75713 3 15.8248
      vertex 2.2 3 5.4
      vertex 2.2 3 39
    endloop
  endfacet
  facet normal 0 1 0
    outer loop
      vertex 9.87729 3 13.6851
      vertex 2.2 3 5.4
      vertex 9.75713 3 13.9752
    endloop
  endfacet
  facet normal 0 1 0
    outer loop
      vertex 10.0292 3 13.4103
      vertex 2.2 3 5.4
      vertex 9.87729 3 13.6851
    endloop
  endfacet
  facet normal 0 1 0
    outer loop
      vertex 10.2109 3 13.1542
      vertex 2.2 3 5.4
      vertex 10.0292 3 13.4103
    endloop
  endfacet
  facet normal 0 1 0
    outer loop
      vertex 10.4201 3 12.9201
      vertex 2.2 3 5.4
      vertex 10.2109 3 13.1542
    endloop
  endfacet
  facet normal 0 1 0
    outer loop
      vertex 10.6542 3 12.7109
      vertex 2.2 3 5.4
      vertex 10.4201 3 12.9201
    endloop
  endfacet
  facet normal 0 1 0
    outer loop
      vertex 10.9103 3 12.5292
      vertex 2.2 3 5.4
      vertex 10.6542 3 12.7109
    endloop
  endfacet
  facet normal 0 1 0
    outer loop
      vertex 11.1851 3 12.3773
      vertex 5 3 2.6
      vertex 10.9103 3 12.5292
    endloop
  endfacet
  facet normal 0 1 0
    outer loop
      vertex 5 3 2.6
      vertex 22.1911 3 5.62114
      vertex 22.5248 3 5.43671
    endloop
  endfacet
  facet normal 0 1 0
    outer loop
      vertex 5 3 2.6
      vertex 22.5248 3 5.43671
      vertex 22.8771 3 5.2908
    endloop
  endfacet
  facet normal 0 1 0
    outer loop
      vertex 5 3 2.6
      vertex 22.8771 3 5.2908
      vertex 23.2434 3 5.18524
    endloop
  endfacet
  facet normal 0 1 0
    outer loop
      vertex 5 3 2.6
      vertex 23.2434 3 5.18524
      vertex 23.6193 3 5.12138
    endloop
  endfacet
  facet normal 0 1 0
    outer loop
      vertex 5 3 2.6
      vertex 23.6193 3 5.12138
      vertex 24 3 5.1
    endloop
  endfacet
  facet normal 0 1 0
    outer loop
      vertex 10.9103 3 12.5292
      vertex 5 3 2.6
      vertex 2.2 3 5.4
    endloop
  endfacet
  facet normal 0 1 0
    outer loop
      vertex 5 3 2.6
      vertex 24.3807 3 5.12138
      vertex 83 3 2.6
    endloop
  endfacet
  facet normal 0 1 0
    outer loop
      vertex 83 3 2.6
      vertex 85.7824 3 5.0865
      vertex 85.7298 3 4.77694
    endloop
  endfacet
  facet normal 0 1 0
    outer loop
      vertex 24.3807 3 5.12138
      vertex 5 3 2.6
      vertex 24 3 5.1
    endloop
  endfacet
  facet normal 0 1 0
    outer loop
      vertex 83 3 2.6
      vertex 85.7298 3 4.77694
      vertex 85.6429 3 4.47522
    endloop
  endfacet
  facet normal 0 1 0
    outer loop
      vertex 2.2 3 5.4
      vertex 5 3 2.6
      vertex 2.21761 3 5.0865
    endloop
  endfacet
  facet normal 0 1 0
    outer loop
      vertex 83 3 2.6
      vertex 85.6429 3 4.47522
      vertex 85.5227 3 4.18512
    endloop
  endfacet
  facet normal 0 1 0
    outer loop
      vertex 2.21761 3 5.0865
      vertex 5 3 2.6
      vertex 2.2702 3 4.77694
    endloop
  endfacet
  facet normal 0 1 0
    outer loop
      vertex 83 3 2.6
      vertex 85.5227 3 4.18512
      vertex 85.3708 3 3.91031
    endloop
  endfacet
  facet normal 0 1 0
    outer loop
      vertex 2.2702 3 4.77694
      vertex 5 3 2.6
      vertex 2.35713 3 4.47522
    endloop
  endfacet
  facet normal 0 1 0
    outer loop
      vertex 83 3 2.6
      vertex 85.3708 3 3.91031
      vertex 85.1891 3 3.65423
    endloop
  endfacet
  facet normal 0 1 0
    outer loop
      vertex 2.35713 3 4.47522
      vertex 5 3 2.6
      vertex 2.47729 3 4.18512
    endloop
  endfacet
  facet normal 0 1 0
    outer loop
      vertex 83 3 2.6
      vertex 85.1891 3 3.65423
      vertex 84.9799 3 3.4201
    endloop
  endfacet
  facet normal 0 1 0
    outer loop
      vertex 2.47729 3 4.18512
      vertex 5 3 2.6
      vertex 2.62917 3 3.91031
    endloop
  endfacet
  facet normal 0 1 0
    outer loop
      vertex 83 3 2.6
      vertex 84.9799 3 3.4201
      vertex 84.7458 3 3.21087
    endloop
  endfacet
  facet normal 0 1 0
    outer loop
      vertex 2.62917 3 3.91031
      vertex 5 3 2.6
      vertex 2.81087 3 3.65423
    endloop
  endfacet
  facet normal 0 1 0
    outer loop
      vertex 83 3 2.6
      vertex 84.7458 3 3.21087
      vertex 84.4897 3 3.02917
    endloop
  endfacet
  facet normal 0 1 0
    outer loop
      vertex 2.81087 3 3.65423
      vertex 5 3 2.6
      vertex 3.0201 3 3.4201
    endloop
  endfacet
  facet normal 0 1 0
    outer loop
      vertex 83 3 2.6
      vertex 84.4897 3 3.02917
      vertex 84.2149 3 2.87729
    endloop
  endfacet
  facet normal 0 1 0
    outer loop
      vertex 3.0201 3 3.4201
      vertex 5 3 2.6
      vertex 3.25423 3 3.21087
    endloop
  endfacet
  facet normal 0 1 0
    outer loop
      vertex 83 3 2.6
      vertex 84.2149 3 2.87729
      vertex 83.9248 3 2.75713
    endloop
  endfacet
  facet normal 0 1 0
    outer loop
      vertex 3.25423 3 3.21087
      vertex 5 3 2.6
      vertex 3.51031 3 3.02917
    endloop
  endfacet
  facet normal 0 1 0
    outer loop
      vertex 83 3 2.6
      vertex 83.9248 3 2.75713
      vertex 83.6231 3 2.6702
    endloop
  endfacet
  facet normal 0 1 0
    outer loop
      vertex 3.51031 3 3.02917
      vertex 5 3 2.6
      vertex 3.78512 3 2.87729
    endloop
  endfacet
  facet normal 0 1 0
    outer loop
      vertex 83 3 2.6
      vertex 83.6231 3 2.6702
      vertex 83.3135 3 2.61761
    endloop
  endfacet
  facet normal 0 1 0
    outer loop
      vertex 3.78512 3 2.87729
      vertex 5 3 2.6
      vertex 4.07522 3 2.75713
    endloop
  endfacet
  facet normal 0 1 0
    outer loop
      vertex 4.07522 3 2.75713
      vertex 5 3 2.6
      vertex 4.37694 3 2.6702
    endloop
  endfacet
  facet normal 0 1 0
    outer loop
      vertex 4.37694 3 2.6702
      vertex 5 3 2.6
      vertex 4.6865 3 2.61761
    endloop
  endfacet
  facet normal 0 1 0
    outer loop
      vertex 36.5248 3 35.4571
      vertex 35.5021 3 32.5021
      vertex 36.2231 3 35.3702
    endloop
  endfacet
  facet normal 0 1 0
    outer loop
      vertex 37.5799 3 36.1201
      vertex 35.9574 3 31.6783
      vertex 37.3458 3 35.9109
    endloop
  endfacet
  facet normal -0 1 0
    outer loop
      vertex 35.5021 3 32.5021
      vertex 36.5248 3 35.4571
      vertex 35.6291 3 32.3599
    endloop
  endfacet
  facet normal -0 1 0
    outer loop
      vertex 35.6291 3 32.3599
      vertex 36.5248 3 35.4571
      vertex 35.7394 3 32.2045
    endloop
  endfacet
  facet normal -0 1 0
    outer loop
      vertex 35.8316 3 32.0376
      vertex 37.0897 3 35.7292
      vertex 35.9046 3 31.8615
    endloop
  endfacet
  facet normal 0 1 0
    outer loop
      vertex 36.8149 3 35.5773
      vertex 35.7394 3 32.2045
      vertex 36.5248 3 35.4571
    endloop
  endfacet
  facet normal -0 1 0
    outer loop
      vertex 35.7394 3 32.2045
      vertex 36.8149 3 35.5773
      vertex 35.8316 3 32.0376
    endloop
  endfacet
  facet normal 0 1 0
    outer loop
      vertex 37.0897 3 35.7292
      vertex 35.8316 3 32.0376
      vertex 36.8149 3 35.5773
    endloop
  endfacet
  facet normal 0 1 0
    outer loop
      vertex 37.3458 3 35.9109
      vertex 35.9046 3 31.8615
      vertex 37.0897 3 35.7292
    endloop
  endfacet
  facet normal -0 1 0
    outer loop
      vertex 35.9046 3 31.8615
      vertex 37.3458 3 35.9109
      vertex 35.9574 3 31.6783
    endloop
  endfacet
  facet normal 0 1 -0
    outer loop
      vertex 56.6849 3 25.5597
      vertex 36 3 31.3
      vertex 57.0175 3 26.3626
    endloop
  endfacet
  facet normal 0 1 -0
    outer loop
      vertex 56.4443 3 24.7245
      vertex 36 3 31.3
      vertex 56.6849 3 25.5597
    endloop
  endfacet
  facet normal 0 1 0
    outer loop
      vertex 36 3 21.7
      vertex 56.4443 3 24.7245
      vertex 56.2987 3 23.8677
    endloop
  endfacet
  facet normal 0 1 0
    outer loop
      vertex 36 3 21.7
      vertex 56.2987 3 23.8677
      vertex 56.25 3 23
    endloop
  endfacet
  facet normal 0 1 0
    outer loop
      vertex 37.3458 3 17.0891
      vertex 56.25 3 23
      vertex 56.2987 3 22.1323
    endloop
  endfacet
  facet normal 0 1 0
    outer loop
      vertex 56.4443 3 24.7245
      vertex 36 3 21.7
      vertex 36 3 31.3
    endloop
  endfacet
  facet normal 0 1 0
    outer loop
      vertex 56.25 3 23
      vertex 37.3458 3 17.0891
      vertex 36 3 21.7
    endloop
  endfacet
  facet normal 0 1 0
    outer loop
      vertex 37.3458 3 17.0891
      vertex 56.2987 3 22.1323
      vertex 56.4443 3 21.2755
    endloop
  endfacet
  facet normal 0 1 0
    outer loop
      vertex 36 3 21.7
      vertex 37.3458 3 17.0891
      vertex 35.9893 3 21.5097
    endloop
  endfacet
  facet normal 0 1 0
    outer loop
      vertex 35.9893 3 21.5097
      vertex 37.3458 3 17.0891
      vertex 35.9574 3 21.3217
    endloop
  endfacet
  facet normal 0 1 0
    outer loop
      vertex 37.3458 3 17.0891
      vertex 56.4443 3 21.2755
      vertex 56.6849 3 20.4403
    endloop
  endfacet
  facet normal 0 1 0
    outer loop
      vertex 35.9574 3 21.3217
      vertex 37.3458 3 17.0891
      vertex 35.9046 3 21.1385
    endloop
  endfacet
  facet normal 0 1 0
    outer loop
      vertex 37.3458 3 17.0891
      vertex 56.6849 3 20.4403
      vertex 57.0175 3 19.6374
    endloop
  endfacet
  facet normal -0 1 -0
    outer loop
      vertex 37.0897 3 17.2708
      vertex 35.9046 3 21.1385
      vertex 37.3458 3 17.0891
    endloop
  endfacet
  facet normal 0 1 0
    outer loop
      vertex 35.9046 3 21.1385
      vertex 37.0897 3 17.2708
      vertex 35.8316 3 20.9624
    endloop
  endfacet
  facet normal 0 1 0
    outer loop
      vertex 37.3458 3 17.0891
      vertex 57.0175 3 19.6374
      vertex 57.4379 3 18.8768
    endloop
  endfacet
  facet normal -0 1 -0
    outer loop
      vertex 36.8149 3 17.4227
      vertex 35.8316 3 20.9624
      vertex 37.0897 3 17.2708
    endloop
  endfacet
  facet normal 0 1 0
    outer loop
      vertex 35.8316 3 20.9624
      vertex 36.8149 3 17.4227
      vertex 35.7394 3 20.7955
    endloop
  endfacet
  facet normal -0 1 -0
    outer loop
      vertex 36.5248 3 17.5429
      vertex 35.7394 3 20.7955
      vertex 36.8149 3 17.4227
    endloop
  endfacet
  facet normal 0 1 0
    outer loop
      vertex 35.7394 3 20.7955
      vertex 36.5248 3 17.5429
      vertex 35.6291 3 20.6401
    endloop
  endfacet
  facet normal 0 1 0
    outer loop
      vertex 35.6291 3 20.6401
      vertex 36.5248 3 17.5429
      vertex 35.5021 3 20.4979
    endloop
  endfacet
  facet normal -0 1 -0
    outer loop
      vertex 36.2231 3 17.6298
      vertex 35.5021 3 20.4979
      vertex 36.5248 3 17.5429
    endloop
  endfacet
  facet normal -0 1 -0
    outer loop
      vertex 35.9135 3 17.6824
      vertex 35.3599 3 20.3709
      vertex 36.2231 3 17.6298
    endloop
  endfacet
  facet normal 0 1 0
    outer loop
      vertex 35.5021 3 20.4979
      vertex 36.2231 3 17.6298
      vertex 35.3599 3 20.3709
    endloop
  endfacet
  facet normal 0 1 -0
    outer loop
      vertex 34.3851 3 17.4227
      vertex 34.3 3 20
      vertex 34.6752 3 17.5429
    endloop
  endfacet
  facet normal 0 1 0
    outer loop
      vertex 13.1385 3 20.0954
      vertex 12.7135 3 17.6824
      vertex 12.4 3 17.7
    endloop
  endfacet
  facet normal 0 1 0
    outer loop
      vertex 34.1103 3 17.2708
      vertex 34.3 3 20
      vertex 34.3851 3 17.4227
    endloop
  endfacet
  facet normal 0 1 0
    outer loop
      vertex 13.5097 3 20.0107
      vertex 13.0231 3 17.6298
      vertex 12.7135 3 17.6824
    endloop
  endfacet
  facet normal 0 1 0
    outer loop
      vertex 33.8542 3 17.0891
      vertex 34.3 3 20
      vertex 34.1103 3 17.2708
    endloop
  endfacet
  facet normal 0 1 0
    outer loop
      vertex 13.5097 3 20.0107
      vertex 13.3248 3 17.5429
      vertex 13.0231 3 17.6298
    endloop
  endfacet
  facet normal 0 1 0
    outer loop
      vertex 33.6201 3 16.8799
      vertex 34.3 3 20
      vertex 33.8542 3 17.0891
    endloop
  endfacet
  facet normal 0 1 0
    outer loop
      vertex 13.7 3 20
      vertex 13.3248 3 17.5429
      vertex 13.5097 3 20.0107
    endloop
  endfacet
  facet normal 0 1 0
    outer loop
      vertex 33.4109 3 16.6458
      vertex 34.3 3 20
      vertex 33.6201 3 16.8799
    endloop
  endfacet
  facet normal -0 1 0
    outer loop
      vertex 13.3248 3 17.5429
      vertex 13.7 3 20
      vertex 13.6149 3 17.4227
    endloop
  endfacet
  facet normal 0 1 0
    outer loop
      vertex 33.2292 3 16.3897
      vertex 34.3 3 20
      vertex 33.4109 3 16.6458
    endloop
  endfacet
  facet normal -0 1 0
    outer loop
      vertex 13.6149 3 17.4227
      vertex 13.7 3 20
      vertex 13.8897 3 17.2708
    endloop
  endfacet
  facet normal 0 1 0
    outer loop
      vertex 24 3 11.9
      vertex 33.2292 3 16.3897
      vertex 33.0773 3 16.1149
    endloop
  endfacet
  facet normal -0 1 -0
    outer loop
      vertex 13.8897 3 17.2708
      vertex 13.7 3 20
      vertex 14.1458 3 17.0891
    endloop
  endfacet
  facet normal 0 1 -0
    outer loop
      vertex 33.2292 3 16.3897
      vertex 24 3 11.9
      vertex 34.3 3 20
    endloop
  endfacet
  facet normal -0 1 -0
    outer loop
      vertex 14.1458 3 17.0891
      vertex 13.7 3 20
      vertex 14.3799 3 16.8799
    endloop
  endfacet
  facet normal -0 1 -0
    outer loop
      vertex 14.5891 3 16.6458
      vertex 13.7 3 20
      vertex 14.7708 3 16.3897
    endloop
  endfacet
  facet normal -0 1 -0
    outer loop
      vertex 14.3799 3 16.8799
      vertex 13.7 3 20
      vertex 14.5891 3 16.6458
    endloop
  endfacet
  facet normal 0 1 0
    outer loop
      vertex 34.3 3 20
      vertex 24 3 11.9
      vertex 13.7 3 20
    endloop
  endfacet
  facet normal 0 1 -0
    outer loop
      vertex 23.6193 3 11.8786
      vertex 13.7 3 20
      vertex 24 3 11.9
    endloop
  endfacet
  facet normal 0 1 0
    outer loop
      vertex 24 3 11.9
      vertex 33.0773 3 16.1149
      vertex 32.9571 3 15.8248
    endloop
  endfacet
  facet normal 0 1 0
    outer loop
      vertex 13.7 3 20
      vertex 23.6193 3 11.8786
      vertex 14.7708 3 16.3897
    endloop
  endfacet
  facet normal 0 1 0
    outer loop
      vertex 24 3 11.9
      vertex 32.9571 3 15.8248
      vertex 32.8702 3 15.5231
    endloop
  endfacet
  facet normal 0 1 0
    outer loop
      vertex 14.7708 3 16.3897
      vertex 23.6193 3 11.8786
      vertex 14.9227 3 16.1149
    endloop
  endfacet
  facet normal 0 1 0
    outer loop
      vertex 24 3 11.9
      vertex 32.8702 3 15.5231
      vertex 32.8176 3 15.2135
    endloop
  endfacet
  facet normal 0 1 -0
    outer loop
      vertex 23.2434 3 11.8148
      vertex 14.9227 3 16.1149
      vertex 23.6193 3 11.8786
    endloop
  endfacet
  facet normal 0 1 0
    outer loop
      vertex 24 3 11.9
      vertex 32.8176 3 15.2135
      vertex 32.8 3 14.9
    endloop
  endfacet
  facet normal 0 1 0
    outer loop
      vertex 14.9227 3 16.1149
      vertex 23.2434 3 11.8148
      vertex 15.0429 3 15.8248
    endloop
  endfacet
  facet normal 0 1 0
    outer loop
      vertex 24 3 11.9
      vertex 32.8 3 14.9
      vertex 32.8176 3 14.5865
    endloop
  endfacet
  facet normal 0 1 -0
    outer loop
      vertex 22.8771 3 11.7092
      vertex 15.0429 3 15.8248
      vertex 23.2434 3 11.8148
    endloop
  endfacet
  facet normal 0 1 0
    outer loop
      vertex 24 3 11.9
      vertex 32.8176 3 14.5865
      vertex 32.8702 3 14.2769
    endloop
  endfacet
  facet normal 0 1 0
    outer loop
      vertex 15.0429 3 15.8248
      vertex 22.8771 3 11.7092
      vertex 15.1298 3 15.5231
    endloop
  endfacet
  facet normal 0 1 0
    outer loop
      vertex 24 3 11.9
      vertex 32.8702 3 14.2769
      vertex 32.9571 3 13.9752
    endloop
  endfacet
  facet normal 0 1 -0
    outer loop
      vertex 22.5248 3 11.5633
      vertex 15.1298 3 15.5231
      vertex 22.8771 3 11.7092
    endloop
  endfacet
  facet normal 0 1 0
    outer loop
      vertex 24 3 11.9
      vertex 32.9571 3 13.9752
      vertex 33.0773 3 13.6851
    endloop
  endfacet
  facet normal 0 1 0
    outer loop
      vertex 15.1298 3 15.5231
      vertex 22.5248 3 11.5633
      vertex 15.1824 3 15.2135
    endloop
  endfacet
  facet normal 0 1 0
    outer loop
      vertex 24 3 11.9
      vertex 33.0773 3 13.6851
      vertex 33.2292 3 13.4103
    endloop
  endfacet
  facet normal 0 1 -0
    outer loop
      vertex 22.1911 3 11.3789
      vertex 15.1824 3 15.2135
      vertex 22.5248 3 11.5633
    endloop
  endfacet
  facet normal 0 1 0
    outer loop
      vertex 24 3 11.9
      vertex 33.2292 3 13.4103
      vertex 33.4109 3 13.1542
    endloop
  endfacet
  facet normal 0 1 0
    outer loop
      vertex 15.1824 3 15.2135
      vertex 22.1911 3 11.3789
      vertex 15.2 3 14.9
    endloop
  endfacet
  facet normal 0 1 0
    outer loop
      vertex 24 3 11.9
      vertex 33.4109 3 13.1542
      vertex 33.6201 3 12.9201
    endloop
  endfacet
  facet normal 0 1 -0
    outer loop
      vertex 21.8801 3 11.1582
      vertex 15.2 3 14.9
      vertex 22.1911 3 11.3789
    endloop
  endfacet
  facet normal 0 1 0
    outer loop
      vertex 24 3 11.9
      vertex 33.6201 3 12.9201
      vertex 33.8542 3 12.7109
    endloop
  endfacet
  facet normal 0 1 0
    outer loop
      vertex 15.2 3 14.9
      vertex 21.8801 3 11.1582
      vertex 15.1824 3 14.5865
    endloop
  endfacet
  facet normal 0 1 0
    outer loop
      vertex 24 3 11.9
      vertex 33.8542 3 12.7109
      vertex 34.1103 3 12.5292
    endloop
  endfacet
  facet normal 0 1 -0
    outer loop
      vertex 21.5958 3 10.9042
      vertex 15.1824 3 14.5865
      vertex 21.8801 3 11.1582
    endloop
  endfacet
  facet normal 0 1 0
    outer loop
      vertex 24 3 11.9
      vertex 34.1103 3 12.5292
      vertex 34.3851 3 12.3773
    endloop
  endfacet
  facet normal 0 1 0
    outer loop
      vertex 15.1824 3 14.5865
      vertex 21.5958 3 10.9042
      vertex 15.1298 3 14.2769
    endloop
  endfacet
  facet normal 0 1 0
    outer loop
      vertex 24 3 11.9
      vertex 34.3851 3 12.3773
      vertex 34.6752 3 12.2571
    endloop
  endfacet
  facet normal 0 1 -0
    outer loop
      vertex 21.3418 3 10.6199
      vertex 15.1298 3 14.2769
      vertex 21.5958 3 10.9042
    endloop
  endfacet
  facet normal 0 1 0
    outer loop
      vertex 24 3 11.9
      vertex 34.6752 3 12.2571
      vertex 34.9769 3 12.1702
    endloop
  endfacet
  facet normal 0 1 0
    outer loop
      vertex 15.1298 3 14.2769
      vertex 21.3418 3 10.6199
      vertex 15.0429 3 13.9752
    endloop
  endfacet
  facet normal 0 1 0
    outer loop
      vertex 24 3 11.9
      vertex 34.9769 3 12.1702
      vertex 35.2865 3 12.1176
    endloop
  endfacet
  facet normal 0 1 -0
    outer loop
      vertex 21.1211 3 10.3089
      vertex 15.0429 3 13.9752
      vertex 21.3418 3 10.6199
    endloop
  endfacet
  facet normal 0 1 0
    outer loop
      vertex 27.0633 3 7.02479
      vertex 35.2865 3 12.1176
      vertex 35.6 3 12.1
    endloop
  endfacet
  facet normal 0 1 0
    outer loop
      vertex 15.0429 3 13.9752
      vertex 21.1211 3 10.3089
      vertex 14.9227 3 13.6851
    endloop
  endfacet
  facet normal 0 1 -0
    outer loop
      vertex 34.9769 3 17.6298
      vertex 34.6783 3 20.0426
      vertex 35.2865 3 17.6824
    endloop
  endfacet
  facet normal 0 1 0
    outer loop
      vertex 34.8615 3 20.0954
      vertex 35.2865 3 17.6824
      vertex 34.6783 3 20.0426
    endloop
  endfacet
  facet normal 0 1 -0
    outer loop
      vertex 35.2865 3 17.6824
      vertex 34.8615 3 20.0954
      vertex 35.6 3 17.7
    endloop
  endfacet
  facet normal 0 1 0
    outer loop
      vertex 38.4 3 14.9
      vertex 57.9408 3 18.168
      vertex 58.5199 3 17.5199
    endloop
  endfacet
  facet normal 0 1 0
    outer loop
      vertex 35.0376 3 20.1684
      vertex 35.6 3 17.7
      vertex 34.8615 3 20.0954
    endloop
  endfacet
  facet normal 0 1 0
    outer loop
      vertex 35.2045 3 20.2606
      vertex 35.6 3 17.7
      vertex 35.0376 3 20.1684
    endloop
  endfacet
  facet normal -0 1 -0
    outer loop
      vertex 35.6 3 17.7
      vertex 35.2045 3 20.2606
      vertex 35.9135 3 17.6824
    endloop
  endfacet
  facet normal 0 1 0
    outer loop
      vertex 38.4 3 14.9
      vertex 58.5199 3 17.5199
      vertex 59.168 3 16.9408
    endloop
  endfacet
  facet normal 0 1 0
    outer loop
      vertex 57.4379 3 18.8768
      vertex 37.5799 3 16.8799
      vertex 37.3458 3 17.0891
    endloop
  endfacet
  facet normal 0 1 0
    outer loop
      vertex 57.4379 3 18.8768
      vertex 37.7891 3 16.6458
      vertex 37.5799 3 16.8799
    endloop
  endfacet
  facet normal 0 1 0
    outer loop
      vertex 38.4 3 14.9
      vertex 59.168 3 16.9408
      vertex 59.8768 3 16.4379
    endloop
  endfacet
  facet normal 0 1 0
    outer loop
      vertex 57.4379 3 18.8768
      vertex 37.9708 3 16.3897
      vertex 37.7891 3 16.6458
    endloop
  endfacet
  facet normal 0 1 0
    outer loop
      vertex 57.4379 3 18.8768
      vertex 38.1227 3 16.1149
      vertex 37.9708 3 16.3897
    endloop
  endfacet
  facet normal 0 1 0
    outer loop
      vertex 38.4 3 14.9
      vertex 59.8768 3 16.4379
      vertex 60.6374 3 16.0175
    endloop
  endfacet
  facet normal 0 1 0
    outer loop
      vertex 57.4379 3 18.8768
      vertex 38.2429 3 15.8248
      vertex 38.1227 3 16.1149
    endloop
  endfacet
  facet normal 0 1 0
    outer loop
      vertex 38.4 3 14.9
      vertex 60.6374 3 16.0175
      vertex 61.4403 3 15.6849
    endloop
  endfacet
  facet normal 0 1 0
    outer loop
      vertex 57.4379 3 18.8768
      vertex 38.3298 3 15.5231
      vertex 38.2429 3 15.8248
    endloop
  endfacet
  facet normal 0 1 0
    outer loop
      vertex 38.4 3 14.9
      vertex 61.4403 3 15.6849
      vertex 62.2755 3 15.4443
    endloop
  endfacet
  facet normal 0 1 0
    outer loop
      vertex 38.4 3 14.9
      vertex 62.2755 3 15.4443
      vertex 63.1323 3 15.2987
    endloop
  endfacet
  facet normal 0 1 0
    outer loop
      vertex 83 3 2.6
      vertex 63.1323 3 15.2987
      vertex 64 3 15.25
    endloop
  endfacet
  facet normal 0 1 0
    outer loop
      vertex 57.4379 3 18.8768
      vertex 38.3824 3 15.2135
      vertex 38.3298 3 15.5231
    endloop
  endfacet
  facet normal 0 1 0
    outer loop
      vertex 12.5232 3 15.9931
      vertex 12.2768 3 15.9931
      vertex 12.4 3 16
    endloop
  endfacet
  facet normal 0 1 0
    outer loop
      vertex 12.6448 3 15.9724
      vertex 12.2768 3 15.9931
      vertex 12.5232 3 15.9931
    endloop
  endfacet
  facet normal 0 1 0
    outer loop
      vertex 12.6448 3 15.9724
      vertex 12.1552 3 15.9724
      vertex 12.2768 3 15.9931
    endloop
  endfacet
  facet normal 0 1 0
    outer loop
      vertex 12.7633 3 15.9383
      vertex 12.1552 3 15.9724
      vertex 12.6448 3 15.9724
    endloop
  endfacet
  facet normal 0 1 0
    outer loop
      vertex 12.7633 3 15.9383
      vertex 12.0367 3 15.9383
      vertex 12.1552 3 15.9724
    endloop
  endfacet
  facet normal 0 1 0
    outer loop
      vertex 12.8773 3 15.8911
      vertex 12.0367 3 15.9383
      vertex 12.7633 3 15.9383
    endloop
  endfacet
  facet normal 0 1 0
    outer loop
      vertex 12.8773 3 15.8911
      vertex 11.9227 3 15.8911
      vertex 12.0367 3 15.9383
    endloop
  endfacet
  facet normal 0 1 0
    outer loop
      vertex 12.9852 3 15.8314
      vertex 11.9227 3 15.8911
      vertex 12.8773 3 15.8911
    endloop
  endfacet
  facet normal 0 1 0
    outer loop
      vertex 12.9852 3 15.8314
      vertex 11.8148 3 15.8314
      vertex 11.9227 3 15.8911
    endloop
  endfacet
  facet normal 0 1 0
    outer loop
      vertex 13.0858 3 15.76
      vertex 11.8148 3 15.8314
      vertex 12.9852 3 15.8314
    endloop
  endfacet
  facet normal 0 1 0
    outer loop
      vertex 13.0858 3 15.76
      vertex 11.7142 3 15.76
      vertex 11.8148 3 15.8314
    endloop
  endfacet
  facet normal 0 1 0
    outer loop
      vertex 13.1778 3 15.6778
      vertex 11.7142 3 15.76
      vertex 13.0858 3 15.76
    endloop
  endfacet
  facet normal 0 1 0
    outer loop
      vertex 13.1778 3 15.6778
      vertex 11.6222 3 15.6778
      vertex 11.7142 3 15.76
    endloop
  endfacet
  facet normal 0 1 0
    outer loop
      vertex 13.26 3 15.5858
      vertex 11.6222 3 15.6778
      vertex 13.1778 3 15.6778
    endloop
  endfacet
  facet normal 0 1 0
    outer loop
      vertex 13.26 3 15.5858
      vertex 11.54 3 15.5858
      vertex 11.6222 3 15.6778
    endloop
  endfacet
  facet normal 0 1 0
    outer loop
      vertex 13.3314 3 15.4852
      vertex 11.54 3 15.5858
      vertex 13.26 3 15.5858
    endloop
  endfacet
  facet normal 0 1 0
    outer loop
      vertex 13.3314 3 15.4852
      vertex 11.4686 3 15.4852
      vertex 11.54 3 15.5858
    endloop
  endfacet
  facet normal 0 1 0
    outer loop
      vertex 13.3911 3 15.3773
      vertex 11.4686 3 15.4852
      vertex 13.3314 3 15.4852
    endloop
  endfacet
  facet normal 0 1 0
    outer loop
      vertex 13.3911 3 15.3773
      vertex 11.4089 3 15.3773
      vertex 11.4686 3 15.4852
    endloop
  endfacet
  facet normal 0 1 0
    outer loop
      vertex 13.4383 3 15.2633
      vertex 11.4089 3 15.3773
      vertex 13.3911 3 15.3773
    endloop
  endfacet
  facet normal 0 1 0
    outer loop
      vertex 13.4383 3 15.2633
      vertex 11.3617 3 15.2633
      vertex 11.4089 3 15.3773
    endloop
  endfacet
  facet normal 0 1 0
    outer loop
      vertex 13.4724 3 15.1448
      vertex 11.3617 3 15.2633
      vertex 13.4383 3 15.2633
    endloop
  endfacet
  facet normal 0 1 0
    outer loop
      vertex 13.4724 3 15.1448
      vertex 11.3276 3 15.1448
      vertex 11.3617 3 15.2633
    endloop
  endfacet
  facet normal 0 1 0
    outer loop
      vertex 13.4931 3 15.0232
      vertex 11.3276 3 15.1448
      vertex 13.4724 3 15.1448
    endloop
  endfacet
  facet normal 0 1 0
    outer loop
      vertex 13.4931 3 15.0232
      vertex 11.3069 3 15.0232
      vertex 11.3276 3 15.1448
    endloop
  endfacet
  facet normal 0 1 0
    outer loop
      vertex 13.5 3 14.9
      vertex 11.3069 3 15.0232
      vertex 13.4931 3 15.0232
    endloop
  endfacet
  facet normal 0 1 0
    outer loop
      vertex 13.5 3 14.9
      vertex 11.3 3 14.9
      vertex 11.3069 3 15.0232
    endloop
  endfacet
  facet normal 0 1 -0
    outer loop
      vertex 13.4931 3 14.7768
      vertex 11.3 3 14.9
      vertex 13.5 3 14.9
    endloop
  endfacet
  facet normal 0 1 0
    outer loop
      vertex 13.4931 3 14.7768
      vertex 11.3069 3 14.7768
      vertex 11.3 3 14.9
    endloop
  endfacet
  facet normal 0 1 -0
    outer loop
      vertex 13.4724 3 14.6552
      vertex 11.3069 3 14.7768
      vertex 13.4931 3 14.7768
    endloop
  endfacet
  facet normal 0 1 0
    outer loop
      vertex 13.4724 3 14.6552
      vertex 11.3276 3 14.6552
      vertex 11.3069 3 14.7768
    endloop
  endfacet
  facet normal 0 1 -0
    outer loop
      vertex 13.4383 3 14.5367
      vertex 11.3276 3 14.6552
      vertex 13.4724 3 14.6552
    endloop
  endfacet
  facet normal 0 1 0
    outer loop
      vertex 13.4383 3 14.5367
      vertex 11.3617 3 14.5367
      vertex 11.3276 3 14.6552
    endloop
  endfacet
  facet normal 0 1 -0
    outer loop
      vertex 13.3911 3 14.4227
      vertex 11.3617 3 14.5367
      vertex 13.4383 3 14.5367
    endloop
  endfacet
  facet normal 0 1 0
    outer loop
      vertex 13.3911 3 14.4227
      vertex 11.4089 3 14.4227
      vertex 11.3617 3 14.5367
    endloop
  endfacet
  facet normal 0 1 -0
    outer loop
      vertex 13.3314 3 14.3148
      vertex 11.4089 3 14.4227
      vertex 13.3911 3 14.4227
    endloop
  endfacet
  facet normal 0 1 0
    outer loop
      vertex 13.3314 3 14.3148
      vertex 11.4686 3 14.3148
      vertex 11.4089 3 14.4227
    endloop
  endfacet
  facet normal 0 1 -0
    outer loop
      vertex 13.26 3 14.2142
      vertex 11.4686 3 14.3148
      vertex 13.3314 3 14.3148
    endloop
  endfacet
  facet normal 0 1 0
    outer loop
      vertex 13.26 3 14.2142
      vertex 11.54 3 14.2142
      vertex 11.4686 3 14.3148
    endloop
  endfacet
  facet normal 0 1 -0
    outer loop
      vertex 13.1778 3 14.1222
      vertex 11.54 3 14.2142
      vertex 13.26 3 14.2142
    endloop
  endfacet
  facet normal 0 1 0
    outer loop
      vertex 13.1778 3 14.1222
      vertex 11.6222 3 14.1222
      vertex 11.54 3 14.2142
    endloop
  endfacet
  facet normal 0 1 -0
    outer loop
      vertex 13.0858 3 14.04
      vertex 11.6222 3 14.1222
      vertex 13.1778 3 14.1222
    endloop
  endfacet
  facet normal 0 1 0
    outer loop
      vertex 13.0858 3 14.04
      vertex 11.7142 3 14.04
      vertex 11.6222 3 14.1222
    endloop
  endfacet
  facet normal 0 1 -0
    outer loop
      vertex 12.9852 3 13.9686
      vertex 11.7142 3 14.04
      vertex 13.0858 3 14.04
    endloop
  endfacet
  facet normal 0 1 0
    outer loop
      vertex 12.9852 3 13.9686
      vertex 11.8148 3 13.9686
      vertex 11.7142 3 14.04
    endloop
  endfacet
  facet normal 0 1 -0
    outer loop
      vertex 12.8773 3 13.9089
      vertex 11.8148 3 13.9686
      vertex 12.9852 3 13.9686
    endloop
  endfacet
  facet normal 0 1 0
    outer loop
      vertex 12.8773 3 13.9089
      vertex 11.9227 3 13.9089
      vertex 11.8148 3 13.9686
    endloop
  endfacet
  facet normal 0 1 -0
    outer loop
      vertex 12.7633 3 13.8617
      vertex 11.9227 3 13.9089
      vertex 12.8773 3 13.9089
    endloop
  endfacet
  facet normal 0 1 0
    outer loop
      vertex 12.7633 3 13.8617
      vertex 12.0367 3 13.8617
      vertex 11.9227 3 13.9089
    endloop
  endfacet
  facet normal 0 1 -0
    outer loop
      vertex 12.6448 3 13.8276
      vertex 12.0367 3 13.8617
      vertex 12.7633 3 13.8617
    endloop
  endfacet
  facet normal 0 1 0
    outer loop
      vertex 12.6448 3 13.8276
      vertex 12.1552 3 13.8276
      vertex 12.0367 3 13.8617
    endloop
  endfacet
  facet normal 0 1 -0
    outer loop
      vertex 12.5232 3 13.8069
      vertex 12.1552 3 13.8276
      vertex 12.6448 3 13.8276
    endloop
  endfacet
  facet normal 0 1 0
    outer loop
      vertex 12.5232 3 13.8069
      vertex 12.2768 3 13.8069
      vertex 12.1552 3 13.8276
    endloop
  endfacet
  facet normal -0 1 0
    outer loop
      vertex 12.2768 3 13.8069
      vertex 12.5232 3 13.8069
      vertex 12.4 3 13.8
    endloop
  endfacet
  facet normal 0 1 0
    outer loop
      vertex 35.7232 3 15.9931
      vertex 35.4768 3 15.9931
      vertex 35.6 3 16
    endloop
  endfacet
  facet normal 0 1 0
    outer loop
      vertex 35.8448 3 15.9724
      vertex 35.4768 3 15.9931
      vertex 35.7232 3 15.9931
    endloop
  endfacet
  facet normal 0 1 0
    outer loop
      vertex 35.8448 3 15.9724
      vertex 35.3552 3 15.9724
      vertex 35.4768 3 15.9931
    endloop
  endfacet
  facet normal 0 1 0
    outer loop
      vertex 35.9633 3 15.9383
      vertex 35.3552 3 15.9724
      vertex 35.8448 3 15.9724
    endloop
  endfacet
  facet normal 0 1 0
    outer loop
      vertex 35.9633 3 15.9383
      vertex 35.2367 3 15.9383
      vertex 35.3552 3 15.9724
    endloop
  endfacet
  facet normal 0 1 0
    outer loop
      vertex 36.0773 3 15.8911
      vertex 35.2367 3 15.9383
      vertex 35.9633 3 15.9383
    endloop
  endfacet
  facet normal 0 1 0
    outer loop
      vertex 36.0773 3 15.8911
      vertex 35.1227 3 15.8911
      vertex 35.2367 3 15.9383
    endloop
  endfacet
  facet normal 0 1 0
    outer loop
      vertex 36.1852 3 15.8314
      vertex 35.1227 3 15.8911
      vertex 36.0773 3 15.8911
    endloop
  endfacet
  facet normal 0 1 0
    outer loop
      vertex 36.1852 3 15.8314
      vertex 35.0148 3 15.8314
      vertex 35.1227 3 15.8911
    endloop
  endfacet
  facet normal 0 1 0
    outer loop
      vertex 36.2858 3 15.76
      vertex 35.0148 3 15.8314
      vertex 36.1852 3 15.8314
    endloop
  endfacet
  facet normal 0 1 0
    outer loop
      vertex 36.2858 3 15.76
      vertex 34.9142 3 15.76
      vertex 35.0148 3 15.8314
    endloop
  endfacet
  facet normal 0 1 0
    outer loop
      vertex 36.3778 3 15.6778
      vertex 34.9142 3 15.76
      vertex 36.2858 3 15.76
    endloop
  endfacet
  facet normal 0 1 0
    outer loop
      vertex 36.3778 3 15.6778
      vertex 34.8222 3 15.6778
      vertex 34.9142 3 15.76
    endloop
  endfacet
  facet normal 0 1 0
    outer loop
      vertex 36.46 3 15.5858
      vertex 34.8222 3 15.6778
      vertex 36.3778 3 15.6778
    endloop
  endfacet
  facet normal 0 1 0
    outer loop
      vertex 36.46 3 15.5858
      vertex 34.74 3 15.5858
      vertex 34.8222 3 15.6778
    endloop
  endfacet
  facet normal 0 1 0
    outer loop
      vertex 36.5314 3 15.4852
      vertex 34.74 3 15.5858
      vertex 36.46 3 15.5858
    endloop
  endfacet
  facet normal 0 1 0
    outer loop
      vertex 36.5314 3 15.4852
      vertex 34.6686 3 15.4852
      vertex 34.74 3 15.5858
    endloop
  endfacet
  facet normal 0 1 0
    outer loop
      vertex 36.5911 3 15.3773
      vertex 34.6686 3 15.4852
      vertex 36.5314 3 15.4852
    endloop
  endfacet
  facet normal 0 1 0
    outer loop
      vertex 36.5911 3 15.3773
      vertex 34.6089 3 15.3773
      vertex 34.6686 3 15.4852
    endloop
  endfacet
  facet normal 0 1 0
    outer loop
      vertex 36.6383 3 15.2633
      vertex 34.6089 3 15.3773
      vertex 36.5911 3 15.3773
    endloop
  endfacet
  facet normal 0 1 0
    outer loop
      vertex 36.6383 3 15.2633
      vertex 34.5617 3 15.2633
      vertex 34.6089 3 15.3773
    endloop
  endfacet
  facet normal 0 1 0
    outer loop
      vertex 36.6724 3 15.1448
      vertex 34.5617 3 15.2633
      vertex 36.6383 3 15.2633
    endloop
  endfacet
  facet normal 0 1 0
    outer loop
      vertex 36.6724 3 15.1448
      vertex 34.5276 3 15.1448
      vertex 34.5617 3 15.2633
    endloop
  endfacet
  facet normal 0 1 0
    outer loop
      vertex 36.6931 3 15.0232
      vertex 34.5276 3 15.1448
      vertex 36.6724 3 15.1448
    endloop
  endfacet
  facet normal 0 1 0
    outer loop
      vertex 36.6931 3 15.0232
      vertex 34.5069 3 15.0232
      vertex 34.5276 3 15.1448
    endloop
  endfacet
  facet normal 0 1 0
    outer loop
      vertex 36.7 3 14.9
      vertex 34.5069 3 15.0232
      vertex 36.6931 3 15.0232
    endloop
  endfacet
  facet normal 0 1 0
    outer loop
      vertex 36.7 3 14.9
      vertex 34.5 3 14.9
      vertex 34.5069 3 15.0232
    endloop
  endfacet
  facet normal 0 1 -0
    outer loop
      vertex 36.6931 3 14.7768
      vertex 34.5 3 14.9
      vertex 36.7 3 14.9
    endloop
  endfacet
  facet normal 0 1 0
    outer loop
      vertex 36.6931 3 14.7768
      vertex 34.5069 3 14.7768
      vertex 34.5 3 14.9
    endloop
  endfacet
  facet normal 0 1 -0
    outer loop
      vertex 36.6724 3 14.6552
      vertex 34.5069 3 14.7768
      vertex 36.6931 3 14.7768
    endloop
  endfacet
  facet normal 0 1 0
    outer loop
      vertex 36.6724 3 14.6552
      vertex 34.5276 3 14.6552
      vertex 34.5069 3 14.7768
    endloop
  endfacet
  facet normal 0 1 -0
    outer loop
      vertex 36.6383 3 14.5367
      vertex 34.5276 3 14.6552
      vertex 36.6724 3 14.6552
    endloop
  endfacet
  facet normal 0 1 0
    outer loop
      vertex 36.6383 3 14.5367
      vertex 34.5617 3 14.5367
      vertex 34.5276 3 14.6552
    endloop
  endfacet
  facet normal 0 1 -0
    outer loop
      vertex 36.5911 3 14.4227
      vertex 34.5617 3 14.5367
      vertex 36.6383 3 14.5367
    endloop
  endfacet
  facet normal 0 1 0
    outer loop
      vertex 36.5911 3 14.4227
      vertex 34.6089 3 14.4227
      vertex 34.5617 3 14.5367
    endloop
  endfacet
  facet normal 0 1 -0
    outer loop
      vertex 36.5314 3 14.3148
      vertex 34.6089 3 14.4227
      vertex 36.5911 3 14.4227
    endloop
  endfacet
  facet normal 0 1 0
    outer loop
      vertex 36.5314 3 14.3148
      vertex 34.6686 3 14.3148
      vertex 34.6089 3 14.4227
    endloop
  endfacet
  facet normal 0 1 -0
    outer loop
      vertex 36.46 3 14.2142
      vertex 34.6686 3 14.3148
      vertex 36.5314 3 14.3148
    endloop
  endfacet
  facet normal 0 1 0
    outer loop
      vertex 36.46 3 14.2142
      vertex 34.74 3 14.2142
      vertex 34.6686 3 14.3148
    endloop
  endfacet
  facet normal 0 1 -0
    outer loop
      vertex 36.3778 3 14.1222
      vertex 34.74 3 14.2142
      vertex 36.46 3 14.2142
    endloop
  endfacet
  facet normal 0 1 0
    outer loop
      vertex 36.3778 3 14.1222
      vertex 34.8222 3 14.1222
      vertex 34.74 3 14.2142
    endloop
  endfacet
  facet normal 0 1 -0
    outer loop
      vertex 36.2858 3 14.04
      vertex 34.8222 3 14.1222
      vertex 36.3778 3 14.1222
    endloop
  endfacet
  facet normal 0 1 0
    outer loop
      vertex 36.2858 3 14.04
      vertex 34.9142 3 14.04
      vertex 34.8222 3 14.1222
    endloop
  endfacet
  facet normal 0 1 -0
    outer loop
      vertex 36.1852 3 13.9686
      vertex 34.9142 3 14.04
      vertex 36.2858 3 14.04
    endloop
  endfacet
  facet normal 0 1 0
    outer loop
      vertex 36.1852 3 13.9686
      vertex 35.0148 3 13.9686
      vertex 34.9142 3 14.04
    endloop
  endfacet
  facet normal 0 1 -0
    outer loop
      vertex 36.0773 3 13.9089
      vertex 35.0148 3 13.9686
      vertex 36.1852 3 13.9686
    endloop
  endfacet
  facet normal 0 1 0
    outer loop
      vertex 36.0773 3 13.9089
      vertex 35.1227 3 13.9089
      vertex 35.0148 3 13.9686
    endloop
  endfacet
  facet normal 0 1 -0
    outer loop
      vertex 35.9633 3 13.8617
      vertex 35.1227 3 13.9089
      vertex 36.0773 3 13.9089
    endloop
  endfacet
  facet normal 0 1 0
    outer loop
      vertex 35.9633 3 13.8617
      vertex 35.2367 3 13.8617
      vertex 35.1227 3 13.9089
    endloop
  endfacet
  facet normal 0 1 -0
    outer loop
      vertex 35.8448 3 13.8276
      vertex 35.2367 3 13.8617
      vertex 35.9633 3 13.8617
    endloop
  endfacet
  facet normal 0 1 0
    outer loop
      vertex 35.8448 3 13.8276
      vertex 35.3552 3 13.8276
      vertex 35.2367 3 13.8617
    endloop
  endfacet
  facet normal 0 1 -0
    outer loop
      vertex 35.7232 3 13.8069
      vertex 35.3552 3 13.8276
      vertex 35.8448 3 13.8276
    endloop
  endfacet
  facet normal 0 1 0
    outer loop
      vertex 35.7232 3 13.8069
      vertex 35.4768 3 13.8069
      vertex 35.3552 3 13.8276
    endloop
  endfacet
  facet normal -0 1 0
    outer loop
      vertex 35.4768 3 13.8069
      vertex 35.7232 3 13.8069
      vertex 35.6 3 13.8
    endloop
  endfacet
  facet normal 0 1 0
    outer loop
      vertex 12.5232 3 39.1931
      vertex 12.2768 3 39.1931
      vertex 12.4 3 39.2
    endloop
  endfacet
  facet normal 0 1 0
    outer loop
      vertex 12.6448 3 39.1724
      vertex 12.2768 3 39.1931
      vertex 12.5232 3 39.1931
    endloop
  endfacet
  facet normal 0 1 0
    outer loop
      vertex 12.6448 3 39.1724
      vertex 12.1552 3 39.1724
      vertex 12.2768 3 39.1931
    endloop
  endfacet
  facet normal 0 1 0
    outer loop
      vertex 12.7633 3 39.1383
      vertex 12.1552 3 39.1724
      vertex 12.6448 3 39.1724
    endloop
  endfacet
  facet normal 0 1 0
    outer loop
      vertex 12.7633 3 39.1383
      vertex 12.0367 3 39.1383
      vertex 12.1552 3 39.1724
    endloop
  endfacet
  facet normal 0 1 0
    outer loop
      vertex 12.8773 3 39.0911
      vertex 12.0367 3 39.1383
      vertex 12.7633 3 39.1383
    endloop
  endfacet
  facet normal 0 1 0
    outer loop
      vertex 12.8773 3 39.0911
      vertex 11.9227 3 39.0911
      vertex 12.0367 3 39.1383
    endloop
  endfacet
  facet normal 0 1 0
    outer loop
      vertex 12.9852 3 39.0314
      vertex 11.9227 3 39.0911
      vertex 12.8773 3 39.0911
    endloop
  endfacet
  facet normal 0 1 0
    outer loop
      vertex 12.9852 3 39.0314
      vertex 11.8148 3 39.0314
      vertex 11.9227 3 39.0911
    endloop
  endfacet
  facet normal 0 1 0
    outer loop
      vertex 13.0858 3 38.96
      vertex 11.8148 3 39.0314
      vertex 12.9852 3 39.0314
    endloop
  endfacet
  facet normal 0 1 0
    outer loop
      vertex 13.0858 3 38.96
      vertex 11.7142 3 38.96
      vertex 11.8148 3 39.0314
    endloop
  endfacet
  facet normal 0 1 0
    outer loop
      vertex 13.1778 3 38.8778
      vertex 11.7142 3 38.96
      vertex 13.0858 3 38.96
    endloop
  endfacet
  facet normal 0 1 0
    outer loop
      vertex 13.1778 3 38.8778
      vertex 11.6222 3 38.8778
      vertex 11.7142 3 38.96
    endloop
  endfacet
  facet normal 0 1 0
    outer loop
      vertex 13.26 3 38.7858
      vertex 11.6222 3 38.8778
      vertex 13.1778 3 38.8778
    endloop
  endfacet
  facet normal 0 1 0
    outer loop
      vertex 13.26 3 38.7858
      vertex 11.54 3 38.7858
      vertex 11.6222 3 38.8778
    endloop
  endfacet
  facet normal 0 1 0
    outer loop
      vertex 13.3314 3 38.6852
      vertex 11.54 3 38.7858
      vertex 13.26 3 38.7858
    endloop
  endfacet
  facet normal 0 1 0
    outer loop
      vertex 13.3314 3 38.6852
      vertex 11.4686 3 38.6852
      vertex 11.54 3 38.7858
    endloop
  endfacet
  facet normal 0 1 0
    outer loop
      vertex 13.3911 3 38.5773
      vertex 11.4686 3 38.6852
      vertex 13.3314 3 38.6852
    endloop
  endfacet
  facet normal 0 1 0
    outer loop
      vertex 13.3911 3 38.5773
      vertex 11.4089 3 38.5773
      vertex 11.4686 3 38.6852
    endloop
  endfacet
  facet normal 0 1 0
    outer loop
      vertex 13.4383 3 38.4633
      vertex 11.4089 3 38.5773
      vertex 13.3911 3 38.5773
    endloop
  endfacet
  facet normal 0 1 0
    outer loop
      vertex 13.4383 3 38.4633
      vertex 11.3617 3 38.4633
      vertex 11.4089 3 38.5773
    endloop
  endfacet
  facet normal 0 1 0
    outer loop
      vertex 13.4724 3 38.3448
      vertex 11.3617 3 38.4633
      vertex 13.4383 3 38.4633
    endloop
  endfacet
  facet normal 0 1 0
    outer loop
      vertex 13.4724 3 38.3448
      vertex 11.3276 3 38.3448
      vertex 11.3617 3 38.4633
    endloop
  endfacet
  facet normal 0 1 0
    outer loop
      vertex 13.4931 3 38.2232
      vertex 11.3276 3 38.3448
      vertex 13.4724 3 38.3448
    endloop
  endfacet
  facet normal 0 1 0
    outer loop
      vertex 13.4931 3 38.2232
      vertex 11.3069 3 38.2232
      vertex 11.3276 3 38.3448
    endloop
  endfacet
  facet normal 0 1 0
    outer loop
      vertex 13.5 3 38.1
      vertex 11.3069 3 38.2232
      vertex 13.4931 3 38.2232
    endloop
  endfacet
  facet normal 0 1 0
    outer loop
      vertex 13.5 3 38.1
      vertex 11.3 3 38.1
      vertex 11.3069 3 38.2232
    endloop
  endfacet
  facet normal 0 1 -0
    outer loop
      vertex 13.4931 3 37.9768
      vertex 11.3 3 38.1
      vertex 13.5 3 38.1
    endloop
  endfacet
  facet normal 0 1 0
    outer loop
      vertex 13.4931 3 37.9768
      vertex 11.3069 3 37.9768
      vertex 11.3 3 38.1
    endloop
  endfacet
  facet normal 0 1 -0
    outer loop
      vertex 13.4724 3 37.8552
      vertex 11.3069 3 37.9768
      vertex 13.4931 3 37.9768
    endloop
  endfacet
  facet normal 0 1 0
    outer loop
      vertex 13.4724 3 37.8552
      vertex 11.3276 3 37.8552
      vertex 11.3069 3 37.9768
    endloop
  endfacet
  facet normal 0 1 -0
    outer loop
      vertex 13.4383 3 37.7367
      vertex 11.3276 3 37.8552
      vertex 13.4724 3 37.8552
    endloop
  endfacet
  facet normal 0 1 0
    outer loop
      vertex 13.4383 3 37.7367
      vertex 11.3617 3 37.7367
      vertex 11.3276 3 37.8552
    endloop
  endfacet
  facet normal 0 1 -0
    outer loop
      vertex 13.3911 3 37.6227
      vertex 11.3617 3 37.7367
      vertex 13.4383 3 37.7367
    endloop
  endfacet
  facet normal 0 1 0
    outer loop
      vertex 13.3911 3 37.6227
      vertex 11.4089 3 37.6227
      vertex 11.3617 3 37.7367
    endloop
  endfacet
  facet normal 0 1 -0
    outer loop
      vertex 13.3314 3 37.5148
      vertex 11.4089 3 37.6227
      vertex 13.3911 3 37.6227
    endloop
  endfacet
  facet normal 0 1 0
    outer loop
      vertex 13.3314 3 37.5148
      vertex 11.4686 3 37.5148
      vertex 11.4089 3 37.6227
    endloop
  endfacet
  facet normal 0 1 -0
    outer loop
      vertex 13.26 3 37.4142
      vertex 11.4686 3 37.5148
      vertex 13.3314 3 37.5148
    endloop
  endfacet
  facet normal 0 1 0
    outer loop
      vertex 13.26 3 37.4142
      vertex 11.54 3 37.4142
      vertex 11.4686 3 37.5148
    endloop
  endfacet
  facet normal 0 1 -0
    outer loop
      vertex 13.1778 3 37.3222
      vertex 11.54 3 37.4142
      vertex 13.26 3 37.4142
    endloop
  endfacet
  facet normal 0 1 0
    outer loop
      vertex 13.1778 3 37.3222
      vertex 11.6222 3 37.3222
      vertex 11.54 3 37.4142
    endloop
  endfacet
  facet normal 0 1 -0
    outer loop
      vertex 13.0858 3 37.24
      vertex 11.6222 3 37.3222
      vertex 13.1778 3 37.3222
    endloop
  endfacet
  facet normal 0 1 0
    outer loop
      vertex 13.0858 3 37.24
      vertex 11.7142 3 37.24
      vertex 11.6222 3 37.3222
    endloop
  endfacet
  facet normal 0 1 -0
    outer loop
      vertex 12.9852 3 37.1686
      vertex 11.7142 3 37.24
      vertex 13.0858 3 37.24
    endloop
  endfacet
  facet normal 0 1 0
    outer loop
      vertex 12.9852 3 37.1686
      vertex 11.8148 3 37.1686
      vertex 11.7142 3 37.24
    endloop
  endfacet
  facet normal 0 1 -0
    outer loop
      vertex 12.8773 3 37.1089
      vertex 11.8148 3 37.1686
      vertex 12.9852 3 37.1686
    endloop
  endfacet
  facet normal 0 1 0
    outer loop
      vertex 12.8773 3 37.1089
      vertex 11.9227 3 37.1089
      vertex 11.8148 3 37.1686
    endloop
  endfacet
  facet normal 0 1 -0
    outer loop
      vertex 12.7633 3 37.0617
      vertex 11.9227 3 37.1089
      vertex 12.8773 3 37.1089
    endloop
  endfacet
  facet normal 0 1 0
    outer loop
      vertex 12.7633 3 37.0617
      vertex 12.0367 3 37.0617
      vertex 11.9227 3 37.1089
    endloop
  endfacet
  facet normal 0 1 -0
    outer loop
      vertex 12.6448 3 37.0276
      vertex 12.0367 3 37.0617
      vertex 12.7633 3 37.0617
    endloop
  endfacet
  facet normal 0 1 0
    outer loop
      vertex 12.6448 3 37.0276
      vertex 12.1552 3 37.0276
      vertex 12.0367 3 37.0617
    endloop
  endfacet
  facet normal 0 1 -0
    outer loop
      vertex 12.5232 3 37.0069
      vertex 12.1552 3 37.0276
      vertex 12.6448 3 37.0276
    endloop
  endfacet
  facet normal 0 1 0
    outer loop
      vertex 12.5232 3 37.0069
      vertex 12.2768 3 37.0069
      vertex 12.1552 3 37.0276
    endloop
  endfacet
  facet normal -0 1 0
    outer loop
      vertex 12.2768 3 37.0069
      vertex 12.5232 3 37.0069
      vertex 12.4 3 37
    endloop
  endfacet
  facet normal 0 1 0
    outer loop
      vertex 35.7232 3 39.1931
      vertex 35.4768 3 39.1931
      vertex 35.6 3 39.2
    endloop
  endfacet
  facet normal 0 1 0
    outer loop
      vertex 35.8448 3 39.1724
      vertex 35.4768 3 39.1931
      vertex 35.7232 3 39.1931
    endloop
  endfacet
  facet normal 0 1 0
    outer loop
      vertex 35.8448 3 39.1724
      vertex 35.3552 3 39.1724
      vertex 35.4768 3 39.1931
    endloop
  endfacet
  facet normal 0 1 0
    outer loop
      vertex 35.9633 3 39.1383
      vertex 35.3552 3 39.1724
      vertex 35.8448 3 39.1724
    endloop
  endfacet
  facet normal 0 1 0
    outer loop
      vertex 35.9633 3 39.1383
      vertex 35.2367 3 39.1383
      vertex 35.3552 3 39.1724
    endloop
  endfacet
  facet normal 0 1 0
    outer loop
      vertex 36.0773 3 39.0911
      vertex 35.2367 3 39.1383
      vertex 35.9633 3 39.1383
    endloop
  endfacet
  facet normal 0 1 0
    outer loop
      vertex 36.0773 3 39.0911
      vertex 35.1227 3 39.0911
      vertex 35.2367 3 39.1383
    endloop
  endfacet
  facet normal 0 1 0
    outer loop
      vertex 36.1852 3 39.0314
      vertex 35.1227 3 39.0911
      vertex 36.0773 3 39.0911
    endloop
  endfacet
  facet normal 0 1 0
    outer loop
      vertex 36.1852 3 39.0314
      vertex 35.0148 3 39.0314
      vertex 35.1227 3 39.0911
    endloop
  endfacet
  facet normal 0 1 0
    outer loop
      vertex 36.2858 3 38.96
      vertex 35.0148 3 39.0314
      vertex 36.1852 3 39.0314
    endloop
  endfacet
  facet normal 0 1 0
    outer loop
      vertex 36.2858 3 38.96
      vertex 34.9142 3 38.96
      vertex 35.0148 3 39.0314
    endloop
  endfacet
  facet normal 0 1 0
    outer loop
      vertex 36.3778 3 38.8778
      vertex 34.9142 3 38.96
      vertex 36.2858 3 38.96
    endloop
  endfacet
  facet normal 0 1 0
    outer loop
      vertex 36.3778 3 38.8778
      vertex 34.8222 3 38.8778
      vertex 34.9142 3 38.96
    endloop
  endfacet
  facet normal 0 1 0
    outer loop
      vertex 36.46 3 38.7858
      vertex 34.8222 3 38.8778
      vertex 36.3778 3 38.8778
    endloop
  endfacet
  facet normal 0 1 0
    outer loop
      vertex 36.46 3 38.7858
      vertex 34.74 3 38.7858
      vertex 34.8222 3 38.8778
    endloop
  endfacet
  facet normal 0 1 0
    outer loop
      vertex 36.5314 3 38.6852
      vertex 34.74 3 38.7858
      vertex 36.46 3 38.7858
    endloop
  endfacet
  facet normal 0 1 0
    outer loop
      vertex 36.5314 3 38.6852
      vertex 34.6686 3 38.6852
      vertex 34.74 3 38.7858
    endloop
  endfacet
  facet normal 0 1 0
    outer loop
      vertex 36.5911 3 38.5773
      vertex 34.6686 3 38.6852
      vertex 36.5314 3 38.6852
    endloop
  endfacet
  facet normal 0 1 0
    outer loop
      vertex 36.5911 3 38.5773
      vertex 34.6089 3 38.5773
      vertex 34.6686 3 38.6852
    endloop
  endfacet
  facet normal 0 1 0
    outer loop
      vertex 36.6383 3 38.4633
      vertex 34.6089 3 38.5773
      vertex 36.5911 3 38.5773
    endloop
  endfacet
  facet normal 0 1 0
    outer loop
      vertex 36.6383 3 38.4633
      vertex 34.5617 3 38.4633
      vertex 34.6089 3 38.5773
    endloop
  endfacet
  facet normal 0 1 0
    outer loop
      vertex 36.6724 3 38.3448
      vertex 34.5617 3 38.4633
      vertex 36.6383 3 38.4633
    endloop
  endfacet
  facet normal 0 1 0
    outer loop
      vertex 36.6724 3 38.3448
      vertex 34.5276 3 38.3448
      vertex 34.5617 3 38.4633
    endloop
  endfacet
  facet normal 0 1 0
    outer loop
      vertex 36.6931 3 38.2232
      vertex 34.5276 3 38.3448
      vertex 36.6724 3 38.3448
    endloop
  endfacet
  facet normal 0 1 0
    outer loop
      vertex 36.6931 3 38.2232
      vertex 34.5069 3 38.2232
      vertex 34.5276 3 38.3448
    endloop
  endfacet
  facet normal 0 1 0
    outer loop
      vertex 36.7 3 38.1
      vertex 34.5069 3 38.2232
      vertex 36.6931 3 38.2232
    endloop
  endfacet
  facet normal 0 1 0
    outer loop
      vertex 36.7 3 38.1
      vertex 34.5 3 38.1
      vertex 34.5069 3 38.2232
    endloop
  endfacet
  facet normal 0 1 -0
    outer loop
      vertex 36.6931 3 37.9768
      vertex 34.5 3 38.1
      vertex 36.7 3 38.1
    endloop
  endfacet
  facet normal 0 1 0
    outer loop
      vertex 36.6931 3 37.9768
      vertex 34.5069 3 37.9768
      vertex 34.5 3 38.1
    endloop
  endfacet
  facet normal 0 1 -0
    outer loop
      vertex 36.6724 3 37.8552
      vertex 34.5069 3 37.9768
      vertex 36.6931 3 37.9768
    endloop
  endfacet
  facet normal 0 1 0
    outer loop
      vertex 36.6724 3 37.8552
      vertex 34.5276 3 37.8552
      vertex 34.5069 3 37.9768
    endloop
  endfacet
  facet normal 0 1 -0
    outer loop
      vertex 36.6383 3 37.7367
      vertex 34.5276 3 37.8552
      vertex 36.6724 3 37.8552
    endloop
  endfacet
  facet normal 0 1 0
    outer loop
      vertex 36.6383 3 37.7367
      vertex 34.5617 3 37.7367
      vertex 34.5276 3 37.8552
    endloop
  endfacet
  facet normal 0 1 -0
    outer loop
      vertex 36.5911 3 37.6227
      vertex 34.5617 3 37.7367
      vertex 36.6383 3 37.7367
    endloop
  endfacet
  facet normal 0 1 0
    outer loop
      vertex 36.5911 3 37.6227
      vertex 34.6089 3 37.6227
      vertex 34.5617 3 37.7367
    endloop
  endfacet
  facet normal 0 1 -0
    outer loop
      vertex 36.5314 3 37.5148
      vertex 34.6089 3 37.6227
      vertex 36.5911 3 37.6227
    endloop
  endfacet
  facet normal 0 1 0
    outer loop
      vertex 36.5314 3 37.5148
      vertex 34.6686 3 37.5148
      vertex 34.6089 3 37.6227
    endloop
  endfacet
  facet normal 0 1 -0
    outer loop
      vertex 36.46 3 37.4142
      vertex 34.6686 3 37.5148
      vertex 36.5314 3 37.5148
    endloop
  endfacet
  facet normal 0 1 0
    outer loop
      vertex 36.46 3 37.4142
      vertex 34.74 3 37.4142
      vertex 34.6686 3 37.5148
    endloop
  endfacet
  facet normal 0 1 -0
    outer loop
      vertex 36.3778 3 37.3222
      vertex 34.74 3 37.4142
      vertex 36.46 3 37.4142
    endloop
  endfacet
  facet normal 0 1 0
    outer loop
      vertex 36.3778 3 37.3222
      vertex 34.8222 3 37.3222
      vertex 34.74 3 37.4142
    endloop
  endfacet
  facet normal 0 1 -0
    outer loop
      vertex 36.2858 3 37.24
      vertex 34.8222 3 37.3222
      vertex 36.3778 3 37.3222
    endloop
  endfacet
  facet normal 0 1 0
    outer loop
      vertex 36.2858 3 37.24
      vertex 34.9142 3 37.24
      vertex 34.8222 3 37.3222
    endloop
  endfacet
  facet normal 0 1 -0
    outer loop
      vertex 36.1852 3 37.1686
      vertex 34.9142 3 37.24
      vertex 36.2858 3 37.24
    endloop
  endfacet
  facet normal 0 1 0
    outer loop
      vertex 36.1852 3 37.1686
      vertex 35.0148 3 37.1686
      vertex 34.9142 3 37.24
    endloop
  endfacet
  facet normal 0 1 -0
    outer loop
      vertex 36.0773 3 37.1089
      vertex 35.0148 3 37.1686
      vertex 36.1852 3 37.1686
    endloop
  endfacet
  facet normal 0 1 0
    outer loop
      vertex 36.0773 3 37.1089
      vertex 35.1227 3 37.1089
      vertex 35.0148 3 37.1686
    endloop
  endfacet
  facet normal 0 1 -0
    outer loop
      vertex 35.9633 3 37.0617
      vertex 35.1227 3 37.1089
      vertex 36.0773 3 37.1089
    endloop
  endfacet
  facet normal 0 1 0
    outer loop
      vertex 35.9633 3 37.0617
      vertex 35.2367 3 37.0617
      vertex 35.1227 3 37.1089
    endloop
  endfacet
  facet normal 0 1 -0
    outer loop
      vertex 35.8448 3 37.0276
      vertex 35.2367 3 37.0617
      vertex 35.9633 3 37.0617
    endloop
  endfacet
  facet normal 0 1 0
    outer loop
      vertex 35.8448 3 37.0276
      vertex 35.3552 3 37.0276
      vertex 35.2367 3 37.0617
    endloop
  endfacet
  facet normal 0 1 -0
    outer loop
      vertex 35.7232 3 37.0069
      vertex 35.3552 3 37.0276
      vertex 35.8448 3 37.0276
    endloop
  endfacet
  facet normal 0 1 0
    outer loop
      vertex 35.7232 3 37.0069
      vertex 35.4768 3 37.0069
      vertex 35.3552 3 37.0276
    endloop
  endfacet
  facet normal -0 1 0
    outer loop
      vertex 35.4768 3 37.0069
      vertex 35.7232 3 37.0069
      vertex 35.6 3 37
    endloop
  endfacet
  facet normal -0.81558 0 -0.578645
    outer loop
      vertex 85.3708 3 40.4897
      vertex 85.1891 31.2 40.7458
      vertex 85.3708 31.2 40.4897
    endloop
  endfacet
  facet normal -0.81558 -0 -0.578645
    outer loop
      vertex 85.1891 31.2 40.7458
      vertex 85.3708 3 40.4897
      vertex 85.1891 3 40.7458
    endloop
  endfacet
  facet normal 0.985878 0 -0.167463
    outer loop
      vertex 2.2702 31.2 39.6231
      vertex 2.24929 22.7 39.5
      vertex 2.24929 31.2 39.5
    endloop
  endfacet
  facet normal 0.985878 0 -0.167463
    outer loop
      vertex 2.2702 3 39.6231
      vertex 2.24929 22.7 39.5
      vertex 2.2702 31.2 39.6231
    endloop
  endfacet
  facet normal 0.985878 -2.49552e-08 -0.167467
    outer loop
      vertex 2.2702 3 39.6231
      vertex 2.21761 22.7 39.3135
      vertex 2.24929 22.7 39.5
    endloop
  endfacet
  facet normal 0.985878 0 -0.167466
    outer loop
      vertex 2.21761 22.7 39.3135
      vertex 2.2702 3 39.6231
      vertex 2.21761 3 39.3135
    endloop
  endfacet
  facet normal 0.960912 -0 0.276853
    outer loop
      vertex 2.2702 3 4.77694
      vertex 2.35713 22.7 4.47522
      vertex 2.2702 22.7 4.77694
    endloop
  endfacet
  facet normal 0.960912 0 0.276853
    outer loop
      vertex 2.35713 22.7 4.47522
      vertex 2.2702 3 4.77694
      vertex 2.35713 3 4.47522
    endloop
  endfacet
  facet normal 0.666344 0 0.745644
    outer loop
      vertex 3.0201 22.7 3.4201
      vertex 3.25423 3 3.21087
      vertex 3.25423 22.7 3.21087
    endloop
  endfacet
  facet normal 0.666344 0 0.745644
    outer loop
      vertex 3.25423 3 3.21087
      vertex 3.0201 22.7 3.4201
      vertex 3.0201 3 3.4201
    endloop
  endfacet
  facet normal 0.745644 -0 0.666344
    outer loop
      vertex 2.81087 3 3.65423
      vertex 3.0201 22.7 3.4201
      vertex 2.81087 22.7 3.65423
    endloop
  endfacet
  facet normal 0.745644 0 0.666344
    outer loop
      vertex 3.0201 22.7 3.4201
      vertex 2.81087 3 3.65423
      vertex 3.0201 3 3.4201
    endloop
  endfacet
  facet normal 0.0560521 0 -0.998428
    outer loop
      vertex 4.6865 3 41.7824
      vertex 5 22.7 41.8
      vertex 5 3 41.8
    endloop
  endfacet
  facet normal 0.0560521 0 -0.998428
    outer loop
      vertex 5 22.7 41.8
      vertex 4.6865 3 41.7824
      vertex 4.6865 22.7 41.7824
    endloop
  endfacet
  facet normal 0.578675 0 0.815559
    outer loop
      vertex 3.25423 22.7 3.21087
      vertex 3.51031 3 3.02917
      vertex 3.51031 22.7 3.02917
    endloop
  endfacet
  facet normal 0.578675 0 0.815559
    outer loop
      vertex 3.51031 3 3.02917
      vertex 3.25423 22.7 3.21087
      vertex 3.25423 3 3.21087
    endloop
  endfacet
  facet normal 0.382783 0 0.923838
    outer loop
      vertex 13.3248 8.2 17.5429
      vertex 13.6149 3 17.4227
      vertex 13.6149 8.2 17.4227
    endloop
  endfacet
  facet normal 0.382783 0 0.923838
    outer loop
      vertex 13.6149 3 17.4227
      vertex 13.3248 8.2 17.5429
      vertex 13.3248 3 17.5429
    endloop
  endfacet
  facet normal 0.985873 0 -0.167496
    outer loop
      vertex 15.1824 3 14.5865
      vertex 15.1298 8.2 14.2769
      vertex 15.1824 8.2 14.5865
    endloop
  endfacet
  facet normal 0.985873 0 -0.167496
    outer loop
      vertex 15.1298 8.2 14.2769
      vertex 15.1824 3 14.5865
      vertex 15.1298 3 14.2769
    endloop
  endfacet
  facet normal 0.998428 0 -0.0560521
    outer loop
      vertex 15.2 3 14.9
      vertex 15.1824 8.2 14.5865
      vertex 15.2 8.2 14.9
    endloop
  endfacet
  facet normal 0.998428 0 -0.0560521
    outer loop
      vertex 15.1824 8.2 14.5865
      vertex 15.2 3 14.9
      vertex 15.1824 3 14.5865
    endloop
  endfacet
  facet normal 0.960933 0 -0.276782
    outer loop
      vertex 15.1298 3 14.2769
      vertex 15.0429 8.2 13.9752
      vertex 15.1298 8.2 14.2769
    endloop
  endfacet
  facet normal 0.960933 0 -0.276782
    outer loop
      vertex 15.0429 8.2 13.9752
      vertex 15.1298 3 14.2769
      vertex 15.0429 3 13.9752
    endloop
  endfacet
  facet normal 0.998428 -0 0.0560521
    outer loop
      vertex 15.1824 3 15.2135
      vertex 15.2 8.2 14.9
      vertex 15.1824 8.2 15.2135
    endloop
  endfacet
  facet normal 0.998428 0 0.0560521
    outer loop
      vertex 15.2 8.2 14.9
      vertex 15.1824 3 15.2135
      vertex 15.2 3 14.9
    endloop
  endfacet
  facet normal -0.276782 0 -0.960933
    outer loop
      vertex 11.4752 3 12.2571
      vertex 11.7769 8.2 12.1702
      vertex 11.7769 3 12.1702
    endloop
  endfacet
  facet normal -0.276782 0 -0.960933
    outer loop
      vertex 11.7769 8.2 12.1702
      vertex 11.4752 3 12.2571
      vertex 11.4752 8.2 12.2571
    endloop
  endfacet
  facet normal 0.382783 0 -0.923838
    outer loop
      vertex 13.3248 3 12.2571
      vertex 13.6149 8.2 12.3773
      vertex 13.6149 3 12.3773
    endloop
  endfacet
  facet normal 0.382783 0 -0.923838
    outer loop
      vertex 13.6149 8.2 12.3773
      vertex 13.3248 3 12.2571
      vertex 13.3248 8.2 12.2571
    endloop
  endfacet
  facet normal 0.666339 0 -0.745649
    outer loop
      vertex 14.1458 3 12.7109
      vertex 14.3799 8.2 12.9201
      vertex 14.3799 3 12.9201
    endloop
  endfacet
  facet normal 0.666339 0 -0.745649
    outer loop
      vertex 14.3799 8.2 12.9201
      vertex 14.1458 3 12.7109
      vertex 14.1458 8.2 12.7109
    endloop
  endfacet
  facet normal -0.985878 0 0.167466
    outer loop
      vertex 9.61761 3 15.2135
      vertex 9.6702 8.2 15.5231
      vertex 9.61761 8.2 15.2135
    endloop
  endfacet
  facet normal -0.985878 0 0.167466
    outer loop
      vertex 9.6702 8.2 15.5231
      vertex 9.61761 3 15.2135
      vertex 9.6702 3 15.5231
    endloop
  endfacet
  facet normal -0.81558 0 -0.578645
    outer loop
      vertex 10.2109 3 13.1542
      vertex 10.0292 8.2 13.4103
      vertex 10.2109 8.2 13.1542
    endloop
  endfacet
  facet normal -0.81558 -0 -0.578645
    outer loop
      vertex 10.0292 8.2 13.4103
      vertex 10.2109 3 13.1542
      vertex 10.0292 3 13.4103
    endloop
  endfacet
  facet normal 0.923838 0 -0.382783
    outer loop
      vertex 15.0429 3 13.9752
      vertex 14.9227 8.2 13.6851
      vertex 15.0429 8.2 13.9752
    endloop
  endfacet
  facet normal 0.923838 0 -0.382783
    outer loop
      vertex 14.9227 8.2 13.6851
      vertex 15.0429 3 13.9752
      vertex 14.9227 3 13.6851
    endloop
  endfacet
  facet normal -0.666339 0 -0.745649
    outer loop
      vertex 10.4201 3 12.9201
      vertex 10.6542 8.2 12.7109
      vertex 10.6542 3 12.7109
    endloop
  endfacet
  facet normal -0.666339 0 -0.745649
    outer loop
      vertex 10.6542 8.2 12.7109
      vertex 10.4201 3 12.9201
      vertex 10.4201 8.2 12.9201
    endloop
  endfacet
  facet normal 0 1 0
    outer loop
      vertex 12.4 8.2 16
      vertex 12.4 8.2 17.7
      vertex 12.7135 8.2 17.6824
    endloop
  endfacet
  facet normal 0 1 0
    outer loop
      vertex 12.5232 8.2 15.9931
      vertex 12.7135 8.2 17.6824
      vertex 13.0231 8.2 17.6298
    endloop
  endfacet
  facet normal 0 1 0
    outer loop
      vertex 12.4 8.2 17.7
      vertex 12.4 8.2 16
      vertex 12.0865 8.2 17.6824
    endloop
  endfacet
  facet normal 0 1 0
    outer loop
      vertex 12.6448 8.2 15.9724
      vertex 13.0231 8.2 17.6298
      vertex 13.3248 8.2 17.5429
    endloop
  endfacet
  facet normal 0 1 -0
    outer loop
      vertex 12.2768 8.2 15.9931
      vertex 12.0865 8.2 17.6824
      vertex 12.4 8.2 16
    endloop
  endfacet
  facet normal 0 1 0
    outer loop
      vertex 12.7633 8.2 15.9383
      vertex 13.3248 8.2 17.5429
      vertex 13.6149 8.2 17.4227
    endloop
  endfacet
  facet normal 0 1 0
    outer loop
      vertex 12.0865 8.2 17.6824
      vertex 12.2768 8.2 15.9931
      vertex 11.7769 8.2 17.6298
    endloop
  endfacet
  facet normal 0 1 0
    outer loop
      vertex 12.8773 8.2 15.8911
      vertex 13.6149 8.2 17.4227
      vertex 13.8897 8.2 17.2708
    endloop
  endfacet
  facet normal 0 1 -0
    outer loop
      vertex 12.1552 8.2 15.9724
      vertex 11.7769 8.2 17.6298
      vertex 12.2768 8.2 15.9931
    endloop
  endfacet
  facet normal 0 1 0
    outer loop
      vertex 12.9852 8.2 15.8314
      vertex 13.8897 8.2 17.2708
      vertex 14.1458 8.2 17.0891
    endloop
  endfacet
  facet normal 0 1 0
    outer loop
      vertex 11.7769 8.2 17.6298
      vertex 12.1552 8.2 15.9724
      vertex 11.4752 8.2 17.5429
    endloop
  endfacet
  facet normal 0 1 0
    outer loop
      vertex 13.0858 8.2 15.76
      vertex 14.1458 8.2 17.0891
      vertex 14.3799 8.2 16.8799
    endloop
  endfacet
  facet normal 0 1 -0
    outer loop
      vertex 12.0367 8.2 15.9383
      vertex 11.4752 8.2 17.5429
      vertex 12.1552 8.2 15.9724
    endloop
  endfacet
  facet normal 0 1 0
    outer loop
      vertex 13.1778 8.2 15.6778
      vertex 14.3799 8.2 16.8799
      vertex 14.5891 8.2 16.6458
    endloop
  endfacet
  facet normal 0 1 0
    outer loop
      vertex 11.4752 8.2 17.5429
      vertex 12.0367 8.2 15.9383
      vertex 11.1851 8.2 17.4227
    endloop
  endfacet
  facet normal 0 1 0
    outer loop
      vertex 13.26 8.2 15.5858
      vertex 14.5891 8.2 16.6458
      vertex 14.7708 8.2 16.3897
    endloop
  endfacet
  facet normal 0 1 -0
    outer loop
      vertex 11.9227 8.2 15.8911
      vertex 11.1851 8.2 17.4227
      vertex 12.0367 8.2 15.9383
    endloop
  endfacet
  facet normal 0 1 0
    outer loop
      vertex 13.3314 8.2 15.4852
      vertex 14.7708 8.2 16.3897
      vertex 14.9227 8.2 16.1149
    endloop
  endfacet
  facet normal 0 1 0
    outer loop
      vertex 11.1851 8.2 17.4227
      vertex 11.9227 8.2 15.8911
      vertex 10.9103 8.2 17.2708
    endloop
  endfacet
  facet normal 0 1 -0
    outer loop
      vertex 11.8148 8.2 15.8314
      vertex 10.9103 8.2 17.2708
      vertex 11.9227 8.2 15.8911
    endloop
  endfacet
  facet normal 0 1 0
    outer loop
      vertex 12.7135 8.2 17.6824
      vertex 12.5232 8.2 15.9931
      vertex 12.4 8.2 16
    endloop
  endfacet
  facet normal 0 1 0
    outer loop
      vertex 13.0231 8.2 17.6298
      vertex 12.6448 8.2 15.9724
      vertex 12.5232 8.2 15.9931
    endloop
  endfacet
  facet normal 0 1 0
    outer loop
      vertex 13.3248 8.2 17.5429
      vertex 12.7633 8.2 15.9383
      vertex 12.6448 8.2 15.9724
    endloop
  endfacet
  facet normal 0 1 0
    outer loop
      vertex 13.6149 8.2 17.4227
      vertex 12.8773 8.2 15.8911
      vertex 12.7633 8.2 15.9383
    endloop
  endfacet
  facet normal 0 1 0
    outer loop
      vertex 13.8897 8.2 17.2708
      vertex 12.9852 8.2 15.8314
      vertex 12.8773 8.2 15.8911
    endloop
  endfacet
  facet normal 0 1 0
    outer loop
      vertex 13.3911 8.2 15.3773
      vertex 14.9227 8.2 16.1149
      vertex 15.0429 8.2 15.8248
    endloop
  endfacet
  facet normal 0 1 0
    outer loop
      vertex 14.1458 8.2 17.0891
      vertex 13.0858 8.2 15.76
      vertex 12.9852 8.2 15.8314
    endloop
  endfacet
  facet normal 0 1 0
    outer loop
      vertex 14.3799 8.2 16.8799
      vertex 13.1778 8.2 15.6778
      vertex 13.0858 8.2 15.76
    endloop
  endfacet
  facet normal 0 1 0
    outer loop
      vertex 14.5891 8.2 16.6458
      vertex 13.26 8.2 15.5858
      vertex 13.1778 8.2 15.6778
    endloop
  endfacet
  facet normal 0 1 0
    outer loop
      vertex 13.4383 8.2 15.2633
      vertex 15.0429 8.2 15.8248
      vertex 15.1298 8.2 15.5231
    endloop
  endfacet
  facet normal 0 1 0
    outer loop
      vertex 14.7708 8.2 16.3897
      vertex 13.3314 8.2 15.4852
      vertex 13.26 8.2 15.5858
    endloop
  endfacet
  facet normal 0 1 0
    outer loop
      vertex 14.9227 8.2 16.1149
      vertex 13.3911 8.2 15.3773
      vertex 13.3314 8.2 15.4852
    endloop
  endfacet
  facet normal 0 1 0
    outer loop
      vertex 15.0429 8.2 15.8248
      vertex 13.4383 8.2 15.2633
      vertex 13.3911 8.2 15.3773
    endloop
  endfacet
  facet normal 0 1 0
    outer loop
      vertex 13.4724 8.2 15.1448
      vertex 15.1298 8.2 15.5231
      vertex 15.1824 8.2 15.2135
    endloop
  endfacet
  facet normal 0 1 0
    outer loop
      vertex 15.1298 8.2 15.5231
      vertex 13.4724 8.2 15.1448
      vertex 13.4383 8.2 15.2633
    endloop
  endfacet
  facet normal 0 1 0
    outer loop
      vertex 15.1824 8.2 15.2135
      vertex 13.4931 8.2 15.0232
      vertex 13.4724 8.2 15.1448
    endloop
  endfacet
  facet normal 0 1 0
    outer loop
      vertex 15.2 8.2 14.9
      vertex 13.4931 8.2 15.0232
      vertex 15.1824 8.2 15.2135
    endloop
  endfacet
  facet normal 0 1 0
    outer loop
      vertex 15.2 8.2 14.9
      vertex 13.5 8.2 14.9
      vertex 13.4931 8.2 15.0232
    endloop
  endfacet
  facet normal 0 1 0
    outer loop
      vertex 15.2 8.2 14.9
      vertex 13.4931 8.2 14.7768
      vertex 13.5 8.2 14.9
    endloop
  endfacet
  facet normal 0 1 -0
    outer loop
      vertex 15.1824 8.2 14.5865
      vertex 13.4931 8.2 14.7768
      vertex 15.2 8.2 14.9
    endloop
  endfacet
  facet normal 0 1 0
    outer loop
      vertex 13.4931 8.2 14.7768
      vertex 15.1824 8.2 14.5865
      vertex 13.4724 8.2 14.6552
    endloop
  endfacet
  facet normal 0 1 -0
    outer loop
      vertex 15.1298 8.2 14.2769
      vertex 13.4724 8.2 14.6552
      vertex 15.1824 8.2 14.5865
    endloop
  endfacet
  facet normal 0 1 0
    outer loop
      vertex 13.4724 8.2 14.6552
      vertex 15.1298 8.2 14.2769
      vertex 13.4383 8.2 14.5367
    endloop
  endfacet
  facet normal 0 1 -0
    outer loop
      vertex 15.0429 8.2 13.9752
      vertex 13.4383 8.2 14.5367
      vertex 15.1298 8.2 14.2769
    endloop
  endfacet
  facet normal 0 1 0
    outer loop
      vertex 13.4383 8.2 14.5367
      vertex 15.0429 8.2 13.9752
      vertex 13.3911 8.2 14.4227
    endloop
  endfacet
  facet normal 0 1 -0
    outer loop
      vertex 14.9227 8.2 13.6851
      vertex 13.3911 8.2 14.4227
      vertex 15.0429 8.2 13.9752
    endloop
  endfacet
  facet normal 0 1 0
    outer loop
      vertex 13.3911 8.2 14.4227
      vertex 14.9227 8.2 13.6851
      vertex 13.3314 8.2 14.3148
    endloop
  endfacet
  facet normal 0 1 -0
    outer loop
      vertex 14.7708 8.2 13.4103
      vertex 13.3314 8.2 14.3148
      vertex 14.9227 8.2 13.6851
    endloop
  endfacet
  facet normal 0 1 0
    outer loop
      vertex 13.3314 8.2 14.3148
      vertex 14.7708 8.2 13.4103
      vertex 13.26 8.2 14.2142
    endloop
  endfacet
  facet normal 0 1 -0
    outer loop
      vertex 14.5891 8.2 13.1542
      vertex 13.26 8.2 14.2142
      vertex 14.7708 8.2 13.4103
    endloop
  endfacet
  facet normal 0 1 0
    outer loop
      vertex 13.26 8.2 14.2142
      vertex 14.5891 8.2 13.1542
      vertex 13.1778 8.2 14.1222
    endloop
  endfacet
  facet normal 0 1 -0
    outer loop
      vertex 14.3799 8.2 12.9201
      vertex 13.1778 8.2 14.1222
      vertex 14.5891 8.2 13.1542
    endloop
  endfacet
  facet normal 0 1 0
    outer loop
      vertex 13.1778 8.2 14.1222
      vertex 14.3799 8.2 12.9201
      vertex 13.0858 8.2 14.04
    endloop
  endfacet
  facet normal 0 1 -0
    outer loop
      vertex 14.1458 8.2 12.7109
      vertex 13.0858 8.2 14.04
      vertex 14.3799 8.2 12.9201
    endloop
  endfacet
  facet normal 0 1 -0
    outer loop
      vertex 13.8897 8.2 12.5292
      vertex 12.9852 8.2 13.9686
      vertex 14.1458 8.2 12.7109
    endloop
  endfacet
  facet normal 0 1 0
    outer loop
      vertex 13.0858 8.2 14.04
      vertex 14.1458 8.2 12.7109
      vertex 12.9852 8.2 13.9686
    endloop
  endfacet
  facet normal 0 1 0
    outer loop
      vertex 10.9103 8.2 17.2708
      vertex 11.8148 8.2 15.8314
      vertex 10.6542 8.2 17.0891
    endloop
  endfacet
  facet normal 0 1 -0
    outer loop
      vertex 11.7142 8.2 15.76
      vertex 10.6542 8.2 17.0891
      vertex 11.8148 8.2 15.8314
    endloop
  endfacet
  facet normal 0 1 0
    outer loop
      vertex 10.6542 8.2 17.0891
      vertex 11.7142 8.2 15.76
      vertex 10.4201 8.2 16.8799
    endloop
  endfacet
  facet normal 0 1 -0
    outer loop
      vertex 11.6222 8.2 15.6778
      vertex 10.4201 8.2 16.8799
      vertex 11.7142 8.2 15.76
    endloop
  endfacet
  facet normal 0 1 0
    outer loop
      vertex 10.4201 8.2 16.8799
      vertex 11.6222 8.2 15.6778
      vertex 10.2109 8.2 16.6458
    endloop
  endfacet
  facet normal 0 1 -0
    outer loop
      vertex 11.54 8.2 15.5858
      vertex 10.2109 8.2 16.6458
      vertex 11.6222 8.2 15.6778
    endloop
  endfacet
  facet normal 0 1 0
    outer loop
      vertex 10.2109 8.2 16.6458
      vertex 11.54 8.2 15.5858
      vertex 10.0292 8.2 16.3897
    endloop
  endfacet
  facet normal 0 1 -0
    outer loop
      vertex 11.4686 8.2 15.4852
      vertex 10.0292 8.2 16.3897
      vertex 11.54 8.2 15.5858
    endloop
  endfacet
  facet normal 0 1 0
    outer loop
      vertex 10.0292 8.2 16.3897
      vertex 11.4686 8.2 15.4852
      vertex 9.87729 8.2 16.1149
    endloop
  endfacet
  facet normal 0 1 -0
    outer loop
      vertex 11.4089 8.2 15.3773
      vertex 9.87729 8.2 16.1149
      vertex 11.4686 8.2 15.4852
    endloop
  endfacet
  facet normal 0 1 0
    outer loop
      vertex 9.87729 8.2 16.1149
      vertex 11.4089 8.2 15.3773
      vertex 9.75713 8.2 15.8248
    endloop
  endfacet
  facet normal 0 1 -0
    outer loop
      vertex 11.3617 8.2 15.2633
      vertex 9.75713 8.2 15.8248
      vertex 11.4089 8.2 15.3773
    endloop
  endfacet
  facet normal 0 1 0
    outer loop
      vertex 9.75713 8.2 15.8248
      vertex 11.3617 8.2 15.2633
      vertex 9.6702 8.2 15.5231
    endloop
  endfacet
  facet normal 0 1 -0
    outer loop
      vertex 11.3276 8.2 15.1448
      vertex 9.6702 8.2 15.5231
      vertex 11.3617 8.2 15.2633
    endloop
  endfacet
  facet normal 0 1 0
    outer loop
      vertex 9.6702 8.2 15.5231
      vertex 11.3276 8.2 15.1448
      vertex 9.61761 8.2 15.2135
    endloop
  endfacet
  facet normal 0 1 -0
    outer loop
      vertex 11.3069 8.2 15.0232
      vertex 9.61761 8.2 15.2135
      vertex 11.3276 8.2 15.1448
    endloop
  endfacet
  facet normal 0 1 -0
    outer loop
      vertex 11.3 8.2 14.9
      vertex 9.61761 8.2 15.2135
      vertex 11.3069 8.2 15.0232
    endloop
  endfacet
  facet normal 0 1 0
    outer loop
      vertex 11.3 8.2 14.9
      vertex 9.6 8.2 14.9
      vertex 9.61761 8.2 15.2135
    endloop
  endfacet
  facet normal 0 1 0
    outer loop
      vertex 11.3069 8.2 14.7768
      vertex 9.6 8.2 14.9
      vertex 11.3 8.2 14.9
    endloop
  endfacet
  facet normal 0 1 0
    outer loop
      vertex 9.61761 8.2 14.5865
      vertex 11.3069 8.2 14.7768
      vertex 11.3276 8.2 14.6552
    endloop
  endfacet
  facet normal 0 1 0
    outer loop
      vertex 11.3069 8.2 14.7768
      vertex 9.61761 8.2 14.5865
      vertex 9.6 8.2 14.9
    endloop
  endfacet
  facet normal 0 1 0
    outer loop
      vertex 9.6702 8.2 14.2769
      vertex 11.3276 8.2 14.6552
      vertex 11.3617 8.2 14.5367
    endloop
  endfacet
  facet normal 0 1 0
    outer loop
      vertex 9.75713 8.2 13.9752
      vertex 11.3617 8.2 14.5367
      vertex 11.4089 8.2 14.4227
    endloop
  endfacet
  facet normal 0 1 0
    outer loop
      vertex 9.87729 8.2 13.6851
      vertex 11.4089 8.2 14.4227
      vertex 11.4686 8.2 14.3148
    endloop
  endfacet
  facet normal 0 1 0
    outer loop
      vertex 11.3276 8.2 14.6552
      vertex 9.6702 8.2 14.2769
      vertex 9.61761 8.2 14.5865
    endloop
  endfacet
  facet normal 0 1 0
    outer loop
      vertex 10.0292 8.2 13.4103
      vertex 11.4686 8.2 14.3148
      vertex 11.54 8.2 14.2142
    endloop
  endfacet
  facet normal 0 1 0
    outer loop
      vertex 10.2109 8.2 13.1542
      vertex 11.54 8.2 14.2142
      vertex 11.6222 8.2 14.1222
    endloop
  endfacet
  facet normal 0 1 0
    outer loop
      vertex 10.4201 8.2 12.9201
      vertex 11.6222 8.2 14.1222
      vertex 11.7142 8.2 14.04
    endloop
  endfacet
  facet normal 0 1 0
    outer loop
      vertex 11.3617 8.2 14.5367
      vertex 9.75713 8.2 13.9752
      vertex 9.6702 8.2 14.2769
    endloop
  endfacet
  facet normal 0 1 0
    outer loop
      vertex 10.6542 8.2 12.7109
      vertex 11.7142 8.2 14.04
      vertex 11.8148 8.2 13.9686
    endloop
  endfacet
  facet normal 0 1 0
    outer loop
      vertex 10.9103 8.2 12.5292
      vertex 11.8148 8.2 13.9686
      vertex 11.9227 8.2 13.9089
    endloop
  endfacet
  facet normal 0 1 0
    outer loop
      vertex 11.1851 8.2 12.3773
      vertex 11.9227 8.2 13.9089
      vertex 12.0367 8.2 13.8617
    endloop
  endfacet
  facet normal 0 1 0
    outer loop
      vertex 11.4752 8.2 12.2571
      vertex 12.0367 8.2 13.8617
      vertex 12.1552 8.2 13.8276
    endloop
  endfacet
  facet normal 0 1 0
    outer loop
      vertex 11.7769 8.2 12.1702
      vertex 12.1552 8.2 13.8276
      vertex 12.2768 8.2 13.8069
    endloop
  endfacet
  facet normal 0 1 0
    outer loop
      vertex 11.4089 8.2 14.4227
      vertex 9.87729 8.2 13.6851
      vertex 9.75713 8.2 13.9752
    endloop
  endfacet
  facet normal 0 1 0
    outer loop
      vertex 12.0865 8.2 12.1176
      vertex 12.2768 8.2 13.8069
      vertex 12.4 8.2 13.8
    endloop
  endfacet
  facet normal 0 1 0
    outer loop
      vertex 12.9852 8.2 13.9686
      vertex 13.8897 8.2 12.5292
      vertex 12.8773 8.2 13.9089
    endloop
  endfacet
  facet normal 0 1 -0
    outer loop
      vertex 13.6149 8.2 12.3773
      vertex 12.8773 8.2 13.9089
      vertex 13.8897 8.2 12.5292
    endloop
  endfacet
  facet normal 0 1 0
    outer loop
      vertex 11.4686 8.2 14.3148
      vertex 10.0292 8.2 13.4103
      vertex 9.87729 8.2 13.6851
    endloop
  endfacet
  facet normal 0 1 0
    outer loop
      vertex 12.8773 8.2 13.9089
      vertex 13.6149 8.2 12.3773
      vertex 12.7633 8.2 13.8617
    endloop
  endfacet
  facet normal 0 1 0
    outer loop
      vertex 11.54 8.2 14.2142
      vertex 10.2109 8.2 13.1542
      vertex 10.0292 8.2 13.4103
    endloop
  endfacet
  facet normal 0 1 -0
    outer loop
      vertex 13.3248 8.2 12.2571
      vertex 12.7633 8.2 13.8617
      vertex 13.6149 8.2 12.3773
    endloop
  endfacet
  facet normal 0 1 0
    outer loop
      vertex 11.6222 8.2 14.1222
      vertex 10.4201 8.2 12.9201
      vertex 10.2109 8.2 13.1542
    endloop
  endfacet
  facet normal 0 1 0
    outer loop
      vertex 12.7633 8.2 13.8617
      vertex 13.3248 8.2 12.2571
      vertex 12.6448 8.2 13.8276
    endloop
  endfacet
  facet normal 0 1 0
    outer loop
      vertex 11.7142 8.2 14.04
      vertex 10.6542 8.2 12.7109
      vertex 10.4201 8.2 12.9201
    endloop
  endfacet
  facet normal 0 1 -0
    outer loop
      vertex 13.0231 8.2 12.1702
      vertex 12.6448 8.2 13.8276
      vertex 13.3248 8.2 12.2571
    endloop
  endfacet
  facet normal 0 1 0
    outer loop
      vertex 11.8148 8.2 13.9686
      vertex 10.9103 8.2 12.5292
      vertex 10.6542 8.2 12.7109
    endloop
  endfacet
  facet normal 0 1 0
    outer loop
      vertex 12.6448 8.2 13.8276
      vertex 13.0231 8.2 12.1702
      vertex 12.5232 8.2 13.8069
    endloop
  endfacet
  facet normal 0 1 0
    outer loop
      vertex 11.9227 8.2 13.9089
      vertex 11.1851 8.2 12.3773
      vertex 10.9103 8.2 12.5292
    endloop
  endfacet
  facet normal 0 1 -0
    outer loop
      vertex 12.7135 8.2 12.1176
      vertex 12.5232 8.2 13.8069
      vertex 13.0231 8.2 12.1702
    endloop
  endfacet
  facet normal 0 1 0
    outer loop
      vertex 12.0367 8.2 13.8617
      vertex 11.4752 8.2 12.2571
      vertex 11.1851 8.2 12.3773
    endloop
  endfacet
  facet normal 0 1 0
    outer loop
      vertex 12.5232 8.2 13.8069
      vertex 12.7135 8.2 12.1176
      vertex 12.4 8.2 13.8
    endloop
  endfacet
  facet normal 0 1 0
    outer loop
      vertex 12.1552 8.2 13.8276
      vertex 11.7769 8.2 12.1702
      vertex 11.4752 8.2 12.2571
    endloop
  endfacet
  facet normal 0 1 0
    outer loop
      vertex 12.4 8.2 12.1
      vertex 12.4 8.2 13.8
      vertex 12.7135 8.2 12.1176
    endloop
  endfacet
  facet normal 0 1 0
    outer loop
      vertex 12.2768 8.2 13.8069
      vertex 12.0865 8.2 12.1176
      vertex 11.7769 8.2 12.1702
    endloop
  endfacet
  facet normal 0 1 0
    outer loop
      vertex 12.4 8.2 13.8
      vertex 12.4 8.2 12.1
      vertex 12.0865 8.2 12.1176
    endloop
  endfacet
  facet normal -0.745649 0 0.666339
    outer loop
      vertex 10.2109 3 16.6458
      vertex 10.4201 8.2 16.8799
      vertex 10.2109 8.2 16.6458
    endloop
  endfacet
  facet normal -0.745649 0 0.666339
    outer loop
      vertex 10.4201 8.2 16.8799
      vertex 10.2109 3 16.6458
      vertex 10.4201 3 16.8799
    endloop
  endfacet
  facet normal -0.483776 0 -0.875192
    outer loop
      vertex 10.9103 3 12.5292
      vertex 11.1851 8.2 12.3773
      vertex 11.1851 3 12.3773
    endloop
  endfacet
  facet normal -0.483776 0 -0.875192
    outer loop
      vertex 11.1851 8.2 12.3773
      vertex 10.9103 3 12.5292
      vertex 10.9103 8.2 12.5292
    endloop
  endfacet
  facet normal 0.167496 0 -0.985873
    outer loop
      vertex 12.7135 3 12.1176
      vertex 13.0231 8.2 12.1702
      vertex 13.0231 3 12.1702
    endloop
  endfacet
  facet normal 0.167496 0 -0.985873
    outer loop
      vertex 13.0231 8.2 12.1702
      vertex 12.7135 3 12.1176
      vertex 12.7135 8.2 12.1176
    endloop
  endfacet
  facet normal -0.382783 0 -0.923838
    outer loop
      vertex 11.1851 3 12.3773
      vertex 11.4752 8.2 12.2571
      vertex 11.4752 3 12.2571
    endloop
  endfacet
  facet normal -0.382783 0 -0.923838
    outer loop
      vertex 11.4752 8.2 12.2571
      vertex 11.1851 3 12.3773
      vertex 11.1851 8.2 12.3773
    endloop
  endfacet
  facet normal -0.382783 0 0.923838
    outer loop
      vertex 11.1851 8.2 17.4227
      vertex 11.4752 3 17.5429
      vertex 11.4752 8.2 17.5429
    endloop
  endfacet
  facet normal -0.382783 0 0.923838
    outer loop
      vertex 11.4752 3 17.5429
      vertex 11.1851 8.2 17.4227
      vertex 11.1851 3 17.4227
    endloop
  endfacet
  facet normal 0.81558 0 -0.578645
    outer loop
      vertex 14.7708 3 13.4103
      vertex 14.5891 8.2 13.1542
      vertex 14.7708 8.2 13.4103
    endloop
  endfacet
  facet normal 0.81558 0 -0.578645
    outer loop
      vertex 14.5891 8.2 13.1542
      vertex 14.7708 3 13.4103
      vertex 14.5891 3 13.1542
    endloop
  endfacet
  facet normal 0.875192 -0 0.483776
    outer loop
      vertex 14.7708 3 16.3897
      vertex 14.9227 8.2 16.1149
      vertex 14.7708 8.2 16.3897
    endloop
  endfacet
  facet normal 0.875192 0 0.483776
    outer loop
      vertex 14.9227 8.2 16.1149
      vertex 14.7708 3 16.3897
      vertex 14.9227 3 16.1149
    endloop
  endfacet
  facet normal -0.666339 0 0.745649
    outer loop
      vertex 10.4201 8.2 16.8799
      vertex 10.6542 3 17.0891
      vertex 10.6542 8.2 17.0891
    endloop
  endfacet
  facet normal -0.666339 0 0.745649
    outer loop
      vertex 10.6542 3 17.0891
      vertex 10.4201 8.2 16.8799
      vertex 10.4201 3 16.8799
    endloop
  endfacet
  facet normal 0.985873 -0 0.167496
    outer loop
      vertex 15.1298 3 15.5231
      vertex 15.1824 8.2 15.2135
      vertex 15.1298 8.2 15.5231
    endloop
  endfacet
  facet normal 0.985873 0 0.167496
    outer loop
      vertex 15.1824 8.2 15.2135
      vertex 15.1298 3 15.5231
      vertex 15.1824 3 15.2135
    endloop
  endfacet
  facet normal -0.81558 0 0.578645
    outer loop
      vertex 10.0292 3 16.3897
      vertex 10.2109 8.2 16.6458
      vertex 10.0292 8.2 16.3897
    endloop
  endfacet
  facet normal -0.81558 0 0.578645
    outer loop
      vertex 10.2109 8.2 16.6458
      vertex 10.0292 3 16.3897
      vertex 10.2109 3 16.6458
    endloop
  endfacet
  facet normal -0.167496 0 0.985873
    outer loop
      vertex 11.7769 8.2 17.6298
      vertex 12.0865 3 17.6824
      vertex 12.0865 8.2 17.6824
    endloop
  endfacet
  facet normal -0.167496 0 0.985873
    outer loop
      vertex 12.0865 3 17.6824
      vertex 11.7769 8.2 17.6298
      vertex 11.7769 3 17.6298
    endloop
  endfacet
  facet normal 0.81558 -0 0.578645
    outer loop
      vertex 14.5891 3 16.6458
      vertex 14.7708 8.2 16.3897
      vertex 14.5891 8.2 16.6458
    endloop
  endfacet
  facet normal 0.81558 0 0.578645
    outer loop
      vertex 14.7708 8.2 16.3897
      vertex 14.5891 3 16.6458
      vertex 14.7708 3 16.3897
    endloop
  endfacet
  facet normal 0.960933 -0 0.276782
    outer loop
      vertex 15.0429 3 15.8248
      vertex 15.1298 8.2 15.5231
      vertex 15.0429 8.2 15.8248
    endloop
  endfacet
  facet normal 0.960933 0 0.276782
    outer loop
      vertex 15.1298 8.2 15.5231
      vertex 15.0429 3 15.8248
      vertex 15.1298 3 15.5231
    endloop
  endfacet
  facet normal 0.745649 0 -0.666339
    outer loop
      vertex 14.5891 3 13.1542
      vertex 14.3799 8.2 12.9201
      vertex 14.5891 8.2 13.1542
    endloop
  endfacet
  facet normal 0.745649 0 -0.666339
    outer loop
      vertex 14.3799 8.2 12.9201
      vertex 14.5891 3 13.1542
      vertex 14.3799 3 12.9201
    endloop
  endfacet
  facet normal -0.923883 0 0.382674
    outer loop
      vertex 9.75713 3 15.8248
      vertex 9.87729 8.2 16.1149
      vertex 9.75713 8.2 15.8248
    endloop
  endfacet
  facet normal -0.923883 0 0.382674
    outer loop
      vertex 9.87729 8.2 16.1149
      vertex 9.75713 3 15.8248
      vertex 9.87729 3 16.1149
    endloop
  endfacet
  facet normal -0.578645 0 -0.81558
    outer loop
      vertex 10.6542 3 12.7109
      vertex 10.9103 8.2 12.5292
      vertex 10.9103 3 12.5292
    endloop
  endfacet
  facet normal -0.578645 0 -0.81558
    outer loop
      vertex 10.9103 8.2 12.5292
      vertex 10.6542 3 12.7109
      vertex 10.6542 8.2 12.7109
    endloop
  endfacet
  facet normal -0.875178 0 -0.4838
    outer loop
      vertex 10.0292 3 13.4103
      vertex 9.87729 8.2 13.6851
      vertex 10.0292 8.2 13.4103
    endloop
  endfacet
  facet normal -0.875178 -0 -0.4838
    outer loop
      vertex 9.87729 8.2 13.6851
      vertex 10.0292 3 13.4103
      vertex 9.87729 3 13.6851
    endloop
  endfacet
  facet normal 0.578645 0 -0.81558
    outer loop
      vertex 13.8897 3 12.5292
      vertex 14.1458 8.2 12.7109
      vertex 14.1458 3 12.7109
    endloop
  endfacet
  facet normal 0.578645 0 -0.81558
    outer loop
      vertex 14.1458 8.2 12.7109
      vertex 13.8897 3 12.5292
      vertex 13.8897 8.2 12.5292
    endloop
  endfacet
  facet normal -0.745649 0 -0.666339
    outer loop
      vertex 10.4201 3 12.9201
      vertex 10.2109 8.2 13.1542
      vertex 10.4201 8.2 12.9201
    endloop
  endfacet
  facet normal -0.745649 -0 -0.666339
    outer loop
      vertex 10.2109 8.2 13.1542
      vertex 10.4201 3 12.9201
      vertex 10.2109 3 13.1542
    endloop
  endfacet
  facet normal 0.875192 0 -0.483776
    outer loop
      vertex 14.9227 3 13.6851
      vertex 14.7708 8.2 13.4103
      vertex 14.9227 8.2 13.6851
    endloop
  endfacet
  facet normal 0.875192 0 -0.483776
    outer loop
      vertex 14.7708 8.2 13.4103
      vertex 14.9227 3 13.6851
      vertex 14.7708 3 13.4103
    endloop
  endfacet
  facet normal 0.923838 -0 0.382783
    outer loop
      vertex 14.9227 3 16.1149
      vertex 15.0429 8.2 15.8248
      vertex 14.9227 8.2 16.1149
    endloop
  endfacet
  facet normal 0.923838 0 0.382783
    outer loop
      vertex 15.0429 8.2 15.8248
      vertex 14.9227 3 16.1149
      vertex 15.0429 3 15.8248
    endloop
  endfacet
  facet normal 0.276782 0 0.960933
    outer loop
      vertex 13.0231 8.2 17.6298
      vertex 13.3248 3 17.5429
      vertex 13.3248 8.2 17.5429
    endloop
  endfacet
  facet normal 0.276782 0 0.960933
    outer loop
      vertex 13.3248 3 17.5429
      vertex 13.0231 8.2 17.6298
      vertex 13.0231 3 17.6298
    endloop
  endfacet
  facet normal -0.483776 0 0.875192
    outer loop
      vertex 10.9103 8.2 17.2708
      vertex 11.1851 3 17.4227
      vertex 11.1851 8.2 17.4227
    endloop
  endfacet
  facet normal -0.483776 0 0.875192
    outer loop
      vertex 11.1851 3 17.4227
      vertex 10.9103 8.2 17.2708
      vertex 10.9103 3 17.2708
    endloop
  endfacet
  facet normal 0.276782 0 -0.960933
    outer loop
      vertex 13.0231 3 12.1702
      vertex 13.3248 8.2 12.2571
      vertex 13.3248 3 12.2571
    endloop
  endfacet
  facet normal 0.276782 0 -0.960933
    outer loop
      vertex 13.3248 8.2 12.2571
      vertex 13.0231 3 12.1702
      vertex 13.0231 8.2 12.1702
    endloop
  endfacet
  facet normal 0.0560521 0 0.998428
    outer loop
      vertex 12.4 8.2 17.7
      vertex 12.7135 3 17.6824
      vertex 12.7135 8.2 17.6824
    endloop
  endfacet
  facet normal 0.0560521 0 0.998428
    outer loop
      vertex 12.7135 3 17.6824
      vertex 12.4 8.2 17.7
      vertex 12.4 3 17.7
    endloop
  endfacet
  facet normal 0.167496 0 0.985873
    outer loop
      vertex 12.7135 8.2 17.6824
      vertex 13.0231 3 17.6298
      vertex 13.0231 8.2 17.6298
    endloop
  endfacet
  facet normal 0.167496 0 0.985873
    outer loop
      vertex 13.0231 3 17.6298
      vertex 12.7135 8.2 17.6824
      vertex 12.7135 3 17.6824
    endloop
  endfacet
  facet normal -0.998426 0 0.0560838
    outer loop
      vertex 9.6 3 14.9
      vertex 9.61761 8.2 15.2135
      vertex 9.6 8.2 14.9
    endloop
  endfacet
  facet normal -0.998426 0 0.0560838
    outer loop
      vertex 9.61761 8.2 15.2135
      vertex 9.6 3 14.9
      vertex 9.61761 3 15.2135
    endloop
  endfacet
  facet normal 0.483776 0 -0.875192
    outer loop
      vertex 13.6149 3 12.3773
      vertex 13.8897 8.2 12.5292
      vertex 13.8897 3 12.5292
    endloop
  endfacet
  facet normal 0.483776 0 -0.875192
    outer loop
      vertex 13.8897 8.2 12.5292
      vertex 13.6149 3 12.3773
      vertex 13.6149 8.2 12.3773
    endloop
  endfacet
  facet normal -0.923883 0 -0.382674
    outer loop
      vertex 9.87729 3 13.6851
      vertex 9.75713 8.2 13.9752
      vertex 9.87729 8.2 13.6851
    endloop
  endfacet
  facet normal -0.923883 -0 -0.382674
    outer loop
      vertex 9.75713 8.2 13.9752
      vertex 9.87729 3 13.6851
      vertex 9.75713 3 13.9752
    endloop
  endfacet
  facet normal -0.0560521 0 0.998428
    outer loop
      vertex 12.0865 8.2 17.6824
      vertex 12.4 3 17.7
      vertex 12.4 8.2 17.7
    endloop
  endfacet
  facet normal -0.0560521 0 0.998428
    outer loop
      vertex 12.4 3 17.7
      vertex 12.0865 8.2 17.6824
      vertex 12.0865 3 17.6824
    endloop
  endfacet
  facet normal -0.875178 0 0.4838
    outer loop
      vertex 9.87729 3 16.1149
      vertex 10.0292 8.2 16.3897
      vertex 9.87729 8.2 16.1149
    endloop
  endfacet
  facet normal -0.875178 0 0.4838
    outer loop
      vertex 10.0292 8.2 16.3897
      vertex 9.87729 3 16.1149
      vertex 10.0292 3 16.3897
    endloop
  endfacet
  facet normal -0.167496 0 -0.985873
    outer loop
      vertex 11.7769 3 12.1702
      vertex 12.0865 8.2 12.1176
      vertex 12.0865 3 12.1176
    endloop
  endfacet
  facet normal -0.167496 0 -0.985873
    outer loop
      vertex 12.0865 8.2 12.1176
      vertex 11.7769 3 12.1702
      vertex 11.7769 8.2 12.1702
    endloop
  endfacet
  facet normal -0.998426 0 -0.0560838
    outer loop
      vertex 9.61761 3 14.5865
      vertex 9.6 8.2 14.9
      vertex 9.61761 8.2 14.5865
    endloop
  endfacet
  facet normal -0.998426 -0 -0.0560838
    outer loop
      vertex 9.6 8.2 14.9
      vertex 9.61761 3 14.5865
      vertex 9.6 3 14.9
    endloop
  endfacet
  facet normal -0.276782 0 0.960933
    outer loop
      vertex 11.4752 8.2 17.5429
      vertex 11.7769 3 17.6298
      vertex 11.7769 8.2 17.6298
    endloop
  endfacet
  facet normal -0.276782 0 0.960933
    outer loop
      vertex 11.7769 3 17.6298
      vertex 11.4752 8.2 17.5429
      vertex 11.4752 3 17.5429
    endloop
  endfacet
  facet normal 0.578645 0 0.81558
    outer loop
      vertex 13.8897 8.2 17.2708
      vertex 14.1458 3 17.0891
      vertex 14.1458 8.2 17.0891
    endloop
  endfacet
  facet normal 0.578645 0 0.81558
    outer loop
      vertex 14.1458 3 17.0891
      vertex 13.8897 8.2 17.2708
      vertex 13.8897 3 17.2708
    endloop
  endfacet
  facet normal 0.0560521 0 -0.998428
    outer loop
      vertex 12.4 3 12.1
      vertex 12.7135 8.2 12.1176
      vertex 12.7135 3 12.1176
    endloop
  endfacet
  facet normal 0.0560521 0 -0.998428
    outer loop
      vertex 12.7135 8.2 12.1176
      vertex 12.4 3 12.1
      vertex 12.4 8.2 12.1
    endloop
  endfacet
  facet normal -0.960907 0 0.27687
    outer loop
      vertex 9.6702 3 15.5231
      vertex 9.75713 8.2 15.8248
      vertex 9.6702 8.2 15.5231
    endloop
  endfacet
  facet normal -0.960907 0 0.27687
    outer loop
      vertex 9.75713 8.2 15.8248
      vertex 9.6702 3 15.5231
      vertex 9.75713 3 15.8248
    endloop
  endfacet
  facet normal 0.745649 -0 0.666339
    outer loop
      vertex 14.3799 3 16.8799
      vertex 14.5891 8.2 16.6458
      vertex 14.3799 8.2 16.8799
    endloop
  endfacet
  facet normal 0.745649 0 0.666339
    outer loop
      vertex 14.5891 8.2 16.6458
      vertex 14.3799 3 16.8799
      vertex 14.5891 3 16.6458
    endloop
  endfacet
  facet normal 0.666339 0 0.745649
    outer loop
      vertex 14.1458 8.2 17.0891
      vertex 14.3799 3 16.8799
      vertex 14.3799 8.2 16.8799
    endloop
  endfacet
  facet normal 0.666339 0 0.745649
    outer loop
      vertex 14.3799 3 16.8799
      vertex 14.1458 8.2 17.0891
      vertex 14.1458 3 17.0891
    endloop
  endfacet
  facet normal -0.578645 0 0.81558
    outer loop
      vertex 10.6542 8.2 17.0891
      vertex 10.9103 3 17.2708
      vertex 10.9103 8.2 17.2708
    endloop
  endfacet
  facet normal -0.578645 0 0.81558
    outer loop
      vertex 10.9103 3 17.2708
      vertex 10.6542 8.2 17.0891
      vertex 10.6542 3 17.0891
    endloop
  endfacet
  facet normal -0.0560521 0 -0.998428
    outer loop
      vertex 12.0865 3 12.1176
      vertex 12.4 8.2 12.1
      vertex 12.4 3 12.1
    endloop
  endfacet
  facet normal -0.0560521 0 -0.998428
    outer loop
      vertex 12.4 8.2 12.1
      vertex 12.0865 3 12.1176
      vertex 12.0865 8.2 12.1176
    endloop
  endfacet
  facet normal 0.483776 0 0.875192
    outer loop
      vertex 13.6149 8.2 17.4227
      vertex 13.8897 3 17.2708
      vertex 13.8897 8.2 17.2708
    endloop
  endfacet
  facet normal 0.483776 0 0.875192
    outer loop
      vertex 13.8897 3 17.2708
      vertex 13.6149 8.2 17.4227
      vertex 13.6149 3 17.4227
    endloop
  endfacet
  facet normal -0.960907 0 -0.27687
    outer loop
      vertex 9.75713 3 13.9752
      vertex 9.6702 8.2 14.2769
      vertex 9.75713 8.2 13.9752
    endloop
  endfacet
  facet normal -0.960907 -0 -0.27687
    outer loop
      vertex 9.6702 8.2 14.2769
      vertex 9.75713 3 13.9752
      vertex 9.6702 3 14.2769
    endloop
  endfacet
  facet normal -0.985878 0 -0.167466
    outer loop
      vertex 9.6702 3 14.2769
      vertex 9.61761 8.2 14.5865
      vertex 9.6702 8.2 14.2769
    endloop
  endfacet
  facet normal -0.985878 -0 -0.167466
    outer loop
      vertex 9.61761 8.2 14.5865
      vertex 9.6702 3 14.2769
      vertex 9.61761 3 14.5865
    endloop
  endfacet
  facet normal -0.985818 0 0.167816
    outer loop
      vertex 13.4724 3 14.6552
      vertex 13.4931 8.2 14.7768
      vertex 13.4724 8.2 14.6552
    endloop
  endfacet
  facet normal -0.985818 0 0.167816
    outer loop
      vertex 13.4931 8.2 14.7768
      vertex 13.4724 3 14.6552
      vertex 13.4931 3 14.7768
    endloop
  endfacet
  facet normal -0.998435 0 0.0559189
    outer loop
      vertex 13.4931 3 14.7768
      vertex 13.5 8.2 14.9
      vertex 13.4931 8.2 14.7768
    endloop
  endfacet
  facet normal -0.998435 0 0.0559189
    outer loop
      vertex 13.5 8.2 14.9
      vertex 13.4931 3 14.7768
      vertex 13.5 3 14.9
    endloop
  endfacet
  facet normal -0.961002 0 0.276541
    outer loop
      vertex 13.4383 3 14.5367
      vertex 13.4724 8.2 14.6552
      vertex 13.4383 8.2 14.5367
    endloop
  endfacet
  facet normal -0.961002 0 0.276541
    outer loop
      vertex 13.4724 8.2 14.6552
      vertex 13.4383 3 14.5367
      vertex 13.4724 3 14.6552
    endloop
  endfacet
  facet normal -0.815482 0 0.578782
    outer loop
      vertex 13.26 3 14.2142
      vertex 13.3314 8.2 14.3148
      vertex 13.26 8.2 14.2142
    endloop
  endfacet
  facet normal -0.815482 0 0.578782
    outer loop
      vertex 13.3314 8.2 14.3148
      vertex 13.26 3 14.2142
      vertex 13.3314 3 14.3148
    endloop
  endfacet
  facet normal 0.276541 0 -0.961002
    outer loop
      vertex 12.0367 3 15.9383
      vertex 12.1552 8.2 15.9724
      vertex 12.1552 3 15.9724
    endloop
  endfacet
  facet normal 0.276541 0 -0.961002
    outer loop
      vertex 12.1552 8.2 15.9724
      vertex 12.0367 3 15.9383
      vertex 12.0367 8.2 15.9383
    endloop
  endfacet
  facet normal 0.745708 0 -0.666273
    outer loop
      vertex 11.6222 3 15.6778
      vertex 11.54 8.2 15.5858
      vertex 11.6222 8.2 15.6778
    endloop
  endfacet
  facet normal 0.745708 0 -0.666273
    outer loop
      vertex 11.54 8.2 15.5858
      vertex 11.6222 3 15.6778
      vertex 11.54 3 15.5858
    endloop
  endfacet
  facet normal -0.276541 0 0.961002
    outer loop
      vertex 12.6448 8.2 13.8276
      vertex 12.7633 3 13.8617
      vertex 12.7633 8.2 13.8617
    endloop
  endfacet
  facet normal -0.276541 0 0.961002
    outer loop
      vertex 12.7633 3 13.8617
      vertex 12.6448 8.2 13.8276
      vertex 12.6448 3 13.8276
    endloop
  endfacet
  facet normal -0.998435 0 -0.0559189
    outer loop
      vertex 13.5 3 14.9
      vertex 13.4931 8.2 15.0232
      vertex 13.5 8.2 14.9
    endloop
  endfacet
  facet normal -0.998435 -0 -0.0559189
    outer loop
      vertex 13.4931 8.2 15.0232
      vertex 13.5 3 14.9
      vertex 13.4931 3 15.0232
    endloop
  endfacet
  facet normal -0.382543 0 0.923938
    outer loop
      vertex 12.7633 8.2 13.8617
      vertex 12.8773 3 13.9089
      vertex 12.8773 8.2 13.9089
    endloop
  endfacet
  facet normal -0.382543 0 0.923938
    outer loop
      vertex 12.8773 3 13.9089
      vertex 12.7633 8.2 13.8617
      vertex 12.7633 3 13.8617
    endloop
  endfacet
  facet normal 0.923938 0 -0.382543
    outer loop
      vertex 11.4089 3 15.3773
      vertex 11.3617 8.2 15.2633
      vertex 11.4089 8.2 15.3773
    endloop
  endfacet
  facet normal 0.923938 0 -0.382543
    outer loop
      vertex 11.3617 8.2 15.2633
      vertex 11.4089 3 15.3773
      vertex 11.3617 3 15.2633
    endloop
  endfacet
  facet normal -0.745708 0 -0.666273
    outer loop
      vertex 13.26 3 15.5858
      vertex 13.1778 8.2 15.6778
      vertex 13.26 8.2 15.5858
    endloop
  endfacet
  facet normal -0.745708 -0 -0.666273
    outer loop
      vertex 13.1778 8.2 15.6778
      vertex 13.26 3 15.5858
      vertex 13.1778 3 15.6778
    endloop
  endfacet
  facet normal -0.745708 0 0.666273
    outer loop
      vertex 13.1778 3 14.1222
      vertex 13.26 8.2 14.2142
      vertex 13.1778 8.2 14.1222
    endloop
  endfacet
  facet normal -0.745708 0 0.666273
    outer loop
      vertex 13.26 8.2 14.2142
      vertex 13.1778 3 14.1222
      vertex 13.26 3 14.2142
    endloop
  endfacet
  facet normal -0.578782 0 -0.815482
    outer loop
      vertex 12.9852 3 15.8314
      vertex 13.0858 8.2 15.76
      vertex 13.0858 3 15.76
    endloop
  endfacet
  facet normal -0.578782 0 -0.815482
    outer loop
      vertex 13.0858 8.2 15.76
      vertex 12.9852 3 15.8314
      vertex 12.9852 8.2 15.8314
    endloop
  endfacet
  facet normal -0.167816 0 0.985818
    outer loop
      vertex 12.5232 8.2 13.8069
      vertex 12.6448 3 13.8276
      vertex 12.6448 8.2 13.8276
    endloop
  endfacet
  facet normal -0.167816 0 0.985818
    outer loop
      vertex 12.6448 3 13.8276
      vertex 12.5232 8.2 13.8069
      vertex 12.5232 3 13.8069
    endloop
  endfacet
  facet normal 0.167816 0 -0.985818
    outer loop
      vertex 12.1552 3 15.9724
      vertex 12.2768 8.2 15.9931
      vertex 12.2768 3 15.9931
    endloop
  endfacet
  facet normal 0.167816 0 -0.985818
    outer loop
      vertex 12.2768 8.2 15.9931
      vertex 12.1552 3 15.9724
      vertex 12.1552 8.2 15.9724
    endloop
  endfacet
  facet normal -0.276541 0 -0.961002
    outer loop
      vertex 12.6448 3 15.9724
      vertex 12.7633 8.2 15.9383
      vertex 12.7633 3 15.9383
    endloop
  endfacet
  facet normal -0.276541 0 -0.961002
    outer loop
      vertex 12.7633 8.2 15.9383
      vertex 12.6448 3 15.9724
      vertex 12.6448 8.2 15.9724
    endloop
  endfacet
  facet normal 0.874997 0 -0.484127
    outer loop
      vertex 11.4686 3 15.4852
      vertex 11.4089 8.2 15.3773
      vertex 11.4686 8.2 15.4852
    endloop
  endfacet
  facet normal 0.874997 0 -0.484127
    outer loop
      vertex 11.4089 8.2 15.3773
      vertex 11.4686 3 15.4852
      vertex 11.4089 3 15.3773
    endloop
  endfacet
  facet normal -0.815482 0 -0.578782
    outer loop
      vertex 13.3314 3 15.4852
      vertex 13.26 8.2 15.5858
      vertex 13.3314 8.2 15.4852
    endloop
  endfacet
  facet normal -0.815482 -0 -0.578782
    outer loop
      vertex 13.26 8.2 15.5858
      vertex 13.3314 3 15.4852
      vertex 13.26 3 15.5858
    endloop
  endfacet
  facet normal 0.961002 0 -0.276541
    outer loop
      vertex 11.3617 3 15.2633
      vertex 11.3276 8.2 15.1448
      vertex 11.3617 8.2 15.2633
    endloop
  endfacet
  facet normal 0.961002 0 -0.276541
    outer loop
      vertex 11.3276 8.2 15.1448
      vertex 11.3617 3 15.2633
      vertex 11.3276 3 15.1448
    endloop
  endfacet
  facet normal -0.985818 0 -0.167816
    outer loop
      vertex 13.4931 3 15.0232
      vertex 13.4724 8.2 15.1448
      vertex 13.4931 8.2 15.0232
    endloop
  endfacet
  facet normal -0.985818 -0 -0.167816
    outer loop
      vertex 13.4724 8.2 15.1448
      vertex 13.4931 3 15.0232
      vertex 13.4724 3 15.1448
    endloop
  endfacet
  facet normal -0.578782 0 0.815482
    outer loop
      vertex 12.9852 8.2 13.9686
      vertex 13.0858 3 14.04
      vertex 13.0858 8.2 14.04
    endloop
  endfacet
  facet normal -0.578782 0 0.815482
    outer loop
      vertex 13.0858 3 14.04
      vertex 12.9852 8.2 13.9686
      vertex 12.9852 3 13.9686
    endloop
  endfacet
  facet normal -0.874997 0 -0.484127
    outer loop
      vertex 13.3911 3 15.3773
      vertex 13.3314 8.2 15.4852
      vertex 13.3911 8.2 15.3773
    endloop
  endfacet
  facet normal -0.874997 -0 -0.484127
    outer loop
      vertex 13.3314 8.2 15.4852
      vertex 13.3911 3 15.3773
      vertex 13.3314 3 15.4852
    endloop
  endfacet
  facet normal 0.815482 -0 0.578782
    outer loop
      vertex 11.4686 3 14.3148
      vertex 11.54 8.2 14.2142
      vertex 11.4686 8.2 14.3148
    endloop
  endfacet
  facet normal 0.815482 0 0.578782
    outer loop
      vertex 11.54 8.2 14.2142
      vertex 11.4686 3 14.3148
      vertex 11.54 3 14.2142
    endloop
  endfacet
  facet normal -0.167816 0 -0.985818
    outer loop
      vertex 12.5232 3 15.9931
      vertex 12.6448 8.2 15.9724
      vertex 12.6448 3 15.9724
    endloop
  endfacet
  facet normal -0.167816 0 -0.985818
    outer loop
      vertex 12.6448 8.2 15.9724
      vertex 12.5232 3 15.9931
      vertex 12.5232 8.2 15.9931
    endloop
  endfacet
  facet normal 0.0559189 0 -0.998435
    outer loop
      vertex 12.2768 3 15.9931
      vertex 12.4 8.2 16
      vertex 12.4 3 16
    endloop
  endfacet
  facet normal 0.0559189 0 -0.998435
    outer loop
      vertex 12.4 8.2 16
      vertex 12.2768 3 15.9931
      vertex 12.2768 8.2 15.9931
    endloop
  endfacet
  facet normal 0.578782 0 0.815482
    outer loop
      vertex 11.7142 8.2 14.04
      vertex 11.8148 3 13.9686
      vertex 11.8148 8.2 13.9686
    endloop
  endfacet
  facet normal 0.578782 0 0.815482
    outer loop
      vertex 11.8148 3 13.9686
      vertex 11.7142 8.2 14.04
      vertex 11.7142 3 14.04
    endloop
  endfacet
  facet normal -0.874997 0 0.484127
    outer loop
      vertex 13.3314 3 14.3148
      vertex 13.3911 8.2 14.4227
      vertex 13.3314 8.2 14.3148
    endloop
  endfacet
  facet normal -0.874997 0 0.484127
    outer loop
      vertex 13.3911 8.2 14.4227
      vertex 13.3314 3 14.3148
      vertex 13.3911 3 14.4227
    endloop
  endfacet
  facet normal 0.382543 0 0.923938
    outer loop
      vertex 11.9227 8.2 13.9089
      vertex 12.0367 3 13.8617
      vertex 12.0367 8.2 13.8617
    endloop
  endfacet
  facet normal 0.382543 0 0.923938
    outer loop
      vertex 12.0367 3 13.8617
      vertex 11.9227 8.2 13.9089
      vertex 11.9227 3 13.9089
    endloop
  endfacet
  facet normal -0.382543 0 -0.923938
    outer loop
      vertex 12.7633 3 15.9383
      vertex 12.8773 8.2 15.8911
      vertex 12.8773 3 15.8911
    endloop
  endfacet
  facet normal -0.382543 0 -0.923938
    outer loop
      vertex 12.8773 8.2 15.8911
      vertex 12.7633 3 15.9383
      vertex 12.7633 8.2 15.9383
    endloop
  endfacet
  facet normal -0.666273 0 0.745708
    outer loop
      vertex 13.0858 8.2 14.04
      vertex 13.1778 3 14.1222
      vertex 13.1778 8.2 14.1222
    endloop
  endfacet
  facet normal -0.666273 0 0.745708
    outer loop
      vertex 13.1778 3 14.1222
      vertex 13.0858 8.2 14.04
      vertex 13.0858 3 14.04
    endloop
  endfacet
  facet normal 0.484127 0 0.874997
    outer loop
      vertex 11.8148 8.2 13.9686
      vertex 11.9227 3 13.9089
      vertex 11.9227 8.2 13.9089
    endloop
  endfacet
  facet normal 0.484127 0 0.874997
    outer loop
      vertex 11.9227 3 13.9089
      vertex 11.8148 8.2 13.9686
      vertex 11.8148 3 13.9686
    endloop
  endfacet
  facet normal -0.923938 0 -0.382543
    outer loop
      vertex 13.4383 3 15.2633
      vertex 13.3911 8.2 15.3773
      vertex 13.4383 8.2 15.2633
    endloop
  endfacet
  facet normal -0.923938 -0 -0.382543
    outer loop
      vertex 13.3911 8.2 15.3773
      vertex 13.4383 3 15.2633
      vertex 13.3911 3 15.3773
    endloop
  endfacet
  facet normal 0.998435 -0 0.0559189
    outer loop
      vertex 11.3 3 14.9
      vertex 11.3069 8.2 14.7768
      vertex 11.3 8.2 14.9
    endloop
  endfacet
  facet normal 0.998435 0 0.0559189
    outer loop
      vertex 11.3069 8.2 14.7768
      vertex 11.3 3 14.9
      vertex 11.3069 3 14.7768
    endloop
  endfacet
  facet normal -0.484127 0 0.874997
    outer loop
      vertex 12.8773 8.2 13.9089
      vertex 12.9852 3 13.9686
      vertex 12.9852 8.2 13.9686
    endloop
  endfacet
  facet normal -0.484127 0 0.874997
    outer loop
      vertex 12.9852 3 13.9686
      vertex 12.8773 8.2 13.9089
      vertex 12.8773 3 13.9089
    endloop
  endfacet
  facet normal -0.961002 0 -0.276541
    outer loop
      vertex 13.4724 3 15.1448
      vertex 13.4383 8.2 15.2633
      vertex 13.4724 8.2 15.1448
    endloop
  endfacet
  facet normal -0.961002 -0 -0.276541
    outer loop
      vertex 13.4383 8.2 15.2633
      vertex 13.4724 3 15.1448
      vertex 13.4383 3 15.2633
    endloop
  endfacet
  facet normal -0.666273 0 -0.745708
    outer loop
      vertex 13.0858 3 15.76
      vertex 13.1778 8.2 15.6778
      vertex 13.1778 3 15.6778
    endloop
  endfacet
  facet normal -0.666273 0 -0.745708
    outer loop
      vertex 13.1778 8.2 15.6778
      vertex 13.0858 3 15.76
      vertex 13.0858 8.2 15.76
    endloop
  endfacet
  facet normal -0.923938 0 0.382543
    outer loop
      vertex 13.3911 3 14.4227
      vertex 13.4383 8.2 14.5367
      vertex 13.3911 8.2 14.4227
    endloop
  endfacet
  facet normal -0.923938 0 0.382543
    outer loop
      vertex 13.4383 8.2 14.5367
      vertex 13.3911 3 14.4227
      vertex 13.4383 3 14.5367
    endloop
  endfacet
  facet normal 0.484127 0 -0.874997
    outer loop
      vertex 11.8148 3 15.8314
      vertex 11.9227 8.2 15.8911
      vertex 11.9227 3 15.8911
    endloop
  endfacet
  facet normal 0.484127 0 -0.874997
    outer loop
      vertex 11.9227 8.2 15.8911
      vertex 11.8148 3 15.8314
      vertex 11.8148 8.2 15.8314
    endloop
  endfacet
  facet normal -0.484127 0 -0.874997
    outer loop
      vertex 12.8773 3 15.8911
      vertex 12.9852 8.2 15.8314
      vertex 12.9852 3 15.8314
    endloop
  endfacet
  facet normal -0.484127 0 -0.874997
    outer loop
      vertex 12.9852 8.2 15.8314
      vertex 12.8773 3 15.8911
      vertex 12.8773 8.2 15.8911
    endloop
  endfacet
  facet normal 0.998435 0 -0.0559189
    outer loop
      vertex 11.3069 3 15.0232
      vertex 11.3 8.2 14.9
      vertex 11.3069 8.2 15.0232
    endloop
  endfacet
  facet normal 0.998435 0 -0.0559189
    outer loop
      vertex 11.3 8.2 14.9
      vertex 11.3069 3 15.0232
      vertex 11.3 3 14.9
    endloop
  endfacet
  facet normal 0.666273 0 -0.745708
    outer loop
      vertex 11.6222 3 15.6778
      vertex 11.7142 8.2 15.76
      vertex 11.7142 3 15.76
    endloop
  endfacet
  facet normal 0.666273 0 -0.745708
    outer loop
      vertex 11.7142 8.2 15.76
      vertex 11.6222 3 15.6778
      vertex 11.6222 8.2 15.6778
    endloop
  endfacet
  facet normal 0.666273 0 0.745708
    outer loop
      vertex 11.6222 8.2 14.1222
      vertex 11.7142 3 14.04
      vertex 11.7142 8.2 14.04
    endloop
  endfacet
  facet normal 0.666273 0 0.745708
    outer loop
      vertex 11.7142 3 14.04
      vertex 11.6222 8.2 14.1222
      vertex 11.6222 3 14.1222
    endloop
  endfacet
  facet normal 0.923938 -0 0.382543
    outer loop
      vertex 11.3617 3 14.5367
      vertex 11.4089 8.2 14.4227
      vertex 11.3617 8.2 14.5367
    endloop
  endfacet
  facet normal 0.923938 0 0.382543
    outer loop
      vertex 11.4089 8.2 14.4227
      vertex 11.3617 3 14.5367
      vertex 11.4089 3 14.4227
    endloop
  endfacet
  facet normal 0.276541 0 0.961002
    outer loop
      vertex 12.0367 8.2 13.8617
      vertex 12.1552 3 13.8276
      vertex 12.1552 8.2 13.8276
    endloop
  endfacet
  facet normal 0.276541 0 0.961002
    outer loop
      vertex 12.1552 3 13.8276
      vertex 12.0367 8.2 13.8617
      vertex 12.0367 3 13.8617
    endloop
  endfacet
  facet normal 0.167816 0 0.985818
    outer loop
      vertex 12.1552 8.2 13.8276
      vertex 12.2768 3 13.8069
      vertex 12.2768 8.2 13.8069
    endloop
  endfacet
  facet normal 0.167816 0 0.985818
    outer loop
      vertex 12.2768 3 13.8069
      vertex 12.1552 8.2 13.8276
      vertex 12.1552 3 13.8276
    endloop
  endfacet
  facet normal -0.0559189 0 0.998435
    outer loop
      vertex 12.4 8.2 13.8
      vertex 12.5232 3 13.8069
      vertex 12.5232 8.2 13.8069
    endloop
  endfacet
  facet normal -0.0559189 0 0.998435
    outer loop
      vertex 12.5232 3 13.8069
      vertex 12.4 8.2 13.8
      vertex 12.4 3 13.8
    endloop
  endfacet
  facet normal 0.815482 0 -0.578782
    outer loop
      vertex 11.54 3 15.5858
      vertex 11.4686 8.2 15.4852
      vertex 11.54 8.2 15.5858
    endloop
  endfacet
  facet normal 0.815482 0 -0.578782
    outer loop
      vertex 11.4686 8.2 15.4852
      vertex 11.54 3 15.5858
      vertex 11.4686 3 15.4852
    endloop
  endfacet
  facet normal 0.985818 0 -0.167816
    outer loop
      vertex 11.3276 3 15.1448
      vertex 11.3069 8.2 15.0232
      vertex 11.3276 8.2 15.1448
    endloop
  endfacet
  facet normal 0.985818 0 -0.167816
    outer loop
      vertex 11.3069 8.2 15.0232
      vertex 11.3276 3 15.1448
      vertex 11.3069 3 15.0232
    endloop
  endfacet
  facet normal -0.0559189 0 -0.998435
    outer loop
      vertex 12.4 3 16
      vertex 12.5232 8.2 15.9931
      vertex 12.5232 3 15.9931
    endloop
  endfacet
  facet normal -0.0559189 0 -0.998435
    outer loop
      vertex 12.5232 8.2 15.9931
      vertex 12.4 3 16
      vertex 12.4 8.2 16
    endloop
  endfacet
  facet normal 0.745708 -0 0.666273
    outer loop
      vertex 11.54 3 14.2142
      vertex 11.6222 8.2 14.1222
      vertex 11.54 8.2 14.2142
    endloop
  endfacet
  facet normal 0.745708 0 0.666273
    outer loop
      vertex 11.6222 8.2 14.1222
      vertex 11.54 3 14.2142
      vertex 11.6222 3 14.1222
    endloop
  endfacet
  facet normal 0.578782 0 -0.815482
    outer loop
      vertex 11.7142 3 15.76
      vertex 11.8148 8.2 15.8314
      vertex 11.8148 3 15.8314
    endloop
  endfacet
  facet normal 0.578782 0 -0.815482
    outer loop
      vertex 11.8148 8.2 15.8314
      vertex 11.7142 3 15.76
      vertex 11.7142 8.2 15.76
    endloop
  endfacet
  facet normal 0.961002 -0 0.276541
    outer loop
      vertex 11.3276 3 14.6552
      vertex 11.3617 8.2 14.5367
      vertex 11.3276 8.2 14.6552
    endloop
  endfacet
  facet normal 0.961002 0 0.276541
    outer loop
      vertex 11.3617 8.2 14.5367
      vertex 11.3276 3 14.6552
      vertex 11.3617 3 14.5367
    endloop
  endfacet
  facet normal 0.0559189 0 0.998435
    outer loop
      vertex 12.2768 8.2 13.8069
      vertex 12.4 3 13.8
      vertex 12.4 8.2 13.8
    endloop
  endfacet
  facet normal 0.0559189 0 0.998435
    outer loop
      vertex 12.4 3 13.8
      vertex 12.2768 8.2 13.8069
      vertex 12.2768 3 13.8069
    endloop
  endfacet
  facet normal 0.985818 -0 0.167816
    outer loop
      vertex 11.3069 3 14.7768
      vertex 11.3276 8.2 14.6552
      vertex 11.3069 8.2 14.7768
    endloop
  endfacet
  facet normal 0.985818 0 0.167816
    outer loop
      vertex 11.3276 8.2 14.6552
      vertex 11.3069 3 14.7768
      vertex 11.3276 3 14.6552
    endloop
  endfacet
  facet normal 0.874997 -0 0.484127
    outer loop
      vertex 11.4089 3 14.4227
      vertex 11.4686 8.2 14.3148
      vertex 11.4089 8.2 14.4227
    endloop
  endfacet
  facet normal 0.874997 0 0.484127
    outer loop
      vertex 11.4686 8.2 14.3148
      vertex 11.4089 3 14.4227
      vertex 11.4686 3 14.3148
    endloop
  endfacet
  facet normal 0.382543 0 -0.923938
    outer loop
      vertex 11.9227 3 15.8911
      vertex 12.0367 8.2 15.9383
      vertex 12.0367 3 15.9383
    endloop
  endfacet
  facet normal 0.382543 0 -0.923938
    outer loop
      vertex 12.0367 8.2 15.9383
      vertex 11.9227 3 15.8911
      vertex 11.9227 8.2 15.8911
    endloop
  endfacet
  facet normal 0.382783 0 0.923838
    outer loop
      vertex 36.5248 8.2 17.5429
      vertex 36.8149 3 17.4227
      vertex 36.8149 8.2 17.4227
    endloop
  endfacet
  facet normal 0.382783 0 0.923838
    outer loop
      vertex 36.8149 3 17.4227
      vertex 36.5248 8.2 17.5429
      vertex 36.5248 3 17.5429
    endloop
  endfacet
  facet normal 0.985873 0 -0.167496
    outer loop
      vertex 38.3824 3 14.5865
      vertex 38.3298 8.2 14.2769
      vertex 38.3824 8.2 14.5865
    endloop
  endfacet
  facet normal 0.985873 0 -0.167496
    outer loop
      vertex 38.3298 8.2 14.2769
      vertex 38.3824 3 14.5865
      vertex 38.3298 3 14.2769
    endloop
  endfacet
  facet normal 0.998428 0 -0.0560521
    outer loop
      vertex 38.4 3 14.9
      vertex 38.3824 8.2 14.5865
      vertex 38.4 8.2 14.9
    endloop
  endfacet
  facet normal 0.998428 0 -0.0560521
    outer loop
      vertex 38.3824 8.2 14.5865
      vertex 38.4 3 14.9
      vertex 38.3824 3 14.5865
    endloop
  endfacet
  facet normal 0.960933 0 -0.276782
    outer loop
      vertex 38.3298 3 14.2769
      vertex 38.2429 8.2 13.9752
      vertex 38.3298 8.2 14.2769
    endloop
  endfacet
  facet normal 0.960933 0 -0.276782
    outer loop
      vertex 38.2429 8.2 13.9752
      vertex 38.3298 3 14.2769
      vertex 38.2429 3 13.9752
    endloop
  endfacet
  facet normal 0.998428 -0 0.0560521
    outer loop
      vertex 38.3824 3 15.2135
      vertex 38.4 8.2 14.9
      vertex 38.3824 8.2 15.2135
    endloop
  endfacet
  facet normal 0.998428 0 0.0560521
    outer loop
      vertex 38.4 8.2 14.9
      vertex 38.3824 3 15.2135
      vertex 38.4 3 14.9
    endloop
  endfacet
  facet normal -0.276782 0 -0.960933
    outer loop
      vertex 34.6752 3 12.2571
      vertex 34.9769 8.2 12.1702
      vertex 34.9769 3 12.1702
    endloop
  endfacet
  facet normal -0.276782 0 -0.960933
    outer loop
      vertex 34.9769 8.2 12.1702
      vertex 34.6752 3 12.2571
      vertex 34.6752 8.2 12.2571
    endloop
  endfacet
  facet normal 0.382783 0 -0.923838
    outer loop
      vertex 36.5248 3 12.2571
      vertex 36.8149 8.2 12.3773
      vertex 36.8149 3 12.3773
    endloop
  endfacet
  facet normal 0.382783 0 -0.923838
    outer loop
      vertex 36.8149 8.2 12.3773
      vertex 36.5248 3 12.2571
      vertex 36.5248 8.2 12.2571
    endloop
  endfacet
  facet normal 0.666339 0 -0.745649
    outer loop
      vertex 37.3458 3 12.7109
      vertex 37.5799 8.2 12.9201
      vertex 37.5799 3 12.9201
    endloop
  endfacet
  facet normal 0.666339 0 -0.745649
    outer loop
      vertex 37.5799 8.2 12.9201
      vertex 37.3458 3 12.7109
      vertex 37.3458 8.2 12.7109
    endloop
  endfacet
  facet normal -0.985873 0 0.167496
    outer loop
      vertex 32.8176 3 15.2135
      vertex 32.8702 8.2 15.5231
      vertex 32.8176 8.2 15.2135
    endloop
  endfacet
  facet normal -0.985873 0 0.167496
    outer loop
      vertex 32.8702 8.2 15.5231
      vertex 32.8176 3 15.2135
      vertex 32.8702 3 15.5231
    endloop
  endfacet
  facet normal -0.81558 0 -0.578645
    outer loop
      vertex 33.4109 3 13.1542
      vertex 33.2292 8.2 13.4103
      vertex 33.4109 8.2 13.1542
    endloop
  endfacet
  facet normal -0.81558 -0 -0.578645
    outer loop
      vertex 33.2292 8.2 13.4103
      vertex 33.4109 3 13.1542
      vertex 33.2292 3 13.4103
    endloop
  endfacet
  facet normal 0.923838 0 -0.382783
    outer loop
      vertex 38.2429 3 13.9752
      vertex 38.1227 8.2 13.6851
      vertex 38.2429 8.2 13.9752
    endloop
  endfacet
  facet normal 0.923838 0 -0.382783
    outer loop
      vertex 38.1227 8.2 13.6851
      vertex 38.2429 3 13.9752
      vertex 38.1227 3 13.6851
    endloop
  endfacet
  facet normal -0.666339 0 -0.745649
    outer loop
      vertex 33.6201 3 12.9201
      vertex 33.8542 8.2 12.7109
      vertex 33.8542 3 12.7109
    endloop
  endfacet
  facet normal -0.666339 0 -0.745649
    outer loop
      vertex 33.8542 8.2 12.7109
      vertex 33.6201 3 12.9201
      vertex 33.6201 8.2 12.9201
    endloop
  endfacet
  facet normal 0 1 0
    outer loop
      vertex 35.6 8.2 16
      vertex 35.6 8.2 17.7
      vertex 35.9135 8.2 17.6824
    endloop
  endfacet
  facet normal 0 1 0
    outer loop
      vertex 35.7232 8.2 15.9931
      vertex 35.9135 8.2 17.6824
      vertex 36.2231 8.2 17.6298
    endloop
  endfacet
  facet normal 0 1 0
    outer loop
      vertex 35.6 8.2 17.7
      vertex 35.6 8.2 16
      vertex 35.2865 8.2 17.6824
    endloop
  endfacet
  facet normal 0 1 0
    outer loop
      vertex 35.8448 8.2 15.9724
      vertex 36.2231 8.2 17.6298
      vertex 36.5248 8.2 17.5429
    endloop
  endfacet
  facet normal 0 1 -0
    outer loop
      vertex 35.4768 8.2 15.9931
      vertex 35.2865 8.2 17.6824
      vertex 35.6 8.2 16
    endloop
  endfacet
  facet normal 0 1 0
    outer loop
      vertex 35.9633 8.2 15.9383
      vertex 36.5248 8.2 17.5429
      vertex 36.8149 8.2 17.4227
    endloop
  endfacet
  facet normal 0 1 0
    outer loop
      vertex 35.2865 8.2 17.6824
      vertex 35.4768 8.2 15.9931
      vertex 34.9769 8.2 17.6298
    endloop
  endfacet
  facet normal 0 1 0
    outer loop
      vertex 36.0773 8.2 15.8911
      vertex 36.8149 8.2 17.4227
      vertex 37.0897 8.2 17.2708
    endloop
  endfacet
  facet normal 0 1 -0
    outer loop
      vertex 35.3552 8.2 15.9724
      vertex 34.9769 8.2 17.6298
      vertex 35.4768 8.2 15.9931
    endloop
  endfacet
  facet normal 0 1 0
    outer loop
      vertex 36.1852 8.2 15.8314
      vertex 37.0897 8.2 17.2708
      vertex 37.3458 8.2 17.0891
    endloop
  endfacet
  facet normal 0 1 0
    outer loop
      vertex 34.9769 8.2 17.6298
      vertex 35.3552 8.2 15.9724
      vertex 34.6752 8.2 17.5429
    endloop
  endfacet
  facet normal 0 1 0
    outer loop
      vertex 36.2858 8.2 15.76
      vertex 37.3458 8.2 17.0891
      vertex 37.5799 8.2 16.8799
    endloop
  endfacet
  facet normal 0 1 -0
    outer loop
      vertex 35.2367 8.2 15.9383
      vertex 34.6752 8.2 17.5429
      vertex 35.3552 8.2 15.9724
    endloop
  endfacet
  facet normal 0 1 0
    outer loop
      vertex 36.3778 8.2 15.6778
      vertex 37.5799 8.2 16.8799
      vertex 37.7891 8.2 16.6458
    endloop
  endfacet
  facet normal 0 1 0
    outer loop
      vertex 34.6752 8.2 17.5429
      vertex 35.2367 8.2 15.9383
      vertex 34.3851 8.2 17.4227
    endloop
  endfacet
  facet normal 0 1 0
    outer loop
      vertex 36.46 8.2 15.5858
      vertex 37.7891 8.2 16.6458
      vertex 37.9708 8.2 16.3897
    endloop
  endfacet
  facet normal 0 1 -0
    outer loop
      vertex 35.1227 8.2 15.8911
      vertex 34.3851 8.2 17.4227
      vertex 35.2367 8.2 15.9383
    endloop
  endfacet
  facet normal 0 1 0
    outer loop
      vertex 36.5314 8.2 15.4852
      vertex 37.9708 8.2 16.3897
      vertex 38.1227 8.2 16.1149
    endloop
  endfacet
  facet normal 0 1 0
    outer loop
      vertex 34.3851 8.2 17.4227
      vertex 35.1227 8.2 15.8911
      vertex 34.1103 8.2 17.2708
    endloop
  endfacet
  facet normal 0 1 -0
    outer loop
      vertex 35.0148 8.2 15.8314
      vertex 34.1103 8.2 17.2708
      vertex 35.1227 8.2 15.8911
    endloop
  endfacet
  facet normal 0 1 0
    outer loop
      vertex 35.9135 8.2 17.6824
      vertex 35.7232 8.2 15.9931
      vertex 35.6 8.2 16
    endloop
  endfacet
  facet normal 0 1 0
    outer loop
      vertex 36.2231 8.2 17.6298
      vertex 35.8448 8.2 15.9724
      vertex 35.7232 8.2 15.9931
    endloop
  endfacet
  facet normal 0 1 0
    outer loop
      vertex 36.5248 8.2 17.5429
      vertex 35.9633 8.2 15.9383
      vertex 35.8448 8.2 15.9724
    endloop
  endfacet
  facet normal 0 1 0
    outer loop
      vertex 36.8149 8.2 17.4227
      vertex 36.0773 8.2 15.8911
      vertex 35.9633 8.2 15.9383
    endloop
  endfacet
  facet normal 0 1 0
    outer loop
      vertex 37.0897 8.2 17.2708
      vertex 36.1852 8.2 15.8314
      vertex 36.0773 8.2 15.8911
    endloop
  endfacet
  facet normal 0 1 0
    outer loop
      vertex 36.5911 8.2 15.3773
      vertex 38.1227 8.2 16.1149
      vertex 38.2429 8.2 15.8248
    endloop
  endfacet
  facet normal 0 1 0
    outer loop
      vertex 37.3458 8.2 17.0891
      vertex 36.2858 8.2 15.76
      vertex 36.1852 8.2 15.8314
    endloop
  endfacet
  facet normal 0 1 0
    outer loop
      vertex 37.5799 8.2 16.8799
      vertex 36.3778 8.2 15.6778
      vertex 36.2858 8.2 15.76
    endloop
  endfacet
  facet normal 0 1 0
    outer loop
      vertex 37.7891 8.2 16.6458
      vertex 36.46 8.2 15.5858
      vertex 36.3778 8.2 15.6778
    endloop
  endfacet
  facet normal 0 1 0
    outer loop
      vertex 36.6383 8.2 15.2633
      vertex 38.2429 8.2 15.8248
      vertex 38.3298 8.2 15.5231
    endloop
  endfacet
  facet normal 0 1 0
    outer loop
      vertex 37.9708 8.2 16.3897
      vertex 36.5314 8.2 15.4852
      vertex 36.46 8.2 15.5858
    endloop
  endfacet
  facet normal 0 1 0
    outer loop
      vertex 38.1227 8.2 16.1149
      vertex 36.5911 8.2 15.3773
      vertex 36.5314 8.2 15.4852
    endloop
  endfacet
  facet normal 0 1 0
    outer loop
      vertex 38.2429 8.2 15.8248
      vertex 36.6383 8.2 15.2633
      vertex 36.5911 8.2 15.3773
    endloop
  endfacet
  facet normal 0 1 0
    outer loop
      vertex 36.6724 8.2 15.1448
      vertex 38.3298 8.2 15.5231
      vertex 38.3824 8.2 15.2135
    endloop
  endfacet
  facet normal 0 1 0
    outer loop
      vertex 38.3298 8.2 15.5231
      vertex 36.6724 8.2 15.1448
      vertex 36.6383 8.2 15.2633
    endloop
  endfacet
  facet normal 0 1 0
    outer loop
      vertex 38.3824 8.2 15.2135
      vertex 36.6931 8.2 15.0232
      vertex 36.6724 8.2 15.1448
    endloop
  endfacet
  facet normal 0 1 0
    outer loop
      vertex 38.4 8.2 14.9
      vertex 36.6931 8.2 15.0232
      vertex 38.3824 8.2 15.2135
    endloop
  endfacet
  facet normal 0 1 0
    outer loop
      vertex 38.4 8.2 14.9
      vertex 36.7 8.2 14.9
      vertex 36.6931 8.2 15.0232
    endloop
  endfacet
  facet normal 0 1 0
    outer loop
      vertex 38.4 8.2 14.9
      vertex 36.6931 8.2 14.7768
      vertex 36.7 8.2 14.9
    endloop
  endfacet
  facet normal 0 1 -0
    outer loop
      vertex 38.3824 8.2 14.5865
      vertex 36.6931 8.2 14.7768
      vertex 38.4 8.2 14.9
    endloop
  endfacet
  facet normal 0 1 0
    outer loop
      vertex 36.6931 8.2 14.7768
      vertex 38.3824 8.2 14.5865
      vertex 36.6724 8.2 14.6552
    endloop
  endfacet
  facet normal 0 1 -0
    outer loop
      vertex 38.3298 8.2 14.2769
      vertex 36.6724 8.2 14.6552
      vertex 38.3824 8.2 14.5865
    endloop
  endfacet
  facet normal 0 1 0
    outer loop
      vertex 36.6724 8.2 14.6552
      vertex 38.3298 8.2 14.2769
      vertex 36.6383 8.2 14.5367
    endloop
  endfacet
  facet normal 0 1 -0
    outer loop
      vertex 38.2429 8.2 13.9752
      vertex 36.6383 8.2 14.5367
      vertex 38.3298 8.2 14.2769
    endloop
  endfacet
  facet normal 0 1 0
    outer loop
      vertex 36.6383 8.2 14.5367
      vertex 38.2429 8.2 13.9752
      vertex 36.5911 8.2 14.4227
    endloop
  endfacet
  facet normal 0 1 -0
    outer loop
      vertex 38.1227 8.2 13.6851
      vertex 36.5911 8.2 14.4227
      vertex 38.2429 8.2 13.9752
    endloop
  endfacet
  facet normal 0 1 0
    outer loop
      vertex 36.5911 8.2 14.4227
      vertex 38.1227 8.2 13.6851
      vertex 36.5314 8.2 14.3148
    endloop
  endfacet
  facet normal 0 1 -0
    outer loop
      vertex 37.9708 8.2 13.4103
      vertex 36.5314 8.2 14.3148
      vertex 38.1227 8.2 13.6851
    endloop
  endfacet
  facet normal 0 1 0
    outer loop
      vertex 36.5314 8.2 14.3148
      vertex 37.9708 8.2 13.4103
      vertex 36.46 8.2 14.2142
    endloop
  endfacet
  facet normal 0 1 -0
    outer loop
      vertex 37.7891 8.2 13.1542
      vertex 36.46 8.2 14.2142
      vertex 37.9708 8.2 13.4103
    endloop
  endfacet
  facet normal 0 1 0
    outer loop
      vertex 36.46 8.2 14.2142
      vertex 37.7891 8.2 13.1542
      vertex 36.3778 8.2 14.1222
    endloop
  endfacet
  facet normal 0 1 -0
    outer loop
      vertex 37.5799 8.2 12.9201
      vertex 36.3778 8.2 14.1222
      vertex 37.7891 8.2 13.1542
    endloop
  endfacet
  facet normal 0 1 0
    outer loop
      vertex 36.3778 8.2 14.1222
      vertex 37.5799 8.2 12.9201
      vertex 36.2858 8.2 14.04
    endloop
  endfacet
  facet normal 0 1 -0
    outer loop
      vertex 37.3458 8.2 12.7109
      vertex 36.2858 8.2 14.04
      vertex 37.5799 8.2 12.9201
    endloop
  endfacet
  facet normal 0 1 -0
    outer loop
      vertex 37.0897 8.2 12.5292
      vertex 36.1852 8.2 13.9686
      vertex 37.3458 8.2 12.7109
    endloop
  endfacet
  facet normal 0 1 0
    outer loop
      vertex 36.2858 8.2 14.04
      vertex 37.3458 8.2 12.7109
      vertex 36.1852 8.2 13.9686
    endloop
  endfacet
  facet normal 0 1 0
    outer loop
      vertex 34.1103 8.2 17.2708
      vertex 35.0148 8.2 15.8314
      vertex 33.8542 8.2 17.0891
    endloop
  endfacet
  facet normal 0 1 -0
    outer loop
      vertex 34.9142 8.2 15.76
      vertex 33.8542 8.2 17.0891
      vertex 35.0148 8.2 15.8314
    endloop
  endfacet
  facet normal 0 1 0
    outer loop
      vertex 33.8542 8.2 17.0891
      vertex 34.9142 8.2 15.76
      vertex 33.6201 8.2 16.8799
    endloop
  endfacet
  facet normal 0 1 -0
    outer loop
      vertex 34.8222 8.2 15.6778
      vertex 33.6201 8.2 16.8799
      vertex 34.9142 8.2 15.76
    endloop
  endfacet
  facet normal 0 1 0
    outer loop
      vertex 33.6201 8.2 16.8799
      vertex 34.8222 8.2 15.6778
      vertex 33.4109 8.2 16.6458
    endloop
  endfacet
  facet normal 0 1 -0
    outer loop
      vertex 34.74 8.2 15.5858
      vertex 33.4109 8.2 16.6458
      vertex 34.8222 8.2 15.6778
    endloop
  endfacet
  facet normal 0 1 0
    outer loop
      vertex 33.4109 8.2 16.6458
      vertex 34.74 8.2 15.5858
      vertex 33.2292 8.2 16.3897
    endloop
  endfacet
  facet normal 0 1 -0
    outer loop
      vertex 34.6686 8.2 15.4852
      vertex 33.2292 8.2 16.3897
      vertex 34.74 8.2 15.5858
    endloop
  endfacet
  facet normal 0 1 0
    outer loop
      vertex 33.2292 8.2 16.3897
      vertex 34.6686 8.2 15.4852
      vertex 33.0773 8.2 16.1149
    endloop
  endfacet
  facet normal 0 1 -0
    outer loop
      vertex 34.6089 8.2 15.3773
      vertex 33.0773 8.2 16.1149
      vertex 34.6686 8.2 15.4852
    endloop
  endfacet
  facet normal 0 1 0
    outer loop
      vertex 33.0773 8.2 16.1149
      vertex 34.6089 8.2 15.3773
      vertex 32.9571 8.2 15.8248
    endloop
  endfacet
  facet normal 0 1 -0
    outer loop
      vertex 34.5617 8.2 15.2633
      vertex 32.9571 8.2 15.8248
      vertex 34.6089 8.2 15.3773
    endloop
  endfacet
  facet normal 0 1 0
    outer loop
      vertex 32.9571 8.2 15.8248
      vertex 34.5617 8.2 15.2633
      vertex 32.8702 8.2 15.5231
    endloop
  endfacet
  facet normal 0 1 -0
    outer loop
      vertex 34.5276 8.2 15.1448
      vertex 32.8702 8.2 15.5231
      vertex 34.5617 8.2 15.2633
    endloop
  endfacet
  facet normal 0 1 0
    outer loop
      vertex 32.8702 8.2 15.5231
      vertex 34.5276 8.2 15.1448
      vertex 32.8176 8.2 15.2135
    endloop
  endfacet
  facet normal 0 1 -0
    outer loop
      vertex 34.5069 8.2 15.0232
      vertex 32.8176 8.2 15.2135
      vertex 34.5276 8.2 15.1448
    endloop
  endfacet
  facet normal 0 1 -0
    outer loop
      vertex 34.5 8.2 14.9
      vertex 32.8176 8.2 15.2135
      vertex 34.5069 8.2 15.0232
    endloop
  endfacet
  facet normal 0 1 0
    outer loop
      vertex 34.5 8.2 14.9
      vertex 32.8 8.2 14.9
      vertex 32.8176 8.2 15.2135
    endloop
  endfacet
  facet normal 0 1 0
    outer loop
      vertex 34.5069 8.2 14.7768
      vertex 32.8 8.2 14.9
      vertex 34.5 8.2 14.9
    endloop
  endfacet
  facet normal 0 1 0
    outer loop
      vertex 32.8176 8.2 14.5865
      vertex 34.5069 8.2 14.7768
      vertex 34.5276 8.2 14.6552
    endloop
  endfacet
  facet normal 0 1 0
    outer loop
      vertex 34.5069 8.2 14.7768
      vertex 32.8176 8.2 14.5865
      vertex 32.8 8.2 14.9
    endloop
  endfacet
  facet normal 0 1 0
    outer loop
      vertex 32.8702 8.2 14.2769
      vertex 34.5276 8.2 14.6552
      vertex 34.5617 8.2 14.5367
    endloop
  endfacet
  facet normal 0 1 0
    outer loop
      vertex 32.9571 8.2 13.9752
      vertex 34.5617 8.2 14.5367
      vertex 34.6089 8.2 14.4227
    endloop
  endfacet
  facet normal 0 1 0
    outer loop
      vertex 33.0773 8.2 13.6851
      vertex 34.6089 8.2 14.4227
      vertex 34.6686 8.2 14.3148
    endloop
  endfacet
  facet normal 0 1 0
    outer loop
      vertex 34.5276 8.2 14.6552
      vertex 32.8702 8.2 14.2769
      vertex 32.8176 8.2 14.5865
    endloop
  endfacet
  facet normal 0 1 0
    outer loop
      vertex 33.2292 8.2 13.4103
      vertex 34.6686 8.2 14.3148
      vertex 34.74 8.2 14.2142
    endloop
  endfacet
  facet normal 0 1 0
    outer loop
      vertex 33.4109 8.2 13.1542
      vertex 34.74 8.2 14.2142
      vertex 34.8222 8.2 14.1222
    endloop
  endfacet
  facet normal 0 1 0
    outer loop
      vertex 33.6201 8.2 12.9201
      vertex 34.8222 8.2 14.1222
      vertex 34.9142 8.2 14.04
    endloop
  endfacet
  facet normal 0 1 0
    outer loop
      vertex 34.5617 8.2 14.5367
      vertex 32.9571 8.2 13.9752
      vertex 32.8702 8.2 14.2769
    endloop
  endfacet
  facet normal 0 1 0
    outer loop
      vertex 33.8542 8.2 12.7109
      vertex 34.9142 8.2 14.04
      vertex 35.0148 8.2 13.9686
    endloop
  endfacet
  facet normal 0 1 0
    outer loop
      vertex 34.1103 8.2 12.5292
      vertex 35.0148 8.2 13.9686
      vertex 35.1227 8.2 13.9089
    endloop
  endfacet
  facet normal 0 1 0
    outer loop
      vertex 34.3851 8.2 12.3773
      vertex 35.1227 8.2 13.9089
      vertex 35.2367 8.2 13.8617
    endloop
  endfacet
  facet normal 0 1 0
    outer loop
      vertex 34.6752 8.2 12.2571
      vertex 35.2367 8.2 13.8617
      vertex 35.3552 8.2 13.8276
    endloop
  endfacet
  facet normal 0 1 0
    outer loop
      vertex 34.9769 8.2 12.1702
      vertex 35.3552 8.2 13.8276
      vertex 35.4768 8.2 13.8069
    endloop
  endfacet
  facet normal 0 1 0
    outer loop
      vertex 34.6089 8.2 14.4227
      vertex 33.0773 8.2 13.6851
      vertex 32.9571 8.2 13.9752
    endloop
  endfacet
  facet normal 0 1 0
    outer loop
      vertex 35.2865 8.2 12.1176
      vertex 35.4768 8.2 13.8069
      vertex 35.6 8.2 13.8
    endloop
  endfacet
  facet normal 0 1 0
    outer loop
      vertex 36.1852 8.2 13.9686
      vertex 37.0897 8.2 12.5292
      vertex 36.0773 8.2 13.9089
    endloop
  endfacet
  facet normal 0 1 -0
    outer loop
      vertex 36.8149 8.2 12.3773
      vertex 36.0773 8.2 13.9089
      vertex 37.0897 8.2 12.5292
    endloop
  endfacet
  facet normal 0 1 0
    outer loop
      vertex 34.6686 8.2 14.3148
      vertex 33.2292 8.2 13.4103
      vertex 33.0773 8.2 13.6851
    endloop
  endfacet
  facet normal 0 1 0
    outer loop
      vertex 36.0773 8.2 13.9089
      vertex 36.8149 8.2 12.3773
      vertex 35.9633 8.2 13.8617
    endloop
  endfacet
  facet normal 0 1 0
    outer loop
      vertex 34.74 8.2 14.2142
      vertex 33.4109 8.2 13.1542
      vertex 33.2292 8.2 13.4103
    endloop
  endfacet
  facet normal 0 1 -0
    outer loop
      vertex 36.5248 8.2 12.2571
      vertex 35.9633 8.2 13.8617
      vertex 36.8149 8.2 12.3773
    endloop
  endfacet
  facet normal 0 1 0
    outer loop
      vertex 34.8222 8.2 14.1222
      vertex 33.6201 8.2 12.9201
      vertex 33.4109 8.2 13.1542
    endloop
  endfacet
  facet normal 0 1 0
    outer loop
      vertex 35.9633 8.2 13.8617
      vertex 36.5248 8.2 12.2571
      vertex 35.8448 8.2 13.8276
    endloop
  endfacet
  facet normal 0 1 0
    outer loop
      vertex 34.9142 8.2 14.04
      vertex 33.8542 8.2 12.7109
      vertex 33.6201 8.2 12.9201
    endloop
  endfacet
  facet normal 0 1 -0
    outer loop
      vertex 36.2231 8.2 12.1702
      vertex 35.8448 8.2 13.8276
      vertex 36.5248 8.2 12.2571
    endloop
  endfacet
  facet normal 0 1 0
    outer loop
      vertex 35.0148 8.2 13.9686
      vertex 34.1103 8.2 12.5292
      vertex 33.8542 8.2 12.7109
    endloop
  endfacet
  facet normal 0 1 0
    outer loop
      vertex 35.8448 8.2 13.8276
      vertex 36.2231 8.2 12.1702
      vertex 35.7232 8.2 13.8069
    endloop
  endfacet
  facet normal 0 1 0
    outer loop
      vertex 35.1227 8.2 13.9089
      vertex 34.3851 8.2 12.3773
      vertex 34.1103 8.2 12.5292
    endloop
  endfacet
  facet normal 0 1 -0
    outer loop
      vertex 35.9135 8.2 12.1176
      vertex 35.7232 8.2 13.8069
      vertex 36.2231 8.2 12.1702
    endloop
  endfacet
  facet normal 0 1 0
    outer loop
      vertex 35.2367 8.2 13.8617
      vertex 34.6752 8.2 12.2571
      vertex 34.3851 8.2 12.3773
    endloop
  endfacet
  facet normal 0 1 0
    outer loop
      vertex 35.7232 8.2 13.8069
      vertex 35.9135 8.2 12.1176
      vertex 35.6 8.2 13.8
    endloop
  endfacet
  facet normal 0 1 0
    outer loop
      vertex 35.3552 8.2 13.8276
      vertex 34.9769 8.2 12.1702
      vertex 34.6752 8.2 12.2571
    endloop
  endfacet
  facet normal 0 1 0
    outer loop
      vertex 35.6 8.2 12.1
      vertex 35.6 8.2 13.8
      vertex 35.9135 8.2 12.1176
    endloop
  endfacet
  facet normal 0 1 0
    outer loop
      vertex 35.4768 8.2 13.8069
      vertex 35.2865 8.2 12.1176
      vertex 34.9769 8.2 12.1702
    endloop
  endfacet
  facet normal 0 1 0
    outer loop
      vertex 35.6 8.2 13.8
      vertex 35.6 8.2 12.1
      vertex 35.2865 8.2 12.1176
    endloop
  endfacet
  facet normal -0.745649 0 0.666339
    outer loop
      vertex 33.4109 3 16.6458
      vertex 33.6201 8.2 16.8799
      vertex 33.4109 8.2 16.6458
    endloop
  endfacet
  facet normal -0.745649 0 0.666339
    outer loop
      vertex 33.6201 8.2 16.8799
      vertex 33.4109 3 16.6458
      vertex 33.6201 3 16.8799
    endloop
  endfacet
  facet normal -0.483776 0 -0.875192
    outer loop
      vertex 34.1103 3 12.5292
      vertex 34.3851 8.2 12.3773
      vertex 34.3851 3 12.3773
    endloop
  endfacet
  facet normal -0.483776 0 -0.875192
    outer loop
      vertex 34.3851 8.2 12.3773
      vertex 34.1103 3 12.5292
      vertex 34.1103 8.2 12.5292
    endloop
  endfacet
  facet normal 0.167496 0 -0.985873
    outer loop
      vertex 35.9135 3 12.1176
      vertex 36.2231 8.2 12.1702
      vertex 36.2231 3 12.1702
    endloop
  endfacet
  facet normal 0.167496 0 -0.985873
    outer loop
      vertex 36.2231 8.2 12.1702
      vertex 35.9135 3 12.1176
      vertex 35.9135 8.2 12.1176
    endloop
  endfacet
  facet normal -0.382783 0 -0.923838
    outer loop
      vertex 34.3851 3 12.3773
      vertex 34.6752 8.2 12.2571
      vertex 34.6752 3 12.2571
    endloop
  endfacet
  facet normal -0.382783 0 -0.923838
    outer loop
      vertex 34.6752 8.2 12.2571
      vertex 34.3851 3 12.3773
      vertex 34.3851 8.2 12.3773
    endloop
  endfacet
  facet normal -0.382783 0 0.923838
    outer loop
      vertex 34.3851 8.2 17.4227
      vertex 34.6752 3 17.5429
      vertex 34.6752 8.2 17.5429
    endloop
  endfacet
  facet normal -0.382783 0 0.923838
    outer loop
      vertex 34.6752 3 17.5429
      vertex 34.3851 8.2 17.4227
      vertex 34.3851 3 17.4227
    endloop
  endfacet
  facet normal 0.81558 0 -0.578645
    outer loop
      vertex 37.9708 3 13.4103
      vertex 37.7891 8.2 13.1542
      vertex 37.9708 8.2 13.4103
    endloop
  endfacet
  facet normal 0.81558 0 -0.578645
    outer loop
      vertex 37.7891 8.2 13.1542
      vertex 37.9708 3 13.4103
      vertex 37.7891 3 13.1542
    endloop
  endfacet
  facet normal 0.875192 -0 0.483776
    outer loop
      vertex 37.9708 3 16.3897
      vertex 38.1227 8.2 16.1149
      vertex 37.9708 8.2 16.3897
    endloop
  endfacet
  facet normal 0.875192 0 0.483776
    outer loop
      vertex 38.1227 8.2 16.1149
      vertex 37.9708 3 16.3897
      vertex 38.1227 3 16.1149
    endloop
  endfacet
  facet normal -0.666339 0 0.745649
    outer loop
      vertex 33.6201 8.2 16.8799
      vertex 33.8542 3 17.0891
      vertex 33.8542 8.2 17.0891
    endloop
  endfacet
  facet normal -0.666339 0 0.745649
    outer loop
      vertex 33.8542 3 17.0891
      vertex 33.6201 8.2 16.8799
      vertex 33.6201 3 16.8799
    endloop
  endfacet
  facet normal 0.985873 -0 0.167496
    outer loop
      vertex 38.3298 3 15.5231
      vertex 38.3824 8.2 15.2135
      vertex 38.3298 8.2 15.5231
    endloop
  endfacet
  facet normal 0.985873 0 0.167496
    outer loop
      vertex 38.3824 8.2 15.2135
      vertex 38.3298 3 15.5231
      vertex 38.3824 3 15.2135
    endloop
  endfacet
  facet normal -0.81558 0 0.578645
    outer loop
      vertex 33.2292 3 16.3897
      vertex 33.4109 8.2 16.6458
      vertex 33.2292 8.2 16.3897
    endloop
  endfacet
  facet normal -0.81558 0 0.578645
    outer loop
      vertex 33.4109 8.2 16.6458
      vertex 33.2292 3 16.3897
      vertex 33.4109 3 16.6458
    endloop
  endfacet
  facet normal -0.167496 0 0.985873
    outer loop
      vertex 34.9769 8.2 17.6298
      vertex 35.2865 3 17.6824
      vertex 35.2865 8.2 17.6824
    endloop
  endfacet
  facet normal -0.167496 0 0.985873
    outer loop
      vertex 35.2865 3 17.6824
      vertex 34.9769 8.2 17.6298
      vertex 34.9769 3 17.6298
    endloop
  endfacet
  facet normal 0.81558 -0 0.578645
    outer loop
      vertex 37.7891 3 16.6458
      vertex 37.9708 8.2 16.3897
      vertex 37.7891 8.2 16.6458
    endloop
  endfacet
  facet normal 0.81558 0 0.578645
    outer loop
      vertex 37.9708 8.2 16.3897
      vertex 37.7891 3 16.6458
      vertex 37.9708 3 16.3897
    endloop
  endfacet
  facet normal 0.960933 -0 0.276782
    outer loop
      vertex 38.2429 3 15.8248
      vertex 38.3298 8.2 15.5231
      vertex 38.2429 8.2 15.8248
    endloop
  endfacet
  facet normal 0.960933 0 0.276782
    outer loop
      vertex 38.3298 8.2 15.5231
      vertex 38.2429 3 15.8248
      vertex 38.3298 3 15.5231
    endloop
  endfacet
  facet normal 0.745649 0 -0.666339
    outer loop
      vertex 37.7891 3 13.1542
      vertex 37.5799 8.2 12.9201
      vertex 37.7891 8.2 13.1542
    endloop
  endfacet
  facet normal 0.745649 0 -0.666339
    outer loop
      vertex 37.5799 8.2 12.9201
      vertex 37.7891 3 13.1542
      vertex 37.5799 3 12.9201
    endloop
  endfacet
  facet normal -0.923838 0 0.382783
    outer loop
      vertex 32.9571 3 15.8248
      vertex 33.0773 8.2 16.1149
      vertex 32.9571 8.2 15.8248
    endloop
  endfacet
  facet normal -0.923838 0 0.382783
    outer loop
      vertex 33.0773 8.2 16.1149
      vertex 32.9571 3 15.8248
      vertex 33.0773 3 16.1149
    endloop
  endfacet
  facet normal -0.578645 0 -0.81558
    outer loop
      vertex 33.8542 3 12.7109
      vertex 34.1103 8.2 12.5292
      vertex 34.1103 3 12.5292
    endloop
  endfacet
  facet normal -0.578645 0 -0.81558
    outer loop
      vertex 34.1103 8.2 12.5292
      vertex 33.8542 3 12.7109
      vertex 33.8542 8.2 12.7109
    endloop
  endfacet
  facet normal -0.875192 0 -0.483776
    outer loop
      vertex 33.2292 3 13.4103
      vertex 33.0773 8.2 13.6851
      vertex 33.2292 8.2 13.4103
    endloop
  endfacet
  facet normal -0.875192 -0 -0.483776
    outer loop
      vertex 33.0773 8.2 13.6851
      vertex 33.2292 3 13.4103
      vertex 33.0773 3 13.6851
    endloop
  endfacet
  facet normal 0.578645 0 -0.81558
    outer loop
      vertex 37.0897 3 12.5292
      vertex 37.3458 8.2 12.7109
      vertex 37.3458 3 12.7109
    endloop
  endfacet
  facet normal 0.578645 0 -0.81558
    outer loop
      vertex 37.3458 8.2 12.7109
      vertex 37.0897 3 12.5292
      vertex 37.0897 8.2 12.5292
    endloop
  endfacet
  facet normal -0.745649 0 -0.666339
    outer loop
      vertex 33.6201 3 12.9201
      vertex 33.4109 8.2 13.1542
      vertex 33.6201 8.2 12.9201
    endloop
  endfacet
  facet normal -0.745649 -0 -0.666339
    outer loop
      vertex 33.4109 8.2 13.1542
      vertex 33.6201 3 12.9201
      vertex 33.4109 3 13.1542
    endloop
  endfacet
  facet normal 0.875192 0 -0.483776
    outer loop
      vertex 38.1227 3 13.6851
      vertex 37.9708 8.2 13.4103
      vertex 38.1227 8.2 13.6851
    endloop
  endfacet
  facet normal 0.875192 0 -0.483776
    outer loop
      vertex 37.9708 8.2 13.4103
      vertex 38.1227 3 13.6851
      vertex 37.9708 3 13.4103
    endloop
  endfacet
  facet normal 0.923838 -0 0.382783
    outer loop
      vertex 38.1227 3 16.1149
      vertex 38.2429 8.2 15.8248
      vertex 38.1227 8.2 16.1149
    endloop
  endfacet
  facet normal 0.923838 0 0.382783
    outer loop
      vertex 38.2429 8.2 15.8248
      vertex 38.1227 3 16.1149
      vertex 38.2429 3 15.8248
    endloop
  endfacet
  facet normal 0.276782 0 0.960933
    outer loop
      vertex 36.2231 8.2 17.6298
      vertex 36.5248 3 17.5429
      vertex 36.5248 8.2 17.5429
    endloop
  endfacet
  facet normal 0.276782 0 0.960933
    outer loop
      vertex 36.5248 3 17.5429
      vertex 36.2231 8.2 17.6298
      vertex 36.2231 3 17.6298
    endloop
  endfacet
  facet normal -0.483776 0 0.875192
    outer loop
      vertex 34.1103 8.2 17.2708
      vertex 34.3851 3 17.4227
      vertex 34.3851 8.2 17.4227
    endloop
  endfacet
  facet normal -0.483776 0 0.875192
    outer loop
      vertex 34.3851 3 17.4227
      vertex 34.1103 8.2 17.2708
      vertex 34.1103 3 17.2708
    endloop
  endfacet
  facet normal 0.276782 0 -0.960933
    outer loop
      vertex 36.2231 3 12.1702
      vertex 36.5248 8.2 12.2571
      vertex 36.5248 3 12.2571
    endloop
  endfacet
  facet normal 0.276782 0 -0.960933
    outer loop
      vertex 36.5248 8.2 12.2571
      vertex 36.2231 3 12.1702
      vertex 36.2231 8.2 12.1702
    endloop
  endfacet
  facet normal 0.0560521 0 0.998428
    outer loop
      vertex 35.6 8.2 17.7
      vertex 35.9135 3 17.6824
      vertex 35.9135 8.2 17.6824
    endloop
  endfacet
  facet normal 0.0560521 0 0.998428
    outer loop
      vertex 35.9135 3 17.6824
      vertex 35.6 8.2 17.7
      vertex 35.6 3 17.7
    endloop
  endfacet
  facet normal 0.167496 0 0.985873
    outer loop
      vertex 35.9135 8.2 17.6824
      vertex 36.2231 3 17.6298
      vertex 36.2231 8.2 17.6298
    endloop
  endfacet
  facet normal 0.167496 0 0.985873
    outer loop
      vertex 36.2231 3 17.6298
      vertex 35.9135 8.2 17.6824
      vertex 35.9135 3 17.6824
    endloop
  endfacet
  facet normal -0.998428 0 0.0560521
    outer loop
      vertex 32.8 3 14.9
      vertex 32.8176 8.2 15.2135
      vertex 32.8 8.2 14.9
    endloop
  endfacet
  facet normal -0.998428 0 0.0560521
    outer loop
      vertex 32.8176 8.2 15.2135
      vertex 32.8 3 14.9
      vertex 32.8176 3 15.2135
    endloop
  endfacet
  facet normal 0.483776 0 -0.875192
    outer loop
      vertex 36.8149 3 12.3773
      vertex 37.0897 8.2 12.5292
      vertex 37.0897 3 12.5292
    endloop
  endfacet
  facet normal 0.483776 0 -0.875192
    outer loop
      vertex 37.0897 8.2 12.5292
      vertex 36.8149 3 12.3773
      vertex 36.8149 8.2 12.3773
    endloop
  endfacet
  facet normal -0.923838 0 -0.382783
    outer loop
      vertex 33.0773 3 13.6851
      vertex 32.9571 8.2 13.9752
      vertex 33.0773 8.2 13.6851
    endloop
  endfacet
  facet normal -0.923838 -0 -0.382783
    outer loop
      vertex 32.9571 8.2 13.9752
      vertex 33.0773 3 13.6851
      vertex 32.9571 3 13.9752
    endloop
  endfacet
  facet normal -0.0560521 0 0.998428
    outer loop
      vertex 35.2865 8.2 17.6824
      vertex 35.6 3 17.7
      vertex 35.6 8.2 17.7
    endloop
  endfacet
  facet normal -0.0560521 0 0.998428
    outer loop
      vertex 35.6 3 17.7
      vertex 35.2865 8.2 17.6824
      vertex 35.2865 3 17.6824
    endloop
  endfacet
  facet normal -0.875192 0 0.483776
    outer loop
      vertex 33.0773 3 16.1149
      vertex 33.2292 8.2 16.3897
      vertex 33.0773 8.2 16.1149
    endloop
  endfacet
  facet normal -0.875192 0 0.483776
    outer loop
      vertex 33.2292 8.2 16.3897
      vertex 33.0773 3 16.1149
      vertex 33.2292 3 16.3897
    endloop
  endfacet
  facet normal -0.167496 0 -0.985873
    outer loop
      vertex 34.9769 3 12.1702
      vertex 35.2865 8.2 12.1176
      vertex 35.2865 3 12.1176
    endloop
  endfacet
  facet normal -0.167496 0 -0.985873
    outer loop
      vertex 35.2865 8.2 12.1176
      vertex 34.9769 3 12.1702
      vertex 34.9769 8.2 12.1702
    endloop
  endfacet
  facet normal -0.998428 0 -0.0560521
    outer loop
      vertex 32.8176 3 14.5865
      vertex 32.8 8.2 14.9
      vertex 32.8176 8.2 14.5865
    endloop
  endfacet
  facet normal -0.998428 -0 -0.0560521
    outer loop
      vertex 32.8 8.2 14.9
      vertex 32.8176 3 14.5865
      vertex 32.8 3 14.9
    endloop
  endfacet
  facet normal -0.276782 0 0.960933
    outer loop
      vertex 34.6752 8.2 17.5429
      vertex 34.9769 3 17.6298
      vertex 34.9769 8.2 17.6298
    endloop
  endfacet
  facet normal -0.276782 0 0.960933
    outer loop
      vertex 34.9769 3 17.6298
      vertex 34.6752 8.2 17.5429
      vertex 34.6752 3 17.5429
    endloop
  endfacet
  facet normal 0.578645 0 0.81558
    outer loop
      vertex 37.0897 8.2 17.2708
      vertex 37.3458 3 17.0891
      vertex 37.3458 8.2 17.0891
    endloop
  endfacet
  facet normal 0.578645 0 0.81558
    outer loop
      vertex 37.3458 3 17.0891
      vertex 37.0897 8.2 17.2708
      vertex 37.0897 3 17.2708
    endloop
  endfacet
  facet normal 0.0560521 0 -0.998428
    outer loop
      vertex 35.6 3 12.1
      vertex 35.9135 8.2 12.1176
      vertex 35.9135 3 12.1176
    endloop
  endfacet
  facet normal 0.0560521 0 -0.998428
    outer loop
      vertex 35.9135 8.2 12.1176
      vertex 35.6 3 12.1
      vertex 35.6 8.2 12.1
    endloop
  endfacet
  facet normal -0.960933 0 0.276782
    outer loop
      vertex 32.8702 3 15.5231
      vertex 32.9571 8.2 15.8248
      vertex 32.8702 8.2 15.5231
    endloop
  endfacet
  facet normal -0.960933 0 0.276782
    outer loop
      vertex 32.9571 8.2 15.8248
      vertex 32.8702 3 15.5231
      vertex 32.9571 3 15.8248
    endloop
  endfacet
  facet normal 0.745649 -0 0.666339
    outer loop
      vertex 37.5799 3 16.8799
      vertex 37.7891 8.2 16.6458
      vertex 37.5799 8.2 16.8799
    endloop
  endfacet
  facet normal 0.745649 0 0.666339
    outer loop
      vertex 37.7891 8.2 16.6458
      vertex 37.5799 3 16.8799
      vertex 37.7891 3 16.6458
    endloop
  endfacet
  facet normal 0.666339 0 0.745649
    outer loop
      vertex 37.3458 8.2 17.0891
      vertex 37.5799 3 16.8799
      vertex 37.5799 8.2 16.8799
    endloop
  endfacet
  facet normal 0.666339 0 0.745649
    outer loop
      vertex 37.5799 3 16.8799
      vertex 37.3458 8.2 17.0891
      vertex 37.3458 3 17.0891
    endloop
  endfacet
  facet normal -0.578645 0 0.81558
    outer loop
      vertex 33.8542 8.2 17.0891
      vertex 34.1103 3 17.2708
      vertex 34.1103 8.2 17.2708
    endloop
  endfacet
  facet normal -0.578645 0 0.81558
    outer loop
      vertex 34.1103 3 17.2708
      vertex 33.8542 8.2 17.0891
      vertex 33.8542 3 17.0891
    endloop
  endfacet
  facet normal -0.0560521 0 -0.998428
    outer loop
      vertex 35.2865 3 12.1176
      vertex 35.6 8.2 12.1
      vertex 35.6 3 12.1
    endloop
  endfacet
  facet normal -0.0560521 0 -0.998428
    outer loop
      vertex 35.6 8.2 12.1
      vertex 35.2865 3 12.1176
      vertex 35.2865 8.2 12.1176
    endloop
  endfacet
  facet normal 0.483776 0 0.875192
    outer loop
      vertex 36.8149 8.2 17.4227
      vertex 37.0897 3 17.2708
      vertex 37.0897 8.2 17.2708
    endloop
  endfacet
  facet normal 0.483776 0 0.875192
    outer loop
      vertex 37.0897 3 17.2708
      vertex 36.8149 8.2 17.4227
      vertex 36.8149 3 17.4227
    endloop
  endfacet
  facet normal -0.960933 0 -0.276782
    outer loop
      vertex 32.9571 3 13.9752
      vertex 32.8702 8.2 14.2769
      vertex 32.9571 8.2 13.9752
    endloop
  endfacet
  facet normal -0.960933 -0 -0.276782
    outer loop
      vertex 32.8702 8.2 14.2769
      vertex 32.9571 3 13.9752
      vertex 32.8702 3 14.2769
    endloop
  endfacet
  facet normal -0.985873 0 -0.167496
    outer loop
      vertex 32.8702 3 14.2769
      vertex 32.8176 8.2 14.5865
      vertex 32.8702 8.2 14.2769
    endloop
  endfacet
  facet normal -0.985873 -0 -0.167496
    outer loop
      vertex 32.8176 8.2 14.5865
      vertex 32.8702 3 14.2769
      vertex 32.8176 3 14.5865
    endloop
  endfacet
  facet normal -0.985818 0 0.167816
    outer loop
      vertex 36.6724 3 14.6552
      vertex 36.6931 8.2 14.7768
      vertex 36.6724 8.2 14.6552
    endloop
  endfacet
  facet normal -0.985818 0 0.167816
    outer loop
      vertex 36.6931 8.2 14.7768
      vertex 36.6724 3 14.6552
      vertex 36.6931 3 14.7768
    endloop
  endfacet
  facet normal -0.998435 0 0.0559189
    outer loop
      vertex 36.6931 3 14.7768
      vertex 36.7 8.2 14.9
      vertex 36.6931 8.2 14.7768
    endloop
  endfacet
  facet normal -0.998435 0 0.0559189
    outer loop
      vertex 36.7 8.2 14.9
      vertex 36.6931 3 14.7768
      vertex 36.7 3 14.9
    endloop
  endfacet
  facet normal -0.961002 0 0.276541
    outer loop
      vertex 36.6383 3 14.5367
      vertex 36.6724 8.2 14.6552
      vertex 36.6383 8.2 14.5367
    endloop
  endfacet
  facet normal -0.961002 0 0.276541
    outer loop
      vertex 36.6724 8.2 14.6552
      vertex 36.6383 3 14.5367
      vertex 36.6724 3 14.6552
    endloop
  endfacet
  facet normal -0.815482 0 0.578782
    outer loop
      vertex 36.46 3 14.2142
      vertex 36.5314 8.2 14.3148
      vertex 36.46 8.2 14.2142
    endloop
  endfacet
  facet normal -0.815482 0 0.578782
    outer loop
      vertex 36.5314 8.2 14.3148
      vertex 36.46 3 14.2142
      vertex 36.5314 3 14.3148
    endloop
  endfacet
  facet normal 0.276541 0 -0.961002
    outer loop
      vertex 35.2367 3 15.9383
      vertex 35.3552 8.2 15.9724
      vertex 35.3552 3 15.9724
    endloop
  endfacet
  facet normal 0.276541 0 -0.961002
    outer loop
      vertex 35.3552 8.2 15.9724
      vertex 35.2367 3 15.9383
      vertex 35.2367 8.2 15.9383
    endloop
  endfacet
  facet normal 0.745708 0 -0.666273
    outer loop
      vertex 34.8222 3 15.6778
      vertex 34.74 8.2 15.5858
      vertex 34.8222 8.2 15.6778
    endloop
  endfacet
  facet normal 0.745708 0 -0.666273
    outer loop
      vertex 34.74 8.2 15.5858
      vertex 34.8222 3 15.6778
      vertex 34.74 3 15.5858
    endloop
  endfacet
  facet normal -0.276541 0 0.961002
    outer loop
      vertex 35.8448 8.2 13.8276
      vertex 35.9633 3 13.8617
      vertex 35.9633 8.2 13.8617
    endloop
  endfacet
  facet normal -0.276541 0 0.961002
    outer loop
      vertex 35.9633 3 13.8617
      vertex 35.8448 8.2 13.8276
      vertex 35.8448 3 13.8276
    endloop
  endfacet
  facet normal -0.998435 0 -0.0559189
    outer loop
      vertex 36.7 3 14.9
      vertex 36.6931 8.2 15.0232
      vertex 36.7 8.2 14.9
    endloop
  endfacet
  facet normal -0.998435 -0 -0.0559189
    outer loop
      vertex 36.6931 8.2 15.0232
      vertex 36.7 3 14.9
      vertex 36.6931 3 15.0232
    endloop
  endfacet
  facet normal -0.382543 0 0.923938
    outer loop
      vertex 35.9633 8.2 13.8617
      vertex 36.0773 3 13.9089
      vertex 36.0773 8.2 13.9089
    endloop
  endfacet
  facet normal -0.382543 0 0.923938
    outer loop
      vertex 36.0773 3 13.9089
      vertex 35.9633 8.2 13.8617
      vertex 35.9633 3 13.8617
    endloop
  endfacet
  facet normal 0.923938 0 -0.382543
    outer loop
      vertex 34.6089 3 15.3773
      vertex 34.5617 8.2 15.2633
      vertex 34.6089 8.2 15.3773
    endloop
  endfacet
  facet normal 0.923938 0 -0.382543
    outer loop
      vertex 34.5617 8.2 15.2633
      vertex 34.6089 3 15.3773
      vertex 34.5617 3 15.2633
    endloop
  endfacet
  facet normal -0.745708 0 -0.666273
    outer loop
      vertex 36.46 3 15.5858
      vertex 36.3778 8.2 15.6778
      vertex 36.46 8.2 15.5858
    endloop
  endfacet
  facet normal -0.745708 -0 -0.666273
    outer loop
      vertex 36.3778 8.2 15.6778
      vertex 36.46 3 15.5858
      vertex 36.3778 3 15.6778
    endloop
  endfacet
  facet normal -0.745708 0 0.666273
    outer loop
      vertex 36.3778 3 14.1222
      vertex 36.46 8.2 14.2142
      vertex 36.3778 8.2 14.1222
    endloop
  endfacet
  facet normal -0.745708 0 0.666273
    outer loop
      vertex 36.46 8.2 14.2142
      vertex 36.3778 3 14.1222
      vertex 36.46 3 14.2142
    endloop
  endfacet
  facet normal -0.578782 0 -0.815482
    outer loop
      vertex 36.1852 3 15.8314
      vertex 36.2858 8.2 15.76
      vertex 36.2858 3 15.76
    endloop
  endfacet
  facet normal -0.578782 0 -0.815482
    outer loop
      vertex 36.2858 8.2 15.76
      vertex 36.1852 3 15.8314
      vertex 36.1852 8.2 15.8314
    endloop
  endfacet
  facet normal -0.167816 0 0.985818
    outer loop
      vertex 35.7232 8.2 13.8069
      vertex 35.8448 3 13.8276
      vertex 35.8448 8.2 13.8276
    endloop
  endfacet
  facet normal -0.167816 0 0.985818
    outer loop
      vertex 35.8448 3 13.8276
      vertex 35.7232 8.2 13.8069
      vertex 35.7232 3 13.8069
    endloop
  endfacet
  facet normal 0.167816 0 -0.985818
    outer loop
      vertex 35.3552 3 15.9724
      vertex 35.4768 8.2 15.9931
      vertex 35.4768 3 15.9931
    endloop
  endfacet
  facet normal 0.167816 0 -0.985818
    outer loop
      vertex 35.4768 8.2 15.9931
      vertex 35.3552 3 15.9724
      vertex 35.3552 8.2 15.9724
    endloop
  endfacet
  facet normal -0.276541 0 -0.961002
    outer loop
      vertex 35.8448 3 15.9724
      vertex 35.9633 8.2 15.9383
      vertex 35.9633 3 15.9383
    endloop
  endfacet
  facet normal -0.276541 0 -0.961002
    outer loop
      vertex 35.9633 8.2 15.9383
      vertex 35.8448 3 15.9724
      vertex 35.8448 8.2 15.9724
    endloop
  endfacet
  facet normal 0.874997 0 -0.484127
    outer loop
      vertex 34.6686 3 15.4852
      vertex 34.6089 8.2 15.3773
      vertex 34.6686 8.2 15.4852
    endloop
  endfacet
  facet normal 0.874997 0 -0.484127
    outer loop
      vertex 34.6089 8.2 15.3773
      vertex 34.6686 3 15.4852
      vertex 34.6089 3 15.3773
    endloop
  endfacet
  facet normal -0.815482 0 -0.578782
    outer loop
      vertex 36.5314 3 15.4852
      vertex 36.46 8.2 15.5858
      vertex 36.5314 8.2 15.4852
    endloop
  endfacet
  facet normal -0.815482 -0 -0.578782
    outer loop
      vertex 36.46 8.2 15.5858
      vertex 36.5314 3 15.4852
      vertex 36.46 3 15.5858
    endloop
  endfacet
  facet normal 0.961002 0 -0.276541
    outer loop
      vertex 34.5617 3 15.2633
      vertex 34.5276 8.2 15.1448
      vertex 34.5617 8.2 15.2633
    endloop
  endfacet
  facet normal 0.961002 0 -0.276541
    outer loop
      vertex 34.5276 8.2 15.1448
      vertex 34.5617 3 15.2633
      vertex 34.5276 3 15.1448
    endloop
  endfacet
  facet normal -0.985818 0 -0.167816
    outer loop
      vertex 36.6931 3 15.0232
      vertex 36.6724 8.2 15.1448
      vertex 36.6931 8.2 15.0232
    endloop
  endfacet
  facet normal -0.985818 -0 -0.167816
    outer loop
      vertex 36.6724 8.2 15.1448
      vertex 36.6931 3 15.0232
      vertex 36.6724 3 15.1448
    endloop
  endfacet
  facet normal -0.578782 0 0.815482
    outer loop
      vertex 36.1852 8.2 13.9686
      vertex 36.2858 3 14.04
      vertex 36.2858 8.2 14.04
    endloop
  endfacet
  facet normal -0.578782 0 0.815482
    outer loop
      vertex 36.2858 3 14.04
      vertex 36.1852 8.2 13.9686
      vertex 36.1852 3 13.9686
    endloop
  endfacet
  facet normal -0.874997 0 -0.484127
    outer loop
      vertex 36.5911 3 15.3773
      vertex 36.5314 8.2 15.4852
      vertex 36.5911 8.2 15.3773
    endloop
  endfacet
  facet normal -0.874997 -0 -0.484127
    outer loop
      vertex 36.5314 8.2 15.4852
      vertex 36.5911 3 15.3773
      vertex 36.5314 3 15.4852
    endloop
  endfacet
  facet normal 0.815482 -0 0.578782
    outer loop
      vertex 34.6686 3 14.3148
      vertex 34.74 8.2 14.2142
      vertex 34.6686 8.2 14.3148
    endloop
  endfacet
  facet normal 0.815482 0 0.578782
    outer loop
      vertex 34.74 8.2 14.2142
      vertex 34.6686 3 14.3148
      vertex 34.74 3 14.2142
    endloop
  endfacet
  facet normal -0.167816 0 -0.985818
    outer loop
      vertex 35.7232 3 15.9931
      vertex 35.8448 8.2 15.9724
      vertex 35.8448 3 15.9724
    endloop
  endfacet
  facet normal -0.167816 0 -0.985818
    outer loop
      vertex 35.8448 8.2 15.9724
      vertex 35.7232 3 15.9931
      vertex 35.7232 8.2 15.9931
    endloop
  endfacet
  facet normal 0.0559189 0 -0.998435
    outer loop
      vertex 35.4768 3 15.9931
      vertex 35.6 8.2 16
      vertex 35.6 3 16
    endloop
  endfacet
  facet normal 0.0559189 0 -0.998435
    outer loop
      vertex 35.6 8.2 16
      vertex 35.4768 3 15.9931
      vertex 35.4768 8.2 15.9931
    endloop
  endfacet
  facet normal 0.578782 0 0.815482
    outer loop
      vertex 34.9142 8.2 14.04
      vertex 35.0148 3 13.9686
      vertex 35.0148 8.2 13.9686
    endloop
  endfacet
  facet normal 0.578782 0 0.815482
    outer loop
      vertex 35.0148 3 13.9686
      vertex 34.9142 8.2 14.04
      vertex 34.9142 3 14.04
    endloop
  endfacet
  facet normal -0.874997 0 0.484127
    outer loop
      vertex 36.5314 3 14.3148
      vertex 36.5911 8.2 14.4227
      vertex 36.5314 8.2 14.3148
    endloop
  endfacet
  facet normal -0.874997 0 0.484127
    outer loop
      vertex 36.5911 8.2 14.4227
      vertex 36.5314 3 14.3148
      vertex 36.5911 3 14.4227
    endloop
  endfacet
  facet normal 0.382543 0 0.923938
    outer loop
      vertex 35.1227 8.2 13.9089
      vertex 35.2367 3 13.8617
      vertex 35.2367 8.2 13.8617
    endloop
  endfacet
  facet normal 0.382543 0 0.923938
    outer loop
      vertex 35.2367 3 13.8617
      vertex 35.1227 8.2 13.9089
      vertex 35.1227 3 13.9089
    endloop
  endfacet
  facet normal -0.382543 0 -0.923938
    outer loop
      vertex 35.9633 3 15.9383
      vertex 36.0773 8.2 15.8911
      vertex 36.0773 3 15.8911
    endloop
  endfacet
  facet normal -0.382543 0 -0.923938
    outer loop
      vertex 36.0773 8.2 15.8911
      vertex 35.9633 3 15.9383
      vertex 35.9633 8.2 15.9383
    endloop
  endfacet
  facet normal -0.666273 0 0.745708
    outer loop
      vertex 36.2858 8.2 14.04
      vertex 36.3778 3 14.1222
      vertex 36.3778 8.2 14.1222
    endloop
  endfacet
  facet normal -0.666273 0 0.745708
    outer loop
      vertex 36.3778 3 14.1222
      vertex 36.2858 8.2 14.04
      vertex 36.2858 3 14.04
    endloop
  endfacet
  facet normal 0.484127 0 0.874997
    outer loop
      vertex 35.0148 8.2 13.9686
      vertex 35.1227 3 13.9089
      vertex 35.1227 8.2 13.9089
    endloop
  endfacet
  facet normal 0.484127 0 0.874997
    outer loop
      vertex 35.1227 3 13.9089
      vertex 35.0148 8.2 13.9686
      vertex 35.0148 3 13.9686
    endloop
  endfacet
  facet normal -0.923938 0 -0.382543
    outer loop
      vertex 36.6383 3 15.2633
      vertex 36.5911 8.2 15.3773
      vertex 36.6383 8.2 15.2633
    endloop
  endfacet
  facet normal -0.923938 -0 -0.382543
    outer loop
      vertex 36.5911 8.2 15.3773
      vertex 36.6383 3 15.2633
      vertex 36.5911 3 15.3773
    endloop
  endfacet
  facet normal 0.998435 -0 0.0559189
    outer loop
      vertex 34.5 3 14.9
      vertex 34.5069 8.2 14.7768
      vertex 34.5 8.2 14.9
    endloop
  endfacet
  facet normal 0.998435 0 0.0559189
    outer loop
      vertex 34.5069 8.2 14.7768
      vertex 34.5 3 14.9
      vertex 34.5069 3 14.7768
    endloop
  endfacet
  facet normal -0.484127 0 0.874997
    outer loop
      vertex 36.0773 8.2 13.9089
      vertex 36.1852 3 13.9686
      vertex 36.1852 8.2 13.9686
    endloop
  endfacet
  facet normal -0.484127 0 0.874997
    outer loop
      vertex 36.1852 3 13.9686
      vertex 36.0773 8.2 13.9089
      vertex 36.0773 3 13.9089
    endloop
  endfacet
  facet normal -0.961002 0 -0.276541
    outer loop
      vertex 36.6724 3 15.1448
      vertex 36.6383 8.2 15.2633
      vertex 36.6724 8.2 15.1448
    endloop
  endfacet
  facet normal -0.961002 -0 -0.276541
    outer loop
      vertex 36.6383 8.2 15.2633
      vertex 36.6724 3 15.1448
      vertex 36.6383 3 15.2633
    endloop
  endfacet
  facet normal -0.666273 0 -0.745708
    outer loop
      vertex 36.2858 3 15.76
      vertex 36.3778 8.2 15.6778
      vertex 36.3778 3 15.6778
    endloop
  endfacet
  facet normal -0.666273 0 -0.745708
    outer loop
      vertex 36.3778 8.2 15.6778
      vertex 36.2858 3 15.76
      vertex 36.2858 8.2 15.76
    endloop
  endfacet
  facet normal -0.923938 0 0.382543
    outer loop
      vertex 36.5911 3 14.4227
      vertex 36.6383 8.2 14.5367
      vertex 36.5911 8.2 14.4227
    endloop
  endfacet
  facet normal -0.923938 0 0.382543
    outer loop
      vertex 36.6383 8.2 14.5367
      vertex 36.5911 3 14.4227
      vertex 36.6383 3 14.5367
    endloop
  endfacet
  facet normal 0.484127 0 -0.874997
    outer loop
      vertex 35.0148 3 15.8314
      vertex 35.1227 8.2 15.8911
      vertex 35.1227 3 15.8911
    endloop
  endfacet
  facet normal 0.484127 0 -0.874997
    outer loop
      vertex 35.1227 8.2 15.8911
      vertex 35.0148 3 15.8314
      vertex 35.0148 8.2 15.8314
    endloop
  endfacet
  facet normal -0.484127 0 -0.874997
    outer loop
      vertex 36.0773 3 15.8911
      vertex 36.1852 8.2 15.8314
      vertex 36.1852 3 15.8314
    endloop
  endfacet
  facet normal -0.484127 0 -0.874997
    outer loop
      vertex 36.1852 8.2 15.8314
      vertex 36.0773 3 15.8911
      vertex 36.0773 8.2 15.8911
    endloop
  endfacet
  facet normal 0.998435 0 -0.0559189
    outer loop
      vertex 34.5069 3 15.0232
      vertex 34.5 8.2 14.9
      vertex 34.5069 8.2 15.0232
    endloop
  endfacet
  facet normal 0.998435 0 -0.0559189
    outer loop
      vertex 34.5 8.2 14.9
      vertex 34.5069 3 15.0232
      vertex 34.5 3 14.9
    endloop
  endfacet
  facet normal 0.666273 0 -0.745708
    outer loop
      vertex 34.8222 3 15.6778
      vertex 34.9142 8.2 15.76
      vertex 34.9142 3 15.76
    endloop
  endfacet
  facet normal 0.666273 0 -0.745708
    outer loop
      vertex 34.9142 8.2 15.76
      vertex 34.8222 3 15.6778
      vertex 34.8222 8.2 15.6778
    endloop
  endfacet
  facet normal 0.666273 0 0.745708
    outer loop
      vertex 34.8222 8.2 14.1222
      vertex 34.9142 3 14.04
      vertex 34.9142 8.2 14.04
    endloop
  endfacet
  facet normal 0.666273 0 0.745708
    outer loop
      vertex 34.9142 3 14.04
      vertex 34.8222 8.2 14.1222
      vertex 34.8222 3 14.1222
    endloop
  endfacet
  facet normal 0.923938 -0 0.382543
    outer loop
      vertex 34.5617 3 14.5367
      vertex 34.6089 8.2 14.4227
      vertex 34.5617 8.2 14.5367
    endloop
  endfacet
  facet normal 0.923938 0 0.382543
    outer loop
      vertex 34.6089 8.2 14.4227
      vertex 34.5617 3 14.5367
      vertex 34.6089 3 14.4227
    endloop
  endfacet
  facet normal 0.276541 0 0.961002
    outer loop
      vertex 35.2367 8.2 13.8617
      vertex 35.3552 3 13.8276
      vertex 35.3552 8.2 13.8276
    endloop
  endfacet
  facet normal 0.276541 0 0.961002
    outer loop
      vertex 35.3552 3 13.8276
      vertex 35.2367 8.2 13.8617
      vertex 35.2367 3 13.8617
    endloop
  endfacet
  facet normal 0.167816 0 0.985818
    outer loop
      vertex 35.3552 8.2 13.8276
      vertex 35.4768 3 13.8069
      vertex 35.4768 8.2 13.8069
    endloop
  endfacet
  facet normal 0.167816 0 0.985818
    outer loop
      vertex 35.4768 3 13.8069
      vertex 35.3552 8.2 13.8276
      vertex 35.3552 3 13.8276
    endloop
  endfacet
  facet normal -0.0559189 0 0.998435
    outer loop
      vertex 35.6 8.2 13.8
      vertex 35.7232 3 13.8069
      vertex 35.7232 8.2 13.8069
    endloop
  endfacet
  facet normal -0.0559189 0 0.998435
    outer loop
      vertex 35.7232 3 13.8069
      vertex 35.6 8.2 13.8
      vertex 35.6 3 13.8
    endloop
  endfacet
  facet normal 0.815482 0 -0.578782
    outer loop
      vertex 34.74 3 15.5858
      vertex 34.6686 8.2 15.4852
      vertex 34.74 8.2 15.5858
    endloop
  endfacet
  facet normal 0.815482 0 -0.578782
    outer loop
      vertex 34.6686 8.2 15.4852
      vertex 34.74 3 15.5858
      vertex 34.6686 3 15.4852
    endloop
  endfacet
  facet normal 0.985818 0 -0.167816
    outer loop
      vertex 34.5276 3 15.1448
      vertex 34.5069 8.2 15.0232
      vertex 34.5276 8.2 15.1448
    endloop
  endfacet
  facet normal 0.985818 0 -0.167816
    outer loop
      vertex 34.5069 8.2 15.0232
      vertex 34.5276 3 15.1448
      vertex 34.5069 3 15.0232
    endloop
  endfacet
  facet normal -0.0559189 0 -0.998435
    outer loop
      vertex 35.6 3 16
      vertex 35.7232 8.2 15.9931
      vertex 35.7232 3 15.9931
    endloop
  endfacet
  facet normal -0.0559189 0 -0.998435
    outer loop
      vertex 35.7232 8.2 15.9931
      vertex 35.6 3 16
      vertex 35.6 8.2 16
    endloop
  endfacet
  facet normal 0.745708 -0 0.666273
    outer loop
      vertex 34.74 3 14.2142
      vertex 34.8222 8.2 14.1222
      vertex 34.74 8.2 14.2142
    endloop
  endfacet
  facet normal 0.745708 0 0.666273
    outer loop
      vertex 34.8222 8.2 14.1222
      vertex 34.74 3 14.2142
      vertex 34.8222 3 14.1222
    endloop
  endfacet
  facet normal 0.578782 0 -0.815482
    outer loop
      vertex 34.9142 3 15.76
      vertex 35.0148 8.2 15.8314
      vertex 35.0148 3 15.8314
    endloop
  endfacet
  facet normal 0.578782 0 -0.815482
    outer loop
      vertex 35.0148 8.2 15.8314
      vertex 34.9142 3 15.76
      vertex 34.9142 8.2 15.76
    endloop
  endfacet
  facet normal 0.961002 -0 0.276541
    outer loop
      vertex 34.5276 3 14.6552
      vertex 34.5617 8.2 14.5367
      vertex 34.5276 8.2 14.6552
    endloop
  endfacet
  facet normal 0.961002 0 0.276541
    outer loop
      vertex 34.5617 8.2 14.5367
      vertex 34.5276 3 14.6552
      vertex 34.5617 3 14.5367
    endloop
  endfacet
  facet normal 0.0559189 0 0.998435
    outer loop
      vertex 35.4768 8.2 13.8069
      vertex 35.6 3 13.8
      vertex 35.6 8.2 13.8
    endloop
  endfacet
  facet normal 0.0559189 0 0.998435
    outer loop
      vertex 35.6 3 13.8
      vertex 35.4768 8.2 13.8069
      vertex 35.4768 3 13.8069
    endloop
  endfacet
  facet normal 0.985818 -0 0.167816
    outer loop
      vertex 34.5069 3 14.7768
      vertex 34.5276 8.2 14.6552
      vertex 34.5069 8.2 14.7768
    endloop
  endfacet
  facet normal 0.985818 0 0.167816
    outer loop
      vertex 34.5276 8.2 14.6552
      vertex 34.5069 3 14.7768
      vertex 34.5276 3 14.6552
    endloop
  endfacet
  facet normal 0.874997 -0 0.484127
    outer loop
      vertex 34.6089 3 14.4227
      vertex 34.6686 8.2 14.3148
      vertex 34.6089 8.2 14.4227
    endloop
  endfacet
  facet normal 0.874997 0 0.484127
    outer loop
      vertex 34.6686 8.2 14.3148
      vertex 34.6089 3 14.4227
      vertex 34.6686 3 14.3148
    endloop
  endfacet
  facet normal 0.382543 0 -0.923938
    outer loop
      vertex 35.1227 3 15.8911
      vertex 35.2367 8.2 15.9383
      vertex 35.2367 3 15.9383
    endloop
  endfacet
  facet normal 0.382543 0 -0.923938
    outer loop
      vertex 35.2367 8.2 15.9383
      vertex 35.1227 3 15.8911
      vertex 35.1227 8.2 15.8911
    endloop
  endfacet
  facet normal 0.382783 0 0.923838
    outer loop
      vertex 13.3248 8.2 40.7429
      vertex 13.6149 3 40.6227
      vertex 13.6149 8.2 40.6227
    endloop
  endfacet
  facet normal 0.382783 0 0.923838
    outer loop
      vertex 13.6149 3 40.6227
      vertex 13.3248 8.2 40.7429
      vertex 13.3248 3 40.7429
    endloop
  endfacet
  facet normal 0.985873 0 -0.167496
    outer loop
      vertex 15.1824 3 37.7865
      vertex 15.1298 8.2 37.4769
      vertex 15.1824 8.2 37.7865
    endloop
  endfacet
  facet normal 0.985873 0 -0.167496
    outer loop
      vertex 15.1298 8.2 37.4769
      vertex 15.1824 3 37.7865
      vertex 15.1298 3 37.4769
    endloop
  endfacet
  facet normal 0.998428 0 -0.0560521
    outer loop
      vertex 15.2 3 38.1
      vertex 15.1824 8.2 37.7865
      vertex 15.2 8.2 38.1
    endloop
  endfacet
  facet normal 0.998428 0 -0.0560521
    outer loop
      vertex 15.1824 8.2 37.7865
      vertex 15.2 3 38.1
      vertex 15.1824 3 37.7865
    endloop
  endfacet
  facet normal 0.960933 0 -0.276782
    outer loop
      vertex 15.1298 3 37.4769
      vertex 15.0429 8.2 37.1752
      vertex 15.1298 8.2 37.4769
    endloop
  endfacet
  facet normal 0.960933 0 -0.276782
    outer loop
      vertex 15.0429 8.2 37.1752
      vertex 15.1298 3 37.4769
      vertex 15.0429 3 37.1752
    endloop
  endfacet
  facet normal 0.998428 -0 0.0560521
    outer loop
      vertex 15.1824 3 38.4135
      vertex 15.2 8.2 38.1
      vertex 15.1824 8.2 38.4135
    endloop
  endfacet
  facet normal 0.998428 0 0.0560521
    outer loop
      vertex 15.2 8.2 38.1
      vertex 15.1824 3 38.4135
      vertex 15.2 3 38.1
    endloop
  endfacet
  facet normal -0.276782 0 -0.960933
    outer loop
      vertex 11.4752 3 35.4571
      vertex 11.7769 8.2 35.3702
      vertex 11.7769 3 35.3702
    endloop
  endfacet
  facet normal -0.276782 0 -0.960933
    outer loop
      vertex 11.7769 8.2 35.3702
      vertex 11.4752 3 35.4571
      vertex 11.4752 8.2 35.4571
    endloop
  endfacet
  facet normal 0.382783 0 -0.923838
    outer loop
      vertex 13.3248 3 35.4571
      vertex 13.6149 8.2 35.5773
      vertex 13.6149 3 35.5773
    endloop
  endfacet
  facet normal 0.382783 0 -0.923838
    outer loop
      vertex 13.6149 8.2 35.5773
      vertex 13.3248 3 35.4571
      vertex 13.3248 8.2 35.4571
    endloop
  endfacet
  facet normal 0.666339 0 -0.745649
    outer loop
      vertex 14.1458 3 35.9109
      vertex 14.3799 8.2 36.1201
      vertex 14.3799 3 36.1201
    endloop
  endfacet
  facet normal 0.666339 0 -0.745649
    outer loop
      vertex 14.3799 8.2 36.1201
      vertex 14.1458 3 35.9109
      vertex 14.1458 8.2 35.9109
    endloop
  endfacet
  facet normal -0.985878 0 0.167466
    outer loop
      vertex 9.61761 3 38.4135
      vertex 9.6702 8.2 38.7231
      vertex 9.61761 8.2 38.4135
    endloop
  endfacet
  facet normal -0.985878 0 0.167466
    outer loop
      vertex 9.6702 8.2 38.7231
      vertex 9.61761 3 38.4135
      vertex 9.6702 3 38.7231
    endloop
  endfacet
  facet normal -0.81558 0 -0.578645
    outer loop
      vertex 10.2109 3 36.3542
      vertex 10.0292 8.2 36.6103
      vertex 10.2109 8.2 36.3542
    endloop
  endfacet
  facet normal -0.81558 -0 -0.578645
    outer loop
      vertex 10.0292 8.2 36.6103
      vertex 10.2109 3 36.3542
      vertex 10.0292 3 36.6103
    endloop
  endfacet
  facet normal 0.923838 0 -0.382783
    outer loop
      vertex 15.0429 3 37.1752
      vertex 14.9227 8.2 36.8851
      vertex 15.0429 8.2 37.1752
    endloop
  endfacet
  facet normal 0.923838 0 -0.382783
    outer loop
      vertex 14.9227 8.2 36.8851
      vertex 15.0429 3 37.1752
      vertex 14.9227 3 36.8851
    endloop
  endfacet
  facet normal -0.666339 0 -0.745649
    outer loop
      vertex 10.4201 3 36.1201
      vertex 10.6542 8.2 35.9109
      vertex 10.6542 3 35.9109
    endloop
  endfacet
  facet normal -0.666339 0 -0.745649
    outer loop
      vertex 10.6542 8.2 35.9109
      vertex 10.4201 3 36.1201
      vertex 10.4201 8.2 36.1201
    endloop
  endfacet
  facet normal 0 1 0
    outer loop
      vertex 12.4 8.2 39.2
      vertex 12.4 8.2 40.9
      vertex 12.7135 8.2 40.8824
    endloop
  endfacet
  facet normal 0 1 0
    outer loop
      vertex 12.5232 8.2 39.1931
      vertex 12.7135 8.2 40.8824
      vertex 13.0231 8.2 40.8298
    endloop
  endfacet
  facet normal 0 1 0
    outer loop
      vertex 12.4 8.2 40.9
      vertex 12.4 8.2 39.2
      vertex 12.0865 8.2 40.8824
    endloop
  endfacet
  facet normal 0 1 0
    outer loop
      vertex 12.6448 8.2 39.1724
      vertex 13.0231 8.2 40.8298
      vertex 13.3248 8.2 40.7429
    endloop
  endfacet
  facet normal 0 1 -0
    outer loop
      vertex 12.2768 8.2 39.1931
      vertex 12.0865 8.2 40.8824
      vertex 12.4 8.2 39.2
    endloop
  endfacet
  facet normal 0 1 0
    outer loop
      vertex 12.7633 8.2 39.1383
      vertex 13.3248 8.2 40.7429
      vertex 13.6149 8.2 40.6227
    endloop
  endfacet
  facet normal 0 1 0
    outer loop
      vertex 12.0865 8.2 40.8824
      vertex 12.2768 8.2 39.1931
      vertex 11.7769 8.2 40.8298
    endloop
  endfacet
  facet normal 0 1 0
    outer loop
      vertex 12.8773 8.2 39.0911
      vertex 13.6149 8.2 40.6227
      vertex 13.8897 8.2 40.4708
    endloop
  endfacet
  facet normal 0 1 -0
    outer loop
      vertex 12.1552 8.2 39.1724
      vertex 11.7769 8.2 40.8298
      vertex 12.2768 8.2 39.1931
    endloop
  endfacet
  facet normal 0 1 0
    outer loop
      vertex 12.9852 8.2 39.0314
      vertex 13.8897 8.2 40.4708
      vertex 14.1458 8.2 40.2891
    endloop
  endfacet
  facet normal 0 1 0
    outer loop
      vertex 11.7769 8.2 40.8298
      vertex 12.1552 8.2 39.1724
      vertex 11.4752 8.2 40.7429
    endloop
  endfacet
  facet normal 0 1 0
    outer loop
      vertex 13.0858 8.2 38.96
      vertex 14.1458 8.2 40.2891
      vertex 14.3799 8.2 40.0799
    endloop
  endfacet
  facet normal 0 1 -0
    outer loop
      vertex 12.0367 8.2 39.1383
      vertex 11.4752 8.2 40.7429
      vertex 12.1552 8.2 39.1724
    endloop
  endfacet
  facet normal 0 1 0
    outer loop
      vertex 13.1778 8.2 38.8778
      vertex 14.3799 8.2 40.0799
      vertex 14.5891 8.2 39.8458
    endloop
  endfacet
  facet normal 0 1 0
    outer loop
      vertex 11.4752 8.2 40.7429
      vertex 12.0367 8.2 39.1383
      vertex 11.1851 8.2 40.6227
    endloop
  endfacet
  facet normal 0 1 0
    outer loop
      vertex 13.26 8.2 38.7858
      vertex 14.5891 8.2 39.8458
      vertex 14.7708 8.2 39.5897
    endloop
  endfacet
  facet normal 0 1 -0
    outer loop
      vertex 11.9227 8.2 39.0911
      vertex 11.1851 8.2 40.6227
      vertex 12.0367 8.2 39.1383
    endloop
  endfacet
  facet normal 0 1 0
    outer loop
      vertex 13.3314 8.2 38.6852
      vertex 14.7708 8.2 39.5897
      vertex 14.9227 8.2 39.3149
    endloop
  endfacet
  facet normal 0 1 0
    outer loop
      vertex 11.1851 8.2 40.6227
      vertex 11.9227 8.2 39.0911
      vertex 10.9103 8.2 40.4708
    endloop
  endfacet
  facet normal 0 1 -0
    outer loop
      vertex 11.8148 8.2 39.0314
      vertex 10.9103 8.2 40.4708
      vertex 11.9227 8.2 39.0911
    endloop
  endfacet
  facet normal 0 1 0
    outer loop
      vertex 12.7135 8.2 40.8824
      vertex 12.5232 8.2 39.1931
      vertex 12.4 8.2 39.2
    endloop
  endfacet
  facet normal 0 1 0
    outer loop
      vertex 13.0231 8.2 40.8298
      vertex 12.6448 8.2 39.1724
      vertex 12.5232 8.2 39.1931
    endloop
  endfacet
  facet normal 0 1 0
    outer loop
      vertex 13.3248 8.2 40.7429
      vertex 12.7633 8.2 39.1383
      vertex 12.6448 8.2 39.1724
    endloop
  endfacet
  facet normal 0 1 0
    outer loop
      vertex 13.6149 8.2 40.6227
      vertex 12.8773 8.2 39.0911
      vertex 12.7633 8.2 39.1383
    endloop
  endfacet
  facet normal 0 1 0
    outer loop
      vertex 13.8897 8.2 40.4708
      vertex 12.9852 8.2 39.0314
      vertex 12.8773 8.2 39.0911
    endloop
  endfacet
  facet normal 0 1 0
    outer loop
      vertex 13.3911 8.2 38.5773
      vertex 14.9227 8.2 39.3149
      vertex 15.0429 8.2 39.0248
    endloop
  endfacet
  facet normal 0 1 0
    outer loop
      vertex 14.1458 8.2 40.2891
      vertex 13.0858 8.2 38.96
      vertex 12.9852 8.2 39.0314
    endloop
  endfacet
  facet normal 0 1 0
    outer loop
      vertex 14.3799 8.2 40.0799
      vertex 13.1778 8.2 38.8778
      vertex 13.0858 8.2 38.96
    endloop
  endfacet
  facet normal 0 1 0
    outer loop
      vertex 14.5891 8.2 39.8458
      vertex 13.26 8.2 38.7858
      vertex 13.1778 8.2 38.8778
    endloop
  endfacet
  facet normal 0 1 0
    outer loop
      vertex 13.4383 8.2 38.4633
      vertex 15.0429 8.2 39.0248
      vertex 15.1298 8.2 38.7231
    endloop
  endfacet
  facet normal 0 1 0
    outer loop
      vertex 14.7708 8.2 39.5897
      vertex 13.3314 8.2 38.6852
      vertex 13.26 8.2 38.7858
    endloop
  endfacet
  facet normal 0 1 0
    outer loop
      vertex 14.9227 8.2 39.3149
      vertex 13.3911 8.2 38.5773
      vertex 13.3314 8.2 38.6852
    endloop
  endfacet
  facet normal 0 1 0
    outer loop
      vertex 15.0429 8.2 39.0248
      vertex 13.4383 8.2 38.4633
      vertex 13.3911 8.2 38.5773
    endloop
  endfacet
  facet normal 0 1 0
    outer loop
      vertex 13.4724 8.2 38.3448
      vertex 15.1298 8.2 38.7231
      vertex 15.1824 8.2 38.4135
    endloop
  endfacet
  facet normal 0 1 0
    outer loop
      vertex 15.1298 8.2 38.7231
      vertex 13.4724 8.2 38.3448
      vertex 13.4383 8.2 38.4633
    endloop
  endfacet
  facet normal 0 1 0
    outer loop
      vertex 15.1824 8.2 38.4135
      vertex 13.4931 8.2 38.2232
      vertex 13.4724 8.2 38.3448
    endloop
  endfacet
  facet normal 0 1 0
    outer loop
      vertex 15.2 8.2 38.1
      vertex 13.4931 8.2 38.2232
      vertex 15.1824 8.2 38.4135
    endloop
  endfacet
  facet normal 0 1 0
    outer loop
      vertex 15.2 8.2 38.1
      vertex 13.5 8.2 38.1
      vertex 13.4931 8.2 38.2232
    endloop
  endfacet
  facet normal 0 1 0
    outer loop
      vertex 15.2 8.2 38.1
      vertex 13.4931 8.2 37.9768
      vertex 13.5 8.2 38.1
    endloop
  endfacet
  facet normal 0 1 -0
    outer loop
      vertex 15.1824 8.2 37.7865
      vertex 13.4931 8.2 37.9768
      vertex 15.2 8.2 38.1
    endloop
  endfacet
  facet normal 0 1 0
    outer loop
      vertex 13.4931 8.2 37.9768
      vertex 15.1824 8.2 37.7865
      vertex 13.4724 8.2 37.8552
    endloop
  endfacet
  facet normal 0 1 -0
    outer loop
      vertex 15.1298 8.2 37.4769
      vertex 13.4724 8.2 37.8552
      vertex 15.1824 8.2 37.7865
    endloop
  endfacet
  facet normal 0 1 0
    outer loop
      vertex 13.4724 8.2 37.8552
      vertex 15.1298 8.2 37.4769
      vertex 13.4383 8.2 37.7367
    endloop
  endfacet
  facet normal 0 1 -0
    outer loop
      vertex 15.0429 8.2 37.1752
      vertex 13.4383 8.2 37.7367
      vertex 15.1298 8.2 37.4769
    endloop
  endfacet
  facet normal 0 1 0
    outer loop
      vertex 13.4383 8.2 37.7367
      vertex 15.0429 8.2 37.1752
      vertex 13.3911 8.2 37.6227
    endloop
  endfacet
  facet normal 0 1 -0
    outer loop
      vertex 14.9227 8.2 36.8851
      vertex 13.3911 8.2 37.6227
      vertex 15.0429 8.2 37.1752
    endloop
  endfacet
  facet normal 0 1 0
    outer loop
      vertex 13.3911 8.2 37.6227
      vertex 14.9227 8.2 36.8851
      vertex 13.3314 8.2 37.5148
    endloop
  endfacet
  facet normal 0 1 -0
    outer loop
      vertex 14.7708 8.2 36.6103
      vertex 13.3314 8.2 37.5148
      vertex 14.9227 8.2 36.8851
    endloop
  endfacet
  facet normal 0 1 0
    outer loop
      vertex 13.3314 8.2 37.5148
      vertex 14.7708 8.2 36.6103
      vertex 13.26 8.2 37.4142
    endloop
  endfacet
  facet normal 0 1 -0
    outer loop
      vertex 14.5891 8.2 36.3542
      vertex 13.26 8.2 37.4142
      vertex 14.7708 8.2 36.6103
    endloop
  endfacet
  facet normal 0 1 0
    outer loop
      vertex 13.26 8.2 37.4142
      vertex 14.5891 8.2 36.3542
      vertex 13.1778 8.2 37.3222
    endloop
  endfacet
  facet normal 0 1 -0
    outer loop
      vertex 14.3799 8.2 36.1201
      vertex 13.1778 8.2 37.3222
      vertex 14.5891 8.2 36.3542
    endloop
  endfacet
  facet normal 0 1 0
    outer loop
      vertex 13.1778 8.2 37.3222
      vertex 14.3799 8.2 36.1201
      vertex 13.0858 8.2 37.24
    endloop
  endfacet
  facet normal 0 1 -0
    outer loop
      vertex 14.1458 8.2 35.9109
      vertex 13.0858 8.2 37.24
      vertex 14.3799 8.2 36.1201
    endloop
  endfacet
  facet normal 0 1 -0
    outer loop
      vertex 13.8897 8.2 35.7292
      vertex 12.9852 8.2 37.1686
      vertex 14.1458 8.2 35.9109
    endloop
  endfacet
  facet normal 0 1 0
    outer loop
      vertex 13.0858 8.2 37.24
      vertex 14.1458 8.2 35.9109
      vertex 12.9852 8.2 37.1686
    endloop
  endfacet
  facet normal 0 1 0
    outer loop
      vertex 10.9103 8.2 40.4708
      vertex 11.8148 8.2 39.0314
      vertex 10.6542 8.2 40.2891
    endloop
  endfacet
  facet normal 0 1 -0
    outer loop
      vertex 11.7142 8.2 38.96
      vertex 10.6542 8.2 40.2891
      vertex 11.8148 8.2 39.0314
    endloop
  endfacet
  facet normal 0 1 0
    outer loop
      vertex 10.6542 8.2 40.2891
      vertex 11.7142 8.2 38.96
      vertex 10.4201 8.2 40.0799
    endloop
  endfacet
  facet normal 0 1 -0
    outer loop
      vertex 11.6222 8.2 38.8778
      vertex 10.4201 8.2 40.0799
      vertex 11.7142 8.2 38.96
    endloop
  endfacet
  facet normal 0 1 0
    outer loop
      vertex 10.4201 8.2 40.0799
      vertex 11.6222 8.2 38.8778
      vertex 10.2109 8.2 39.8458
    endloop
  endfacet
  facet normal 0 1 -0
    outer loop
      vertex 11.54 8.2 38.7858
      vertex 10.2109 8.2 39.8458
      vertex 11.6222 8.2 38.8778
    endloop
  endfacet
  facet normal 0 1 0
    outer loop
      vertex 10.2109 8.2 39.8458
      vertex 11.54 8.2 38.7858
      vertex 10.0292 8.2 39.5897
    endloop
  endfacet
  facet normal 0 1 -0
    outer loop
      vertex 11.4686 8.2 38.6852
      vertex 10.0292 8.2 39.5897
      vertex 11.54 8.2 38.7858
    endloop
  endfacet
  facet normal 0 1 0
    outer loop
      vertex 10.0292 8.2 39.5897
      vertex 11.4686 8.2 38.6852
      vertex 9.87729 8.2 39.3149
    endloop
  endfacet
  facet normal 0 1 -0
    outer loop
      vertex 11.4089 8.2 38.5773
      vertex 9.87729 8.2 39.3149
      vertex 11.4686 8.2 38.6852
    endloop
  endfacet
  facet normal 0 1 0
    outer loop
      vertex 9.87729 8.2 39.3149
      vertex 11.4089 8.2 38.5773
      vertex 9.75713 8.2 39.0248
    endloop
  endfacet
  facet normal 0 1 -0
    outer loop
      vertex 11.3617 8.2 38.4633
      vertex 9.75713 8.2 39.0248
      vertex 11.4089 8.2 38.5773
    endloop
  endfacet
  facet normal 0 1 0
    outer loop
      vertex 9.75713 8.2 39.0248
      vertex 11.3617 8.2 38.4633
      vertex 9.6702 8.2 38.7231
    endloop
  endfacet
  facet normal 0 1 -0
    outer loop
      vertex 11.3276 8.2 38.3448
      vertex 9.6702 8.2 38.7231
      vertex 11.3617 8.2 38.4633
    endloop
  endfacet
  facet normal 0 1 0
    outer loop
      vertex 9.6702 8.2 38.7231
      vertex 11.3276 8.2 38.3448
      vertex 9.61761 8.2 38.4135
    endloop
  endfacet
  facet normal 0 1 -0
    outer loop
      vertex 11.3069 8.2 38.2232
      vertex 9.61761 8.2 38.4135
      vertex 11.3276 8.2 38.3448
    endloop
  endfacet
  facet normal 0 1 -0
    outer loop
      vertex 11.3 8.2 38.1
      vertex 9.61761 8.2 38.4135
      vertex 11.3069 8.2 38.2232
    endloop
  endfacet
  facet normal 0 1 0
    outer loop
      vertex 11.3 8.2 38.1
      vertex 9.6 8.2 38.1
      vertex 9.61761 8.2 38.4135
    endloop
  endfacet
  facet normal 0 1 0
    outer loop
      vertex 11.3069 8.2 37.9768
      vertex 9.6 8.2 38.1
      vertex 11.3 8.2 38.1
    endloop
  endfacet
  facet normal 0 1 0
    outer loop
      vertex 9.61761 8.2 37.7865
      vertex 11.3069 8.2 37.9768
      vertex 11.3276 8.2 37.8552
    endloop
  endfacet
  facet normal 0 1 0
    outer loop
      vertex 11.3069 8.2 37.9768
      vertex 9.61761 8.2 37.7865
      vertex 9.6 8.2 38.1
    endloop
  endfacet
  facet normal 0 1 0
    outer loop
      vertex 9.6702 8.2 37.4769
      vertex 11.3276 8.2 37.8552
      vertex 11.3617 8.2 37.7367
    endloop
  endfacet
  facet normal 0 1 0
    outer loop
      vertex 9.75713 8.2 37.1752
      vertex 11.3617 8.2 37.7367
      vertex 11.4089 8.2 37.6227
    endloop
  endfacet
  facet normal 0 1 0
    outer loop
      vertex 9.87729 8.2 36.8851
      vertex 11.4089 8.2 37.6227
      vertex 11.4686 8.2 37.5148
    endloop
  endfacet
  facet normal 0 1 0
    outer loop
      vertex 11.3276 8.2 37.8552
      vertex 9.6702 8.2 37.4769
      vertex 9.61761 8.2 37.7865
    endloop
  endfacet
  facet normal 0 1 0
    outer loop
      vertex 10.0292 8.2 36.6103
      vertex 11.4686 8.2 37.5148
      vertex 11.54 8.2 37.4142
    endloop
  endfacet
  facet normal 0 1 0
    outer loop
      vertex 10.2109 8.2 36.3542
      vertex 11.54 8.2 37.4142
      vertex 11.6222 8.2 37.3222
    endloop
  endfacet
  facet normal 0 1 0
    outer loop
      vertex 10.4201 8.2 36.1201
      vertex 11.6222 8.2 37.3222
      vertex 11.7142 8.2 37.24
    endloop
  endfacet
  facet normal 0 1 0
    outer loop
      vertex 11.3617 8.2 37.7367
      vertex 9.75713 8.2 37.1752
      vertex 9.6702 8.2 37.4769
    endloop
  endfacet
  facet normal 0 1 0
    outer loop
      vertex 10.6542 8.2 35.9109
      vertex 11.7142 8.2 37.24
      vertex 11.8148 8.2 37.1686
    endloop
  endfacet
  facet normal 0 1 0
    outer loop
      vertex 10.9103 8.2 35.7292
      vertex 11.8148 8.2 37.1686
      vertex 11.9227 8.2 37.1089
    endloop
  endfacet
  facet normal 0 1 0
    outer loop
      vertex 11.1851 8.2 35.5773
      vertex 11.9227 8.2 37.1089
      vertex 12.0367 8.2 37.0617
    endloop
  endfacet
  facet normal 0 1 0
    outer loop
      vertex 11.4752 8.2 35.4571
      vertex 12.0367 8.2 37.0617
      vertex 12.1552 8.2 37.0276
    endloop
  endfacet
  facet normal 0 1 0
    outer loop
      vertex 11.7769 8.2 35.3702
      vertex 12.1552 8.2 37.0276
      vertex 12.2768 8.2 37.0069
    endloop
  endfacet
  facet normal 0 1 0
    outer loop
      vertex 11.4089 8.2 37.6227
      vertex 9.87729 8.2 36.8851
      vertex 9.75713 8.2 37.1752
    endloop
  endfacet
  facet normal 0 1 0
    outer loop
      vertex 12.0865 8.2 35.3176
      vertex 12.2768 8.2 37.0069
      vertex 12.4 8.2 37
    endloop
  endfacet
  facet normal 0 1 0
    outer loop
      vertex 12.9852 8.2 37.1686
      vertex 13.8897 8.2 35.7292
      vertex 12.8773 8.2 37.1089
    endloop
  endfacet
  facet normal 0 1 -0
    outer loop
      vertex 13.6149 8.2 35.5773
      vertex 12.8773 8.2 37.1089
      vertex 13.8897 8.2 35.7292
    endloop
  endfacet
  facet normal 0 1 0
    outer loop
      vertex 11.4686 8.2 37.5148
      vertex 10.0292 8.2 36.6103
      vertex 9.87729 8.2 36.8851
    endloop
  endfacet
  facet normal 0 1 0
    outer loop
      vertex 12.8773 8.2 37.1089
      vertex 13.6149 8.2 35.5773
      vertex 12.7633 8.2 37.0617
    endloop
  endfacet
  facet normal 0 1 0
    outer loop
      vertex 11.54 8.2 37.4142
      vertex 10.2109 8.2 36.3542
      vertex 10.0292 8.2 36.6103
    endloop
  endfacet
  facet normal 0 1 -0
    outer loop
      vertex 13.3248 8.2 35.4571
      vertex 12.7633 8.2 37.0617
      vertex 13.6149 8.2 35.5773
    endloop
  endfacet
  facet normal 0 1 0
    outer loop
      vertex 11.6222 8.2 37.3222
      vertex 10.4201 8.2 36.1201
      vertex 10.2109 8.2 36.3542
    endloop
  endfacet
  facet normal 0 1 0
    outer loop
      vertex 12.7633 8.2 37.0617
      vertex 13.3248 8.2 35.4571
      vertex 12.6448 8.2 37.0276
    endloop
  endfacet
  facet normal 0 1 0
    outer loop
      vertex 11.7142 8.2 37.24
      vertex 10.6542 8.2 35.9109
      vertex 10.4201 8.2 36.1201
    endloop
  endfacet
  facet normal 0 1 -0
    outer loop
      vertex 13.0231 8.2 35.3702
      vertex 12.6448 8.2 37.0276
      vertex 13.3248 8.2 35.4571
    endloop
  endfacet
  facet normal 0 1 0
    outer loop
      vertex 11.8148 8.2 37.1686
      vertex 10.9103 8.2 35.7292
      vertex 10.6542 8.2 35.9109
    endloop
  endfacet
  facet normal 0 1 0
    outer loop
      vertex 12.6448 8.2 37.0276
      vertex 13.0231 8.2 35.3702
      vertex 12.5232 8.2 37.0069
    endloop
  endfacet
  facet normal 0 1 0
    outer loop
      vertex 11.9227 8.2 37.1089
      vertex 11.1851 8.2 35.5773
      vertex 10.9103 8.2 35.7292
    endloop
  endfacet
  facet normal 0 1 -0
    outer loop
      vertex 12.7135 8.2 35.3176
      vertex 12.5232 8.2 37.0069
      vertex 13.0231 8.2 35.3702
    endloop
  endfacet
  facet normal 0 1 0
    outer loop
      vertex 12.0367 8.2 37.0617
      vertex 11.4752 8.2 35.4571
      vertex 11.1851 8.2 35.5773
    endloop
  endfacet
  facet normal 0 1 0
    outer loop
      vertex 12.5232 8.2 37.0069
      vertex 12.7135 8.2 35.3176
      vertex 12.4 8.2 37
    endloop
  endfacet
  facet normal 0 1 0
    outer loop
      vertex 12.1552 8.2 37.0276
      vertex 11.7769 8.2 35.3702
      vertex 11.4752 8.2 35.4571
    endloop
  endfacet
  facet normal 0 1 0
    outer loop
      vertex 12.4 8.2 35.3
      vertex 12.4 8.2 37
      vertex 12.7135 8.2 35.3176
    endloop
  endfacet
  facet normal 0 1 0
    outer loop
      vertex 12.2768 8.2 37.0069
      vertex 12.0865 8.2 35.3176
      vertex 11.7769 8.2 35.3702
    endloop
  endfacet
  facet normal 0 1 0
    outer loop
      vertex 12.4 8.2 37
      vertex 12.4 8.2 35.3
      vertex 12.0865 8.2 35.3176
    endloop
  endfacet
  facet normal -0.745649 0 0.666339
    outer loop
      vertex 10.2109 3 39.8458
      vertex 10.4201 8.2 40.0799
      vertex 10.2109 8.2 39.8458
    endloop
  endfacet
  facet normal -0.745649 0 0.666339
    outer loop
      vertex 10.4201 8.2 40.0799
      vertex 10.2109 3 39.8458
      vertex 10.4201 3 40.0799
    endloop
  endfacet
  facet normal -0.483776 0 -0.875192
    outer loop
      vertex 10.9103 3 35.7292
      vertex 11.1851 8.2 35.5773
      vertex 11.1851 3 35.5773
    endloop
  endfacet
  facet normal -0.483776 0 -0.875192
    outer loop
      vertex 11.1851 8.2 35.5773
      vertex 10.9103 3 35.7292
      vertex 10.9103 8.2 35.7292
    endloop
  endfacet
  facet normal 0.167496 0 -0.985873
    outer loop
      vertex 12.7135 3 35.3176
      vertex 13.0231 8.2 35.3702
      vertex 13.0231 3 35.3702
    endloop
  endfacet
  facet normal 0.167496 0 -0.985873
    outer loop
      vertex 13.0231 8.2 35.3702
      vertex 12.7135 3 35.3176
      vertex 12.7135 8.2 35.3176
    endloop
  endfacet
  facet normal -0.382783 0 -0.923838
    outer loop
      vertex 11.1851 3 35.5773
      vertex 11.4752 8.2 35.4571
      vertex 11.4752 3 35.4571
    endloop
  endfacet
  facet normal -0.382783 0 -0.923838
    outer loop
      vertex 11.4752 8.2 35.4571
      vertex 11.1851 3 35.5773
      vertex 11.1851 8.2 35.5773
    endloop
  endfacet
  facet normal -0.382783 0 0.923838
    outer loop
      vertex 11.1851 8.2 40.6227
      vertex 11.4752 3 40.7429
      vertex 11.4752 8.2 40.7429
    endloop
  endfacet
  facet normal -0.382783 0 0.923838
    outer loop
      vertex 11.4752 3 40.7429
      vertex 11.1851 8.2 40.6227
      vertex 11.1851 3 40.6227
    endloop
  endfacet
  facet normal 0.81558 0 -0.578645
    outer loop
      vertex 14.7708 3 36.6103
      vertex 14.5891 8.2 36.3542
      vertex 14.7708 8.2 36.6103
    endloop
  endfacet
  facet normal 0.81558 0 -0.578645
    outer loop
      vertex 14.5891 8.2 36.3542
      vertex 14.7708 3 36.6103
      vertex 14.5891 3 36.3542
    endloop
  endfacet
  facet normal 0.875192 -0 0.483776
    outer loop
      vertex 14.7708 3 39.5897
      vertex 14.9227 8.2 39.3149
      vertex 14.7708 8.2 39.5897
    endloop
  endfacet
  facet normal 0.875192 0 0.483776
    outer loop
      vertex 14.9227 8.2 39.3149
      vertex 14.7708 3 39.5897
      vertex 14.9227 3 39.3149
    endloop
  endfacet
  facet normal -0.666339 0 0.745649
    outer loop
      vertex 10.4201 8.2 40.0799
      vertex 10.6542 3 40.2891
      vertex 10.6542 8.2 40.2891
    endloop
  endfacet
  facet normal -0.666339 0 0.745649
    outer loop
      vertex 10.6542 3 40.2891
      vertex 10.4201 8.2 40.0799
      vertex 10.4201 3 40.0799
    endloop
  endfacet
  facet normal 0.985873 -0 0.167496
    outer loop
      vertex 15.1298 3 38.7231
      vertex 15.1824 8.2 38.4135
      vertex 15.1298 8.2 38.7231
    endloop
  endfacet
  facet normal 0.985873 0 0.167496
    outer loop
      vertex 15.1824 8.2 38.4135
      vertex 15.1298 3 38.7231
      vertex 15.1824 3 38.4135
    endloop
  endfacet
  facet normal -0.81558 0 0.578645
    outer loop
      vertex 10.0292 3 39.5897
      vertex 10.2109 8.2 39.8458
      vertex 10.0292 8.2 39.5897
    endloop
  endfacet
  facet normal -0.81558 0 0.578645
    outer loop
      vertex 10.2109 8.2 39.8458
      vertex 10.0292 3 39.5897
      vertex 10.2109 3 39.8458
    endloop
  endfacet
  facet normal -0.167496 0 0.985873
    outer loop
      vertex 11.7769 8.2 40.8298
      vertex 12.0865 3 40.8824
      vertex 12.0865 8.2 40.8824
    endloop
  endfacet
  facet normal -0.167496 0 0.985873
    outer loop
      vertex 12.0865 3 40.8824
      vertex 11.7769 8.2 40.8298
      vertex 11.7769 3 40.8298
    endloop
  endfacet
  facet normal 0.81558 -0 0.578645
    outer loop
      vertex 14.5891 3 39.8458
      vertex 14.7708 8.2 39.5897
      vertex 14.5891 8.2 39.8458
    endloop
  endfacet
  facet normal 0.81558 0 0.578645
    outer loop
      vertex 14.7708 8.2 39.5897
      vertex 14.5891 3 39.8458
      vertex 14.7708 3 39.5897
    endloop
  endfacet
  facet normal 0.960933 -0 0.276782
    outer loop
      vertex 15.0429 3 39.0248
      vertex 15.1298 8.2 38.7231
      vertex 15.0429 8.2 39.0248
    endloop
  endfacet
  facet normal 0.960933 0 0.276782
    outer loop
      vertex 15.1298 8.2 38.7231
      vertex 15.0429 3 39.0248
      vertex 15.1298 3 38.7231
    endloop
  endfacet
  facet normal 0.745649 0 -0.666339
    outer loop
      vertex 14.5891 3 36.3542
      vertex 14.3799 8.2 36.1201
      vertex 14.5891 8.2 36.3542
    endloop
  endfacet
  facet normal 0.745649 0 -0.666339
    outer loop
      vertex 14.3799 8.2 36.1201
      vertex 14.5891 3 36.3542
      vertex 14.3799 3 36.1201
    endloop
  endfacet
  facet normal -0.923883 0 0.382674
    outer loop
      vertex 9.75713 3 39.0248
      vertex 9.87729 8.2 39.3149
      vertex 9.75713 8.2 39.0248
    endloop
  endfacet
  facet normal -0.923883 0 0.382674
    outer loop
      vertex 9.87729 8.2 39.3149
      vertex 9.75713 3 39.0248
      vertex 9.87729 3 39.3149
    endloop
  endfacet
  facet normal -0.578645 0 -0.81558
    outer loop
      vertex 10.6542 3 35.9109
      vertex 10.9103 8.2 35.7292
      vertex 10.9103 3 35.7292
    endloop
  endfacet
  facet normal -0.578645 0 -0.81558
    outer loop
      vertex 10.9103 8.2 35.7292
      vertex 10.6542 3 35.9109
      vertex 10.6542 8.2 35.9109
    endloop
  endfacet
  facet normal -0.875178 0 -0.4838
    outer loop
      vertex 10.0292 3 36.6103
      vertex 9.87729 8.2 36.8851
      vertex 10.0292 8.2 36.6103
    endloop
  endfacet
  facet normal -0.875178 -0 -0.4838
    outer loop
      vertex 9.87729 8.2 36.8851
      vertex 10.0292 3 36.6103
      vertex 9.87729 3 36.8851
    endloop
  endfacet
  facet normal 0.578645 0 -0.81558
    outer loop
      vertex 13.8897 3 35.7292
      vertex 14.1458 8.2 35.9109
      vertex 14.1458 3 35.9109
    endloop
  endfacet
  facet normal 0.578645 0 -0.81558
    outer loop
      vertex 14.1458 8.2 35.9109
      vertex 13.8897 3 35.7292
      vertex 13.8897 8.2 35.7292
    endloop
  endfacet
  facet normal -0.745649 0 -0.666339
    outer loop
      vertex 10.4201 3 36.1201
      vertex 10.2109 8.2 36.3542
      vertex 10.4201 8.2 36.1201
    endloop
  endfacet
  facet normal -0.745649 -0 -0.666339
    outer loop
      vertex 10.2109 8.2 36.3542
      vertex 10.4201 3 36.1201
      vertex 10.2109 3 36.3542
    endloop
  endfacet
  facet normal 0.875192 0 -0.483776
    outer loop
      vertex 14.9227 3 36.8851
      vertex 14.7708 8.2 36.6103
      vertex 14.9227 8.2 36.8851
    endloop
  endfacet
  facet normal 0.875192 0 -0.483776
    outer loop
      vertex 14.7708 8.2 36.6103
      vertex 14.9227 3 36.8851
      vertex 14.7708 3 36.6103
    endloop
  endfacet
  facet normal 0.923838 -0 0.382783
    outer loop
      vertex 14.9227 3 39.3149
      vertex 15.0429 8.2 39.0248
      vertex 14.9227 8.2 39.3149
    endloop
  endfacet
  facet normal 0.923838 0 0.382783
    outer loop
      vertex 15.0429 8.2 39.0248
      vertex 14.9227 3 39.3149
      vertex 15.0429 3 39.0248
    endloop
  endfacet
  facet normal 0.276782 0 0.960933
    outer loop
      vertex 13.0231 8.2 40.8298
      vertex 13.3248 3 40.7429
      vertex 13.3248 8.2 40.7429
    endloop
  endfacet
  facet normal 0.276782 0 0.960933
    outer loop
      vertex 13.3248 3 40.7429
      vertex 13.0231 8.2 40.8298
      vertex 13.0231 3 40.8298
    endloop
  endfacet
  facet normal -0.483776 0 0.875192
    outer loop
      vertex 10.9103 8.2 40.4708
      vertex 11.1851 3 40.6227
      vertex 11.1851 8.2 40.6227
    endloop
  endfacet
  facet normal -0.483776 0 0.875192
    outer loop
      vertex 11.1851 3 40.6227
      vertex 10.9103 8.2 40.4708
      vertex 10.9103 3 40.4708
    endloop
  endfacet
  facet normal 0.276782 0 -0.960933
    outer loop
      vertex 13.0231 3 35.3702
      vertex 13.3248 8.2 35.4571
      vertex 13.3248 3 35.4571
    endloop
  endfacet
  facet normal 0.276782 0 -0.960933
    outer loop
      vertex 13.3248 8.2 35.4571
      vertex 13.0231 3 35.3702
      vertex 13.0231 8.2 35.3702
    endloop
  endfacet
  facet normal 0.0560521 0 0.998428
    outer loop
      vertex 12.4 8.2 40.9
      vertex 12.7135 3 40.8824
      vertex 12.7135 8.2 40.8824
    endloop
  endfacet
  facet normal 0.0560521 0 0.998428
    outer loop
      vertex 12.7135 3 40.8824
      vertex 12.4 8.2 40.9
      vertex 12.4 3 40.9
    endloop
  endfacet
  facet normal 0.167496 0 0.985873
    outer loop
      vertex 12.7135 8.2 40.8824
      vertex 13.0231 3 40.8298
      vertex 13.0231 8.2 40.8298
    endloop
  endfacet
  facet normal 0.167496 0 0.985873
    outer loop
      vertex 13.0231 3 40.8298
      vertex 12.7135 8.2 40.8824
      vertex 12.7135 3 40.8824
    endloop
  endfacet
  facet normal -0.998426 0 0.0560838
    outer loop
      vertex 9.6 3 38.1
      vertex 9.61761 8.2 38.4135
      vertex 9.6 8.2 38.1
    endloop
  endfacet
  facet normal -0.998426 0 0.0560838
    outer loop
      vertex 9.61761 8.2 38.4135
      vertex 9.6 3 38.1
      vertex 9.61761 3 38.4135
    endloop
  endfacet
  facet normal 0.483776 0 -0.875192
    outer loop
      vertex 13.6149 3 35.5773
      vertex 13.8897 8.2 35.7292
      vertex 13.8897 3 35.7292
    endloop
  endfacet
  facet normal 0.483776 0 -0.875192
    outer loop
      vertex 13.8897 8.2 35.7292
      vertex 13.6149 3 35.5773
      vertex 13.6149 8.2 35.5773
    endloop
  endfacet
  facet normal -0.923883 0 -0.382674
    outer loop
      vertex 9.87729 3 36.8851
      vertex 9.75713 8.2 37.1752
      vertex 9.87729 8.2 36.8851
    endloop
  endfacet
  facet normal -0.923883 -0 -0.382674
    outer loop
      vertex 9.75713 8.2 37.1752
      vertex 9.87729 3 36.8851
      vertex 9.75713 3 37.1752
    endloop
  endfacet
  facet normal -0.0560521 0 0.998428
    outer loop
      vertex 12.0865 8.2 40.8824
      vertex 12.4 3 40.9
      vertex 12.4 8.2 40.9
    endloop
  endfacet
  facet normal -0.0560521 0 0.998428
    outer loop
      vertex 12.4 3 40.9
      vertex 12.0865 8.2 40.8824
      vertex 12.0865 3 40.8824
    endloop
  endfacet
  facet normal -0.875178 0 0.4838
    outer loop
      vertex 9.87729 3 39.3149
      vertex 10.0292 8.2 39.5897
      vertex 9.87729 8.2 39.3149
    endloop
  endfacet
  facet normal -0.875178 0 0.4838
    outer loop
      vertex 10.0292 8.2 39.5897
      vertex 9.87729 3 39.3149
      vertex 10.0292 3 39.5897
    endloop
  endfacet
  facet normal -0.167496 0 -0.985873
    outer loop
      vertex 11.7769 3 35.3702
      vertex 12.0865 8.2 35.3176
      vertex 12.0865 3 35.3176
    endloop
  endfacet
  facet normal -0.167496 0 -0.985873
    outer loop
      vertex 12.0865 8.2 35.3176
      vertex 11.7769 3 35.3702
      vertex 11.7769 8.2 35.3702
    endloop
  endfacet
  facet normal -0.998426 0 -0.0560838
    outer loop
      vertex 9.61761 3 37.7865
      vertex 9.6 8.2 38.1
      vertex 9.61761 8.2 37.7865
    endloop
  endfacet
  facet normal -0.998426 -0 -0.0560838
    outer loop
      vertex 9.6 8.2 38.1
      vertex 9.61761 3 37.7865
      vertex 9.6 3 38.1
    endloop
  endfacet
  facet normal -0.276782 0 0.960933
    outer loop
      vertex 11.4752 8.2 40.7429
      vertex 11.7769 3 40.8298
      vertex 11.7769 8.2 40.8298
    endloop
  endfacet
  facet normal -0.276782 0 0.960933
    outer loop
      vertex 11.7769 3 40.8298
      vertex 11.4752 8.2 40.7429
      vertex 11.4752 3 40.7429
    endloop
  endfacet
  facet normal 0.578645 0 0.81558
    outer loop
      vertex 13.8897 8.2 40.4708
      vertex 14.1458 3 40.2891
      vertex 14.1458 8.2 40.2891
    endloop
  endfacet
  facet normal 0.578645 0 0.81558
    outer loop
      vertex 14.1458 3 40.2891
      vertex 13.8897 8.2 40.4708
      vertex 13.8897 3 40.4708
    endloop
  endfacet
  facet normal 0.0560521 0 -0.998428
    outer loop
      vertex 12.4 3 35.3
      vertex 12.7135 8.2 35.3176
      vertex 12.7135 3 35.3176
    endloop
  endfacet
  facet normal 0.0560521 0 -0.998428
    outer loop
      vertex 12.7135 8.2 35.3176
      vertex 12.4 3 35.3
      vertex 12.4 8.2 35.3
    endloop
  endfacet
  facet normal -0.960907 0 0.27687
    outer loop
      vertex 9.6702 3 38.7231
      vertex 9.75713 8.2 39.0248
      vertex 9.6702 8.2 38.7231
    endloop
  endfacet
  facet normal -0.960907 0 0.27687
    outer loop
      vertex 9.75713 8.2 39.0248
      vertex 9.6702 3 38.7231
      vertex 9.75713 3 39.0248
    endloop
  endfacet
  facet normal 0.745649 -0 0.666339
    outer loop
      vertex 14.3799 3 40.0799
      vertex 14.5891 8.2 39.8458
      vertex 14.3799 8.2 40.0799
    endloop
  endfacet
  facet normal 0.745649 0 0.666339
    outer loop
      vertex 14.5891 8.2 39.8458
      vertex 14.3799 3 40.0799
      vertex 14.5891 3 39.8458
    endloop
  endfacet
  facet normal 0.666339 0 0.745649
    outer loop
      vertex 14.1458 8.2 40.2891
      vertex 14.3799 3 40.0799
      vertex 14.3799 8.2 40.0799
    endloop
  endfacet
  facet normal 0.666339 0 0.745649
    outer loop
      vertex 14.3799 3 40.0799
      vertex 14.1458 8.2 40.2891
      vertex 14.1458 3 40.2891
    endloop
  endfacet
  facet normal -0.578645 0 0.81558
    outer loop
      vertex 10.6542 8.2 40.2891
      vertex 10.9103 3 40.4708
      vertex 10.9103 8.2 40.4708
    endloop
  endfacet
  facet normal -0.578645 0 0.81558
    outer loop
      vertex 10.9103 3 40.4708
      vertex 10.6542 8.2 40.2891
      vertex 10.6542 3 40.2891
    endloop
  endfacet
  facet normal -0.0560521 0 -0.998428
    outer loop
      vertex 12.0865 3 35.3176
      vertex 12.4 8.2 35.3
      vertex 12.4 3 35.3
    endloop
  endfacet
  facet normal -0.0560521 0 -0.998428
    outer loop
      vertex 12.4 8.2 35.3
      vertex 12.0865 3 35.3176
      vertex 12.0865 8.2 35.3176
    endloop
  endfacet
  facet normal 0.483776 0 0.875192
    outer loop
      vertex 13.6149 8.2 40.6227
      vertex 13.8897 3 40.4708
      vertex 13.8897 8.2 40.4708
    endloop
  endfacet
  facet normal 0.483776 0 0.875192
    outer loop
      vertex 13.8897 3 40.4708
      vertex 13.6149 8.2 40.6227
      vertex 13.6149 3 40.6227
    endloop
  endfacet
  facet normal -0.960907 0 -0.27687
    outer loop
      vertex 9.75713 3 37.1752
      vertex 9.6702 8.2 37.4769
      vertex 9.75713 8.2 37.1752
    endloop
  endfacet
  facet normal -0.960907 -0 -0.27687
    outer loop
      vertex 9.6702 8.2 37.4769
      vertex 9.75713 3 37.1752
      vertex 9.6702 3 37.4769
    endloop
  endfacet
  facet normal -0.985878 0 -0.167466
    outer loop
      vertex 9.6702 3 37.4769
      vertex 9.61761 8.2 37.7865
      vertex 9.6702 8.2 37.4769
    endloop
  endfacet
  facet normal -0.985878 -0 -0.167466
    outer loop
      vertex 9.61761 8.2 37.7865
      vertex 9.6702 3 37.4769
      vertex 9.61761 3 37.7865
    endloop
  endfacet
  facet normal -0.985818 0 0.167816
    outer loop
      vertex 13.4724 3 37.8552
      vertex 13.4931 8.2 37.9768
      vertex 13.4724 8.2 37.8552
    endloop
  endfacet
  facet normal -0.985818 0 0.167816
    outer loop
      vertex 13.4931 8.2 37.9768
      vertex 13.4724 3 37.8552
      vertex 13.4931 3 37.9768
    endloop
  endfacet
  facet normal -0.998435 0 0.0559189
    outer loop
      vertex 13.4931 3 37.9768
      vertex 13.5 8.2 38.1
      vertex 13.4931 8.2 37.9768
    endloop
  endfacet
  facet normal -0.998435 0 0.0559189
    outer loop
      vertex 13.5 8.2 38.1
      vertex 13.4931 3 37.9768
      vertex 13.5 3 38.1
    endloop
  endfacet
  facet normal -0.961002 0 0.276541
    outer loop
      vertex 13.4383 3 37.7367
      vertex 13.4724 8.2 37.8552
      vertex 13.4383 8.2 37.7367
    endloop
  endfacet
  facet normal -0.961002 0 0.276541
    outer loop
      vertex 13.4724 8.2 37.8552
      vertex 13.4383 3 37.7367
      vertex 13.4724 3 37.8552
    endloop
  endfacet
  facet normal -0.815482 0 0.578782
    outer loop
      vertex 13.26 3 37.4142
      vertex 13.3314 8.2 37.5148
      vertex 13.26 8.2 37.4142
    endloop
  endfacet
  facet normal -0.815482 0 0.578782
    outer loop
      vertex 13.3314 8.2 37.5148
      vertex 13.26 3 37.4142
      vertex 13.3314 3 37.5148
    endloop
  endfacet
  facet normal 0.276541 0 -0.961002
    outer loop
      vertex 12.0367 3 39.1383
      vertex 12.1552 8.2 39.1724
      vertex 12.1552 3 39.1724
    endloop
  endfacet
  facet normal 0.276541 0 -0.961002
    outer loop
      vertex 12.1552 8.2 39.1724
      vertex 12.0367 3 39.1383
      vertex 12.0367 8.2 39.1383
    endloop
  endfacet
  facet normal 0.745708 0 -0.666273
    outer loop
      vertex 11.6222 3 38.8778
      vertex 11.54 8.2 38.7858
      vertex 11.6222 8.2 38.8778
    endloop
  endfacet
  facet normal 0.745708 0 -0.666273
    outer loop
      vertex 11.54 8.2 38.7858
      vertex 11.6222 3 38.8778
      vertex 11.54 3 38.7858
    endloop
  endfacet
  facet normal -0.276541 0 0.961002
    outer loop
      vertex 12.6448 8.2 37.0276
      vertex 12.7633 3 37.0617
      vertex 12.7633 8.2 37.0617
    endloop
  endfacet
  facet normal -0.276541 0 0.961002
    outer loop
      vertex 12.7633 3 37.0617
      vertex 12.6448 8.2 37.0276
      vertex 12.6448 3 37.0276
    endloop
  endfacet
  facet normal -0.998435 0 -0.0559189
    outer loop
      vertex 13.5 3 38.1
      vertex 13.4931 8.2 38.2232
      vertex 13.5 8.2 38.1
    endloop
  endfacet
  facet normal -0.998435 -0 -0.0559189
    outer loop
      vertex 13.4931 8.2 38.2232
      vertex 13.5 3 38.1
      vertex 13.4931 3 38.2232
    endloop
  endfacet
  facet normal -0.382543 0 0.923938
    outer loop
      vertex 12.7633 8.2 37.0617
      vertex 12.8773 3 37.1089
      vertex 12.8773 8.2 37.1089
    endloop
  endfacet
  facet normal -0.382543 0 0.923938
    outer loop
      vertex 12.8773 3 37.1089
      vertex 12.7633 8.2 37.0617
      vertex 12.7633 3 37.0617
    endloop
  endfacet
  facet normal 0.923938 0 -0.382543
    outer loop
      vertex 11.4089 3 38.5773
      vertex 11.3617 8.2 38.4633
      vertex 11.4089 8.2 38.5773
    endloop
  endfacet
  facet normal 0.923938 0 -0.382543
    outer loop
      vertex 11.3617 8.2 38.4633
      vertex 11.4089 3 38.5773
      vertex 11.3617 3 38.4633
    endloop
  endfacet
  facet normal -0.745708 0 -0.666273
    outer loop
      vertex 13.26 3 38.7858
      vertex 13.1778 8.2 38.8778
      vertex 13.26 8.2 38.7858
    endloop
  endfacet
  facet normal -0.745708 -0 -0.666273
    outer loop
      vertex 13.1778 8.2 38.8778
      vertex 13.26 3 38.7858
      vertex 13.1778 3 38.8778
    endloop
  endfacet
  facet normal -0.745708 0 0.666273
    outer loop
      vertex 13.1778 3 37.3222
      vertex 13.26 8.2 37.4142
      vertex 13.1778 8.2 37.3222
    endloop
  endfacet
  facet normal -0.745708 0 0.666273
    outer loop
      vertex 13.26 8.2 37.4142
      vertex 13.1778 3 37.3222
      vertex 13.26 3 37.4142
    endloop
  endfacet
  facet normal -0.578782 0 -0.815482
    outer loop
      vertex 12.9852 3 39.0314
      vertex 13.0858 8.2 38.96
      vertex 13.0858 3 38.96
    endloop
  endfacet
  facet normal -0.578782 0 -0.815482
    outer loop
      vertex 13.0858 8.2 38.96
      vertex 12.9852 3 39.0314
      vertex 12.9852 8.2 39.0314
    endloop
  endfacet
  facet normal -0.167816 0 0.985818
    outer loop
      vertex 12.5232 8.2 37.0069
      vertex 12.6448 3 37.0276
      vertex 12.6448 8.2 37.0276
    endloop
  endfacet
  facet normal -0.167816 0 0.985818
    outer loop
      vertex 12.6448 3 37.0276
      vertex 12.5232 8.2 37.0069
      vertex 12.5232 3 37.0069
    endloop
  endfacet
  facet normal 0.167816 0 -0.985818
    outer loop
      vertex 12.1552 3 39.1724
      vertex 12.2768 8.2 39.1931
      vertex 12.2768 3 39.1931
    endloop
  endfacet
  facet normal 0.167816 0 -0.985818
    outer loop
      vertex 12.2768 8.2 39.1931
      vertex 12.1552 3 39.1724
      vertex 12.1552 8.2 39.1724
    endloop
  endfacet
  facet normal -0.276541 0 -0.961002
    outer loop
      vertex 12.6448 3 39.1724
      vertex 12.7633 8.2 39.1383
      vertex 12.7633 3 39.1383
    endloop
  endfacet
  facet normal -0.276541 0 -0.961002
    outer loop
      vertex 12.7633 8.2 39.1383
      vertex 12.6448 3 39.1724
      vertex 12.6448 8.2 39.1724
    endloop
  endfacet
  facet normal 0.874997 0 -0.484127
    outer loop
      vertex 11.4686 3 38.6852
      vertex 11.4089 8.2 38.5773
      vertex 11.4686 8.2 38.6852
    endloop
  endfacet
  facet normal 0.874997 0 -0.484127
    outer loop
      vertex 11.4089 8.2 38.5773
      vertex 11.4686 3 38.6852
      vertex 11.4089 3 38.5773
    endloop
  endfacet
  facet normal -0.815482 0 -0.578782
    outer loop
      vertex 13.3314 3 38.6852
      vertex 13.26 8.2 38.7858
      vertex 13.3314 8.2 38.6852
    endloop
  endfacet
  facet normal -0.815482 -0 -0.578782
    outer loop
      vertex 13.26 8.2 38.7858
      vertex 13.3314 3 38.6852
      vertex 13.26 3 38.7858
    endloop
  endfacet
  facet normal 0.961002 0 -0.276541
    outer loop
      vertex 11.3617 3 38.4633
      vertex 11.3276 8.2 38.3448
      vertex 11.3617 8.2 38.4633
    endloop
  endfacet
  facet normal 0.961002 0 -0.276541
    outer loop
      vertex 11.3276 8.2 38.3448
      vertex 11.3617 3 38.4633
      vertex 11.3276 3 38.3448
    endloop
  endfacet
  facet normal -0.985818 0 -0.167816
    outer loop
      vertex 13.4931 3 38.2232
      vertex 13.4724 8.2 38.3448
      vertex 13.4931 8.2 38.2232
    endloop
  endfacet
  facet normal -0.985818 -0 -0.167816
    outer loop
      vertex 13.4724 8.2 38.3448
      vertex 13.4931 3 38.2232
      vertex 13.4724 3 38.3448
    endloop
  endfacet
  facet normal -0.578782 0 0.815482
    outer loop
      vertex 12.9852 8.2 37.1686
      vertex 13.0858 3 37.24
      vertex 13.0858 8.2 37.24
    endloop
  endfacet
  facet normal -0.578782 0 0.815482
    outer loop
      vertex 13.0858 3 37.24
      vertex 12.9852 8.2 37.1686
      vertex 12.9852 3 37.1686
    endloop
  endfacet
  facet normal -0.874997 0 -0.484127
    outer loop
      vertex 13.3911 3 38.5773
      vertex 13.3314 8.2 38.6852
      vertex 13.3911 8.2 38.5773
    endloop
  endfacet
  facet normal -0.874997 -0 -0.484127
    outer loop
      vertex 13.3314 8.2 38.6852
      vertex 13.3911 3 38.5773
      vertex 13.3314 3 38.6852
    endloop
  endfacet
  facet normal 0.815482 -0 0.578782
    outer loop
      vertex 11.4686 3 37.5148
      vertex 11.54 8.2 37.4142
      vertex 11.4686 8.2 37.5148
    endloop
  endfacet
  facet normal 0.815482 0 0.578782
    outer loop
      vertex 11.54 8.2 37.4142
      vertex 11.4686 3 37.5148
      vertex 11.54 3 37.4142
    endloop
  endfacet
  facet normal -0.167816 0 -0.985818
    outer loop
      vertex 12.5232 3 39.1931
      vertex 12.6448 8.2 39.1724
      vertex 12.6448 3 39.1724
    endloop
  endfacet
  facet normal -0.167816 0 -0.985818
    outer loop
      vertex 12.6448 8.2 39.1724
      vertex 12.5232 3 39.1931
      vertex 12.5232 8.2 39.1931
    endloop
  endfacet
  facet normal 0.0559189 0 -0.998435
    outer loop
      vertex 12.2768 3 39.1931
      vertex 12.4 8.2 39.2
      vertex 12.4 3 39.2
    endloop
  endfacet
  facet normal 0.0559189 0 -0.998435
    outer loop
      vertex 12.4 8.2 39.2
      vertex 12.2768 3 39.1931
      vertex 12.2768 8.2 39.1931
    endloop
  endfacet
  facet normal 0.578782 0 0.815482
    outer loop
      vertex 11.7142 8.2 37.24
      vertex 11.8148 3 37.1686
      vertex 11.8148 8.2 37.1686
    endloop
  endfacet
  facet normal 0.578782 0 0.815482
    outer loop
      vertex 11.8148 3 37.1686
      vertex 11.7142 8.2 37.24
      vertex 11.7142 3 37.24
    endloop
  endfacet
  facet normal -0.874997 0 0.484127
    outer loop
      vertex 13.3314 3 37.5148
      vertex 13.3911 8.2 37.6227
      vertex 13.3314 8.2 37.5148
    endloop
  endfacet
  facet normal -0.874997 0 0.484127
    outer loop
      vertex 13.3911 8.2 37.6227
      vertex 13.3314 3 37.5148
      vertex 13.3911 3 37.6227
    endloop
  endfacet
  facet normal 0.382543 0 0.923938
    outer loop
      vertex 11.9227 8.2 37.1089
      vertex 12.0367 3 37.0617
      vertex 12.0367 8.2 37.0617
    endloop
  endfacet
  facet normal 0.382543 0 0.923938
    outer loop
      vertex 12.0367 3 37.0617
      vertex 11.9227 8.2 37.1089
      vertex 11.9227 3 37.1089
    endloop
  endfacet
  facet normal -0.382543 0 -0.923938
    outer loop
      vertex 12.7633 3 39.1383
      vertex 12.8773 8.2 39.0911
      vertex 12.8773 3 39.0911
    endloop
  endfacet
  facet normal -0.382543 0 -0.923938
    outer loop
      vertex 12.8773 8.2 39.0911
      vertex 12.7633 3 39.1383
      vertex 12.7633 8.2 39.1383
    endloop
  endfacet
  facet normal -0.666273 0 0.745708
    outer loop
      vertex 13.0858 8.2 37.24
      vertex 13.1778 3 37.3222
      vertex 13.1778 8.2 37.3222
    endloop
  endfacet
  facet normal -0.666273 0 0.745708
    outer loop
      vertex 13.1778 3 37.3222
      vertex 13.0858 8.2 37.24
      vertex 13.0858 3 37.24
    endloop
  endfacet
  facet normal 0.484127 0 0.874997
    outer loop
      vertex 11.8148 8.2 37.1686
      vertex 11.9227 3 37.1089
      vertex 11.9227 8.2 37.1089
    endloop
  endfacet
  facet normal 0.484127 0 0.874997
    outer loop
      vertex 11.9227 3 37.1089
      vertex 11.8148 8.2 37.1686
      vertex 11.8148 3 37.1686
    endloop
  endfacet
  facet normal -0.923938 0 -0.382543
    outer loop
      vertex 13.4383 3 38.4633
      vertex 13.3911 8.2 38.5773
      vertex 13.4383 8.2 38.4633
    endloop
  endfacet
  facet normal -0.923938 -0 -0.382543
    outer loop
      vertex 13.3911 8.2 38.5773
      vertex 13.4383 3 38.4633
      vertex 13.3911 3 38.5773
    endloop
  endfacet
  facet normal 0.998435 -0 0.0559189
    outer loop
      vertex 11.3 3 38.1
      vertex 11.3069 8.2 37.9768
      vertex 11.3 8.2 38.1
    endloop
  endfacet
  facet normal 0.998435 0 0.0559189
    outer loop
      vertex 11.3069 8.2 37.9768
      vertex 11.3 3 38.1
      vertex 11.3069 3 37.9768
    endloop
  endfacet
  facet normal -0.484127 0 0.874997
    outer loop
      vertex 12.8773 8.2 37.1089
      vertex 12.9852 3 37.1686
      vertex 12.9852 8.2 37.1686
    endloop
  endfacet
  facet normal -0.484127 0 0.874997
    outer loop
      vertex 12.9852 3 37.1686
      vertex 12.8773 8.2 37.1089
      vertex 12.8773 3 37.1089
    endloop
  endfacet
  facet normal -0.961002 0 -0.276541
    outer loop
      vertex 13.4724 3 38.3448
      vertex 13.4383 8.2 38.4633
      vertex 13.4724 8.2 38.3448
    endloop
  endfacet
  facet normal -0.961002 -0 -0.276541
    outer loop
      vertex 13.4383 8.2 38.4633
      vertex 13.4724 3 38.3448
      vertex 13.4383 3 38.4633
    endloop
  endfacet
  facet normal -0.666273 0 -0.745708
    outer loop
      vertex 13.0858 3 38.96
      vertex 13.1778 8.2 38.8778
      vertex 13.1778 3 38.8778
    endloop
  endfacet
  facet normal -0.666273 0 -0.745708
    outer loop
      vertex 13.1778 8.2 38.8778
      vertex 13.0858 3 38.96
      vertex 13.0858 8.2 38.96
    endloop
  endfacet
  facet normal -0.923938 0 0.382543
    outer loop
      vertex 13.3911 3 37.6227
      vertex 13.4383 8.2 37.7367
      vertex 13.3911 8.2 37.6227
    endloop
  endfacet
  facet normal -0.923938 0 0.382543
    outer loop
      vertex 13.4383 8.2 37.7367
      vertex 13.3911 3 37.6227
      vertex 13.4383 3 37.7367
    endloop
  endfacet
  facet normal 0.484127 0 -0.874997
    outer loop
      vertex 11.8148 3 39.0314
      vertex 11.9227 8.2 39.0911
      vertex 11.9227 3 39.0911
    endloop
  endfacet
  facet normal 0.484127 0 -0.874997
    outer loop
      vertex 11.9227 8.2 39.0911
      vertex 11.8148 3 39.0314
      vertex 11.8148 8.2 39.0314
    endloop
  endfacet
  facet normal -0.484127 0 -0.874997
    outer loop
      vertex 12.8773 3 39.0911
      vertex 12.9852 8.2 39.0314
      vertex 12.9852 3 39.0314
    endloop
  endfacet
  facet normal -0.484127 0 -0.874997
    outer loop
      vertex 12.9852 8.2 39.0314
      vertex 12.8773 3 39.0911
      vertex 12.8773 8.2 39.0911
    endloop
  endfacet
  facet normal 0.998435 0 -0.0559189
    outer loop
      vertex 11.3069 3 38.2232
      vertex 11.3 8.2 38.1
      vertex 11.3069 8.2 38.2232
    endloop
  endfacet
  facet normal 0.998435 0 -0.0559189
    outer loop
      vertex 11.3 8.2 38.1
      vertex 11.3069 3 38.2232
      vertex 11.3 3 38.1
    endloop
  endfacet
  facet normal 0.666273 0 -0.745708
    outer loop
      vertex 11.6222 3 38.8778
      vertex 11.7142 8.2 38.96
      vertex 11.7142 3 38.96
    endloop
  endfacet
  facet normal 0.666273 0 -0.745708
    outer loop
      vertex 11.7142 8.2 38.96
      vertex 11.6222 3 38.8778
      vertex 11.6222 8.2 38.8778
    endloop
  endfacet
  facet normal 0.666273 0 0.745708
    outer loop
      vertex 11.6222 8.2 37.3222
      vertex 11.7142 3 37.24
      vertex 11.7142 8.2 37.24
    endloop
  endfacet
  facet normal 0.666273 0 0.745708
    outer loop
      vertex 11.7142 3 37.24
      vertex 11.6222 8.2 37.3222
      vertex 11.6222 3 37.3222
    endloop
  endfacet
  facet normal 0.923938 -0 0.382543
    outer loop
      vertex 11.3617 3 37.7367
      vertex 11.4089 8.2 37.6227
      vertex 11.3617 8.2 37.7367
    endloop
  endfacet
  facet normal 0.923938 0 0.382543
    outer loop
      vertex 11.4089 8.2 37.6227
      vertex 11.3617 3 37.7367
      vertex 11.4089 3 37.6227
    endloop
  endfacet
  facet normal 0.276541 0 0.961002
    outer loop
      vertex 12.0367 8.2 37.0617
      vertex 12.1552 3 37.0276
      vertex 12.1552 8.2 37.0276
    endloop
  endfacet
  facet normal 0.276541 0 0.961002
    outer loop
      vertex 12.1552 3 37.0276
      vertex 12.0367 8.2 37.0617
      vertex 12.0367 3 37.0617
    endloop
  endfacet
  facet normal 0.167816 0 0.985818
    outer loop
      vertex 12.1552 8.2 37.0276
      vertex 12.2768 3 37.0069
      vertex 12.2768 8.2 37.0069
    endloop
  endfacet
  facet normal 0.167816 0 0.985818
    outer loop
      vertex 12.2768 3 37.0069
      vertex 12.1552 8.2 37.0276
      vertex 12.1552 3 37.0276
    endloop
  endfacet
  facet normal -0.0559189 0 0.998435
    outer loop
      vertex 12.4 8.2 37
      vertex 12.5232 3 37.0069
      vertex 12.5232 8.2 37.0069
    endloop
  endfacet
  facet normal -0.0559189 0 0.998435
    outer loop
      vertex 12.5232 3 37.0069
      vertex 12.4 8.2 37
      vertex 12.4 3 37
    endloop
  endfacet
  facet normal 0.815482 0 -0.578782
    outer loop
      vertex 11.54 3 38.7858
      vertex 11.4686 8.2 38.6852
      vertex 11.54 8.2 38.7858
    endloop
  endfacet
  facet normal 0.815482 0 -0.578782
    outer loop
      vertex 11.4686 8.2 38.6852
      vertex 11.54 3 38.7858
      vertex 11.4686 3 38.6852
    endloop
  endfacet
  facet normal 0.985818 0 -0.167816
    outer loop
      vertex 11.3276 3 38.3448
      vertex 11.3069 8.2 38.2232
      vertex 11.3276 8.2 38.3448
    endloop
  endfacet
  facet normal 0.985818 0 -0.167816
    outer loop
      vertex 11.3069 8.2 38.2232
      vertex 11.3276 3 38.3448
      vertex 11.3069 3 38.2232
    endloop
  endfacet
  facet normal -0.0559189 0 -0.998435
    outer loop
      vertex 12.4 3 39.2
      vertex 12.5232 8.2 39.1931
      vertex 12.5232 3 39.1931
    endloop
  endfacet
  facet normal -0.0559189 0 -0.998435
    outer loop
      vertex 12.5232 8.2 39.1931
      vertex 12.4 3 39.2
      vertex 12.4 8.2 39.2
    endloop
  endfacet
  facet normal 0.745708 -0 0.666273
    outer loop
      vertex 11.54 3 37.4142
      vertex 11.6222 8.2 37.3222
      vertex 11.54 8.2 37.4142
    endloop
  endfacet
  facet normal 0.745708 0 0.666273
    outer loop
      vertex 11.6222 8.2 37.3222
      vertex 11.54 3 37.4142
      vertex 11.6222 3 37.3222
    endloop
  endfacet
  facet normal 0.578782 0 -0.815482
    outer loop
      vertex 11.7142 3 38.96
      vertex 11.8148 8.2 39.0314
      vertex 11.8148 3 39.0314
    endloop
  endfacet
  facet normal 0.578782 0 -0.815482
    outer loop
      vertex 11.8148 8.2 39.0314
      vertex 11.7142 3 38.96
      vertex 11.7142 8.2 38.96
    endloop
  endfacet
  facet normal 0.961002 -0 0.276541
    outer loop
      vertex 11.3276 3 37.8552
      vertex 11.3617 8.2 37.7367
      vertex 11.3276 8.2 37.8552
    endloop
  endfacet
  facet normal 0.961002 0 0.276541
    outer loop
      vertex 11.3617 8.2 37.7367
      vertex 11.3276 3 37.8552
      vertex 11.3617 3 37.7367
    endloop
  endfacet
  facet normal 0.0559189 0 0.998435
    outer loop
      vertex 12.2768 8.2 37.0069
      vertex 12.4 3 37
      vertex 12.4 8.2 37
    endloop
  endfacet
  facet normal 0.0559189 0 0.998435
    outer loop
      vertex 12.4 3 37
      vertex 12.2768 8.2 37.0069
      vertex 12.2768 3 37.0069
    endloop
  endfacet
  facet normal 0.985818 -0 0.167816
    outer loop
      vertex 11.3069 3 37.9768
      vertex 11.3276 8.2 37.8552
      vertex 11.3069 8.2 37.9768
    endloop
  endfacet
  facet normal 0.985818 0 0.167816
    outer loop
      vertex 11.3276 8.2 37.8552
      vertex 11.3069 3 37.9768
      vertex 11.3276 3 37.8552
    endloop
  endfacet
  facet normal 0.874997 -0 0.484127
    outer loop
      vertex 11.4089 3 37.6227
      vertex 11.4686 8.2 37.5148
      vertex 11.4089 8.2 37.6227
    endloop
  endfacet
  facet normal 0.874997 0 0.484127
    outer loop
      vertex 11.4686 8.2 37.5148
      vertex 11.4089 3 37.6227
      vertex 11.4686 3 37.5148
    endloop
  endfacet
  facet normal 0.382543 0 -0.923938
    outer loop
      vertex 11.9227 3 39.0911
      vertex 12.0367 8.2 39.1383
      vertex 12.0367 3 39.1383
    endloop
  endfacet
  facet normal 0.382543 0 -0.923938
    outer loop
      vertex 12.0367 8.2 39.1383
      vertex 11.9227 3 39.0911
      vertex 11.9227 8.2 39.0911
    endloop
  endfacet
  facet normal 0.382783 0 0.923838
    outer loop
      vertex 36.5248 8.2 40.7429
      vertex 36.8149 3 40.6227
      vertex 36.8149 8.2 40.6227
    endloop
  endfacet
  facet normal 0.382783 0 0.923838
    outer loop
      vertex 36.8149 3 40.6227
      vertex 36.5248 8.2 40.7429
      vertex 36.5248 3 40.7429
    endloop
  endfacet
  facet normal 0.985873 0 -0.167496
    outer loop
      vertex 38.3824 3 37.7865
      vertex 38.3298 8.2 37.4769
      vertex 38.3824 8.2 37.7865
    endloop
  endfacet
  facet normal 0.985873 0 -0.167496
    outer loop
      vertex 38.3298 8.2 37.4769
      vertex 38.3824 3 37.7865
      vertex 38.3298 3 37.4769
    endloop
  endfacet
  facet normal 0.998428 0 -0.0560521
    outer loop
      vertex 38.4 3 38.1
      vertex 38.3824 8.2 37.7865
      vertex 38.4 8.2 38.1
    endloop
  endfacet
  facet normal 0.998428 0 -0.0560521
    outer loop
      vertex 38.3824 8.2 37.7865
      vertex 38.4 3 38.1
      vertex 38.3824 3 37.7865
    endloop
  endfacet
  facet normal 0.960933 0 -0.276782
    outer loop
      vertex 38.3298 3 37.4769
      vertex 38.2429 8.2 37.1752
      vertex 38.3298 8.2 37.4769
    endloop
  endfacet
  facet normal 0.960933 0 -0.276782
    outer loop
      vertex 38.2429 8.2 37.1752
      vertex 38.3298 3 37.4769
      vertex 38.2429 3 37.1752
    endloop
  endfacet
  facet normal 0.998428 -0 0.0560521
    outer loop
      vertex 38.3824 3 38.4135
      vertex 38.4 8.2 38.1
      vertex 38.3824 8.2 38.4135
    endloop
  endfacet
  facet normal 0.998428 0 0.0560521
    outer loop
      vertex 38.4 8.2 38.1
      vertex 38.3824 3 38.4135
      vertex 38.4 3 38.1
    endloop
  endfacet
  facet normal -0.276782 0 -0.960933
    outer loop
      vertex 34.6752 3 35.4571
      vertex 34.9769 8.2 35.3702
      vertex 34.9769 3 35.3702
    endloop
  endfacet
  facet normal -0.276782 0 -0.960933
    outer loop
      vertex 34.9769 8.2 35.3702
      vertex 34.6752 3 35.4571
      vertex 34.6752 8.2 35.4571
    endloop
  endfacet
  facet normal 0.382783 0 -0.923838
    outer loop
      vertex 36.5248 3 35.4571
      vertex 36.8149 8.2 35.5773
      vertex 36.8149 3 35.5773
    endloop
  endfacet
  facet normal 0.382783 0 -0.923838
    outer loop
      vertex 36.8149 8.2 35.5773
      vertex 36.5248 3 35.4571
      vertex 36.5248 8.2 35.4571
    endloop
  endfacet
  facet normal 0.666339 0 -0.745649
    outer loop
      vertex 37.3458 3 35.9109
      vertex 37.5799 8.2 36.1201
      vertex 37.5799 3 36.1201
    endloop
  endfacet
  facet normal 0.666339 0 -0.745649
    outer loop
      vertex 37.5799 8.2 36.1201
      vertex 37.3458 3 35.9109
      vertex 37.3458 8.2 35.9109
    endloop
  endfacet
  facet normal -0.985873 0 0.167496
    outer loop
      vertex 32.8176 3 38.4135
      vertex 32.8702 8.2 38.7231
      vertex 32.8176 8.2 38.4135
    endloop
  endfacet
  facet normal -0.985873 0 0.167496
    outer loop
      vertex 32.8702 8.2 38.7231
      vertex 32.8176 3 38.4135
      vertex 32.8702 3 38.7231
    endloop
  endfacet
  facet normal -0.81558 0 -0.578645
    outer loop
      vertex 33.4109 3 36.3542
      vertex 33.2292 8.2 36.6103
      vertex 33.4109 8.2 36.3542
    endloop
  endfacet
  facet normal -0.81558 -0 -0.578645
    outer loop
      vertex 33.2292 8.2 36.6103
      vertex 33.4109 3 36.3542
      vertex 33.2292 3 36.6103
    endloop
  endfacet
  facet normal 0.923838 0 -0.382783
    outer loop
      vertex 38.2429 3 37.1752
      vertex 38.1227 8.2 36.8851
      vertex 38.2429 8.2 37.1752
    endloop
  endfacet
  facet normal 0.923838 0 -0.382783
    outer loop
      vertex 38.1227 8.2 36.8851
      vertex 38.2429 3 37.1752
      vertex 38.1227 3 36.8851
    endloop
  endfacet
  facet normal -0.666339 0 -0.745649
    outer loop
      vertex 33.6201 3 36.1201
      vertex 33.8542 8.2 35.9109
      vertex 33.8542 3 35.9109
    endloop
  endfacet
  facet normal -0.666339 0 -0.745649
    outer loop
      vertex 33.8542 8.2 35.9109
      vertex 33.6201 3 36.1201
      vertex 33.6201 8.2 36.1201
    endloop
  endfacet
  facet normal 0 1 0
    outer loop
      vertex 35.6 8.2 39.2
      vertex 35.6 8.2 40.9
      vertex 35.9135 8.2 40.8824
    endloop
  endfacet
  facet normal 0 1 0
    outer loop
      vertex 35.7232 8.2 39.1931
      vertex 35.9135 8.2 40.8824
      vertex 36.2231 8.2 40.8298
    endloop
  endfacet
  facet normal 0 1 0
    outer loop
      vertex 35.6 8.2 40.9
      vertex 35.6 8.2 39.2
      vertex 35.2865 8.2 40.8824
    endloop
  endfacet
  facet normal 0 1 0
    outer loop
      vertex 35.8448 8.2 39.1724
      vertex 36.2231 8.2 40.8298
      vertex 36.5248 8.2 40.7429
    endloop
  endfacet
  facet normal 0 1 -0
    outer loop
      vertex 35.4768 8.2 39.1931
      vertex 35.2865 8.2 40.8824
      vertex 35.6 8.2 39.2
    endloop
  endfacet
  facet normal 0 1 0
    outer loop
      vertex 35.9633 8.2 39.1383
      vertex 36.5248 8.2 40.7429
      vertex 36.8149 8.2 40.6227
    endloop
  endfacet
  facet normal 0 1 0
    outer loop
      vertex 35.2865 8.2 40.8824
      vertex 35.4768 8.2 39.1931
      vertex 34.9769 8.2 40.8298
    endloop
  endfacet
  facet normal 0 1 0
    outer loop
      vertex 36.0773 8.2 39.0911
      vertex 36.8149 8.2 40.6227
      vertex 37.0897 8.2 40.4708
    endloop
  endfacet
  facet normal 0 1 -0
    outer loop
      vertex 35.3552 8.2 39.1724
      vertex 34.9769 8.2 40.8298
      vertex 35.4768 8.2 39.1931
    endloop
  endfacet
  facet normal 0 1 0
    outer loop
      vertex 36.1852 8.2 39.0314
      vertex 37.0897 8.2 40.4708
      vertex 37.3458 8.2 40.2891
    endloop
  endfacet
  facet normal 0 1 0
    outer loop
      vertex 34.9769 8.2 40.8298
      vertex 35.3552 8.2 39.1724
      vertex 34.6752 8.2 40.7429
    endloop
  endfacet
  facet normal 0 1 0
    outer loop
      vertex 36.2858 8.2 38.96
      vertex 37.3458 8.2 40.2891
      vertex 37.5799 8.2 40.0799
    endloop
  endfacet
  facet normal 0 1 -0
    outer loop
      vertex 35.2367 8.2 39.1383
      vertex 34.6752 8.2 40.7429
      vertex 35.3552 8.2 39.1724
    endloop
  endfacet
  facet normal 0 1 0
    outer loop
      vertex 36.3778 8.2 38.8778
      vertex 37.5799 8.2 40.0799
      vertex 37.7891 8.2 39.8458
    endloop
  endfacet
  facet normal 0 1 0
    outer loop
      vertex 34.6752 8.2 40.7429
      vertex 35.2367 8.2 39.1383
      vertex 34.3851 8.2 40.6227
    endloop
  endfacet
  facet normal 0 1 0
    outer loop
      vertex 36.46 8.2 38.7858
      vertex 37.7891 8.2 39.8458
      vertex 37.9708 8.2 39.5897
    endloop
  endfacet
  facet normal 0 1 -0
    outer loop
      vertex 35.1227 8.2 39.0911
      vertex 34.3851 8.2 40.6227
      vertex 35.2367 8.2 39.1383
    endloop
  endfacet
  facet normal 0 1 0
    outer loop
      vertex 36.5314 8.2 38.6852
      vertex 37.9708 8.2 39.5897
      vertex 38.1227 8.2 39.3149
    endloop
  endfacet
  facet normal 0 1 0
    outer loop
      vertex 34.3851 8.2 40.6227
      vertex 35.1227 8.2 39.0911
      vertex 34.1103 8.2 40.4708
    endloop
  endfacet
  facet normal 0 1 -0
    outer loop
      vertex 35.0148 8.2 39.0314
      vertex 34.1103 8.2 40.4708
      vertex 35.1227 8.2 39.0911
    endloop
  endfacet
  facet normal 0 1 0
    outer loop
      vertex 35.9135 8.2 40.8824
      vertex 35.7232 8.2 39.1931
      vertex 35.6 8.2 39.2
    endloop
  endfacet
  facet normal 0 1 0
    outer loop
      vertex 36.2231 8.2 40.8298
      vertex 35.8448 8.2 39.1724
      vertex 35.7232 8.2 39.1931
    endloop
  endfacet
  facet normal 0 1 0
    outer loop
      vertex 36.5248 8.2 40.7429
      vertex 35.9633 8.2 39.1383
      vertex 35.8448 8.2 39.1724
    endloop
  endfacet
  facet normal 0 1 0
    outer loop
      vertex 36.8149 8.2 40.6227
      vertex 36.0773 8.2 39.0911
      vertex 35.9633 8.2 39.1383
    endloop
  endfacet
  facet normal 0 1 0
    outer loop
      vertex 37.0897 8.2 40.4708
      vertex 36.1852 8.2 39.0314
      vertex 36.0773 8.2 39.0911
    endloop
  endfacet
  facet normal 0 1 0
    outer loop
      vertex 36.5911 8.2 38.5773
      vertex 38.1227 8.2 39.3149
      vertex 38.2429 8.2 39.0248
    endloop
  endfacet
  facet normal 0 1 0
    outer loop
      vertex 37.3458 8.2 40.2891
      vertex 36.2858 8.2 38.96
      vertex 36.1852 8.2 39.0314
    endloop
  endfacet
  facet normal 0 1 0
    outer loop
      vertex 37.5799 8.2 40.0799
      vertex 36.3778 8.2 38.8778
      vertex 36.2858 8.2 38.96
    endloop
  endfacet
  facet normal 0 1 0
    outer loop
      vertex 37.7891 8.2 39.8458
      vertex 36.46 8.2 38.7858
      vertex 36.3778 8.2 38.8778
    endloop
  endfacet
  facet normal 0 1 0
    outer loop
      vertex 36.6383 8.2 38.4633
      vertex 38.2429 8.2 39.0248
      vertex 38.3298 8.2 38.7231
    endloop
  endfacet
  facet normal 0 1 0
    outer loop
      vertex 37.9708 8.2 39.5897
      vertex 36.5314 8.2 38.6852
      vertex 36.46 8.2 38.7858
    endloop
  endfacet
  facet normal 0 1 0
    outer loop
      vertex 38.1227 8.2 39.3149
      vertex 36.5911 8.2 38.5773
      vertex 36.5314 8.2 38.6852
    endloop
  endfacet
  facet normal 0 1 0
    outer loop
      vertex 38.2429 8.2 39.0248
      vertex 36.6383 8.2 38.4633
      vertex 36.5911 8.2 38.5773
    endloop
  endfacet
  facet normal 0 1 0
    outer loop
      vertex 36.6724 8.2 38.3448
      vertex 38.3298 8.2 38.7231
      vertex 38.3824 8.2 38.4135
    endloop
  endfacet
  facet normal 0 1 0
    outer loop
      vertex 38.3298 8.2 38.7231
      vertex 36.6724 8.2 38.3448
      vertex 36.6383 8.2 38.4633
    endloop
  endfacet
  facet normal 0 1 0
    outer loop
      vertex 38.3824 8.2 38.4135
      vertex 36.6931 8.2 38.2232
      vertex 36.6724 8.2 38.3448
    endloop
  endfacet
  facet normal 0 1 0
    outer loop
      vertex 38.4 8.2 38.1
      vertex 36.6931 8.2 38.2232
      vertex 38.3824 8.2 38.4135
    endloop
  endfacet
  facet normal 0 1 0
    outer loop
      vertex 38.4 8.2 38.1
      vertex 36.7 8.2 38.1
      vertex 36.6931 8.2 38.2232
    endloop
  endfacet
  facet normal 0 1 0
    outer loop
      vertex 38.4 8.2 38.1
      vertex 36.6931 8.2 37.9768
      vertex 36.7 8.2 38.1
    endloop
  endfacet
  facet normal 0 1 -0
    outer loop
      vertex 38.3824 8.2 37.7865
      vertex 36.6931 8.2 37.9768
      vertex 38.4 8.2 38.1
    endloop
  endfacet
  facet normal 0 1 0
    outer loop
      vertex 36.6931 8.2 37.9768
      vertex 38.3824 8.2 37.7865
      vertex 36.6724 8.2 37.8552
    endloop
  endfacet
  facet normal 0 1 -0
    outer loop
      vertex 38.3298 8.2 37.4769
      vertex 36.6724 8.2 37.8552
      vertex 38.3824 8.2 37.7865
    endloop
  endfacet
  facet normal 0 1 0
    outer loop
      vertex 36.6724 8.2 37.8552
      vertex 38.3298 8.2 37.4769
      vertex 36.6383 8.2 37.7367
    endloop
  endfacet
  facet normal 0 1 -0
    outer loop
      vertex 38.2429 8.2 37.1752
      vertex 36.6383 8.2 37.7367
      vertex 38.3298 8.2 37.4769
    endloop
  endfacet
  facet normal 0 1 0
    outer loop
      vertex 36.6383 8.2 37.7367
      vertex 38.2429 8.2 37.1752
      vertex 36.5911 8.2 37.6227
    endloop
  endfacet
  facet normal 0 1 -0
    outer loop
      vertex 38.1227 8.2 36.8851
      vertex 36.5911 8.2 37.6227
      vertex 38.2429 8.2 37.1752
    endloop
  endfacet
  facet normal 0 1 0
    outer loop
      vertex 36.5911 8.2 37.6227
      vertex 38.1227 8.2 36.8851
      vertex 36.5314 8.2 37.5148
    endloop
  endfacet
  facet normal 0 1 -0
    outer loop
      vertex 37.9708 8.2 36.6103
      vertex 36.5314 8.2 37.5148
      vertex 38.1227 8.2 36.8851
    endloop
  endfacet
  facet normal 0 1 0
    outer loop
      vertex 36.5314 8.2 37.5148
      vertex 37.9708 8.2 36.6103
      vertex 36.46 8.2 37.4142
    endloop
  endfacet
  facet normal 0 1 -0
    outer loop
      vertex 37.7891 8.2 36.3542
      vertex 36.46 8.2 37.4142
      vertex 37.9708 8.2 36.6103
    endloop
  endfacet
  facet normal 0 1 0
    outer loop
      vertex 36.46 8.2 37.4142
      vertex 37.7891 8.2 36.3542
      vertex 36.3778 8.2 37.3222
    endloop
  endfacet
  facet normal 0 1 -0
    outer loop
      vertex 37.5799 8.2 36.1201
      vertex 36.3778 8.2 37.3222
      vertex 37.7891 8.2 36.3542
    endloop
  endfacet
  facet normal 0 1 0
    outer loop
      vertex 36.3778 8.2 37.3222
      vertex 37.5799 8.2 36.1201
      vertex 36.2858 8.2 37.24
    endloop
  endfacet
  facet normal 0 1 -0
    outer loop
      vertex 37.3458 8.2 35.9109
      vertex 36.2858 8.2 37.24
      vertex 37.5799 8.2 36.1201
    endloop
  endfacet
  facet normal 0 1 -0
    outer loop
      vertex 37.0897 8.2 35.7292
      vertex 36.1852 8.2 37.1686
      vertex 37.3458 8.2 35.9109
    endloop
  endfacet
  facet normal 0 1 0
    outer loop
      vertex 36.2858 8.2 37.24
      vertex 37.3458 8.2 35.9109
      vertex 36.1852 8.2 37.1686
    endloop
  endfacet
  facet normal 0 1 0
    outer loop
      vertex 34.1103 8.2 40.4708
      vertex 35.0148 8.2 39.0314
      vertex 33.8542 8.2 40.2891
    endloop
  endfacet
  facet normal 0 1 -0
    outer loop
      vertex 34.9142 8.2 38.96
      vertex 33.8542 8.2 40.2891
      vertex 35.0148 8.2 39.0314
    endloop
  endfacet
  facet normal 0 1 0
    outer loop
      vertex 33.8542 8.2 40.2891
      vertex 34.9142 8.2 38.96
      vertex 33.6201 8.2 40.0799
    endloop
  endfacet
  facet normal 0 1 -0
    outer loop
      vertex 34.8222 8.2 38.8778
      vertex 33.6201 8.2 40.0799
      vertex 34.9142 8.2 38.96
    endloop
  endfacet
  facet normal 0 1 0
    outer loop
      vertex 33.6201 8.2 40.0799
      vertex 34.8222 8.2 38.8778
      vertex 33.4109 8.2 39.8458
    endloop
  endfacet
  facet normal 0 1 -0
    outer loop
      vertex 34.74 8.2 38.7858
      vertex 33.4109 8.2 39.8458
      vertex 34.8222 8.2 38.8778
    endloop
  endfacet
  facet normal 0 1 0
    outer loop
      vertex 33.4109 8.2 39.8458
      vertex 34.74 8.2 38.7858
      vertex 33.2292 8.2 39.5897
    endloop
  endfacet
  facet normal 0 1 -0
    outer loop
      vertex 34.6686 8.2 38.6852
      vertex 33.2292 8.2 39.5897
      vertex 34.74 8.2 38.7858
    endloop
  endfacet
  facet normal 0 1 0
    outer loop
      vertex 33.2292 8.2 39.5897
      vertex 34.6686 8.2 38.6852
      vertex 33.0773 8.2 39.3149
    endloop
  endfacet
  facet normal 0 1 -0
    outer loop
      vertex 34.6089 8.2 38.5773
      vertex 33.0773 8.2 39.3149
      vertex 34.6686 8.2 38.6852
    endloop
  endfacet
  facet normal 0 1 0
    outer loop
      vertex 33.0773 8.2 39.3149
      vertex 34.6089 8.2 38.5773
      vertex 32.9571 8.2 39.0248
    endloop
  endfacet
  facet normal 0 1 -0
    outer loop
      vertex 34.5617 8.2 38.4633
      vertex 32.9571 8.2 39.0248
      vertex 34.6089 8.2 38.5773
    endloop
  endfacet
  facet normal 0 1 0
    outer loop
      vertex 32.9571 8.2 39.0248
      vertex 34.5617 8.2 38.4633
      vertex 32.8702 8.2 38.7231
    endloop
  endfacet
  facet normal 0 1 -0
    outer loop
      vertex 34.5276 8.2 38.3448
      vertex 32.8702 8.2 38.7231
      vertex 34.5617 8.2 38.4633
    endloop
  endfacet
  facet normal 0 1 0
    outer loop
      vertex 32.8702 8.2 38.7231
      vertex 34.5276 8.2 38.3448
      vertex 32.8176 8.2 38.4135
    endloop
  endfacet
  facet normal 0 1 -0
    outer loop
      vertex 34.5069 8.2 38.2232
      vertex 32.8176 8.2 38.4135
      vertex 34.5276 8.2 38.3448
    endloop
  endfacet
  facet normal 0 1 -0
    outer loop
      vertex 34.5 8.2 38.1
      vertex 32.8176 8.2 38.4135
      vertex 34.5069 8.2 38.2232
    endloop
  endfacet
  facet normal 0 1 0
    outer loop
      vertex 34.5 8.2 38.1
      vertex 32.8 8.2 38.1
      vertex 32.8176 8.2 38.4135
    endloop
  endfacet
  facet normal 0 1 0
    outer loop
      vertex 34.5069 8.2 37.9768
      vertex 32.8 8.2 38.1
      vertex 34.5 8.2 38.1
    endloop
  endfacet
  facet normal 0 1 0
    outer loop
      vertex 32.8176 8.2 37.7865
      vertex 34.5069 8.2 37.9768
      vertex 34.5276 8.2 37.8552
    endloop
  endfacet
  facet normal 0 1 0
    outer loop
      vertex 34.5069 8.2 37.9768
      vertex 32.8176 8.2 37.7865
      vertex 32.8 8.2 38.1
    endloop
  endfacet
  facet normal 0 1 0
    outer loop
      vertex 32.8702 8.2 37.4769
      vertex 34.5276 8.2 37.8552
      vertex 34.5617 8.2 37.7367
    endloop
  endfacet
  facet normal 0 1 0
    outer loop
      vertex 32.9571 8.2 37.1752
      vertex 34.5617 8.2 37.7367
      vertex 34.6089 8.2 37.6227
    endloop
  endfacet
  facet normal 0 1 0
    outer loop
      vertex 33.0773 8.2 36.8851
      vertex 34.6089 8.2 37.6227
      vertex 34.6686 8.2 37.5148
    endloop
  endfacet
  facet normal 0 1 0
    outer loop
      vertex 34.5276 8.2 37.8552
      vertex 32.8702 8.2 37.4769
      vertex 32.8176 8.2 37.7865
    endloop
  endfacet
  facet normal 0 1 0
    outer loop
      vertex 33.2292 8.2 36.6103
      vertex 34.6686 8.2 37.5148
      vertex 34.74 8.2 37.4142
    endloop
  endfacet
  facet normal 0 1 0
    outer loop
      vertex 33.4109 8.2 36.3542
      vertex 34.74 8.2 37.4142
      vertex 34.8222 8.2 37.3222
    endloop
  endfacet
  facet normal 0 1 0
    outer loop
      vertex 33.6201 8.2 36.1201
      vertex 34.8222 8.2 37.3222
      vertex 34.9142 8.2 37.24
    endloop
  endfacet
  facet normal 0 1 0
    outer loop
      vertex 34.5617 8.2 37.7367
      vertex 32.9571 8.2 37.1752
      vertex 32.8702 8.2 37.4769
    endloop
  endfacet
  facet normal 0 1 0
    outer loop
      vertex 33.8542 8.2 35.9109
      vertex 34.9142 8.2 37.24
      vertex 35.0148 8.2 37.1686
    endloop
  endfacet
  facet normal 0 1 0
    outer loop
      vertex 34.1103 8.2 35.7292
      vertex 35.0148 8.2 37.1686
      vertex 35.1227 8.2 37.1089
    endloop
  endfacet
  facet normal 0 1 0
    outer loop
      vertex 34.3851 8.2 35.5773
      vertex 35.1227 8.2 37.1089
      vertex 35.2367 8.2 37.0617
    endloop
  endfacet
  facet normal 0 1 0
    outer loop
      vertex 34.6752 8.2 35.4571
      vertex 35.2367 8.2 37.0617
      vertex 35.3552 8.2 37.0276
    endloop
  endfacet
  facet normal 0 1 0
    outer loop
      vertex 34.9769 8.2 35.3702
      vertex 35.3552 8.2 37.0276
      vertex 35.4768 8.2 37.0069
    endloop
  endfacet
  facet normal 0 1 0
    outer loop
      vertex 34.6089 8.2 37.6227
      vertex 33.0773 8.2 36.8851
      vertex 32.9571 8.2 37.1752
    endloop
  endfacet
  facet normal 0 1 0
    outer loop
      vertex 35.2865 8.2 35.3176
      vertex 35.4768 8.2 37.0069
      vertex 35.6 8.2 37
    endloop
  endfacet
  facet normal 0 1 0
    outer loop
      vertex 36.1852 8.2 37.1686
      vertex 37.0897 8.2 35.7292
      vertex 36.0773 8.2 37.1089
    endloop
  endfacet
  facet normal 0 1 -0
    outer loop
      vertex 36.8149 8.2 35.5773
      vertex 36.0773 8.2 37.1089
      vertex 37.0897 8.2 35.7292
    endloop
  endfacet
  facet normal 0 1 0
    outer loop
      vertex 34.6686 8.2 37.5148
      vertex 33.2292 8.2 36.6103
      vertex 33.0773 8.2 36.8851
    endloop
  endfacet
  facet normal 0 1 0
    outer loop
      vertex 36.0773 8.2 37.1089
      vertex 36.8149 8.2 35.5773
      vertex 35.9633 8.2 37.0617
    endloop
  endfacet
  facet normal 0 1 0
    outer loop
      vertex 34.74 8.2 37.4142
      vertex 33.4109 8.2 36.3542
      vertex 33.2292 8.2 36.6103
    endloop
  endfacet
  facet normal 0 1 -0
    outer loop
      vertex 36.5248 8.2 35.4571
      vertex 35.9633 8.2 37.0617
      vertex 36.8149 8.2 35.5773
    endloop
  endfacet
  facet normal 0 1 0
    outer loop
      vertex 34.8222 8.2 37.3222
      vertex 33.6201 8.2 36.1201
      vertex 33.4109 8.2 36.3542
    endloop
  endfacet
  facet normal 0 1 0
    outer loop
      vertex 35.9633 8.2 37.0617
      vertex 36.5248 8.2 35.4571
      vertex 35.8448 8.2 37.0276
    endloop
  endfacet
  facet normal 0 1 0
    outer loop
      vertex 34.9142 8.2 37.24
      vertex 33.8542 8.2 35.9109
      vertex 33.6201 8.2 36.1201
    endloop
  endfacet
  facet normal 0 1 -0
    outer loop
      vertex 36.2231 8.2 35.3702
      vertex 35.8448 8.2 37.0276
      vertex 36.5248 8.2 35.4571
    endloop
  endfacet
  facet normal 0 1 0
    outer loop
      vertex 35.0148 8.2 37.1686
      vertex 34.1103 8.2 35.7292
      vertex 33.8542 8.2 35.9109
    endloop
  endfacet
  facet normal 0 1 0
    outer loop
      vertex 35.8448 8.2 37.0276
      vertex 36.2231 8.2 35.3702
      vertex 35.7232 8.2 37.0069
    endloop
  endfacet
  facet normal 0 1 0
    outer loop
      vertex 35.1227 8.2 37.1089
      vertex 34.3851 8.2 35.5773
      vertex 34.1103 8.2 35.7292
    endloop
  endfacet
  facet normal 0 1 -0
    outer loop
      vertex 35.9135 8.2 35.3176
      vertex 35.7232 8.2 37.0069
      vertex 36.2231 8.2 35.3702
    endloop
  endfacet
  facet normal 0 1 0
    outer loop
      vertex 35.2367 8.2 37.0617
      vertex 34.6752 8.2 35.4571
      vertex 34.3851 8.2 35.5773
    endloop
  endfacet
  facet normal 0 1 0
    outer loop
      vertex 35.7232 8.2 37.0069
      vertex 35.9135 8.2 35.3176
      vertex 35.6 8.2 37
    endloop
  endfacet
  facet normal 0 1 0
    outer loop
      vertex 35.3552 8.2 37.0276
      vertex 34.9769 8.2 35.3702
      vertex 34.6752 8.2 35.4571
    endloop
  endfacet
  facet normal 0 1 0
    outer loop
      vertex 35.6 8.2 35.3
      vertex 35.6 8.2 37
      vertex 35.9135 8.2 35.3176
    endloop
  endfacet
  facet normal 0 1 0
    outer loop
      vertex 35.4768 8.2 37.0069
      vertex 35.2865 8.2 35.3176
      vertex 34.9769 8.2 35.3702
    endloop
  endfacet
  facet normal 0 1 0
    outer loop
      vertex 35.6 8.2 37
      vertex 35.6 8.2 35.3
      vertex 35.2865 8.2 35.3176
    endloop
  endfacet
  facet normal -0.745649 0 0.666339
    outer loop
      vertex 33.4109 3 39.8458
      vertex 33.6201 8.2 40.0799
      vertex 33.4109 8.2 39.8458
    endloop
  endfacet
  facet normal -0.745649 0 0.666339
    outer loop
      vertex 33.6201 8.2 40.0799
      vertex 33.4109 3 39.8458
      vertex 33.6201 3 40.0799
    endloop
  endfacet
  facet normal -0.483776 0 -0.875192
    outer loop
      vertex 34.1103 3 35.7292
      vertex 34.3851 8.2 35.5773
      vertex 34.3851 3 35.5773
    endloop
  endfacet
  facet normal -0.483776 0 -0.875192
    outer loop
      vertex 34.3851 8.2 35.5773
      vertex 34.1103 3 35.7292
      vertex 34.1103 8.2 35.7292
    endloop
  endfacet
  facet normal 0.167496 0 -0.985873
    outer loop
      vertex 35.9135 3 35.3176
      vertex 36.2231 8.2 35.3702
      vertex 36.2231 3 35.3702
    endloop
  endfacet
  facet normal 0.167496 0 -0.985873
    outer loop
      vertex 36.2231 8.2 35.3702
      vertex 35.9135 3 35.3176
      vertex 35.9135 8.2 35.3176
    endloop
  endfacet
  facet normal -0.382783 0 -0.923838
    outer loop
      vertex 34.3851 3 35.5773
      vertex 34.6752 8.2 35.4571
      vertex 34.6752 3 35.4571
    endloop
  endfacet
  facet normal -0.382783 0 -0.923838
    outer loop
      vertex 34.6752 8.2 35.4571
      vertex 34.3851 3 35.5773
      vertex 34.3851 8.2 35.5773
    endloop
  endfacet
  facet normal -0.382783 0 0.923838
    outer loop
      vertex 34.3851 8.2 40.6227
      vertex 34.6752 3 40.7429
      vertex 34.6752 8.2 40.7429
    endloop
  endfacet
  facet normal -0.382783 0 0.923838
    outer loop
      vertex 34.6752 3 40.7429
      vertex 34.3851 8.2 40.6227
      vertex 34.3851 3 40.6227
    endloop
  endfacet
  facet normal 0.81558 0 -0.578645
    outer loop
      vertex 37.9708 3 36.6103
      vertex 37.7891 8.2 36.3542
      vertex 37.9708 8.2 36.6103
    endloop
  endfacet
  facet normal 0.81558 0 -0.578645
    outer loop
      vertex 37.7891 8.2 36.3542
      vertex 37.9708 3 36.6103
      vertex 37.7891 3 36.3542
    endloop
  endfacet
  facet normal 0.875192 -0 0.483776
    outer loop
      vertex 37.9708 3 39.5897
      vertex 38.1227 8.2 39.3149
      vertex 37.9708 8.2 39.5897
    endloop
  endfacet
  facet normal 0.875192 0 0.483776
    outer loop
      vertex 38.1227 8.2 39.3149
      vertex 37.9708 3 39.5897
      vertex 38.1227 3 39.3149
    endloop
  endfacet
  facet normal -0.666339 0 0.745649
    outer loop
      vertex 33.6201 8.2 40.0799
      vertex 33.8542 3 40.2891
      vertex 33.8542 8.2 40.2891
    endloop
  endfacet
  facet normal -0.666339 0 0.745649
    outer loop
      vertex 33.8542 3 40.2891
      vertex 33.6201 8.2 40.0799
      vertex 33.6201 3 40.0799
    endloop
  endfacet
  facet normal 0.985873 -0 0.167496
    outer loop
      vertex 38.3298 3 38.7231
      vertex 38.3824 8.2 38.4135
      vertex 38.3298 8.2 38.7231
    endloop
  endfacet
  facet normal 0.985873 0 0.167496
    outer loop
      vertex 38.3824 8.2 38.4135
      vertex 38.3298 3 38.7231
      vertex 38.3824 3 38.4135
    endloop
  endfacet
  facet normal -0.81558 0 0.578645
    outer loop
      vertex 33.2292 3 39.5897
      vertex 33.4109 8.2 39.8458
      vertex 33.2292 8.2 39.5897
    endloop
  endfacet
  facet normal -0.81558 0 0.578645
    outer loop
      vertex 33.4109 8.2 39.8458
      vertex 33.2292 3 39.5897
      vertex 33.4109 3 39.8458
    endloop
  endfacet
  facet normal -0.167496 0 0.985873
    outer loop
      vertex 34.9769 8.2 40.8298
      vertex 35.2865 3 40.8824
      vertex 35.2865 8.2 40.8824
    endloop
  endfacet
  facet normal -0.167496 0 0.985873
    outer loop
      vertex 35.2865 3 40.8824
      vertex 34.9769 8.2 40.8298
      vertex 34.9769 3 40.8298
    endloop
  endfacet
  facet normal 0.81558 -0 0.578645
    outer loop
      vertex 37.7891 3 39.8458
      vertex 37.9708 8.2 39.5897
      vertex 37.7891 8.2 39.8458
    endloop
  endfacet
  facet normal 0.81558 0 0.578645
    outer loop
      vertex 37.9708 8.2 39.5897
      vertex 37.7891 3 39.8458
      vertex 37.9708 3 39.5897
    endloop
  endfacet
  facet normal 0.960933 -0 0.276782
    outer loop
      vertex 38.2429 3 39.0248
      vertex 38.3298 8.2 38.7231
      vertex 38.2429 8.2 39.0248
    endloop
  endfacet
  facet normal 0.960933 0 0.276782
    outer loop
      vertex 38.3298 8.2 38.7231
      vertex 38.2429 3 39.0248
      vertex 38.3298 3 38.7231
    endloop
  endfacet
  facet normal 0.745649 0 -0.666339
    outer loop
      vertex 37.7891 3 36.3542
      vertex 37.5799 8.2 36.1201
      vertex 37.7891 8.2 36.3542
    endloop
  endfacet
  facet normal 0.745649 0 -0.666339
    outer loop
      vertex 37.5799 8.2 36.1201
      vertex 37.7891 3 36.3542
      vertex 37.5799 3 36.1201
    endloop
  endfacet
  facet normal -0.923838 0 0.382783
    outer loop
      vertex 32.9571 3 39.0248
      vertex 33.0773 8.2 39.3149
      vertex 32.9571 8.2 39.0248
    endloop
  endfacet
  facet normal -0.923838 0 0.382783
    outer loop
      vertex 33.0773 8.2 39.3149
      vertex 32.9571 3 39.0248
      vertex 33.0773 3 39.3149
    endloop
  endfacet
  facet normal -0.578645 0 -0.81558
    outer loop
      vertex 33.8542 3 35.9109
      vertex 34.1103 8.2 35.7292
      vertex 34.1103 3 35.7292
    endloop
  endfacet
  facet normal -0.578645 0 -0.81558
    outer loop
      vertex 34.1103 8.2 35.7292
      vertex 33.8542 3 35.9109
      vertex 33.8542 8.2 35.9109
    endloop
  endfacet
  facet normal -0.875192 0 -0.483776
    outer loop
      vertex 33.2292 3 36.6103
      vertex 33.0773 8.2 36.8851
      vertex 33.2292 8.2 36.6103
    endloop
  endfacet
  facet normal -0.875192 -0 -0.483776
    outer loop
      vertex 33.0773 8.2 36.8851
      vertex 33.2292 3 36.6103
      vertex 33.0773 3 36.8851
    endloop
  endfacet
  facet normal 0.578645 0 -0.81558
    outer loop
      vertex 37.0897 3 35.7292
      vertex 37.3458 8.2 35.9109
      vertex 37.3458 3 35.9109
    endloop
  endfacet
  facet normal 0.578645 0 -0.81558
    outer loop
      vertex 37.3458 8.2 35.9109
      vertex 37.0897 3 35.7292
      vertex 37.0897 8.2 35.7292
    endloop
  endfacet
  facet normal -0.745649 0 -0.666339
    outer loop
      vertex 33.6201 3 36.1201
      vertex 33.4109 8.2 36.3542
      vertex 33.6201 8.2 36.1201
    endloop
  endfacet
  facet normal -0.745649 -0 -0.666339
    outer loop
      vertex 33.4109 8.2 36.3542
      vertex 33.6201 3 36.1201
      vertex 33.4109 3 36.3542
    endloop
  endfacet
  facet normal 0.875192 0 -0.483776
    outer loop
      vertex 38.1227 3 36.8851
      vertex 37.9708 8.2 36.6103
      vertex 38.1227 8.2 36.8851
    endloop
  endfacet
  facet normal 0.875192 0 -0.483776
    outer loop
      vertex 37.9708 8.2 36.6103
      vertex 38.1227 3 36.8851
      vertex 37.9708 3 36.6103
    endloop
  endfacet
  facet normal 0.923838 -0 0.382783
    outer loop
      vertex 38.1227 3 39.3149
      vertex 38.2429 8.2 39.0248
      vertex 38.1227 8.2 39.3149
    endloop
  endfacet
  facet normal 0.923838 0 0.382783
    outer loop
      vertex 38.2429 8.2 39.0248
      vertex 38.1227 3 39.3149
      vertex 38.2429 3 39.0248
    endloop
  endfacet
  facet normal 0.276782 0 0.960933
    outer loop
      vertex 36.2231 8.2 40.8298
      vertex 36.5248 3 40.7429
      vertex 36.5248 8.2 40.7429
    endloop
  endfacet
  facet normal 0.276782 0 0.960933
    outer loop
      vertex 36.5248 3 40.7429
      vertex 36.2231 8.2 40.8298
      vertex 36.2231 3 40.8298
    endloop
  endfacet
  facet normal -0.483776 0 0.875192
    outer loop
      vertex 34.1103 8.2 40.4708
      vertex 34.3851 3 40.6227
      vertex 34.3851 8.2 40.6227
    endloop
  endfacet
  facet normal -0.483776 0 0.875192
    outer loop
      vertex 34.3851 3 40.6227
      vertex 34.1103 8.2 40.4708
      vertex 34.1103 3 40.4708
    endloop
  endfacet
  facet normal 0.276782 0 -0.960933
    outer loop
      vertex 36.2231 3 35.3702
      vertex 36.5248 8.2 35.4571
      vertex 36.5248 3 35.4571
    endloop
  endfacet
  facet normal 0.276782 0 -0.960933
    outer loop
      vertex 36.5248 8.2 35.4571
      vertex 36.2231 3 35.3702
      vertex 36.2231 8.2 35.3702
    endloop
  endfacet
  facet normal 0.0560521 0 0.998428
    outer loop
      vertex 35.6 8.2 40.9
      vertex 35.9135 3 40.8824
      vertex 35.9135 8.2 40.8824
    endloop
  endfacet
  facet normal 0.0560521 0 0.998428
    outer loop
      vertex 35.9135 3 40.8824
      vertex 35.6 8.2 40.9
      vertex 35.6 3 40.9
    endloop
  endfacet
  facet normal 0.167496 0 0.985873
    outer loop
      vertex 35.9135 8.2 40.8824
      vertex 36.2231 3 40.8298
      vertex 36.2231 8.2 40.8298
    endloop
  endfacet
  facet normal 0.167496 0 0.985873
    outer loop
      vertex 36.2231 3 40.8298
      vertex 35.9135 8.2 40.8824
      vertex 35.9135 3 40.8824
    endloop
  endfacet
  facet normal -0.998428 0 0.0560521
    outer loop
      vertex 32.8 3 38.1
      vertex 32.8176 8.2 38.4135
      vertex 32.8 8.2 38.1
    endloop
  endfacet
  facet normal -0.998428 0 0.0560521
    outer loop
      vertex 32.8176 8.2 38.4135
      vertex 32.8 3 38.1
      vertex 32.8176 3 38.4135
    endloop
  endfacet
  facet normal 0.483776 0 -0.875192
    outer loop
      vertex 36.8149 3 35.5773
      vertex 37.0897 8.2 35.7292
      vertex 37.0897 3 35.7292
    endloop
  endfacet
  facet normal 0.483776 0 -0.875192
    outer loop
      vertex 37.0897 8.2 35.7292
      vertex 36.8149 3 35.5773
      vertex 36.8149 8.2 35.5773
    endloop
  endfacet
  facet normal -0.923838 0 -0.382783
    outer loop
      vertex 33.0773 3 36.8851
      vertex 32.9571 8.2 37.1752
      vertex 33.0773 8.2 36.8851
    endloop
  endfacet
  facet normal -0.923838 -0 -0.382783
    outer loop
      vertex 32.9571 8.2 37.1752
      vertex 33.0773 3 36.8851
      vertex 32.9571 3 37.1752
    endloop
  endfacet
  facet normal -0.0560521 0 0.998428
    outer loop
      vertex 35.2865 8.2 40.8824
      vertex 35.6 3 40.9
      vertex 35.6 8.2 40.9
    endloop
  endfacet
  facet normal -0.0560521 0 0.998428
    outer loop
      vertex 35.6 3 40.9
      vertex 35.2865 8.2 40.8824
      vertex 35.2865 3 40.8824
    endloop
  endfacet
  facet normal -0.875192 0 0.483776
    outer loop
      vertex 33.0773 3 39.3149
      vertex 33.2292 8.2 39.5897
      vertex 33.0773 8.2 39.3149
    endloop
  endfacet
  facet normal -0.875192 0 0.483776
    outer loop
      vertex 33.2292 8.2 39.5897
      vertex 33.0773 3 39.3149
      vertex 33.2292 3 39.5897
    endloop
  endfacet
  facet normal -0.167496 0 -0.985873
    outer loop
      vertex 34.9769 3 35.3702
      vertex 35.2865 8.2 35.3176
      vertex 35.2865 3 35.3176
    endloop
  endfacet
  facet normal -0.167496 0 -0.985873
    outer loop
      vertex 35.2865 8.2 35.3176
      vertex 34.9769 3 35.3702
      vertex 34.9769 8.2 35.3702
    endloop
  endfacet
  facet normal -0.998428 0 -0.0560521
    outer loop
      vertex 32.8176 3 37.7865
      vertex 32.8 8.2 38.1
      vertex 32.8176 8.2 37.7865
    endloop
  endfacet
  facet normal -0.998428 -0 -0.0560521
    outer loop
      vertex 32.8 8.2 38.1
      vertex 32.8176 3 37.7865
      vertex 32.8 3 38.1
    endloop
  endfacet
  facet normal -0.276782 0 0.960933
    outer loop
      vertex 34.6752 8.2 40.7429
      vertex 34.9769 3 40.8298
      vertex 34.9769 8.2 40.8298
    endloop
  endfacet
  facet normal -0.276782 0 0.960933
    outer loop
      vertex 34.9769 3 40.8298
      vertex 34.6752 8.2 40.7429
      vertex 34.6752 3 40.7429
    endloop
  endfacet
  facet normal 0.578645 0 0.81558
    outer loop
      vertex 37.0897 8.2 40.4708
      vertex 37.3458 3 40.2891
      vertex 37.3458 8.2 40.2891
    endloop
  endfacet
  facet normal 0.578645 0 0.81558
    outer loop
      vertex 37.3458 3 40.2891
      vertex 37.0897 8.2 40.4708
      vertex 37.0897 3 40.4708
    endloop
  endfacet
  facet normal 0.0560521 0 -0.998428
    outer loop
      vertex 35.6 3 35.3
      vertex 35.9135 8.2 35.3176
      vertex 35.9135 3 35.3176
    endloop
  endfacet
  facet normal 0.0560521 0 -0.998428
    outer loop
      vertex 35.9135 8.2 35.3176
      vertex 35.6 3 35.3
      vertex 35.6 8.2 35.3
    endloop
  endfacet
  facet normal -0.960933 0 0.276782
    outer loop
      vertex 32.8702 3 38.7231
      vertex 32.9571 8.2 39.0248
      vertex 32.8702 8.2 38.7231
    endloop
  endfacet
  facet normal -0.960933 0 0.276782
    outer loop
      vertex 32.9571 8.2 39.0248
      vertex 32.8702 3 38.7231
      vertex 32.9571 3 39.0248
    endloop
  endfacet
  facet normal 0.745649 -0 0.666339
    outer loop
      vertex 37.5799 3 40.0799
      vertex 37.7891 8.2 39.8458
      vertex 37.5799 8.2 40.0799
    endloop
  endfacet
  facet normal 0.745649 0 0.666339
    outer loop
      vertex 37.7891 8.2 39.8458
      vertex 37.5799 3 40.0799
      vertex 37.7891 3 39.8458
    endloop
  endfacet
  facet normal 0.666339 0 0.745649
    outer loop
      vertex 37.3458 8.2 40.2891
      vertex 37.5799 3 40.0799
      vertex 37.5799 8.2 40.0799
    endloop
  endfacet
  facet normal 0.666339 0 0.745649
    outer loop
      vertex 37.5799 3 40.0799
      vertex 37.3458 8.2 40.2891
      vertex 37.3458 3 40.2891
    endloop
  endfacet
  facet normal -0.578645 0 0.81558
    outer loop
      vertex 33.8542 8.2 40.2891
      vertex 34.1103 3 40.4708
      vertex 34.1103 8.2 40.4708
    endloop
  endfacet
  facet normal -0.578645 0 0.81558
    outer loop
      vertex 34.1103 3 40.4708
      vertex 33.8542 8.2 40.2891
      vertex 33.8542 3 40.2891
    endloop
  endfacet
  facet normal -0.0560521 0 -0.998428
    outer loop
      vertex 35.2865 3 35.3176
      vertex 35.6 8.2 35.3
      vertex 35.6 3 35.3
    endloop
  endfacet
  facet normal -0.0560521 0 -0.998428
    outer loop
      vertex 35.6 8.2 35.3
      vertex 35.2865 3 35.3176
      vertex 35.2865 8.2 35.3176
    endloop
  endfacet
  facet normal 0.483776 0 0.875192
    outer loop
      vertex 36.8149 8.2 40.6227
      vertex 37.0897 3 40.4708
      vertex 37.0897 8.2 40.4708
    endloop
  endfacet
  facet normal 0.483776 0 0.875192
    outer loop
      vertex 37.0897 3 40.4708
      vertex 36.8149 8.2 40.6227
      vertex 36.8149 3 40.6227
    endloop
  endfacet
  facet normal -0.960933 0 -0.276782
    outer loop
      vertex 32.9571 3 37.1752
      vertex 32.8702 8.2 37.4769
      vertex 32.9571 8.2 37.1752
    endloop
  endfacet
  facet normal -0.960933 -0 -0.276782
    outer loop
      vertex 32.8702 8.2 37.4769
      vertex 32.9571 3 37.1752
      vertex 32.8702 3 37.4769
    endloop
  endfacet
  facet normal -0.985873 0 -0.167496
    outer loop
      vertex 32.8702 3 37.4769
      vertex 32.8176 8.2 37.7865
      vertex 32.8702 8.2 37.4769
    endloop
  endfacet
  facet normal -0.985873 -0 -0.167496
    outer loop
      vertex 32.8176 8.2 37.7865
      vertex 32.8702 3 37.4769
      vertex 32.8176 3 37.7865
    endloop
  endfacet
  facet normal -0.985818 0 0.167816
    outer loop
      vertex 36.6724 3 37.8552
      vertex 36.6931 8.2 37.9768
      vertex 36.6724 8.2 37.8552
    endloop
  endfacet
  facet normal -0.985818 0 0.167816
    outer loop
      vertex 36.6931 8.2 37.9768
      vertex 36.6724 3 37.8552
      vertex 36.6931 3 37.9768
    endloop
  endfacet
  facet normal -0.998435 0 0.0559189
    outer loop
      vertex 36.6931 3 37.9768
      vertex 36.7 8.2 38.1
      vertex 36.6931 8.2 37.9768
    endloop
  endfacet
  facet normal -0.998435 0 0.0559189
    outer loop
      vertex 36.7 8.2 38.1
      vertex 36.6931 3 37.9768
      vertex 36.7 3 38.1
    endloop
  endfacet
  facet normal -0.961002 0 0.276541
    outer loop
      vertex 36.6383 3 37.7367
      vertex 36.6724 8.2 37.8552
      vertex 36.6383 8.2 37.7367
    endloop
  endfacet
  facet normal -0.961002 0 0.276541
    outer loop
      vertex 36.6724 8.2 37.8552
      vertex 36.6383 3 37.7367
      vertex 36.6724 3 37.8552
    endloop
  endfacet
  facet normal -0.815482 0 0.578782
    outer loop
      vertex 36.46 3 37.4142
      vertex 36.5314 8.2 37.5148
      vertex 36.46 8.2 37.4142
    endloop
  endfacet
  facet normal -0.815482 0 0.578782
    outer loop
      vertex 36.5314 8.2 37.5148
      vertex 36.46 3 37.4142
      vertex 36.5314 3 37.5148
    endloop
  endfacet
  facet normal 0.276541 0 -0.961002
    outer loop
      vertex 35.2367 3 39.1383
      vertex 35.3552 8.2 39.1724
      vertex 35.3552 3 39.1724
    endloop
  endfacet
  facet normal 0.276541 0 -0.961002
    outer loop
      vertex 35.3552 8.2 39.1724
      vertex 35.2367 3 39.1383
      vertex 35.2367 8.2 39.1383
    endloop
  endfacet
  facet normal 0.745708 0 -0.666273
    outer loop
      vertex 34.8222 3 38.8778
      vertex 34.74 8.2 38.7858
      vertex 34.8222 8.2 38.8778
    endloop
  endfacet
  facet normal 0.745708 0 -0.666273
    outer loop
      vertex 34.74 8.2 38.7858
      vertex 34.8222 3 38.8778
      vertex 34.74 3 38.7858
    endloop
  endfacet
  facet normal -0.276541 0 0.961002
    outer loop
      vertex 35.8448 8.2 37.0276
      vertex 35.9633 3 37.0617
      vertex 35.9633 8.2 37.0617
    endloop
  endfacet
  facet normal -0.276541 0 0.961002
    outer loop
      vertex 35.9633 3 37.0617
      vertex 35.8448 8.2 37.0276
      vertex 35.8448 3 37.0276
    endloop
  endfacet
  facet normal -0.998435 0 -0.0559189
    outer loop
      vertex 36.7 3 38.1
      vertex 36.6931 8.2 38.2232
      vertex 36.7 8.2 38.1
    endloop
  endfacet
  facet normal -0.998435 -0 -0.0559189
    outer loop
      vertex 36.6931 8.2 38.2232
      vertex 36.7 3 38.1
      vertex 36.6931 3 38.2232
    endloop
  endfacet
  facet normal -0.382543 0 0.923938
    outer loop
      vertex 35.9633 8.2 37.0617
      vertex 36.0773 3 37.1089
      vertex 36.0773 8.2 37.1089
    endloop
  endfacet
  facet normal -0.382543 0 0.923938
    outer loop
      vertex 36.0773 3 37.1089
      vertex 35.9633 8.2 37.0617
      vertex 35.9633 3 37.0617
    endloop
  endfacet
  facet normal 0.923938 0 -0.382543
    outer loop
      vertex 34.6089 3 38.5773
      vertex 34.5617 8.2 38.4633
      vertex 34.6089 8.2 38.5773
    endloop
  endfacet
  facet normal 0.923938 0 -0.382543
    outer loop
      vertex 34.5617 8.2 38.4633
      vertex 34.6089 3 38.5773
      vertex 34.5617 3 38.4633
    endloop
  endfacet
  facet normal -0.745708 0 -0.666273
    outer loop
      vertex 36.46 3 38.7858
      vertex 36.3778 8.2 38.8778
      vertex 36.46 8.2 38.7858
    endloop
  endfacet
  facet normal -0.745708 -0 -0.666273
    outer loop
      vertex 36.3778 8.2 38.8778
      vertex 36.46 3 38.7858
      vertex 36.3778 3 38.8778
    endloop
  endfacet
  facet normal -0.745708 0 0.666273
    outer loop
      vertex 36.3778 3 37.3222
      vertex 36.46 8.2 37.4142
      vertex 36.3778 8.2 37.3222
    endloop
  endfacet
  facet normal -0.745708 0 0.666273
    outer loop
      vertex 36.46 8.2 37.4142
      vertex 36.3778 3 37.3222
      vertex 36.46 3 37.4142
    endloop
  endfacet
  facet normal -0.578782 0 -0.815482
    outer loop
      vertex 36.1852 3 39.0314
      vertex 36.2858 8.2 38.96
      vertex 36.2858 3 38.96
    endloop
  endfacet
  facet normal -0.578782 0 -0.815482
    outer loop
      vertex 36.2858 8.2 38.96
      vertex 36.1852 3 39.0314
      vertex 36.1852 8.2 39.0314
    endloop
  endfacet
  facet normal -0.167816 0 0.985818
    outer loop
      vertex 35.7232 8.2 37.0069
      vertex 35.8448 3 37.0276
      vertex 35.8448 8.2 37.0276
    endloop
  endfacet
  facet normal -0.167816 0 0.985818
    outer loop
      vertex 35.8448 3 37.0276
      vertex 35.7232 8.2 37.0069
      vertex 35.7232 3 37.0069
    endloop
  endfacet
  facet normal 0.167816 0 -0.985818
    outer loop
      vertex 35.3552 3 39.1724
      vertex 35.4768 8.2 39.1931
      vertex 35.4768 3 39.1931
    endloop
  endfacet
  facet normal 0.167816 0 -0.985818
    outer loop
      vertex 35.4768 8.2 39.1931
      vertex 35.3552 3 39.1724
      vertex 35.3552 8.2 39.1724
    endloop
  endfacet
  facet normal -0.276541 0 -0.961002
    outer loop
      vertex 35.8448 3 39.1724
      vertex 35.9633 8.2 39.1383
      vertex 35.9633 3 39.1383
    endloop
  endfacet
  facet normal -0.276541 0 -0.961002
    outer loop
      vertex 35.9633 8.2 39.1383
      vertex 35.8448 3 39.1724
      vertex 35.8448 8.2 39.1724
    endloop
  endfacet
  facet normal 0.874997 0 -0.484127
    outer loop
      vertex 34.6686 3 38.6852
      vertex 34.6089 8.2 38.5773
      vertex 34.6686 8.2 38.6852
    endloop
  endfacet
  facet normal 0.874997 0 -0.484127
    outer loop
      vertex 34.6089 8.2 38.5773
      vertex 34.6686 3 38.6852
      vertex 34.6089 3 38.5773
    endloop
  endfacet
  facet normal -0.815482 0 -0.578782
    outer loop
      vertex 36.5314 3 38.6852
      vertex 36.46 8.2 38.7858
      vertex 36.5314 8.2 38.6852
    endloop
  endfacet
  facet normal -0.815482 -0 -0.578782
    outer loop
      vertex 36.46 8.2 38.7858
      vertex 36.5314 3 38.6852
      vertex 36.46 3 38.7858
    endloop
  endfacet
  facet normal 0.961002 0 -0.276541
    outer loop
      vertex 34.5617 3 38.4633
      vertex 34.5276 8.2 38.3448
      vertex 34.5617 8.2 38.4633
    endloop
  endfacet
  facet normal 0.961002 0 -0.276541
    outer loop
      vertex 34.5276 8.2 38.3448
      vertex 34.5617 3 38.4633
      vertex 34.5276 3 38.3448
    endloop
  endfacet
  facet normal -0.985818 0 -0.167816
    outer loop
      vertex 36.6931 3 38.2232
      vertex 36.6724 8.2 38.3448
      vertex 36.6931 8.2 38.2232
    endloop
  endfacet
  facet normal -0.985818 -0 -0.167816
    outer loop
      vertex 36.6724 8.2 38.3448
      vertex 36.6931 3 38.2232
      vertex 36.6724 3 38.3448
    endloop
  endfacet
  facet normal -0.578782 0 0.815482
    outer loop
      vertex 36.1852 8.2 37.1686
      vertex 36.2858 3 37.24
      vertex 36.2858 8.2 37.24
    endloop
  endfacet
  facet normal -0.578782 0 0.815482
    outer loop
      vertex 36.2858 3 37.24
      vertex 36.1852 8.2 37.1686
      vertex 36.1852 3 37.1686
    endloop
  endfacet
  facet normal -0.874997 0 -0.484127
    outer loop
      vertex 36.5911 3 38.5773
      vertex 36.5314 8.2 38.6852
      vertex 36.5911 8.2 38.5773
    endloop
  endfacet
  facet normal -0.874997 -0 -0.484127
    outer loop
      vertex 36.5314 8.2 38.6852
      vertex 36.5911 3 38.5773
      vertex 36.5314 3 38.6852
    endloop
  endfacet
  facet normal 0.815482 -0 0.578782
    outer loop
      vertex 34.6686 3 37.5148
      vertex 34.74 8.2 37.4142
      vertex 34.6686 8.2 37.5148
    endloop
  endfacet
  facet normal 0.815482 0 0.578782
    outer loop
      vertex 34.74 8.2 37.4142
      vertex 34.6686 3 37.5148
      vertex 34.74 3 37.4142
    endloop
  endfacet
  facet normal -0.167816 0 -0.985818
    outer loop
      vertex 35.7232 3 39.1931
      vertex 35.8448 8.2 39.1724
      vertex 35.8448 3 39.1724
    endloop
  endfacet
  facet normal -0.167816 0 -0.985818
    outer loop
      vertex 35.8448 8.2 39.1724
      vertex 35.7232 3 39.1931
      vertex 35.7232 8.2 39.1931
    endloop
  endfacet
  facet normal 0.0559189 0 -0.998435
    outer loop
      vertex 35.4768 3 39.1931
      vertex 35.6 8.2 39.2
      vertex 35.6 3 39.2
    endloop
  endfacet
  facet normal 0.0559189 0 -0.998435
    outer loop
      vertex 35.6 8.2 39.2
      vertex 35.4768 3 39.1931
      vertex 35.4768 8.2 39.1931
    endloop
  endfacet
  facet normal 0.578782 0 0.815482
    outer loop
      vertex 34.9142 8.2 37.24
      vertex 35.0148 3 37.1686
      vertex 35.0148 8.2 37.1686
    endloop
  endfacet
  facet normal 0.578782 0 0.815482
    outer loop
      vertex 35.0148 3 37.1686
      vertex 34.9142 8.2 37.24
      vertex 34.9142 3 37.24
    endloop
  endfacet
  facet normal -0.874997 0 0.484127
    outer loop
      vertex 36.5314 3 37.5148
      vertex 36.5911 8.2 37.6227
      vertex 36.5314 8.2 37.5148
    endloop
  endfacet
  facet normal -0.874997 0 0.484127
    outer loop
      vertex 36.5911 8.2 37.6227
      vertex 36.5314 3 37.5148
      vertex 36.5911 3 37.6227
    endloop
  endfacet
  facet normal 0.382543 0 0.923938
    outer loop
      vertex 35.1227 8.2 37.1089
      vertex 35.2367 3 37.0617
      vertex 35.2367 8.2 37.0617
    endloop
  endfacet
  facet normal 0.382543 0 0.923938
    outer loop
      vertex 35.2367 3 37.0617
      vertex 35.1227 8.2 37.1089
      vertex 35.1227 3 37.1089
    endloop
  endfacet
  facet normal -0.382543 0 -0.923938
    outer loop
      vertex 35.9633 3 39.1383
      vertex 36.0773 8.2 39.0911
      vertex 36.0773 3 39.0911
    endloop
  endfacet
  facet normal -0.382543 0 -0.923938
    outer loop
      vertex 36.0773 8.2 39.0911
      vertex 35.9633 3 39.1383
      vertex 35.9633 8.2 39.1383
    endloop
  endfacet
  facet normal -0.666273 0 0.745708
    outer loop
      vertex 36.2858 8.2 37.24
      vertex 36.3778 3 37.3222
      vertex 36.3778 8.2 37.3222
    endloop
  endfacet
  facet normal -0.666273 0 0.745708
    outer loop
      vertex 36.3778 3 37.3222
      vertex 36.2858 8.2 37.24
      vertex 36.2858 3 37.24
    endloop
  endfacet
  facet normal 0.484127 0 0.874997
    outer loop
      vertex 35.0148 8.2 37.1686
      vertex 35.1227 3 37.1089
      vertex 35.1227 8.2 37.1089
    endloop
  endfacet
  facet normal 0.484127 0 0.874997
    outer loop
      vertex 35.1227 3 37.1089
      vertex 35.0148 8.2 37.1686
      vertex 35.0148 3 37.1686
    endloop
  endfacet
  facet normal -0.923938 0 -0.382543
    outer loop
      vertex 36.6383 3 38.4633
      vertex 36.5911 8.2 38.5773
      vertex 36.6383 8.2 38.4633
    endloop
  endfacet
  facet normal -0.923938 -0 -0.382543
    outer loop
      vertex 36.5911 8.2 38.5773
      vertex 36.6383 3 38.4633
      vertex 36.5911 3 38.5773
    endloop
  endfacet
  facet normal 0.998435 -0 0.0559189
    outer loop
      vertex 34.5 3 38.1
      vertex 34.5069 8.2 37.9768
      vertex 34.5 8.2 38.1
    endloop
  endfacet
  facet normal 0.998435 0 0.0559189
    outer loop
      vertex 34.5069 8.2 37.9768
      vertex 34.5 3 38.1
      vertex 34.5069 3 37.9768
    endloop
  endfacet
  facet normal -0.484127 0 0.874997
    outer loop
      vertex 36.0773 8.2 37.1089
      vertex 36.1852 3 37.1686
      vertex 36.1852 8.2 37.1686
    endloop
  endfacet
  facet normal -0.484127 0 0.874997
    outer loop
      vertex 36.1852 3 37.1686
      vertex 36.0773 8.2 37.1089
      vertex 36.0773 3 37.1089
    endloop
  endfacet
  facet normal -0.961002 0 -0.276541
    outer loop
      vertex 36.6724 3 38.3448
      vertex 36.6383 8.2 38.4633
      vertex 36.6724 8.2 38.3448
    endloop
  endfacet
  facet normal -0.961002 -0 -0.276541
    outer loop
      vertex 36.6383 8.2 38.4633
      vertex 36.6724 3 38.3448
      vertex 36.6383 3 38.4633
    endloop
  endfacet
  facet normal -0.666273 0 -0.745708
    outer loop
      vertex 36.2858 3 38.96
      vertex 36.3778 8.2 38.8778
      vertex 36.3778 3 38.8778
    endloop
  endfacet
  facet normal -0.666273 0 -0.745708
    outer loop
      vertex 36.3778 8.2 38.8778
      vertex 36.2858 3 38.96
      vertex 36.2858 8.2 38.96
    endloop
  endfacet
  facet normal -0.923938 0 0.382543
    outer loop
      vertex 36.5911 3 37.6227
      vertex 36.6383 8.2 37.7367
      vertex 36.5911 8.2 37.6227
    endloop
  endfacet
  facet normal -0.923938 0 0.382543
    outer loop
      vertex 36.6383 8.2 37.7367
      vertex 36.5911 3 37.6227
      vertex 36.6383 3 37.7367
    endloop
  endfacet
  facet normal 0.484127 0 -0.874997
    outer loop
      vertex 35.0148 3 39.0314
      vertex 35.1227 8.2 39.0911
      vertex 35.1227 3 39.0911
    endloop
  endfacet
  facet normal 0.484127 0 -0.874997
    outer loop
      vertex 35.1227 8.2 39.0911
      vertex 35.0148 3 39.0314
      vertex 35.0148 8.2 39.0314
    endloop
  endfacet
  facet normal -0.484127 0 -0.874997
    outer loop
      vertex 36.0773 3 39.0911
      vertex 36.1852 8.2 39.0314
      vertex 36.1852 3 39.0314
    endloop
  endfacet
  facet normal -0.484127 0 -0.874997
    outer loop
      vertex 36.1852 8.2 39.0314
      vertex 36.0773 3 39.0911
      vertex 36.0773 8.2 39.0911
    endloop
  endfacet
  facet normal 0.998435 0 -0.0559189
    outer loop
      vertex 34.5069 3 38.2232
      vertex 34.5 8.2 38.1
      vertex 34.5069 8.2 38.2232
    endloop
  endfacet
  facet normal 0.998435 0 -0.0559189
    outer loop
      vertex 34.5 8.2 38.1
      vertex 34.5069 3 38.2232
      vertex 34.5 3 38.1
    endloop
  endfacet
  facet normal 0.666273 0 -0.745708
    outer loop
      vertex 34.8222 3 38.8778
      vertex 34.9142 8.2 38.96
      vertex 34.9142 3 38.96
    endloop
  endfacet
  facet normal 0.666273 0 -0.745708
    outer loop
      vertex 34.9142 8.2 38.96
      vertex 34.8222 3 38.8778
      vertex 34.8222 8.2 38.8778
    endloop
  endfacet
  facet normal 0.666273 0 0.745708
    outer loop
      vertex 34.8222 8.2 37.3222
      vertex 34.9142 3 37.24
      vertex 34.9142 8.2 37.24
    endloop
  endfacet
  facet normal 0.666273 0 0.745708
    outer loop
      vertex 34.9142 3 37.24
      vertex 34.8222 8.2 37.3222
      vertex 34.8222 3 37.3222
    endloop
  endfacet
  facet normal 0.923938 -0 0.382543
    outer loop
      vertex 34.5617 3 37.7367
      vertex 34.6089 8.2 37.6227
      vertex 34.5617 8.2 37.7367
    endloop
  endfacet
  facet normal 0.923938 0 0.382543
    outer loop
      vertex 34.6089 8.2 37.6227
      vertex 34.5617 3 37.7367
      vertex 34.6089 3 37.6227
    endloop
  endfacet
  facet normal 0.276541 0 0.961002
    outer loop
      vertex 35.2367 8.2 37.0617
      vertex 35.3552 3 37.0276
      vertex 35.3552 8.2 37.0276
    endloop
  endfacet
  facet normal 0.276541 0 0.961002
    outer loop
      vertex 35.3552 3 37.0276
      vertex 35.2367 8.2 37.0617
      vertex 35.2367 3 37.0617
    endloop
  endfacet
  facet normal 0.167816 0 0.985818
    outer loop
      vertex 35.3552 8.2 37.0276
      vertex 35.4768 3 37.0069
      vertex 35.4768 8.2 37.0069
    endloop
  endfacet
  facet normal 0.167816 0 0.985818
    outer loop
      vertex 35.4768 3 37.0069
      vertex 35.3552 8.2 37.0276
      vertex 35.3552 3 37.0276
    endloop
  endfacet
  facet normal -0.0559189 0 0.998435
    outer loop
      vertex 35.6 8.2 37
      vertex 35.7232 3 37.0069
      vertex 35.7232 8.2 37.0069
    endloop
  endfacet
  facet normal -0.0559189 0 0.998435
    outer loop
      vertex 35.7232 3 37.0069
      vertex 35.6 8.2 37
      vertex 35.6 3 37
    endloop
  endfacet
  facet normal 0.815482 0 -0.578782
    outer loop
      vertex 34.74 3 38.7858
      vertex 34.6686 8.2 38.6852
      vertex 34.74 8.2 38.7858
    endloop
  endfacet
  facet normal 0.815482 0 -0.578782
    outer loop
      vertex 34.6686 8.2 38.6852
      vertex 34.74 3 38.7858
      vertex 34.6686 3 38.6852
    endloop
  endfacet
  facet normal 0.985818 0 -0.167816
    outer loop
      vertex 34.5276 3 38.3448
      vertex 34.5069 8.2 38.2232
      vertex 34.5276 8.2 38.3448
    endloop
  endfacet
  facet normal 0.985818 0 -0.167816
    outer loop
      vertex 34.5069 8.2 38.2232
      vertex 34.5276 3 38.3448
      vertex 34.5069 3 38.2232
    endloop
  endfacet
  facet normal -0.0559189 0 -0.998435
    outer loop
      vertex 35.6 3 39.2
      vertex 35.7232 8.2 39.1931
      vertex 35.7232 3 39.1931
    endloop
  endfacet
  facet normal -0.0559189 0 -0.998435
    outer loop
      vertex 35.7232 8.2 39.1931
      vertex 35.6 3 39.2
      vertex 35.6 8.2 39.2
    endloop
  endfacet
  facet normal 0.745708 -0 0.666273
    outer loop
      vertex 34.74 3 37.4142
      vertex 34.8222 8.2 37.3222
      vertex 34.74 8.2 37.4142
    endloop
  endfacet
  facet normal 0.745708 0 0.666273
    outer loop
      vertex 34.8222 8.2 37.3222
      vertex 34.74 3 37.4142
      vertex 34.8222 3 37.3222
    endloop
  endfacet
  facet normal 0.578782 0 -0.815482
    outer loop
      vertex 34.9142 3 38.96
      vertex 35.0148 8.2 39.0314
      vertex 35.0148 3 39.0314
    endloop
  endfacet
  facet normal 0.578782 0 -0.815482
    outer loop
      vertex 35.0148 8.2 39.0314
      vertex 34.9142 3 38.96
      vertex 34.9142 8.2 38.96
    endloop
  endfacet
  facet normal 0.961002 -0 0.276541
    outer loop
      vertex 34.5276 3 37.8552
      vertex 34.5617 8.2 37.7367
      vertex 34.5276 8.2 37.8552
    endloop
  endfacet
  facet normal 0.961002 0 0.276541
    outer loop
      vertex 34.5617 8.2 37.7367
      vertex 34.5276 3 37.8552
      vertex 34.5617 3 37.7367
    endloop
  endfacet
  facet normal 0.0559189 0 0.998435
    outer loop
      vertex 35.4768 8.2 37.0069
      vertex 35.6 3 37
      vertex 35.6 8.2 37
    endloop
  endfacet
  facet normal 0.0559189 0 0.998435
    outer loop
      vertex 35.6 3 37
      vertex 35.4768 8.2 37.0069
      vertex 35.4768 3 37.0069
    endloop
  endfacet
  facet normal 0.985818 -0 0.167816
    outer loop
      vertex 34.5069 3 37.9768
      vertex 34.5276 8.2 37.8552
      vertex 34.5069 8.2 37.9768
    endloop
  endfacet
  facet normal 0.985818 0 0.167816
    outer loop
      vertex 34.5276 8.2 37.8552
      vertex 34.5069 3 37.9768
      vertex 34.5276 3 37.8552
    endloop
  endfacet
  facet normal 0.874997 -0 0.484127
    outer loop
      vertex 34.6089 3 37.6227
      vertex 34.6686 8.2 37.5148
      vertex 34.6089 8.2 37.6227
    endloop
  endfacet
  facet normal 0.874997 0 0.484127
    outer loop
      vertex 34.6686 8.2 37.5148
      vertex 34.6089 3 37.6227
      vertex 34.6686 3 37.5148
    endloop
  endfacet
  facet normal 0.382543 0 -0.923938
    outer loop
      vertex 35.1227 3 39.0911
      vertex 35.2367 8.2 39.1383
      vertex 35.2367 3 39.1383
    endloop
  endfacet
  facet normal 0.382543 0 -0.923938
    outer loop
      vertex 35.2367 8.2 39.1383
      vertex 35.1227 3 39.0911
      vertex 35.1227 8.2 39.0911
    endloop
  endfacet
  facet normal 0.98587 0 -0.167514
    outer loop
      vertex 9.97485 22.7 5.55214
      vertex 9.89971 28.3 5.10992
      vertex 9.97485 28.3 5.55214
    endloop
  endfacet
  facet normal 0.98587 0 -0.167514
    outer loop
      vertex 9.89971 28.3 5.10992
      vertex 9.97485 22.7 5.55214
      vertex 9.89971 22.7 5.10992
    endloop
  endfacet
  facet normal 0.98587 0 -0.167514
    outer loop
      vertex 9.97485 30.1 5.55214
      vertex 9.89971 31.2 5.10992
      vertex 9.97485 31.2 5.55214
    endloop
  endfacet
  facet normal 0.98587 0 -0.167514
    outer loop
      vertex 9.89971 31.2 5.10992
      vertex 9.97485 30.1 5.55214
      vertex 9.89971 30.1 5.10992
    endloop
  endfacet
  facet normal 0.998427 0 -0.0560676
    outer loop
      vertex 10 22.7 6
      vertex 9.97485 28.3 5.55214
      vertex 10 28.3 6
    endloop
  endfacet
  facet normal 0.998427 0 -0.0560676
    outer loop
      vertex 9.97485 28.3 5.55214
      vertex 10 22.7 6
      vertex 9.97485 22.7 5.55214
    endloop
  endfacet
  facet normal 0.998427 0 -0.0560676
    outer loop
      vertex 10 30.1 6
      vertex 9.97485 31.2 5.55214
      vertex 10 31.2 6
    endloop
  endfacet
  facet normal 0.998427 0 -0.0560676
    outer loop
      vertex 9.97485 31.2 5.55214
      vertex 10 30.1 6
      vertex 9.97485 30.1 5.55214
    endloop
  endfacet
  facet normal 0.815561 -0 0.578671
    outer loop
      vertex 9.12733 22.7 8.49396
      vertex 9.3869 31.2 8.12813
      vertex 9.12733 31.2 8.49396
    endloop
  endfacet
  facet normal 0.815561 0 0.578671
    outer loop
      vertex 9.3869 31.2 8.12813
      vertex 9.12733 22.7 8.49396
      vertex 9.3869 22.7 8.12813
    endloop
  endfacet
  facet normal 0.483604 0 -0.875287
    outer loop
      vertex 8.10442 30.1 2.6
      vertex 8.12813 31.2 2.6131
      vertex 8.12813 30.1 2.6131
    endloop
  endfacet
  facet normal 0.483604 0 -0.875287
    outer loop
      vertex 8.12813 31.2 2.6131
      vertex 8.10442 30.1 2.6
      vertex 8.10442 31.2 2.6
    endloop
  endfacet
  facet normal 0.578671 0 0.815561
    outer loop
      vertex 8.12813 31.2 9.3869
      vertex 8.49396 22.7 9.12733
      vertex 8.49396 31.2 9.12733
    endloop
  endfacet
  facet normal 0.578671 0 0.815561
    outer loop
      vertex 8.49396 22.7 9.12733
      vertex 8.12813 31.2 9.3869
      vertex 8.12813 22.7 9.3869
    endloop
  endfacet
  facet normal -0.875226 0 0.483715
    outer loop
      vertex 2.39612 22.7 7.73553
      vertex 2.6131 31.2 8.12813
      vertex 2.39612 31.2 7.73553
    endloop
  endfacet
  facet normal -0.875226 0 0.483715
    outer loop
      vertex 2.6131 31.2 8.12813
      vertex 2.39612 22.7 7.73553
      vertex 2.6131 22.7 8.12813
    endloop
  endfacet
  facet normal 0.0560676 0 0.998427
    outer loop
      vertex 6 31.2 10
      vertex 6.44786 22.7 9.97485
      vertex 6.44786 31.2 9.97485
    endloop
  endfacet
  facet normal 0.0560676 0 0.998427
    outer loop
      vertex 6.44786 22.7 9.97485
      vertex 6 31.2 10
      vertex 6 22.7 10
    endloop
  endfacet
  facet normal -0.923879 0 0.382684
    outer loop
      vertex 2.29856 22.7 7.5
      vertex 2.39612 31.2 7.73553
      vertex 2.29856 31.2 7.5
    endloop
  endfacet
  facet normal -0.923879 0 0.382684
    outer loop
      vertex 2.39612 31.2 7.73553
      vertex 2.29856 22.7 7.5
      vertex 2.39612 22.7 7.73553
    endloop
  endfacet
  facet normal -0.815561 0 0.578671
    outer loop
      vertex 2.6131 22.7 8.12813
      vertex 2.87267 31.2 8.49396
      vertex 2.6131 31.2 8.12813
    endloop
  endfacet
  facet normal -0.815561 0 0.578671
    outer loop
      vertex 2.87267 31.2 8.49396
      vertex 2.6131 22.7 8.12813
      vertex 2.87267 22.7 8.49396
    endloop
  endfacet
  facet normal -0.578671 0 0.815561
    outer loop
      vertex 3.50604 31.2 9.12733
      vertex 3.87187 22.7 9.3869
      vertex 3.87187 31.2 9.3869
    endloop
  endfacet
  facet normal -0.578671 0 0.815561
    outer loop
      vertex 3.87187 22.7 9.3869
      vertex 3.50604 31.2 9.12733
      vertex 3.50604 22.7 9.12733
    endloop
  endfacet
  facet normal 0.276835 0 0.960918
    outer loop
      vertex 6.89008 31.2 9.89971
      vertex 7.32112 22.7 9.77553
      vertex 7.32112 31.2 9.77553
    endloop
  endfacet
  facet normal 0.276835 0 0.960918
    outer loop
      vertex 7.32112 22.7 9.77553
      vertex 6.89008 31.2 9.89971
      vertex 6.89008 22.7 9.89971
    endloop
  endfacet
  facet normal 0.815561 0 -0.578671
    outer loop
      vertex 9.3869 30.1 3.87187
      vertex 9.12733 31.2 3.50604
      vertex 9.3869 31.2 3.87187
    endloop
  endfacet
  facet normal 0.815561 0 -0.578671
    outer loop
      vertex 9.12733 31.2 3.50604
      vertex 9.3869 30.1 3.87187
      vertex 9.12733 30.1 3.50604
    endloop
  endfacet
  facet normal -0.276835 0 0.960918
    outer loop
      vertex 4.67888 31.2 9.77553
      vertex 5.10992 22.7 9.89971
      vertex 5.10992 31.2 9.89971
    endloop
  endfacet
  facet normal -0.276835 0 0.960918
    outer loop
      vertex 5.10992 22.7 9.89971
      vertex 4.67888 31.2 9.77553
      vertex 4.67888 22.7 9.77553
    endloop
  endfacet
  facet normal 0.382675 0 0.923883
    outer loop
      vertex 7.32112 31.2 9.77553
      vertex 7.73553 22.7 9.60388
      vertex 7.73553 31.2 9.60388
    endloop
  endfacet
  facet normal 0.382675 0 0.923883
    outer loop
      vertex 7.73553 22.7 9.60388
      vertex 7.32112 31.2 9.77553
      vertex 7.32112 22.7 9.77553
    endloop
  endfacet
  facet normal 0.98587 8.36214e-07 0.167514
    outer loop
      vertex 9.89971 31.2 6.89008
      vertex 9.949 30.1 6.6
      vertex 9.97485 31.2 6.44786
    endloop
  endfacet
  facet normal 0.985869 0 0.167518
    outer loop
      vertex 9.89971 31.2 6.89008
      vertex 9.949 28.3 6.6
      vertex 9.949 30.1 6.6
    endloop
  endfacet
  facet normal 0.985869 -0 0.167518
    outer loop
      vertex 9.89971 22.7 6.89008
      vertex 9.949 28.3 6.6
      vertex 9.89971 31.2 6.89008
    endloop
  endfacet
  facet normal 0.98587 -1.64256e-07 0.167514
    outer loop
      vertex 9.97485 22.7 6.44786
      vertex 9.949 28.3 6.6
      vertex 9.89971 22.7 6.89008
    endloop
  endfacet
  facet normal 0.985871 0 0.167509
    outer loop
      vertex 9.949 28.3 6.6
      vertex 9.97485 22.7 6.44786
      vertex 9.97485 28.3 6.44786
    endloop
  endfacet
  facet normal 0.985871 0 0.167509
    outer loop
      vertex 9.97485 31.2 6.44786
      vertex 9.949 30.1 6.6
      vertex 9.97485 30.1 6.44786
    endloop
  endfacet
  facet normal 0.87522 0 -0.483724
    outer loop
      vertex 9.60388 30.1 4.26446
      vertex 9.3869 31.2 3.87187
      vertex 9.60388 31.2 4.26446
    endloop
  endfacet
  facet normal 0.87522 0 -0.483724
    outer loop
      vertex 9.3869 31.2 3.87187
      vertex 9.60388 30.1 4.26446
      vertex 9.3869 30.1 3.87187
    endloop
  endfacet
  facet normal 0.923886 0 -0.382667
    outer loop
      vertex 9.77553 30.1 4.67888
      vertex 9.60388 31.2 4.26446
      vertex 9.77553 31.2 4.67888
    endloop
  endfacet
  facet normal 0.923886 0 -0.382667
    outer loop
      vertex 9.60388 31.2 4.26446
      vertex 9.77553 30.1 4.67888
      vertex 9.60388 30.1 4.26446
    endloop
  endfacet
  facet normal 0.960918 -0 0.276835
    outer loop
      vertex 9.77553 22.7 7.32112
      vertex 9.89971 31.2 6.89008
      vertex 9.77553 31.2 7.32112
    endloop
  endfacet
  facet normal 0.960918 0 0.276835
    outer loop
      vertex 9.89971 31.2 6.89008
      vertex 9.77553 22.7 7.32112
      vertex 9.89971 22.7 6.89008
    endloop
  endfacet
  facet normal 0 -1 0
    outer loop
      vertex 2.2 22.7 5.4
      vertex 2.29856 22.7 7.5
      vertex 2.2 22.7 7.5
    endloop
  endfacet
  facet normal 0 -1 0
    outer loop
      vertex 2.29856 22.7 7.5
      vertex 6 22.7 7.05
      vertex 9.77553 22.7 7.32112
    endloop
  endfacet
  facet normal 0 -1 0
    outer loop
      vertex 2.29856 22.7 7.5
      vertex 5.88244 22.7 7.0434
      vertex 6 22.7 7.05
    endloop
  endfacet
  facet normal 0 -1 0
    outer loop
      vertex 2.29856 22.7 7.5
      vertex 5.76635 22.7 7.02367
      vertex 5.88244 22.7 7.0434
    endloop
  endfacet
  facet normal 0 -1 0
    outer loop
      vertex 2.29856 22.7 7.5
      vertex 5.65321 22.7 6.99108
      vertex 5.76635 22.7 7.02367
    endloop
  endfacet
  facet normal 0 -1 0
    outer loop
      vertex 2.29856 22.7 7.5
      vertex 5.54442 22.7 6.94602
      vertex 5.65321 22.7 6.99108
    endloop
  endfacet
  facet normal 0 -1 0
    outer loop
      vertex 2.29856 22.7 7.5
      vertex 5.44137 22.7 6.88906
      vertex 5.54442 22.7 6.94602
    endloop
  endfacet
  facet normal 0 -1 0
    outer loop
      vertex 2.29856 22.7 7.5
      vertex 5.34534 22.7 6.82092
      vertex 5.44137 22.7 6.88906
    endloop
  endfacet
  facet normal 0 -1 0
    outer loop
      vertex 2.29856 22.7 7.5
      vertex 5.25754 22.7 6.74246
      vertex 5.34534 22.7 6.82092
    endloop
  endfacet
  facet normal 0 -1 0
    outer loop
      vertex 2.29856 22.7 7.5
      vertex 5.17908 22.7 6.65466
      vertex 5.25754 22.7 6.74246
    endloop
  endfacet
  facet normal 0 -1 0
    outer loop
      vertex 2.29856 22.7 7.5
      vertex 5.11094 22.7 6.55863
      vertex 5.17908 22.7 6.65466
    endloop
  endfacet
  facet normal 0 -1 0
    outer loop
      vertex 2.29856 22.7 7.5
      vertex 5.05398 22.7 6.45558
      vertex 5.11094 22.7 6.55863
    endloop
  endfacet
  facet normal 0 -1 0
    outer loop
      vertex 2.29856 22.7 7.5
      vertex 5.00892 22.7 6.34679
      vertex 5.05398 22.7 6.45558
    endloop
  endfacet
  facet normal 0 -1 0
    outer loop
      vertex 2.29856 22.7 7.5
      vertex 4.97633 22.7 6.23365
      vertex 5.00892 22.7 6.34679
    endloop
  endfacet
  facet normal 0 -1 0
    outer loop
      vertex 2.29856 22.7 7.5
      vertex 4.9566 22.7 6.11756
      vertex 4.97633 22.7 6.23365
    endloop
  endfacet
  facet normal 0 -1 -0
    outer loop
      vertex 2.29856 22.7 7.5
      vertex 2.2 22.7 5.4
      vertex 4.9566 22.7 6.11756
    endloop
  endfacet
  facet normal 0 -1 0
    outer loop
      vertex 4.9566 22.7 6.11756
      vertex 2.2 22.7 5.4
      vertex 4.95 22.7 6
    endloop
  endfacet
  facet normal 0 -1 -0
    outer loop
      vertex 4.95 22.7 6
      vertex 2.2 22.7 5.4
      vertex 4.9566 22.7 5.88244
    endloop
  endfacet
  facet normal 0 -1 -0
    outer loop
      vertex 4.9566 22.7 5.88244
      vertex 2.2 22.7 5.4
      vertex 4.97633 22.7 5.76635
    endloop
  endfacet
  facet normal 0 -1 -0
    outer loop
      vertex 4.97633 22.7 5.76635
      vertex 2.2 22.7 5.4
      vertex 5.00892 22.7 5.65321
    endloop
  endfacet
  facet normal 0 -1 0
    outer loop
      vertex 2.21761 22.7 5.0865
      vertex 5.00892 22.7 5.65321
      vertex 2.2 22.7 5.4
    endloop
  endfacet
  facet normal 0 -1 0
    outer loop
      vertex 2.2702 22.7 4.77694
      vertex 5.00892 22.7 5.65321
      vertex 2.21761 22.7 5.0865
    endloop
  endfacet
  facet normal 0 -1 -0
    outer loop
      vertex 5.00892 22.7 5.65321
      vertex 2.2702 22.7 4.77694
      vertex 5.05398 22.7 5.54442
    endloop
  endfacet
  facet normal 0 -1 0
    outer loop
      vertex 2.35713 22.7 4.47522
      vertex 5.05398 22.7 5.54442
      vertex 2.2702 22.7 4.77694
    endloop
  endfacet
  facet normal 0 -1 0
    outer loop
      vertex 2.47729 22.7 4.18512
      vertex 5.05398 22.7 5.54442
      vertex 2.35713 22.7 4.47522
    endloop
  endfacet
  facet normal 0 -1 -0
    outer loop
      vertex 5.05398 22.7 5.54442
      vertex 2.47729 22.7 4.18512
      vertex 5.11094 22.7 5.44137
    endloop
  endfacet
  facet normal 0 -1 0
    outer loop
      vertex 2.62917 22.7 3.91031
      vertex 5.11094 22.7 5.44137
      vertex 2.47729 22.7 4.18512
    endloop
  endfacet
  facet normal 0 -1 0
    outer loop
      vertex 2.81087 22.7 3.65423
      vertex 5.11094 22.7 5.44137
      vertex 2.62917 22.7 3.91031
    endloop
  endfacet
  facet normal 0 -1 -0
    outer loop
      vertex 5.11094 22.7 5.44137
      vertex 2.81087 22.7 3.65423
      vertex 5.17908 22.7 5.34534
    endloop
  endfacet
  facet normal 0 -1 0
    outer loop
      vertex 3.0201 22.7 3.4201
      vertex 5.17908 22.7 5.34534
      vertex 2.81087 22.7 3.65423
    endloop
  endfacet
  facet normal 0 -1 0
    outer loop
      vertex 3.25423 22.7 3.21087
      vertex 5.17908 22.7 5.34534
      vertex 3.0201 22.7 3.4201
    endloop
  endfacet
  facet normal 0 -1 -0
    outer loop
      vertex 5.17908 22.7 5.34534
      vertex 3.25423 22.7 3.21087
      vertex 5.25754 22.7 5.25754
    endloop
  endfacet
  facet normal 0 -1 0
    outer loop
      vertex 3.51031 22.7 3.02917
      vertex 5.25754 22.7 5.25754
      vertex 3.25423 22.7 3.21087
    endloop
  endfacet
  facet normal 0 -1 0
    outer loop
      vertex 5.55214 22.7 9.97485
      vertex 6.44786 22.7 9.97485
      vertex 6 22.7 10
    endloop
  endfacet
  facet normal 0 -1 0
    outer loop
      vertex 5.10992 22.7 9.89971
      vertex 6.44786 22.7 9.97485
      vertex 5.55214 22.7 9.97485
    endloop
  endfacet
  facet normal 0 -1 0
    outer loop
      vertex 5.10992 22.7 9.89971
      vertex 6.89008 22.7 9.89971
      vertex 6.44786 22.7 9.97485
    endloop
  endfacet
  facet normal 0 -1 0
    outer loop
      vertex 4.67888 22.7 9.77553
      vertex 6.89008 22.7 9.89971
      vertex 5.10992 22.7 9.89971
    endloop
  endfacet
  facet normal 0 -1 0
    outer loop
      vertex 4.67888 22.7 9.77553
      vertex 7.32112 22.7 9.77553
      vertex 6.89008 22.7 9.89971
    endloop
  endfacet
  facet normal 0 -1 0
    outer loop
      vertex 4.26446 22.7 9.60388
      vertex 7.32112 22.7 9.77553
      vertex 4.67888 22.7 9.77553
    endloop
  endfacet
  facet normal 0 -1 0
    outer loop
      vertex 4.26446 22.7 9.60388
      vertex 7.73553 22.7 9.60388
      vertex 7.32112 22.7 9.77553
    endloop
  endfacet
  facet normal 0 -1 0
    outer loop
      vertex 3.87187 22.7 9.3869
      vertex 7.73553 22.7 9.60388
      vertex 4.26446 22.7 9.60388
    endloop
  endfacet
  facet normal 0 -1 0
    outer loop
      vertex 3.87187 22.7 9.3869
      vertex 8.12813 22.7 9.3869
      vertex 7.73553 22.7 9.60388
    endloop
  endfacet
  facet normal 0 -1 0
    outer loop
      vertex 3.50604 22.7 9.12733
      vertex 8.12813 22.7 9.3869
      vertex 3.87187 22.7 9.3869
    endloop
  endfacet
  facet normal 0 -1 0
    outer loop
      vertex 3.50604 22.7 9.12733
      vertex 8.49396 22.7 9.12733
      vertex 8.12813 22.7 9.3869
    endloop
  endfacet
  facet normal 0 -1 0
    outer loop
      vertex 3.17157 22.7 8.82843
      vertex 8.49396 22.7 9.12733
      vertex 3.50604 22.7 9.12733
    endloop
  endfacet
  facet normal 0 -1 0
    outer loop
      vertex 3.17157 22.7 8.82843
      vertex 8.82843 22.7 8.82843
      vertex 8.49396 22.7 9.12733
    endloop
  endfacet
  facet normal 0 -1 0
    outer loop
      vertex 2.87267 22.7 8.49396
      vertex 8.82843 22.7 8.82843
      vertex 3.17157 22.7 8.82843
    endloop
  endfacet
  facet normal 0 -1 0
    outer loop
      vertex 2.87267 22.7 8.49396
      vertex 9.12733 22.7 8.49396
      vertex 8.82843 22.7 8.82843
    endloop
  endfacet
  facet normal 0 -1 0
    outer loop
      vertex 2.6131 22.7 8.12813
      vertex 9.12733 22.7 8.49396
      vertex 2.87267 22.7 8.49396
    endloop
  endfacet
  facet normal 0 -1 0
    outer loop
      vertex 2.6131 22.7 8.12813
      vertex 9.3869 22.7 8.12813
      vertex 9.12733 22.7 8.49396
    endloop
  endfacet
  facet normal 0 -1 0
    outer loop
      vertex 2.29856 22.7 7.5
      vertex 2.6131 22.7 8.12813
      vertex 2.39612 22.7 7.73553
    endloop
  endfacet
  facet normal 0 -1 -0
    outer loop
      vertex 2.6131 22.7 8.12813
      vertex 2.29856 22.7 7.5
      vertex 9.3869 22.7 8.12813
    endloop
  endfacet
  facet normal 0 -1 -0
    outer loop
      vertex 9.3869 22.7 8.12813
      vertex 2.29856 22.7 7.5
      vertex 9.60388 22.7 7.73553
    endloop
  endfacet
  facet normal 0 -1 -0
    outer loop
      vertex 9.60388 22.7 7.73553
      vertex 2.29856 22.7 7.5
      vertex 9.77553 22.7 7.32112
    endloop
  endfacet
  facet normal 0 -1 0
    outer loop
      vertex 6.11756 22.7 7.0434
      vertex 9.77553 22.7 7.32112
      vertex 6 22.7 7.05
    endloop
  endfacet
  facet normal 0 -1 0
    outer loop
      vertex 6.23365 22.7 7.02367
      vertex 9.77553 22.7 7.32112
      vertex 6.11756 22.7 7.0434
    endloop
  endfacet
  facet normal 0 -1 0
    outer loop
      vertex 6.34679 22.7 6.99108
      vertex 9.77553 22.7 7.32112
      vertex 6.23365 22.7 7.02367
    endloop
  endfacet
  facet normal 0 -1 0
    outer loop
      vertex 6.45558 22.7 6.94602
      vertex 9.77553 22.7 7.32112
      vertex 6.34679 22.7 6.99108
    endloop
  endfacet
  facet normal 0 -1 0
    outer loop
      vertex 6.55863 22.7 6.88906
      vertex 9.77553 22.7 7.32112
      vertex 6.45558 22.7 6.94602
    endloop
  endfacet
  facet normal 0 -1 0
    outer loop
      vertex 6.65466 22.7 6.82092
      vertex 9.77553 22.7 7.32112
      vertex 6.55863 22.7 6.88906
    endloop
  endfacet
  facet normal 0 -1 0
    outer loop
      vertex 6.74246 22.7 6.74246
      vertex 9.77553 22.7 7.32112
      vertex 6.65466 22.7 6.82092
    endloop
  endfacet
  facet normal 0 -1 0
    outer loop
      vertex 6.82092 22.7 6.65466
      vertex 9.77553 22.7 7.32112
      vertex 6.74246 22.7 6.74246
    endloop
  endfacet
  facet normal 0 -1 0
    outer loop
      vertex 6.88906 22.7 6.55863
      vertex 9.77553 22.7 7.32112
      vertex 6.82092 22.7 6.65466
    endloop
  endfacet
  facet normal 0 -1 0
    outer loop
      vertex 6.94602 22.7 6.45558
      vertex 9.77553 22.7 7.32112
      vertex 6.88906 22.7 6.55863
    endloop
  endfacet
  facet normal 0 -1 0
    outer loop
      vertex 6.99108 22.7 6.34679
      vertex 9.77553 22.7 7.32112
      vertex 6.94602 22.7 6.45558
    endloop
  endfacet
  facet normal 0 -1 -0
    outer loop
      vertex 9.77553 22.7 7.32112
      vertex 6.99108 22.7 6.34679
      vertex 9.89971 22.7 6.89008
    endloop
  endfacet
  facet normal 0 -1 0
    outer loop
      vertex 7.02367 22.7 6.23365
      vertex 9.89971 22.7 6.89008
      vertex 6.99108 22.7 6.34679
    endloop
  endfacet
  facet normal 0 -1 0
    outer loop
      vertex 9.89971 22.7 6.89008
      vertex 7.02367 22.7 6.23365
      vertex 9.8 22.7 6.1
    endloop
  endfacet
  facet normal 0 -1 0
    outer loop
      vertex 9.8 22.7 6.1
      vertex 7.02367 22.7 6.23365
      vertex 7.0434 22.7 6.11756
    endloop
  endfacet
  facet normal 0 -1 0
    outer loop
      vertex 9.8 22.7 6.1
      vertex 7.0434 22.7 6.11756
      vertex 7.04438 22.7 6.1
    endloop
  endfacet
  facet normal 0 -1 -0
    outer loop
      vertex 9.89971 22.7 6.89008
      vertex 9.8 22.7 6.1
      vertex 9.97485 22.7 6.44786
    endloop
  endfacet
  facet normal 0 -1 0
    outer loop
      vertex 9.8 22.7 6.1
      vertex 10 22.7 6
      vertex 9.97485 22.7 6.44786
    endloop
  endfacet
  facet normal 0 -1 0
    outer loop
      vertex 9.8 22.7 6.1
      vertex 9.97485 22.7 5.55214
      vertex 10 22.7 6
    endloop
  endfacet
  facet normal 0 -1 0
    outer loop
      vertex 9.8 22.7 6.1
      vertex 9.89971 22.7 5.10992
      vertex 9.97485 22.7 5.55214
    endloop
  endfacet
  facet normal -0 -1 0
    outer loop
      vertex 9.89971 22.7 5.10992
      vertex 9.8 22.7 6.1
      vertex 9.8 22.7 4.76381
    endloop
  endfacet
  facet normal 0 -1 0
    outer loop
      vertex 3.78512 22.7 2.87729
      vertex 5.25754 22.7 5.25754
      vertex 3.51031 22.7 3.02917
    endloop
  endfacet
  facet normal 0 -1 -0
    outer loop
      vertex 5.25754 22.7 5.25754
      vertex 3.78512 22.7 2.87729
      vertex 5.34534 22.7 5.17908
    endloop
  endfacet
  facet normal 0 -1 0
    outer loop
      vertex 4.07522 22.7 2.75713
      vertex 5.34534 22.7 5.17908
      vertex 3.78512 22.7 2.87729
    endloop
  endfacet
  facet normal 0 -1 -0
    outer loop
      vertex 5.34534 22.7 5.17908
      vertex 4.07522 22.7 2.75713
      vertex 5.44137 22.7 5.11094
    endloop
  endfacet
  facet normal 0 -1 0
    outer loop
      vertex 4.37694 22.7 2.6702
      vertex 5.44137 22.7 5.11094
      vertex 4.07522 22.7 2.75713
    endloop
  endfacet
  facet normal 0 -1 0
    outer loop
      vertex 4.6865 22.7 2.61761
      vertex 5.44137 22.7 5.11094
      vertex 4.37694 22.7 2.6702
    endloop
  endfacet
  facet normal 0 -1 -0
    outer loop
      vertex 5.44137 22.7 5.11094
      vertex 4.6865 22.7 2.61761
      vertex 5.54442 22.7 5.05398
    endloop
  endfacet
  facet normal 0 -1 0
    outer loop
      vertex 5 22.7 2.6
      vertex 5.54442 22.7 5.05398
      vertex 4.6865 22.7 2.61761
    endloop
  endfacet
  facet normal 0 -1 -0
    outer loop
      vertex 5.54442 22.7 5.05398
      vertex 5 22.7 2.6
      vertex 5.65321 22.7 5.00892
    endloop
  endfacet
  facet normal 0 -1 -0
    outer loop
      vertex 5.65321 22.7 5.00892
      vertex 5 22.7 2.6
      vertex 5.76635 22.7 4.97633
    endloop
  endfacet
  facet normal 0 -1 -0
    outer loop
      vertex 5.76635 22.7 4.97633
      vertex 5 22.7 2.6
      vertex 5.88244 22.7 4.9566
    endloop
  endfacet
  facet normal 0 -1 -0
    outer loop
      vertex 5.88244 22.7 4.9566
      vertex 5 22.7 2.6
      vertex 6 22.7 4.95
    endloop
  endfacet
  facet normal 0 -1 0
    outer loop
      vertex 7 22.7 2.6
      vertex 6 22.7 4.95
      vertex 5 22.7 2.6
    endloop
  endfacet
  facet normal 0 -1 0
    outer loop
      vertex 6 22.7 4.95
      vertex 7 22.7 2.6
      vertex 6.11756 22.7 4.9566
    endloop
  endfacet
  facet normal 0 -1 0
    outer loop
      vertex 6.11756 22.7 4.9566
      vertex 7 22.7 2.6
      vertex 6.23365 22.7 4.97633
    endloop
  endfacet
  facet normal 0 -1 0
    outer loop
      vertex 6.23365 22.7 4.97633
      vertex 7 22.7 2.6
      vertex 6.34679 22.7 5.00892
    endloop
  endfacet
  facet normal 0 -1 0
    outer loop
      vertex 6.34679 22.7 5.00892
      vertex 7 22.7 2.6
      vertex 6.45558 22.7 5.05398
    endloop
  endfacet
  facet normal 0 -1 0
    outer loop
      vertex 6.45558 22.7 5.05398
      vertex 7 22.7 2.6
      vertex 6.55863 22.7 5.11094
    endloop
  endfacet
  facet normal 0 -1 0
    outer loop
      vertex 6.55863 22.7 5.11094
      vertex 7 22.7 2.6
      vertex 6.65466 22.7 5.17908
    endloop
  endfacet
  facet normal 0 -1 0
    outer loop
      vertex 6.65466 22.7 5.17908
      vertex 7 22.7 2.6
      vertex 6.74246 22.7 5.25754
    endloop
  endfacet
  facet normal 0 -1 0
    outer loop
      vertex 6.74246 22.7 5.25754
      vertex 7 22.7 2.6
      vertex 6.82092 22.7 5.34534
    endloop
  endfacet
  facet normal 0 -1 0
    outer loop
      vertex 6.99108 22.7 5.65321
      vertex 7 22.7 2.6
      vertex 7 22.7 5.68418
    endloop
  endfacet
  facet normal 0 -1 0
    outer loop
      vertex 6.94602 22.7 5.54442
      vertex 7 22.7 2.6
      vertex 6.99108 22.7 5.65321
    endloop
  endfacet
  facet normal 0 -1 0
    outer loop
      vertex 6.88906 22.7 5.44137
      vertex 7 22.7 2.6
      vertex 6.94602 22.7 5.54442
    endloop
  endfacet
  facet normal 0 -1 0
    outer loop
      vertex 6.82092 22.7 5.34534
      vertex 7 22.7 2.6
      vertex 6.88906 22.7 5.44137
    endloop
  endfacet
  facet normal 0 -1 0
    outer loop
      vertex 0 22.7 5
      vertex 0 22.7 4.5
      vertex 0.0280793 22.7 4.5
    endloop
  endfacet
  facet normal 0 -1 0
    outer loop
      vertex 4.5 22.7 0.0280793
      vertex 4.5 22.7 0
      vertex 5 22.7 0
    endloop
  endfacet
  facet normal -0.666346 0 0.745643
    outer loop
      vertex 3.17157 31.2 8.82843
      vertex 3.50604 22.7 9.12733
      vertex 3.50604 31.2 9.12733
    endloop
  endfacet
  facet normal -0.666346 0 0.745643
    outer loop
      vertex 3.50604 22.7 9.12733
      vertex 3.17157 31.2 8.82843
      vertex 3.17157 22.7 8.82843
    endloop
  endfacet
  facet normal 0.666346 0 -0.745643
    outer loop
      vertex 8.49396 30.1 2.87267
      vertex 8.82843 31.2 3.17157
      vertex 8.82843 30.1 3.17157
    endloop
  endfacet
  facet normal 0.666346 0 -0.745643
    outer loop
      vertex 8.82843 31.2 3.17157
      vertex 8.49396 30.1 2.87267
      vertex 8.49396 31.2 2.87267
    endloop
  endfacet
  facet normal 0.167514 0 0.98587
    outer loop
      vertex 6.44786 31.2 9.97485
      vertex 6.89008 22.7 9.89971
      vertex 6.89008 31.2 9.89971
    endloop
  endfacet
  facet normal 0.167514 0 0.98587
    outer loop
      vertex 6.89008 22.7 9.89971
      vertex 6.44786 31.2 9.97485
      vertex 6.44786 22.7 9.97485
    endloop
  endfacet
  facet normal 0.666346 0 0.745643
    outer loop
      vertex 8.49396 31.2 9.12733
      vertex 8.82843 22.7 8.82843
      vertex 8.82843 31.2 8.82843
    endloop
  endfacet
  facet normal 0.666346 0 0.745643
    outer loop
      vertex 8.82843 22.7 8.82843
      vertex 8.49396 31.2 9.12733
      vertex 8.49396 22.7 9.12733
    endloop
  endfacet
  facet normal 0.923883 -0 0.382675
    outer loop
      vertex 9.60388 22.7 7.73553
      vertex 9.77553 31.2 7.32112
      vertex 9.60388 31.2 7.73553
    endloop
  endfacet
  facet normal 0.923883 0 0.382675
    outer loop
      vertex 9.77553 31.2 7.32112
      vertex 9.60388 22.7 7.73553
      vertex 9.77553 22.7 7.32112
    endloop
  endfacet
  facet normal 0.745643 -0 0.666346
    outer loop
      vertex 8.82843 22.7 8.82843
      vertex 9.12733 31.2 8.49396
      vertex 8.82843 31.2 8.82843
    endloop
  endfacet
  facet normal 0.745643 0 0.666346
    outer loop
      vertex 9.12733 31.2 8.49396
      vertex 8.82843 22.7 8.82843
      vertex 9.12733 22.7 8.49396
    endloop
  endfacet
  facet normal 0.998427 -0 0.0560676
    outer loop
      vertex 9.97485 30.1 6.44786
      vertex 10 31.2 6
      vertex 9.97485 31.2 6.44786
    endloop
  endfacet
  facet normal 0.998427 0 0.0560676
    outer loop
      vertex 10 31.2 6
      vertex 9.97485 30.1 6.44786
      vertex 10 30.1 6
    endloop
  endfacet
  facet normal 0.998427 -0 0.0560676
    outer loop
      vertex 9.97485 22.7 6.44786
      vertex 10 28.3 6
      vertex 9.97485 28.3 6.44786
    endloop
  endfacet
  facet normal 0.998427 0 0.0560676
    outer loop
      vertex 10 28.3 6
      vertex 9.97485 22.7 6.44786
      vertex 10 22.7 6
    endloop
  endfacet
  facet normal 0.483715 0 0.875226
    outer loop
      vertex 7.73553 31.2 9.60388
      vertex 8.12813 22.7 9.3869
      vertex 8.12813 31.2 9.3869
    endloop
  endfacet
  facet normal 0.483715 0 0.875226
    outer loop
      vertex 8.12813 22.7 9.3869
      vertex 7.73553 31.2 9.60388
      vertex 7.73553 22.7 9.60388
    endloop
  endfacet
  facet normal 0.745643 0 -0.666346
    outer loop
      vertex 9.12733 30.1 3.50604
      vertex 8.82843 31.2 3.17157
      vertex 9.12733 31.2 3.50604
    endloop
  endfacet
  facet normal 0.745643 0 -0.666346
    outer loop
      vertex 8.82843 31.2 3.17157
      vertex 9.12733 30.1 3.50604
      vertex 8.82843 30.1 3.17157
    endloop
  endfacet
  facet normal 0.578671 0 -0.815561
    outer loop
      vertex 8.12813 30.1 2.6131
      vertex 8.49396 31.2 2.87267
      vertex 8.49396 30.1 2.87267
    endloop
  endfacet
  facet normal 0.578671 0 -0.815561
    outer loop
      vertex 8.49396 31.2 2.87267
      vertex 8.12813 30.1 2.6131
      vertex 8.12813 31.2 2.6131
    endloop
  endfacet
  facet normal 0.875226 -0 0.483715
    outer loop
      vertex 9.3869 22.7 8.12813
      vertex 9.60388 31.2 7.73553
      vertex 9.3869 31.2 8.12813
    endloop
  endfacet
  facet normal 0.875226 0 0.483715
    outer loop
      vertex 9.60388 31.2 7.73553
      vertex 9.3869 22.7 8.12813
      vertex 9.60388 22.7 7.73553
    endloop
  endfacet
  facet normal -0.382667 0 0.923886
    outer loop
      vertex 4.26446 31.2 9.60388
      vertex 4.67888 22.7 9.77553
      vertex 4.67888 31.2 9.77553
    endloop
  endfacet
  facet normal -0.382667 0 0.923886
    outer loop
      vertex 4.67888 22.7 9.77553
      vertex 4.26446 31.2 9.60388
      vertex 4.26446 22.7 9.60388
    endloop
  endfacet
  facet normal 0.960918 0 -0.276835
    outer loop
      vertex 9.89971 30.1 5.10992
      vertex 9.77553 31.2 4.67888
      vertex 9.89971 31.2 5.10992
    endloop
  endfacet
  facet normal 0.960918 0 -0.276835
    outer loop
      vertex 9.77553 31.2 4.67888
      vertex 9.89971 30.1 5.10992
      vertex 9.77553 30.1 4.67888
    endloop
  endfacet
  facet normal 0.960919 0 -0.276829
    outer loop
      vertex 9.89971 22.7 5.10992
      vertex 9.8 28.3 4.76381
      vertex 9.89971 28.3 5.10992
    endloop
  endfacet
  facet normal 0.960919 0 -0.276829
    outer loop
      vertex 9.8 28.3 4.76381
      vertex 9.89971 22.7 5.10992
      vertex 9.8 22.7 4.76381
    endloop
  endfacet
  facet normal -0.483724 0 0.87522
    outer loop
      vertex 3.87187 31.2 9.3869
      vertex 4.26446 22.7 9.60388
      vertex 4.26446 31.2 9.60388
    endloop
  endfacet
  facet normal -0.483724 0 0.87522
    outer loop
      vertex 4.26446 22.7 9.60388
      vertex 3.87187 31.2 9.3869
      vertex 3.87187 22.7 9.3869
    endloop
  endfacet
  facet normal -0.0560676 0 0.998427
    outer loop
      vertex 5.55214 31.2 9.97485
      vertex 6 22.7 10
      vertex 6 31.2 10
    endloop
  endfacet
  facet normal -0.0560676 0 0.998427
    outer loop
      vertex 6 22.7 10
      vertex 5.55214 31.2 9.97485
      vertex 5.55214 22.7 9.97485
    endloop
  endfacet
  facet normal -0.745643 0 0.666346
    outer loop
      vertex 2.87267 22.7 8.49396
      vertex 3.17157 31.2 8.82843
      vertex 2.87267 31.2 8.49396
    endloop
  endfacet
  facet normal -0.745643 0 0.666346
    outer loop
      vertex 3.17157 31.2 8.82843
      vertex 2.87267 22.7 8.49396
      vertex 3.17157 22.7 8.82843
    endloop
  endfacet
  facet normal -0.167514 0 0.98587
    outer loop
      vertex 5.10992 31.2 9.89971
      vertex 5.55214 22.7 9.97485
      vertex 5.55214 31.2 9.97485
    endloop
  endfacet
  facet normal -0.167514 0 0.98587
    outer loop
      vertex 5.55214 22.7 9.97485
      vertex 5.10992 31.2 9.89971
      vertex 5.10992 22.7 9.89971
    endloop
  endfacet
  facet normal -0 0 1
    outer loop
      vertex 2.2 31.2 7.5
      vertex 2.29856 22.7 7.5
      vertex 2.29856 31.2 7.5
    endloop
  endfacet
  facet normal 0 0 1
    outer loop
      vertex 2.29856 22.7 7.5
      vertex 2.2 31.2 7.5
      vertex 2.2 22.7 7.5
    endloop
  endfacet
  facet normal 0 0 -1
    outer loop
      vertex 0 22.7 4.5
      vertex 0.0280793 31.2 4.5
      vertex 0.0280793 22.7 4.5
    endloop
  endfacet
  facet normal -0 0 -1
    outer loop
      vertex 0.0280793 31.2 4.5
      vertex 0 22.7 4.5
      vertex 0 31.2 4.5
    endloop
  endfacet
  facet normal -1 0 0
    outer loop
      vertex 4.5 22.7 0
      vertex 4.5 31.2 0.0280793
      vertex 4.5 31.2 0
    endloop
  endfacet
  facet normal -1 -0 0
    outer loop
      vertex 4.5 31.2 0.0280793
      vertex 4.5 22.7 0
      vertex 4.5 22.7 0.0280793
    endloop
  endfacet
  facet normal 0.985868 0 -0.167522
    outer loop
      vertex 9.97485 22.7 37.5521
      vertex 9.89971 31.2 37.1099
      vertex 9.97485 31.2 37.5521
    endloop
  endfacet
  facet normal 0.985868 0 -0.167522
    outer loop
      vertex 9.89971 31.2 37.1099
      vertex 9.97485 22.7 37.5521
      vertex 9.89971 22.7 37.1099
    endloop
  endfacet
  facet normal 0.998427 0 -0.0560626
    outer loop
      vertex 10 22.7 38
      vertex 9.97485 31.2 37.5521
      vertex 10 31.2 38
    endloop
  endfacet
  facet normal 0.998427 0 -0.0560626
    outer loop
      vertex 9.97485 31.2 37.5521
      vertex 10 22.7 38
      vertex 9.97485 22.7 37.5521
    endloop
  endfacet
  facet normal 0.815613 -0 0.578597
    outer loop
      vertex 9.12733 22.7 40.494
      vertex 9.3869 31.2 40.1281
      vertex 9.12733 31.2 40.494
    endloop
  endfacet
  facet normal 0.815613 0 0.578597
    outer loop
      vertex 9.3869 31.2 40.1281
      vertex 9.12733 22.7 40.494
      vertex 9.3869 22.7 40.1281
    endloop
  endfacet
  facet normal 0.483749 0 -0.875207
    outer loop
      vertex 7.73553 22.7 34.3961
      vertex 8.12813 31.2 34.6131
      vertex 8.12813 22.7 34.6131
    endloop
  endfacet
  facet normal 0.483749 0 -0.875207
    outer loop
      vertex 8.12813 31.2 34.6131
      vertex 7.73553 22.7 34.3961
      vertex 7.73553 31.2 34.3961
    endloop
  endfacet
  facet normal 0.578715 0 0.81553
    outer loop
      vertex 8.12813 31.2 41.3869
      vertex 8.49396 22.7 41.1273
      vertex 8.49396 31.2 41.1273
    endloop
  endfacet
  facet normal 0.578715 0 0.81553
    outer loop
      vertex 8.49396 22.7 41.1273
      vertex 8.12813 31.2 41.3869
      vertex 8.12813 22.7 41.3869
    endloop
  endfacet
  facet normal -0.875226 0 0.483715
    outer loop
      vertex 2.39612 22.7 39.7355
      vertex 2.6131 31.2 40.1281
      vertex 2.39612 31.2 39.7355
    endloop
  endfacet
  facet normal -0.875226 0 0.483715
    outer loop
      vertex 2.6131 31.2 40.1281
      vertex 2.39612 22.7 39.7355
      vertex 2.6131 22.7 40.1281
    endloop
  endfacet
  facet normal -0.923862 0 0.382726
    outer loop
      vertex 2.29856 22.7 39.5
      vertex 2.39612 31.2 39.7355
      vertex 2.29856 31.2 39.5
    endloop
  endfacet
  facet normal -0.923862 0 0.382726
    outer loop
      vertex 2.39612 31.2 39.7355
      vertex 2.29856 22.7 39.5
      vertex 2.39612 22.7 39.7355
    endloop
  endfacet
  facet normal -0.815613 0 0.578597
    outer loop
      vertex 2.6131 22.7 40.1281
      vertex 2.87267 31.2 40.494
      vertex 2.6131 31.2 40.1281
    endloop
  endfacet
  facet normal -0.815613 0 0.578597
    outer loop
      vertex 2.87267 31.2 40.494
      vertex 2.6131 22.7 40.1281
      vertex 2.87267 22.7 40.494
    endloop
  endfacet
  facet normal -0.382572 0 -0.923926
    outer loop
      vertex 4.26446 22.7 34.3961
      vertex 4.67888 31.2 34.2245
      vertex 4.67888 22.7 34.2245
    endloop
  endfacet
  facet normal -0.382572 0 -0.923926
    outer loop
      vertex 4.67888 31.2 34.2245
      vertex 4.26446 22.7 34.3961
      vertex 4.26446 31.2 34.3961
    endloop
  endfacet
  facet normal -0.578715 0 0.81553
    outer loop
      vertex 3.50604 31.2 41.1273
      vertex 3.87187 22.7 41.3869
      vertex 3.87187 31.2 41.3869
    endloop
  endfacet
  facet normal -0.578715 0 0.81553
    outer loop
      vertex 3.87187 22.7 41.3869
      vertex 3.50604 31.2 41.1273
      vertex 3.50604 22.7 41.1273
    endloop
  endfacet
  facet normal 0.276876 0 -0.960906
    outer loop
      vertex 6.89008 22.7 34.1003
      vertex 7.32112 31.2 34.2245
      vertex 7.32112 22.7 34.2245
    endloop
  endfacet
  facet normal 0.276876 0 -0.960906
    outer loop
      vertex 7.32112 31.2 34.2245
      vertex 6.89008 22.7 34.1003
      vertex 6.89008 31.2 34.1003
    endloop
  endfacet
  facet normal 0.815613 0 -0.578597
    outer loop
      vertex 9.3869 22.7 35.8719
      vertex 9.12733 31.2 35.506
      vertex 9.3869 31.2 35.8719
    endloop
  endfacet
  facet normal 0.815613 0 -0.578597
    outer loop
      vertex 9.12733 31.2 35.506
      vertex 9.3869 22.7 35.8719
      vertex 9.12733 22.7 35.506
    endloop
  endfacet
  facet normal 0.382483 0 0.923962
    outer loop
      vertex 7.5 31.2 41.7014
      vertex 7.73553 22.7 41.6039
      vertex 7.73553 31.2 41.6039
    endloop
  endfacet
  facet normal 0.382483 0 0.923962
    outer loop
      vertex 7.73553 22.7 41.6039
      vertex 7.5 31.2 41.7014
      vertex 7.5 22.7 41.7014
    endloop
  endfacet
  facet normal 0.38258 0 -0.923922
    outer loop
      vertex 7.32112 22.7 34.2245
      vertex 7.73553 31.2 34.3961
      vertex 7.73553 22.7 34.3961
    endloop
  endfacet
  facet normal 0.38258 0 -0.923922
    outer loop
      vertex 7.73553 31.2 34.3961
      vertex 7.32112 22.7 34.2245
      vertex 7.32112 31.2 34.2245
    endloop
  endfacet
  facet normal 0.985868 -0 0.167522
    outer loop
      vertex 9.89971 22.7 38.8901
      vertex 9.97485 31.2 38.4479
      vertex 9.89971 31.2 38.8901
    endloop
  endfacet
  facet normal 0.985868 0 0.167522
    outer loop
      vertex 9.97485 31.2 38.4479
      vertex 9.89971 22.7 38.8901
      vertex 9.97485 22.7 38.4479
    endloop
  endfacet
  facet normal -0.745574 0 -0.666423
    outer loop
      vertex 3.17157 22.7 35.1716
      vertex 2.87267 31.2 35.506
      vertex 3.17157 31.2 35.1716
    endloop
  endfacet
  facet normal -0.745574 -0 -0.666423
    outer loop
      vertex 2.87267 31.2 35.506
      vertex 3.17157 22.7 35.1716
      vertex 2.87267 22.7 35.506
    endloop
  endfacet
  facet normal 0.875226 0 -0.483715
    outer loop
      vertex 9.60388 22.7 36.2645
      vertex 9.3869 31.2 35.8719
      vertex 9.60388 31.2 36.2645
    endloop
  endfacet
  facet normal 0.875226 0 -0.483715
    outer loop
      vertex 9.3869 31.2 35.8719
      vertex 9.60388 22.7 36.2645
      vertex 9.3869 22.7 35.8719
    endloop
  endfacet
  facet normal 0.92388 0 -0.382683
    outer loop
      vertex 9.77553 22.7 36.6789
      vertex 9.60388 31.2 36.2645
      vertex 9.77553 31.2 36.6789
    endloop
  endfacet
  facet normal 0.92388 0 -0.382683
    outer loop
      vertex 9.60388 31.2 36.2645
      vertex 9.77553 22.7 36.6789
      vertex 9.60388 22.7 36.2645
    endloop
  endfacet
  facet normal 0.960911 -0 0.276858
    outer loop
      vertex 9.77553 22.7 39.3211
      vertex 9.89971 31.2 38.8901
      vertex 9.77553 31.2 39.3211
    endloop
  endfacet
  facet normal 0.960911 0 0.276858
    outer loop
      vertex 9.89971 31.2 38.8901
      vertex 9.77553 22.7 39.3211
      vertex 9.89971 22.7 38.8901
    endloop
  endfacet
  facet normal 0 -1 0
    outer loop
      vertex 2.29856 22.7 39.5
      vertex 5.88244 22.7 39.0434
      vertex 6 22.7 39.05
    endloop
  endfacet
  facet normal 0 -1 0
    outer loop
      vertex 2.29856 22.7 39.5
      vertex 5.76635 22.7 39.0237
      vertex 5.88244 22.7 39.0434
    endloop
  endfacet
  facet normal 0 -1 -0
    outer loop
      vertex 2.29856 22.7 39.5
      vertex 2.2 22.7 39
      vertex 5.05398 22.7 38.4556
    endloop
  endfacet
  facet normal 0 -1 0
    outer loop
      vertex 2.29856 22.7 39.5
      vertex 5.65321 22.7 38.9911
      vertex 5.76635 22.7 39.0237
    endloop
  endfacet
  facet normal 0 -1 0
    outer loop
      vertex 2.29856 22.7 39.5
      vertex 5.54442 22.7 38.946
      vertex 5.65321 22.7 38.9911
    endloop
  endfacet
  facet normal 0 -1 0
    outer loop
      vertex 2.29856 22.7 39.5
      vertex 5.44137 22.7 38.8891
      vertex 5.54442 22.7 38.946
    endloop
  endfacet
  facet normal 0 -1 0
    outer loop
      vertex 2.29856 22.7 39.5
      vertex 5.34534 22.7 38.8209
      vertex 5.44137 22.7 38.8891
    endloop
  endfacet
  facet normal 0 -1 0
    outer loop
      vertex 2.29856 22.7 39.5
      vertex 5.25754 22.7 38.7425
      vertex 5.34534 22.7 38.8209
    endloop
  endfacet
  facet normal 0 -1 0
    outer loop
      vertex 2.29856 22.7 39.5
      vertex 5.17908 22.7 38.6547
      vertex 5.25754 22.7 38.7425
    endloop
  endfacet
  facet normal 0 -1 0
    outer loop
      vertex 2.29856 22.7 39.5
      vertex 5.11094 22.7 38.5586
      vertex 5.17908 22.7 38.6547
    endloop
  endfacet
  facet normal 0 -1 0
    outer loop
      vertex 2.29856 22.7 39.5
      vertex 5.05398 22.7 38.4556
      vertex 5.11094 22.7 38.5586
    endloop
  endfacet
  facet normal 0 -1 0
    outer loop
      vertex 2.2 22.7 39
      vertex 5.00892 22.7 38.3468
      vertex 5.05398 22.7 38.4556
    endloop
  endfacet
  facet normal 0 -1 0
    outer loop
      vertex 2.2 22.7 39
      vertex 4.97633 22.7 38.2336
      vertex 5.00892 22.7 38.3468
    endloop
  endfacet
  facet normal 0 -1 0
    outer loop
      vertex 2.2 22.7 39
      vertex 4.9566 22.7 38.1176
      vertex 4.97633 22.7 38.2336
    endloop
  endfacet
  facet normal 0 -1 0
    outer loop
      vertex 2.2 22.7 39
      vertex 4.95 22.7 38
      vertex 4.9566 22.7 38.1176
    endloop
  endfacet
  facet normal 0 -1 0
    outer loop
      vertex 2.2 22.7 39
      vertex 4.9566 22.7 37.8824
      vertex 4.95 22.7 38
    endloop
  endfacet
  facet normal 0 -1 0
    outer loop
      vertex 2.29856 22.7 36.5
      vertex 4.9566 22.7 37.8824
      vertex 2.2 22.7 39
    endloop
  endfacet
  facet normal 0 -1 -0
    outer loop
      vertex 4.9566 22.7 37.8824
      vertex 2.29856 22.7 36.5
      vertex 4.97633 22.7 37.7664
    endloop
  endfacet
  facet normal 0 -1 -0
    outer loop
      vertex 4.97633 22.7 37.7664
      vertex 2.29856 22.7 36.5
      vertex 5.00892 22.7 37.6532
    endloop
  endfacet
  facet normal 0 -1 -0
    outer loop
      vertex 5.00892 22.7 37.6532
      vertex 2.29856 22.7 36.5
      vertex 5.05398 22.7 37.5444
    endloop
  endfacet
  facet normal 0 -1 0
    outer loop
      vertex 2.39612 22.7 36.2645
      vertex 5.05398 22.7 37.5444
      vertex 2.29856 22.7 36.5
    endloop
  endfacet
  facet normal 0 -1 -0
    outer loop
      vertex 5.05398 22.7 37.5444
      vertex 2.39612 22.7 36.2645
      vertex 5.11094 22.7 37.4414
    endloop
  endfacet
  facet normal 0 -1 0
    outer loop
      vertex 2.6131 22.7 35.8719
      vertex 5.11094 22.7 37.4414
      vertex 2.39612 22.7 36.2645
    endloop
  endfacet
  facet normal 0 -1 -0
    outer loop
      vertex 5.11094 22.7 37.4414
      vertex 2.6131 22.7 35.8719
      vertex 5.17908 22.7 37.3453
    endloop
  endfacet
  facet normal 0 -1 0
    outer loop
      vertex 6 22.7 34
      vertex 6 22.7 36.95
      vertex 5.88244 22.7 36.9566
    endloop
  endfacet
  facet normal 0 -1 0
    outer loop
      vertex 2.29856 22.7 36.5
      vertex 2.2 22.7 39
      vertex 2.2 22.7 36.5
    endloop
  endfacet
  facet normal 0 -1 0
    outer loop
      vertex 2.87267 22.7 35.506
      vertex 5.17908 22.7 37.3453
      vertex 2.6131 22.7 35.8719
    endloop
  endfacet
  facet normal 0 -1 -0
    outer loop
      vertex 5.17908 22.7 37.3453
      vertex 2.87267 22.7 35.506
      vertex 5.25754 22.7 37.2575
    endloop
  endfacet
  facet normal 0 -1 0
    outer loop
      vertex 3.17157 22.7 35.1716
      vertex 5.25754 22.7 37.2575
      vertex 2.87267 22.7 35.506
    endloop
  endfacet
  facet normal 0 -1 -0
    outer loop
      vertex 5.25754 22.7 37.2575
      vertex 3.17157 22.7 35.1716
      vertex 5.34534 22.7 37.1791
    endloop
  endfacet
  facet normal 0 -1 0
    outer loop
      vertex 3.50604 22.7 34.8727
      vertex 5.34534 22.7 37.1791
      vertex 3.17157 22.7 35.1716
    endloop
  endfacet
  facet normal 0 -1 -0
    outer loop
      vertex 5.34534 22.7 37.1791
      vertex 3.50604 22.7 34.8727
      vertex 5.44137 22.7 37.1109
    endloop
  endfacet
  facet normal 0 -1 0
    outer loop
      vertex 3.87187 22.7 34.6131
      vertex 5.44137 22.7 37.1109
      vertex 3.50604 22.7 34.8727
    endloop
  endfacet
  facet normal 0 -1 0
    outer loop
      vertex 6 22.7 36.95
      vertex 9.60388 22.7 36.2645
      vertex 9.77553 22.7 36.6789
    endloop
  endfacet
  facet normal 0 -1 -0
    outer loop
      vertex 5.44137 22.7 37.1109
      vertex 3.87187 22.7 34.6131
      vertex 5.54442 22.7 37.054
    endloop
  endfacet
  facet normal 0 -1 0
    outer loop
      vertex 6 22.7 36.95
      vertex 9.3869 22.7 35.8719
      vertex 9.60388 22.7 36.2645
    endloop
  endfacet
  facet normal 0 -1 0
    outer loop
      vertex 4.26446 22.7 34.3961
      vertex 5.54442 22.7 37.054
      vertex 3.87187 22.7 34.6131
    endloop
  endfacet
  facet normal 0 -1 0
    outer loop
      vertex 6 22.7 36.95
      vertex 9.12733 22.7 35.506
      vertex 9.3869 22.7 35.8719
    endloop
  endfacet
  facet normal 0 -1 -0
    outer loop
      vertex 5.54442 22.7 37.054
      vertex 4.26446 22.7 34.3961
      vertex 5.65321 22.7 37.0089
    endloop
  endfacet
  facet normal 0 -1 0
    outer loop
      vertex 6 22.7 36.95
      vertex 8.82843 22.7 35.1716
      vertex 9.12733 22.7 35.506
    endloop
  endfacet
  facet normal 0 -1 0
    outer loop
      vertex 4.67888 22.7 34.2245
      vertex 5.65321 22.7 37.0089
      vertex 4.26446 22.7 34.3961
    endloop
  endfacet
  facet normal 0 -1 0
    outer loop
      vertex 6 22.7 36.95
      vertex 8.49396 22.7 34.8727
      vertex 8.82843 22.7 35.1716
    endloop
  endfacet
  facet normal 0 -1 -0
    outer loop
      vertex 5.65321 22.7 37.0089
      vertex 4.67888 22.7 34.2245
      vertex 5.76635 22.7 36.9763
    endloop
  endfacet
  facet normal 0 -1 0
    outer loop
      vertex 6 22.7 36.95
      vertex 8.12813 22.7 34.6131
      vertex 8.49396 22.7 34.8727
    endloop
  endfacet
  facet normal 0 -1 0
    outer loop
      vertex 5.10992 22.7 34.1003
      vertex 5.76635 22.7 36.9763
      vertex 4.67888 22.7 34.2245
    endloop
  endfacet
  facet normal 0 -1 0
    outer loop
      vertex 6 22.7 36.95
      vertex 7.73553 22.7 34.3961
      vertex 8.12813 22.7 34.6131
    endloop
  endfacet
  facet normal 0 -1 -0
    outer loop
      vertex 5.76635 22.7 36.9763
      vertex 5.10992 22.7 34.1003
      vertex 5.88244 22.7 36.9566
    endloop
  endfacet
  facet normal 0 -1 0
    outer loop
      vertex 6 22.7 36.95
      vertex 7.32112 22.7 34.2245
      vertex 7.73553 22.7 34.3961
    endloop
  endfacet
  facet normal 0 -1 0
    outer loop
      vertex 5.55214 22.7 34.0252
      vertex 5.88244 22.7 36.9566
      vertex 5.10992 22.7 34.1003
    endloop
  endfacet
  facet normal 0 -1 0
    outer loop
      vertex 6 22.7 36.95
      vertex 6.89008 22.7 34.1003
      vertex 7.32112 22.7 34.2245
    endloop
  endfacet
  facet normal 0 -1 0
    outer loop
      vertex 6 22.7 34
      vertex 5.88244 22.7 36.9566
      vertex 5.55214 22.7 34.0252
    endloop
  endfacet
  facet normal 0 -1 0
    outer loop
      vertex 6 22.7 36.95
      vertex 6.44786 22.7 34.0252
      vertex 6.89008 22.7 34.1003
    endloop
  endfacet
  facet normal 0 -1 0
    outer loop
      vertex 6 22.7 36.95
      vertex 6 22.7 34
      vertex 6.44786 22.7 34.0252
    endloop
  endfacet
  facet normal 0 -1 0
    outer loop
      vertex 2.21761 22.7 39.3135
      vertex 2.29856 22.7 39.5
      vertex 2.24929 22.7 39.5
    endloop
  endfacet
  facet normal 0 -1 0
    outer loop
      vertex 2.2 22.7 39
      vertex 2.29856 22.7 39.5
      vertex 2.21761 22.7 39.3135
    endloop
  endfacet
  facet normal 0 -1 0
    outer loop
      vertex 2.29856 22.7 39.5
      vertex 6 22.7 39.05
      vertex 9.77553 22.7 39.3211
    endloop
  endfacet
  facet normal 0 -1 0
    outer loop
      vertex 6.11756 22.7 39.0434
      vertex 9.77553 22.7 39.3211
      vertex 6 22.7 39.05
    endloop
  endfacet
  facet normal 0 -1 0
    outer loop
      vertex 6.23365 22.7 39.0237
      vertex 9.77553 22.7 39.3211
      vertex 6.11756 22.7 39.0434
    endloop
  endfacet
  facet normal 0 -1 0
    outer loop
      vertex 6.34679 22.7 38.9911
      vertex 9.77553 22.7 39.3211
      vertex 6.23365 22.7 39.0237
    endloop
  endfacet
  facet normal 0 -1 0
    outer loop
      vertex 6.45558 22.7 38.946
      vertex 9.77553 22.7 39.3211
      vertex 6.34679 22.7 38.9911
    endloop
  endfacet
  facet normal 0 -1 0
    outer loop
      vertex 6.55863 22.7 38.8891
      vertex 9.77553 22.7 39.3211
      vertex 6.45558 22.7 38.946
    endloop
  endfacet
  facet normal 0 -1 0
    outer loop
      vertex 6.65466 22.7 38.8209
      vertex 9.77553 22.7 39.3211
      vertex 6.55863 22.7 38.8891
    endloop
  endfacet
  facet normal 0 -1 0
    outer loop
      vertex 6.74246 22.7 38.7425
      vertex 9.77553 22.7 39.3211
      vertex 6.65466 22.7 38.8209
    endloop
  endfacet
  facet normal 0 -1 0
    outer loop
      vertex 6.82092 22.7 38.6547
      vertex 9.77553 22.7 39.3211
      vertex 6.74246 22.7 38.7425
    endloop
  endfacet
  facet normal 0 -1 0
    outer loop
      vertex 6.88906 22.7 38.5586
      vertex 9.77553 22.7 39.3211
      vertex 6.82092 22.7 38.6547
    endloop
  endfacet
  facet normal 0 -1 0
    outer loop
      vertex 6.94602 22.7 38.4556
      vertex 9.77553 22.7 39.3211
      vertex 6.88906 22.7 38.5586
    endloop
  endfacet
  facet normal 0 -1 0
    outer loop
      vertex 6.99108 22.7 38.3468
      vertex 9.77553 22.7 39.3211
      vertex 6.94602 22.7 38.4556
    endloop
  endfacet
  facet normal 0 -1 -0
    outer loop
      vertex 9.77553 22.7 39.3211
      vertex 6.99108 22.7 38.3468
      vertex 9.89971 22.7 38.8901
    endloop
  endfacet
  facet normal 0 -1 0
    outer loop
      vertex 7.02367 22.7 38.2336
      vertex 9.89971 22.7 38.8901
      vertex 6.99108 22.7 38.3468
    endloop
  endfacet
  facet normal 0 -1 -0
    outer loop
      vertex 9.89971 22.7 38.8901
      vertex 7.02367 22.7 38.2336
      vertex 9.97485 22.7 38.4479
    endloop
  endfacet
  facet normal 0 -1 0
    outer loop
      vertex 7.0434 22.7 38.1176
      vertex 9.97485 22.7 38.4479
      vertex 7.02367 22.7 38.2336
    endloop
  endfacet
  facet normal 0 -1 0
    outer loop
      vertex 7.05 22.7 38
      vertex 9.97485 22.7 38.4479
      vertex 7.0434 22.7 38.1176
    endloop
  endfacet
  facet normal 0 -1 0
    outer loop
      vertex 7.05 22.7 38
      vertex 10 22.7 38
      vertex 9.97485 22.7 38.4479
    endloop
  endfacet
  facet normal 0 -1 0
    outer loop
      vertex 7.0434 22.7 37.8824
      vertex 10 22.7 38
      vertex 7.05 22.7 38
    endloop
  endfacet
  facet normal 0 -1 0
    outer loop
      vertex 9.97485 22.7 37.5521
      vertex 7.0434 22.7 37.8824
      vertex 7.02367 22.7 37.7664
    endloop
  endfacet
  facet normal 0 -1 0
    outer loop
      vertex 9.89971 22.7 37.1099
      vertex 7.02367 22.7 37.7664
      vertex 6.99108 22.7 37.6532
    endloop
  endfacet
  facet normal 0 -1 0
    outer loop
      vertex 7.0434 22.7 37.8824
      vertex 9.97485 22.7 37.5521
      vertex 10 22.7 38
    endloop
  endfacet
  facet normal 0 -1 0
    outer loop
      vertex 9.77553 22.7 36.6789
      vertex 6.99108 22.7 37.6532
      vertex 6.94602 22.7 37.5444
    endloop
  endfacet
  facet normal 0 -1 0
    outer loop
      vertex 9.77553 22.7 36.6789
      vertex 6.94602 22.7 37.5444
      vertex 6.88906 22.7 37.4414
    endloop
  endfacet
  facet normal 0 -1 0
    outer loop
      vertex 9.77553 22.7 36.6789
      vertex 6.88906 22.7 37.4414
      vertex 6.82092 22.7 37.3453
    endloop
  endfacet
  facet normal 0 -1 0
    outer loop
      vertex 9.77553 22.7 36.6789
      vertex 6.82092 22.7 37.3453
      vertex 6.74246 22.7 37.2575
    endloop
  endfacet
  facet normal 0 -1 0
    outer loop
      vertex 9.77553 22.7 36.6789
      vertex 6.74246 22.7 37.2575
      vertex 6.65466 22.7 37.1791
    endloop
  endfacet
  facet normal 0 -1 0
    outer loop
      vertex 9.77553 22.7 36.6789
      vertex 6.65466 22.7 37.1791
      vertex 6.55863 22.7 37.1109
    endloop
  endfacet
  facet normal 0 -1 0
    outer loop
      vertex 7.02367 22.7 37.7664
      vertex 9.89971 22.7 37.1099
      vertex 9.97485 22.7 37.5521
    endloop
  endfacet
  facet normal 0 -1 0
    outer loop
      vertex 9.77553 22.7 36.6789
      vertex 6.55863 22.7 37.1109
      vertex 6.45558 22.7 37.054
    endloop
  endfacet
  facet normal 0 -1 0
    outer loop
      vertex 9.77553 22.7 36.6789
      vertex 6.45558 22.7 37.054
      vertex 6.34679 22.7 37.0089
    endloop
  endfacet
  facet normal 0 -1 0
    outer loop
      vertex 9.77553 22.7 36.6789
      vertex 6.34679 22.7 37.0089
      vertex 6.23365 22.7 36.9763
    endloop
  endfacet
  facet normal 0 -1 0
    outer loop
      vertex 9.77553 22.7 36.6789
      vertex 6.23365 22.7 36.9763
      vertex 6.11756 22.7 36.9566
    endloop
  endfacet
  facet normal 0 -1 0
    outer loop
      vertex 9.77553 22.7 36.6789
      vertex 6.11756 22.7 36.9566
      vertex 6 22.7 36.95
    endloop
  endfacet
  facet normal 0 -1 0
    outer loop
      vertex 6.99108 22.7 37.6532
      vertex 9.77553 22.7 36.6789
      vertex 9.89971 22.7 37.1099
    endloop
  endfacet
  facet normal 0 -1 0
    outer loop
      vertex 4.5 22.7 41.7014
      vertex 5 22.7 41.8
      vertex 4.6865 22.7 41.7824
    endloop
  endfacet
  facet normal 0 -1 0
    outer loop
      vertex 4.5 22.7 41.7014
      vertex 4.6865 22.7 41.7824
      vertex 4.5 22.7 41.7507
    endloop
  endfacet
  facet normal 0 -1 0
    outer loop
      vertex 4.26446 22.7 41.6039
      vertex 5 22.7 41.8
      vertex 4.5 22.7 41.7014
    endloop
  endfacet
  facet normal 0 -1 0
    outer loop
      vertex 5 22.7 41.8
      vertex 7.5 22.7 41.7014
      vertex 7.5 22.7 41.8
    endloop
  endfacet
  facet normal 0 -1 0
    outer loop
      vertex 5 22.7 41.8
      vertex 4.26446 22.7 41.6039
      vertex 3.87187 22.7 41.3869
    endloop
  endfacet
  facet normal 0 -1 0
    outer loop
      vertex 5 22.7 41.8
      vertex 3.87187 22.7 41.3869
      vertex 3.50604 22.7 41.1273
    endloop
  endfacet
  facet normal 0 -1 0
    outer loop
      vertex 3.17157 22.7 40.8284
      vertex 5 22.7 41.8
      vertex 3.50604 22.7 41.1273
    endloop
  endfacet
  facet normal 0 -1 0
    outer loop
      vertex 7.5 22.7 41.7014
      vertex 8.12813 22.7 41.3869
      vertex 7.73553 22.7 41.6039
    endloop
  endfacet
  facet normal 0 -1 0
    outer loop
      vertex 5 22.7 41.8
      vertex 8.49396 22.7 41.1273
      vertex 7.5 22.7 41.7014
    endloop
  endfacet
  facet normal 0 -1 0
    outer loop
      vertex 7.5 22.7 41.7014
      vertex 8.49396 22.7 41.1273
      vertex 8.12813 22.7 41.3869
    endloop
  endfacet
  facet normal 0 -1 0
    outer loop
      vertex 2.87267 22.7 40.494
      vertex 5 22.7 41.8
      vertex 3.17157 22.7 40.8284
    endloop
  endfacet
  facet normal 0 -1 0
    outer loop
      vertex 5 22.7 41.8
      vertex 8.82843 22.7 40.8284
      vertex 8.49396 22.7 41.1273
    endloop
  endfacet
  facet normal 0 -1 0
    outer loop
      vertex 2.6131 22.7 40.1281
      vertex 5 22.7 41.8
      vertex 2.87267 22.7 40.494
    endloop
  endfacet
  facet normal 0 -1 0
    outer loop
      vertex 5 22.7 41.8
      vertex 9.12733 22.7 40.494
      vertex 8.82843 22.7 40.8284
    endloop
  endfacet
  facet normal 0 -1 0
    outer loop
      vertex 2.29856 22.7 39.5
      vertex 5 22.7 41.8
      vertex 2.6131 22.7 40.1281
    endloop
  endfacet
  facet normal 0 -1 0
    outer loop
      vertex 5 22.7 41.8
      vertex 9.3869 22.7 40.1281
      vertex 9.12733 22.7 40.494
    endloop
  endfacet
  facet normal 0 -1 0
    outer loop
      vertex 2.29856 22.7 39.5
      vertex 2.6131 22.7 40.1281
      vertex 2.39612 22.7 39.7355
    endloop
  endfacet
  facet normal 0 -1 0
    outer loop
      vertex 9.77553 22.7 39.3211
      vertex 5 22.7 41.8
      vertex 2.29856 22.7 39.5
    endloop
  endfacet
  facet normal 0 -1 0
    outer loop
      vertex 5 22.7 41.8
      vertex 9.60388 22.7 39.7355
      vertex 9.3869 22.7 40.1281
    endloop
  endfacet
  facet normal 0 -1 0
    outer loop
      vertex 5 22.7 41.8
      vertex 9.77553 22.7 39.3211
      vertex 9.60388 22.7 39.7355
    endloop
  endfacet
  facet normal 0 -1 0
    outer loop
      vertex 4.5 22.7 44
      vertex 4.5 22.7 43.9719
      vertex 5 22.7 44
    endloop
  endfacet
  facet normal 0 -1 0
    outer loop
      vertex 0 22.7 39.5
      vertex 0 22.7 39
      vertex 0.0280793 22.7 39.5
    endloop
  endfacet
  facet normal -0.666346 0 0.745643
    outer loop
      vertex 3.17157 31.2 40.8284
      vertex 3.50604 22.7 41.1273
      vertex 3.50604 31.2 41.1273
    endloop
  endfacet
  facet normal -0.666346 0 0.745643
    outer loop
      vertex 3.50604 22.7 41.1273
      vertex 3.17157 31.2 40.8284
      vertex 3.17157 22.7 40.8284
    endloop
  endfacet
  facet normal 0.666346 0 -0.745643
    outer loop
      vertex 8.49396 22.7 34.8727
      vertex 8.82843 31.2 35.1716
      vertex 8.82843 22.7 35.1716
    endloop
  endfacet
  facet normal 0.666346 0 -0.745643
    outer loop
      vertex 8.82843 31.2 35.1716
      vertex 8.49396 22.7 34.8727
      vertex 8.49396 31.2 34.8727
    endloop
  endfacet
  facet normal 0.0561787 0 -0.998421
    outer loop
      vertex 6 22.7 34
      vertex 6.44786 31.2 34.0252
      vertex 6.44786 22.7 34.0252
    endloop
  endfacet
  facet normal 0.0561787 0 -0.998421
    outer loop
      vertex 6.44786 31.2 34.0252
      vertex 6 22.7 34
      vertex 6 31.2 34
    endloop
  endfacet
  facet normal 0.666346 0 0.745643
    outer loop
      vertex 8.49396 31.2 41.1273
      vertex 8.82843 22.7 40.8284
      vertex 8.82843 31.2 40.8284
    endloop
  endfacet
  facet normal 0.666346 0 0.745643
    outer loop
      vertex 8.82843 22.7 40.8284
      vertex 8.49396 31.2 41.1273
      vertex 8.49396 22.7 41.1273
    endloop
  endfacet
  facet normal 0.92388 -0 0.382683
    outer loop
      vertex 9.60388 22.7 39.7355
      vertex 9.77553 31.2 39.3211
      vertex 9.60388 31.2 39.7355
    endloop
  endfacet
  facet normal 0.92388 0 0.382683
    outer loop
      vertex 9.77553 31.2 39.3211
      vertex 9.60388 22.7 39.7355
      vertex 9.77553 22.7 39.3211
    endloop
  endfacet
  facet normal 0.745574 -0 0.666423
    outer loop
      vertex 8.82843 22.7 40.8284
      vertex 9.12733 31.2 40.494
      vertex 8.82843 31.2 40.8284
    endloop
  endfacet
  facet normal 0.745574 0 0.666423
    outer loop
      vertex 9.12733 31.2 40.494
      vertex 8.82843 22.7 40.8284
      vertex 9.12733 22.7 40.494
    endloop
  endfacet
  facet normal -0.666346 0 -0.745643
    outer loop
      vertex 3.17157 22.7 35.1716
      vertex 3.50604 31.2 34.8727
      vertex 3.50604 22.7 34.8727
    endloop
  endfacet
  facet normal -0.666346 0 -0.745643
    outer loop
      vertex 3.50604 31.2 34.8727
      vertex 3.17157 22.7 35.1716
      vertex 3.17157 31.2 35.1716
    endloop
  endfacet
  facet normal 0.998427 -0 0.0560626
    outer loop
      vertex 9.97485 22.7 38.4479
      vertex 10 31.2 38
      vertex 9.97485 31.2 38.4479
    endloop
  endfacet
  facet normal 0.998427 0 0.0560626
    outer loop
      vertex 10 31.2 38
      vertex 9.97485 22.7 38.4479
      vertex 10 22.7 38
    endloop
  endfacet
  facet normal -0.167428 0 -0.985884
    outer loop
      vertex 5.10992 22.7 34.1003
      vertex 5.55214 31.2 34.0252
      vertex 5.55214 22.7 34.0252
    endloop
  endfacet
  facet normal -0.167428 0 -0.985884
    outer loop
      vertex 5.55214 31.2 34.0252
      vertex 5.10992 22.7 34.1003
      vertex 5.10992 31.2 34.1003
    endloop
  endfacet
  facet normal 0.483749 0 0.875207
    outer loop
      vertex 7.73553 31.2 41.6039
      vertex 8.12813 22.7 41.3869
      vertex 8.12813 31.2 41.3869
    endloop
  endfacet
  facet normal 0.483749 0 0.875207
    outer loop
      vertex 8.12813 22.7 41.3869
      vertex 7.73553 31.2 41.6039
      vertex 7.73553 22.7 41.6039
    endloop
  endfacet
  facet normal 0.745574 0 -0.666423
    outer loop
      vertex 9.12733 22.7 35.506
      vertex 8.82843 31.2 35.1716
      vertex 9.12733 31.2 35.506
    endloop
  endfacet
  facet normal 0.745574 0 -0.666423
    outer loop
      vertex 8.82843 31.2 35.1716
      vertex 9.12733 22.7 35.506
      vertex 8.82843 22.7 35.1716
    endloop
  endfacet
  facet normal -0.923862 0 -0.382726
    outer loop
      vertex 2.39612 22.7 36.2645
      vertex 2.29856 31.2 36.5
      vertex 2.39612 31.2 36.2645
    endloop
  endfacet
  facet normal -0.923862 -0 -0.382726
    outer loop
      vertex 2.29856 31.2 36.5
      vertex 2.39612 22.7 36.2645
      vertex 2.29856 22.7 36.5
    endloop
  endfacet
  facet normal 0.167428 0 -0.985884
    outer loop
      vertex 6.44786 22.7 34.0252
      vertex 6.89008 31.2 34.1003
      vertex 6.89008 22.7 34.1003
    endloop
  endfacet
  facet normal 0.167428 0 -0.985884
    outer loop
      vertex 6.89008 31.2 34.1003
      vertex 6.44786 22.7 34.0252
      vertex 6.44786 31.2 34.0252
    endloop
  endfacet
  facet normal 0.578715 0 -0.81553
    outer loop
      vertex 8.12813 22.7 34.6131
      vertex 8.49396 31.2 34.8727
      vertex 8.49396 22.7 34.8727
    endloop
  endfacet
  facet normal 0.578715 0 -0.81553
    outer loop
      vertex 8.49396 31.2 34.8727
      vertex 8.12813 22.7 34.6131
      vertex 8.12813 31.2 34.6131
    endloop
  endfacet
  facet normal 0.875226 -0 0.483715
    outer loop
      vertex 9.3869 22.7 40.1281
      vertex 9.60388 31.2 39.7355
      vertex 9.3869 31.2 40.1281
    endloop
  endfacet
  facet normal 0.875226 0 0.483715
    outer loop
      vertex 9.60388 31.2 39.7355
      vertex 9.3869 22.7 40.1281
      vertex 9.60388 22.7 39.7355
    endloop
  endfacet
  facet normal -0.38247 0 0.923968
    outer loop
      vertex 4.26446 31.2 41.6039
      vertex 4.5 22.7 41.7014
      vertex 4.5 31.2 41.7014
    endloop
  endfacet
  facet normal -0.38247 0 0.923968
    outer loop
      vertex 4.5 22.7 41.7014
      vertex 4.26446 31.2 41.6039
      vertex 4.26446 22.7 41.6039
    endloop
  endfacet
  facet normal 0.960911 0 -0.276858
    outer loop
      vertex 9.89971 22.7 37.1099
      vertex 9.77553 31.2 36.6789
      vertex 9.89971 31.2 37.1099
    endloop
  endfacet
  facet normal 0.960911 0 -0.276858
    outer loop
      vertex 9.77553 31.2 36.6789
      vertex 9.89971 22.7 37.1099
      vertex 9.77553 22.7 36.6789
    endloop
  endfacet
  facet normal -0.276876 0 -0.960906
    outer loop
      vertex 4.67888 22.7 34.2245
      vertex 5.10992 31.2 34.1003
      vertex 5.10992 22.7 34.1003
    endloop
  endfacet
  facet normal -0.276876 0 -0.960906
    outer loop
      vertex 5.10992 31.2 34.1003
      vertex 4.67888 22.7 34.2245
      vertex 4.67888 31.2 34.2245
    endloop
  endfacet
  facet normal -0.483758 0 0.875202
    outer loop
      vertex 3.87187 31.2 41.3869
      vertex 4.26446 22.7 41.6039
      vertex 4.26446 31.2 41.6039
    endloop
  endfacet
  facet normal -0.483758 0 0.875202
    outer loop
      vertex 4.26446 22.7 41.6039
      vertex 3.87187 31.2 41.3869
      vertex 3.87187 22.7 41.3869
    endloop
  endfacet
  facet normal -0.875226 0 -0.483715
    outer loop
      vertex 2.6131 22.7 35.8719
      vertex 2.39612 31.2 36.2645
      vertex 2.6131 31.2 35.8719
    endloop
  endfacet
  facet normal -0.875226 -0 -0.483715
    outer loop
      vertex 2.39612 31.2 36.2645
      vertex 2.6131 22.7 35.8719
      vertex 2.39612 22.7 36.2645
    endloop
  endfacet
  facet normal -0.815613 0 -0.578597
    outer loop
      vertex 2.87267 22.7 35.506
      vertex 2.6131 31.2 35.8719
      vertex 2.87267 31.2 35.506
    endloop
  endfacet
  facet normal -0.815613 -0 -0.578597
    outer loop
      vertex 2.6131 31.2 35.8719
      vertex 2.87267 22.7 35.506
      vertex 2.6131 22.7 35.8719
    endloop
  endfacet
  facet normal -0.0561787 0 -0.998421
    outer loop
      vertex 5.55214 22.7 34.0252
      vertex 6 31.2 34
      vertex 6 22.7 34
    endloop
  endfacet
  facet normal -0.0561787 0 -0.998421
    outer loop
      vertex 6 31.2 34
      vertex 5.55214 22.7 34.0252
      vertex 5.55214 31.2 34.0252
    endloop
  endfacet
  facet normal -0.578715 0 -0.81553
    outer loop
      vertex 3.50604 22.7 34.8727
      vertex 3.87187 31.2 34.6131
      vertex 3.87187 22.7 34.6131
    endloop
  endfacet
  facet normal -0.578715 0 -0.81553
    outer loop
      vertex 3.87187 31.2 34.6131
      vertex 3.50604 22.7 34.8727
      vertex 3.50604 31.2 34.8727
    endloop
  endfacet
  facet normal -0.483758 0 -0.875202
    outer loop
      vertex 3.87187 22.7 34.6131
      vertex 4.26446 31.2 34.3961
      vertex 4.26446 22.7 34.3961
    endloop
  endfacet
  facet normal -0.483758 0 -0.875202
    outer loop
      vertex 4.26446 31.2 34.3961
      vertex 3.87187 22.7 34.6131
      vertex 3.87187 31.2 34.6131
    endloop
  endfacet
  facet normal -0.745574 0 0.666423
    outer loop
      vertex 2.87267 22.7 40.494
      vertex 3.17157 31.2 40.8284
      vertex 2.87267 31.2 40.494
    endloop
  endfacet
  facet normal -0.745574 0 0.666423
    outer loop
      vertex 3.17157 31.2 40.8284
      vertex 2.87267 22.7 40.494
      vertex 3.17157 22.7 40.8284
    endloop
  endfacet
  facet normal -0 0 1
    outer loop
      vertex 0 31.2 39.5
      vertex 0.0280793 22.7 39.5
      vertex 0.0280793 31.2 39.5
    endloop
  endfacet
  facet normal 0 0 1
    outer loop
      vertex 0.0280793 22.7 39.5
      vertex 0 31.2 39.5
      vertex 0 22.7 39.5
    endloop
  endfacet
  facet normal -0 0 1
    outer loop
      vertex 2.24929 31.2 39.5
      vertex 2.29856 22.7 39.5
      vertex 2.29856 31.2 39.5
    endloop
  endfacet
  facet normal 0 0 1
    outer loop
      vertex 2.29856 22.7 39.5
      vertex 2.24929 31.2 39.5
      vertex 2.24929 22.7 39.5
    endloop
  endfacet
  facet normal 0 0 -1
    outer loop
      vertex 2.2 22.7 36.5
      vertex 2.29856 31.2 36.5
      vertex 2.29856 22.7 36.5
    endloop
  endfacet
  facet normal -0 0 -1
    outer loop
      vertex 2.29856 31.2 36.5
      vertex 2.2 22.7 36.5
      vertex 2.2 31.2 36.5
    endloop
  endfacet
  facet normal 1 -0 0
    outer loop
      vertex 7.5 22.7 41.8
      vertex 7.5 31.2 41.7014
      vertex 7.5 31.2 41.8
    endloop
  endfacet
  facet normal 1 0 0
    outer loop
      vertex 7.5 31.2 41.7014
      vertex 7.5 22.7 41.8
      vertex 7.5 22.7 41.7014
    endloop
  endfacet
  facet normal -1 0 0
    outer loop
      vertex 4.5 22.7 43.9719
      vertex 4.5 31.2 44
      vertex 4.5 31.2 43.9719
    endloop
  endfacet
  facet normal -1 -0 0
    outer loop
      vertex 4.5 31.2 44
      vertex 4.5 22.7 43.9719
      vertex 4.5 22.7 44
    endloop
  endfacet
  facet normal -1 0 0
    outer loop
      vertex 4.5 22.7 41.7014
      vertex 4.5 31.2 41.7507
      vertex 4.5 31.2 41.7014
    endloop
  endfacet
  facet normal -1 -0 0
    outer loop
      vertex 4.5 31.2 41.7507
      vertex 4.5 22.7 41.7014
      vertex 4.5 22.7 41.7507
    endloop
  endfacet
  facet normal 0.81553 -0 0.578715
    outer loop
      vertex 85.1273 22.7 8.49396
      vertex 85.3869 31.2 8.12813
      vertex 85.1273 31.2 8.49396
    endloop
  endfacet
  facet normal 0.81553 0 0.578715
    outer loop
      vertex 85.3869 31.2 8.12813
      vertex 85.1273 22.7 8.49396
      vertex 85.3869 22.7 8.12813
    endloop
  endfacet
  facet normal 0.578597 0 0.815613
    outer loop
      vertex 84.1281 31.2 9.3869
      vertex 84.494 22.7 9.12733
      vertex 84.494 31.2 9.12733
    endloop
  endfacet
  facet normal 0.578597 0 0.815613
    outer loop
      vertex 84.494 22.7 9.12733
      vertex 84.1281 31.2 9.3869
      vertex 84.1281 22.7 9.3869
    endloop
  endfacet
  facet normal -0.875207 0 0.483749
    outer loop
      vertex 78.3961 22.7 7.73553
      vertex 78.6131 31.2 8.12813
      vertex 78.3961 31.2 7.73553
    endloop
  endfacet
  facet normal -0.875207 0 0.483749
    outer loop
      vertex 78.6131 31.2 8.12813
      vertex 78.3961 22.7 7.73553
      vertex 78.6131 22.7 8.12813
    endloop
  endfacet
  facet normal 0.0560626 0 0.998427
    outer loop
      vertex 82 31.2 10
      vertex 82.4479 22.7 9.97485
      vertex 82.4479 31.2 9.97485
    endloop
  endfacet
  facet normal 0.0560626 0 0.998427
    outer loop
      vertex 82.4479 22.7 9.97485
      vertex 82 31.2 10
      vertex 82 22.7 10
    endloop
  endfacet
  facet normal -0.923922 0 0.38258
    outer loop
      vertex 78.2245 22.7 7.32112
      vertex 78.3961 31.2 7.73553
      vertex 78.2245 31.2 7.32112
    endloop
  endfacet
  facet normal -0.923922 0 0.38258
    outer loop
      vertex 78.3961 31.2 7.73553
      vertex 78.2245 22.7 7.32112
      vertex 78.3961 22.7 7.73553
    endloop
  endfacet
  facet normal -0.81553 0 0.578715
    outer loop
      vertex 78.6131 22.7 8.12813
      vertex 78.8727 31.2 8.49396
      vertex 78.6131 31.2 8.12813
    endloop
  endfacet
  facet normal -0.81553 0 0.578715
    outer loop
      vertex 78.8727 31.2 8.49396
      vertex 78.6131 22.7 8.12813
      vertex 78.8727 22.7 8.49396
    endloop
  endfacet
  facet normal -0.578597 0 0.815613
    outer loop
      vertex 79.506 31.2 9.12733
      vertex 79.8719 22.7 9.3869
      vertex 79.8719 31.2 9.3869
    endloop
  endfacet
  facet normal -0.578597 0 0.815613
    outer loop
      vertex 79.8719 22.7 9.3869
      vertex 79.506 31.2 9.12733
      vertex 79.506 22.7 9.12733
    endloop
  endfacet
  facet normal 0.276858 0 0.960911
    outer loop
      vertex 82.8901 31.2 9.89971
      vertex 83.3211 22.7 9.77553
      vertex 83.3211 31.2 9.77553
    endloop
  endfacet
  facet normal 0.276858 0 0.960911
    outer loop
      vertex 83.3211 22.7 9.77553
      vertex 82.8901 31.2 9.89971
      vertex 82.8901 22.7 9.89971
    endloop
  endfacet
  facet normal -0.276858 0 0.960911
    outer loop
      vertex 80.6789 31.2 9.77553
      vertex 81.1099 22.7 9.89971
      vertex 81.1099 31.2 9.89971
    endloop
  endfacet
  facet normal -0.276858 0 0.960911
    outer loop
      vertex 81.1099 22.7 9.89971
      vertex 80.6789 31.2 9.77553
      vertex 80.6789 22.7 9.77553
    endloop
  endfacet
  facet normal 0.382683 0 0.92388
    outer loop
      vertex 83.3211 31.2 9.77553
      vertex 83.7355 22.7 9.60388
      vertex 83.7355 31.2 9.60388
    endloop
  endfacet
  facet normal 0.382683 0 0.92388
    outer loop
      vertex 83.7355 22.7 9.60388
      vertex 83.3211 31.2 9.77553
      vertex 83.3211 22.7 9.77553
    endloop
  endfacet
  facet normal -0.745643 0 -0.666346
    outer loop
      vertex 79.1716 22.7 3.17157
      vertex 78.8727 31.2 3.50604
      vertex 79.1716 31.2 3.17157
    endloop
  endfacet
  facet normal -0.745643 -0 -0.666346
    outer loop
      vertex 78.8727 31.2 3.50604
      vertex 79.1716 22.7 3.17157
      vertex 78.8727 22.7 3.50604
    endloop
  endfacet
  facet normal -0.998433 0 -0.0559565
    outer loop
      vertex 78.0251 22.7 5.55214
      vertex 78 31.2 6
      vertex 78.0251 31.2 5.55214
    endloop
  endfacet
  facet normal -0.998433 -0 -0.0559565
    outer loop
      vertex 78 31.2 6
      vertex 78.0251 22.7 5.55214
      vertex 78 22.7 6
    endloop
  endfacet
  facet normal 0 -1 -0
    outer loop
      vertex 88 22.7 5
      vertex 87.9719 22.7 4.5
      vertex 88 22.7 4.5
    endloop
  endfacet
  facet normal 0 -1 -0
    outer loop
      vertex 83.5 22.7 0.0280793
      vertex 83 22.7 0
      vertex 83.5 22.7 0
    endloop
  endfacet
  facet normal 0 -1 0
    outer loop
      vertex 81.5521 22.7 9.97485
      vertex 81.8824 22.7 7.0434
      vertex 82 22.7 7.05
    endloop
  endfacet
  facet normal 0 -1 0
    outer loop
      vertex 78.3961 22.7 7.73553
      vertex 81.7663 22.7 7.02367
      vertex 81.8824 22.7 7.0434
    endloop
  endfacet
  facet normal 0 -1 0
    outer loop
      vertex 78.3961 22.7 7.73553
      vertex 81.6532 22.7 6.99108
      vertex 81.7663 22.7 7.02367
    endloop
  endfacet
  facet normal 0 -1 0
    outer loop
      vertex 78.3961 22.7 7.73553
      vertex 81.5444 22.7 6.94602
      vertex 81.6532 22.7 6.99108
    endloop
  endfacet
  facet normal 0 -1 0
    outer loop
      vertex 81.0089 22.7 6.34679
      vertex 78.2245 22.7 7.32112
      vertex 78.1003 22.7 6.89008
    endloop
  endfacet
  facet normal 0 -1 0
    outer loop
      vertex 78.3961 22.7 7.73553
      vertex 81.4414 22.7 6.88906
      vertex 81.5444 22.7 6.94602
    endloop
  endfacet
  facet normal 0 -1 0
    outer loop
      vertex 78.3961 22.7 7.73553
      vertex 81.3453 22.7 6.82092
      vertex 81.4414 22.7 6.88906
    endloop
  endfacet
  facet normal 0 -1 0
    outer loop
      vertex 78.3961 22.7 7.73553
      vertex 81.2575 22.7 6.74246
      vertex 81.3453 22.7 6.82092
    endloop
  endfacet
  facet normal 0 -1 0
    outer loop
      vertex 78.3961 22.7 7.73553
      vertex 81.1791 22.7 6.65466
      vertex 81.2575 22.7 6.74246
    endloop
  endfacet
  facet normal 0 -1 0
    outer loop
      vertex 78.3961 22.7 7.73553
      vertex 81.1109 22.7 6.55863
      vertex 81.1791 22.7 6.65466
    endloop
  endfacet
  facet normal 0 -1 0
    outer loop
      vertex 78.3961 22.7 7.73553
      vertex 81.054 22.7 6.45558
      vertex 81.1109 22.7 6.55863
    endloop
  endfacet
  facet normal 0 -1 0
    outer loop
      vertex 80.9763 22.7 6.23365
      vertex 78.1003 22.7 6.89008
      vertex 78.0251 22.7 6.44786
    endloop
  endfacet
  facet normal 0 -1 0
    outer loop
      vertex 78.2245 22.7 7.32112
      vertex 81.0089 22.7 6.34679
      vertex 81.054 22.7 6.45558
    endloop
  endfacet
  facet normal 0 -1 0
    outer loop
      vertex 78.1003 22.7 6.89008
      vertex 80.9763 22.7 6.23365
      vertex 81.0089 22.7 6.34679
    endloop
  endfacet
  facet normal 0 -1 0
    outer loop
      vertex 78.0251 22.7 6.44786
      vertex 80.9566 22.7 6.11756
      vertex 80.9763 22.7 6.23365
    endloop
  endfacet
  facet normal 0 -1 0
    outer loop
      vertex 78 22.7 6
      vertex 80.9566 22.7 6.11756
      vertex 78.0251 22.7 6.44786
    endloop
  endfacet
  facet normal 0 -1 0
    outer loop
      vertex 78 22.7 6
      vertex 80.95 22.7 6
      vertex 80.9566 22.7 6.11756
    endloop
  endfacet
  facet normal 0 -1 0
    outer loop
      vertex 78 22.7 6
      vertex 80.9566 22.7 5.88244
      vertex 80.95 22.7 6
    endloop
  endfacet
  facet normal 0 -1 0
    outer loop
      vertex 78.0251 22.7 5.55214
      vertex 80.9566 22.7 5.88244
      vertex 78 22.7 6
    endloop
  endfacet
  facet normal 0 -1 -0
    outer loop
      vertex 80.9566 22.7 5.88244
      vertex 78.0251 22.7 5.55214
      vertex 80.9763 22.7 5.76635
    endloop
  endfacet
  facet normal 0 -1 0
    outer loop
      vertex 78.1003 22.7 5.10992
      vertex 80.9763 22.7 5.76635
      vertex 78.0251 22.7 5.55214
    endloop
  endfacet
  facet normal 0 -1 -0
    outer loop
      vertex 80.9763 22.7 5.76635
      vertex 78.1003 22.7 5.10992
      vertex 81.0089 22.7 5.65321
    endloop
  endfacet
  facet normal 0 -1 0
    outer loop
      vertex 78.2245 22.7 4.67888
      vertex 81.0089 22.7 5.65321
      vertex 78.1003 22.7 5.10992
    endloop
  endfacet
  facet normal 0 -1 -0
    outer loop
      vertex 81.0089 22.7 5.65321
      vertex 78.2245 22.7 4.67888
      vertex 81.054 22.7 5.54442
    endloop
  endfacet
  facet normal 0 -1 0
    outer loop
      vertex 78.3961 22.7 4.26446
      vertex 81.054 22.7 5.54442
      vertex 78.2245 22.7 4.67888
    endloop
  endfacet
  facet normal 0 -1 -0
    outer loop
      vertex 81.054 22.7 5.54442
      vertex 78.3961 22.7 4.26446
      vertex 81.1109 22.7 5.44137
    endloop
  endfacet
  facet normal 0 -1 0
    outer loop
      vertex 78.6131 22.7 3.87187
      vertex 81.1109 22.7 5.44137
      vertex 78.3961 22.7 4.26446
    endloop
  endfacet
  facet normal 0 -1 -0
    outer loop
      vertex 81.1109 22.7 5.44137
      vertex 78.6131 22.7 3.87187
      vertex 81.1791 22.7 5.34534
    endloop
  endfacet
  facet normal 0 -1 0
    outer loop
      vertex 78.8727 22.7 3.50604
      vertex 81.1791 22.7 5.34534
      vertex 78.6131 22.7 3.87187
    endloop
  endfacet
  facet normal 0 -1 -0
    outer loop
      vertex 81.1791 22.7 5.34534
      vertex 78.8727 22.7 3.50604
      vertex 81.2575 22.7 5.25754
    endloop
  endfacet
  facet normal 0 -1 0
    outer loop
      vertex 79.1716 22.7 3.17157
      vertex 81.2575 22.7 5.25754
      vertex 78.8727 22.7 3.50604
    endloop
  endfacet
  facet normal 0 -1 -0
    outer loop
      vertex 81.2575 22.7 5.25754
      vertex 79.1716 22.7 3.17157
      vertex 81.3453 22.7 5.17908
    endloop
  endfacet
  facet normal 0 -1 0
    outer loop
      vertex 79.506 22.7 2.87267
      vertex 81.3453 22.7 5.17908
      vertex 79.1716 22.7 3.17157
    endloop
  endfacet
  facet normal 0 -1 -0
    outer loop
      vertex 81.3453 22.7 5.17908
      vertex 79.506 22.7 2.87267
      vertex 81.4414 22.7 5.11094
    endloop
  endfacet
  facet normal 0 -1 0
    outer loop
      vertex 79.8719 22.7 2.6131
      vertex 81.4414 22.7 5.11094
      vertex 79.506 22.7 2.87267
    endloop
  endfacet
  facet normal -0 -1 0
    outer loop
      vertex 83.3135 22.7 2.61761
      vertex 82 22.7 4.95
      vertex 83 22.7 2.6
    endloop
  endfacet
  facet normal 0 -1 0
    outer loop
      vertex 79.8956 22.7 2.6
      vertex 81.4414 22.7 5.11094
      vertex 79.8719 22.7 2.6131
    endloop
  endfacet
  facet normal 0 -1 0
    outer loop
      vertex 82 22.7 4.95
      vertex 85.6429 22.7 4.47522
      vertex 85.7298 22.7 4.77694
    endloop
  endfacet
  facet normal 0 -1 0
    outer loop
      vertex 82 22.7 4.95
      vertex 85.5227 22.7 4.18512
      vertex 85.6429 22.7 4.47522
    endloop
  endfacet
  facet normal 0 -1 -0
    outer loop
      vertex 81.4414 22.7 5.11094
      vertex 79.8956 22.7 2.6
      vertex 81.5444 22.7 5.05398
    endloop
  endfacet
  facet normal 0 -1 0
    outer loop
      vertex 82 22.7 4.95
      vertex 85.3708 22.7 3.91031
      vertex 85.5227 22.7 4.18512
    endloop
  endfacet
  facet normal 0 -1 -0
    outer loop
      vertex 81.5444 22.7 5.05398
      vertex 79.8956 22.7 2.6
      vertex 81.6532 22.7 5.00892
    endloop
  endfacet
  facet normal 0 -1 0
    outer loop
      vertex 82 22.7 4.95
      vertex 85.1891 22.7 3.65423
      vertex 85.3708 22.7 3.91031
    endloop
  endfacet
  facet normal 0 -1 0
    outer loop
      vertex 82 22.7 4.95
      vertex 84.9799 22.7 3.4201
      vertex 85.1891 22.7 3.65423
    endloop
  endfacet
  facet normal 0 -1 -0
    outer loop
      vertex 81.6532 22.7 5.00892
      vertex 79.8956 22.7 2.6
      vertex 81.7663 22.7 4.97633
    endloop
  endfacet
  facet normal 0 -1 0
    outer loop
      vertex 82 22.7 4.95
      vertex 84.7458 22.7 3.21087
      vertex 84.9799 22.7 3.4201
    endloop
  endfacet
  facet normal 0 -1 0
    outer loop
      vertex 82 22.7 4.95
      vertex 84.4897 22.7 3.02917
      vertex 84.7458 22.7 3.21087
    endloop
  endfacet
  facet normal 0 -1 0
    outer loop
      vertex 83 22.7 2.6
      vertex 81.7663 22.7 4.97633
      vertex 79.8956 22.7 2.6
    endloop
  endfacet
  facet normal 0 -1 0
    outer loop
      vertex 82 22.7 4.95
      vertex 84.2149 22.7 2.87729
      vertex 84.4897 22.7 3.02917
    endloop
  endfacet
  facet normal 0 -1 0
    outer loop
      vertex 82 22.7 4.95
      vertex 83.9248 22.7 2.75713
      vertex 84.2149 22.7 2.87729
    endloop
  endfacet
  facet normal 0 -1 0
    outer loop
      vertex 82 22.7 4.95
      vertex 83.6231 22.7 2.6702
      vertex 83.9248 22.7 2.75713
    endloop
  endfacet
  facet normal 0 -1 0
    outer loop
      vertex 81.7663 22.7 4.97633
      vertex 83 22.7 2.6
      vertex 81.8824 22.7 4.9566
    endloop
  endfacet
  facet normal 0 -1 0
    outer loop
      vertex 81.8824 22.7 4.9566
      vertex 83 22.7 2.6
      vertex 82 22.7 4.95
    endloop
  endfacet
  facet normal 0 -1 0
    outer loop
      vertex 82 22.7 4.95
      vertex 83.3135 22.7 2.61761
      vertex 83.6231 22.7 2.6702
    endloop
  endfacet
  facet normal 0 -1 0
    outer loop
      vertex 82 22.7 7.05
      vertex 82 22.7 10
      vertex 81.5521 22.7 9.97485
    endloop
  endfacet
  facet normal 0 -1 0
    outer loop
      vertex 81.8824 22.7 7.0434
      vertex 81.5521 22.7 9.97485
      vertex 81.1099 22.7 9.89971
    endloop
  endfacet
  facet normal 0 -1 0
    outer loop
      vertex 82 22.7 10
      vertex 82 22.7 7.05
      vertex 82.4479 22.7 9.97485
    endloop
  endfacet
  facet normal 0 -1 0
    outer loop
      vertex 81.8824 22.7 7.0434
      vertex 81.1099 22.7 9.89971
      vertex 80.6789 22.7 9.77553
    endloop
  endfacet
  facet normal 0 -1 0
    outer loop
      vertex 82.1176 22.7 7.0434
      vertex 82.4479 22.7 9.97485
      vertex 82 22.7 7.05
    endloop
  endfacet
  facet normal 0 -1 0
    outer loop
      vertex 81.8824 22.7 7.0434
      vertex 80.6789 22.7 9.77553
      vertex 80.2645 22.7 9.60388
    endloop
  endfacet
  facet normal 0 -1 -0
    outer loop
      vertex 82.4479 22.7 9.97485
      vertex 82.1176 22.7 7.0434
      vertex 82.8901 22.7 9.89971
    endloop
  endfacet
  facet normal 0 -1 0
    outer loop
      vertex 81.8824 22.7 7.0434
      vertex 80.2645 22.7 9.60388
      vertex 79.8719 22.7 9.3869
    endloop
  endfacet
  facet normal 0 -1 0
    outer loop
      vertex 82.2336 22.7 7.02367
      vertex 82.8901 22.7 9.89971
      vertex 82.1176 22.7 7.0434
    endloop
  endfacet
  facet normal 0 -1 0
    outer loop
      vertex 81.8824 22.7 7.0434
      vertex 79.8719 22.7 9.3869
      vertex 79.506 22.7 9.12733
    endloop
  endfacet
  facet normal 0 -1 -0
    outer loop
      vertex 82.8901 22.7 9.89971
      vertex 82.2336 22.7 7.02367
      vertex 83.3211 22.7 9.77553
    endloop
  endfacet
  facet normal 0 -1 0
    outer loop
      vertex 81.8824 22.7 7.0434
      vertex 79.506 22.7 9.12733
      vertex 79.1716 22.7 8.82843
    endloop
  endfacet
  facet normal 0 -1 0
    outer loop
      vertex 82.3468 22.7 6.99108
      vertex 83.3211 22.7 9.77553
      vertex 82.2336 22.7 7.02367
    endloop
  endfacet
  facet normal 0 -1 0
    outer loop
      vertex 81.8824 22.7 7.0434
      vertex 79.1716 22.7 8.82843
      vertex 78.8727 22.7 8.49396
    endloop
  endfacet
  facet normal 0 -1 -0
    outer loop
      vertex 83.3211 22.7 9.77553
      vertex 82.3468 22.7 6.99108
      vertex 83.7355 22.7 9.60388
    endloop
  endfacet
  facet normal 0 -1 0
    outer loop
      vertex 81.8824 22.7 7.0434
      vertex 78.8727 22.7 8.49396
      vertex 78.6131 22.7 8.12813
    endloop
  endfacet
  facet normal 0 -1 0
    outer loop
      vertex 82.4556 22.7 6.94602
      vertex 83.7355 22.7 9.60388
      vertex 82.3468 22.7 6.99108
    endloop
  endfacet
  facet normal 0 -1 0
    outer loop
      vertex 81.8824 22.7 7.0434
      vertex 78.6131 22.7 8.12813
      vertex 78.3961 22.7 7.73553
    endloop
  endfacet
  facet normal 0 -1 -0
    outer loop
      vertex 83.7355 22.7 9.60388
      vertex 82.4556 22.7 6.94602
      vertex 84.1281 22.7 9.3869
    endloop
  endfacet
  facet normal 0 -1 0
    outer loop
      vertex 82.5586 22.7 6.88906
      vertex 84.1281 22.7 9.3869
      vertex 82.4556 22.7 6.94602
    endloop
  endfacet
  facet normal 0 -1 0
    outer loop
      vertex 81.054 22.7 6.45558
      vertex 78.3961 22.7 7.73553
      vertex 78.2245 22.7 7.32112
    endloop
  endfacet
  facet normal 0 -1 -0
    outer loop
      vertex 84.1281 22.7 9.3869
      vertex 82.5586 22.7 6.88906
      vertex 84.494 22.7 9.12733
    endloop
  endfacet
  facet normal 0 -1 0
    outer loop
      vertex 82.6547 22.7 6.82092
      vertex 84.494 22.7 9.12733
      vertex 82.5586 22.7 6.88906
    endloop
  endfacet
  facet normal 0 -1 -0
    outer loop
      vertex 84.494 22.7 9.12733
      vertex 82.6547 22.7 6.82092
      vertex 84.8284 22.7 8.82843
    endloop
  endfacet
  facet normal 0 -1 0
    outer loop
      vertex 82.7425 22.7 6.74246
      vertex 84.8284 22.7 8.82843
      vertex 82.6547 22.7 6.82092
    endloop
  endfacet
  facet normal 0 -1 -0
    outer loop
      vertex 84.8284 22.7 8.82843
      vertex 82.7425 22.7 6.74246
      vertex 85.1273 22.7 8.49396
    endloop
  endfacet
  facet normal 0 -1 0
    outer loop
      vertex 82.8209 22.7 6.65466
      vertex 85.1273 22.7 8.49396
      vertex 82.7425 22.7 6.74246
    endloop
  endfacet
  facet normal 0 -1 -0
    outer loop
      vertex 85.1273 22.7 8.49396
      vertex 82.8209 22.7 6.65466
      vertex 85.3869 22.7 8.12813
    endloop
  endfacet
  facet normal 0 -1 0
    outer loop
      vertex 82.8891 22.7 6.55863
      vertex 85.3869 22.7 8.12813
      vertex 82.8209 22.7 6.65466
    endloop
  endfacet
  facet normal 0 -1 -0
    outer loop
      vertex 85.3869 22.7 8.12813
      vertex 82.8891 22.7 6.55863
      vertex 85.6039 22.7 7.73553
    endloop
  endfacet
  facet normal 0 -1 0
    outer loop
      vertex 82.946 22.7 6.45558
      vertex 85.6039 22.7 7.73553
      vertex 82.8891 22.7 6.55863
    endloop
  endfacet
  facet normal 0 -1 -0
    outer loop
      vertex 85.6039 22.7 7.73553
      vertex 82.946 22.7 6.45558
      vertex 85.7014 22.7 7.5
    endloop
  endfacet
  facet normal 0 -1 0
    outer loop
      vertex 82.9911 22.7 6.34679
      vertex 85.7014 22.7 7.5
      vertex 82.946 22.7 6.45558
    endloop
  endfacet
  facet normal 0 -1 0
    outer loop
      vertex 83.0237 22.7 6.23365
      vertex 85.7014 22.7 7.5
      vertex 82.9911 22.7 6.34679
    endloop
  endfacet
  facet normal 0 -1 0
    outer loop
      vertex 83.0434 22.7 6.11756
      vertex 85.7014 22.7 7.5
      vertex 83.0237 22.7 6.23365
    endloop
  endfacet
  facet normal 0 -1 0
    outer loop
      vertex 85.8 22.7 5.4
      vertex 85.7014 22.7 7.5
      vertex 83.0434 22.7 6.11756
    endloop
  endfacet
  facet normal 0 -1 0
    outer loop
      vertex 85.8 22.7 5.4
      vertex 83.0434 22.7 6.11756
      vertex 83.05 22.7 6
    endloop
  endfacet
  facet normal 0 -1 0
    outer loop
      vertex 85.8 22.7 5.4
      vertex 83.05 22.7 6
      vertex 83.0434 22.7 5.88244
    endloop
  endfacet
  facet normal 0 -1 0
    outer loop
      vertex 85.8 22.7 5.4
      vertex 83.0434 22.7 5.88244
      vertex 83.0237 22.7 5.76635
    endloop
  endfacet
  facet normal 0 -1 0
    outer loop
      vertex 85.8 22.7 5.4
      vertex 83.0237 22.7 5.76635
      vertex 82.9911 22.7 5.65321
    endloop
  endfacet
  facet normal 0 -1 0
    outer loop
      vertex 85.7298 22.7 4.77694
      vertex 82.9911 22.7 5.65321
      vertex 82.946 22.7 5.54442
    endloop
  endfacet
  facet normal 0 -1 0
    outer loop
      vertex 85.7298 22.7 4.77694
      vertex 82.946 22.7 5.54442
      vertex 82.8891 22.7 5.44137
    endloop
  endfacet
  facet normal 0 -1 0
    outer loop
      vertex 85.7014 22.7 7.5
      vertex 85.8 22.7 5.4
      vertex 85.8 22.7 7.5
    endloop
  endfacet
  facet normal 0 -1 0
    outer loop
      vertex 85.7298 22.7 4.77694
      vertex 82.8891 22.7 5.44137
      vertex 82.8209 22.7 5.34534
    endloop
  endfacet
  facet normal 0 -1 0
    outer loop
      vertex 85.7298 22.7 4.77694
      vertex 82.8209 22.7 5.34534
      vertex 82.7425 22.7 5.25754
    endloop
  endfacet
  facet normal 0 -1 0
    outer loop
      vertex 85.7298 22.7 4.77694
      vertex 82.7425 22.7 5.25754
      vertex 82.6547 22.7 5.17908
    endloop
  endfacet
  facet normal 0 -1 0
    outer loop
      vertex 85.7298 22.7 4.77694
      vertex 82.6547 22.7 5.17908
      vertex 82.5586 22.7 5.11094
    endloop
  endfacet
  facet normal 0 -1 0
    outer loop
      vertex 82.9911 22.7 5.65321
      vertex 85.7824 22.7 5.0865
      vertex 85.8 22.7 5.4
    endloop
  endfacet
  facet normal 0 -1 0
    outer loop
      vertex 85.7298 22.7 4.77694
      vertex 82.5586 22.7 5.11094
      vertex 82.4556 22.7 5.05398
    endloop
  endfacet
  facet normal 0 -1 0
    outer loop
      vertex 85.7298 22.7 4.77694
      vertex 82.4556 22.7 5.05398
      vertex 82.3468 22.7 5.00892
    endloop
  endfacet
  facet normal 0 -1 0
    outer loop
      vertex 85.7298 22.7 4.77694
      vertex 82.3468 22.7 5.00892
      vertex 82.2336 22.7 4.97633
    endloop
  endfacet
  facet normal 0 -1 0
    outer loop
      vertex 85.7298 22.7 4.77694
      vertex 82.2336 22.7 4.97633
      vertex 82.1176 22.7 4.9566
    endloop
  endfacet
  facet normal 0 -1 0
    outer loop
      vertex 85.7298 22.7 4.77694
      vertex 82.1176 22.7 4.9566
      vertex 82 22.7 4.95
    endloop
  endfacet
  facet normal 0 -1 0
    outer loop
      vertex 82.9911 22.7 5.65321
      vertex 85.7298 22.7 4.77694
      vertex 85.7824 22.7 5.0865
    endloop
  endfacet
  facet normal -0.666423 0 0.745574
    outer loop
      vertex 79.1716 31.2 8.82843
      vertex 79.506 22.7 9.12733
      vertex 79.506 31.2 9.12733
    endloop
  endfacet
  facet normal -0.666423 0 0.745574
    outer loop
      vertex 79.506 22.7 9.12733
      vertex 79.1716 31.2 8.82843
      vertex 79.1716 22.7 8.82843
    endloop
  endfacet
  facet normal 0.167522 0 0.985868
    outer loop
      vertex 82.4479 31.2 9.97485
      vertex 82.8901 22.7 9.89971
      vertex 82.8901 31.2 9.89971
    endloop
  endfacet
  facet normal 0.167522 0 0.985868
    outer loop
      vertex 82.8901 22.7 9.89971
      vertex 82.4479 31.2 9.97485
      vertex 82.4479 22.7 9.97485
    endloop
  endfacet
  facet normal 0.666423 0 0.745574
    outer loop
      vertex 84.494 31.2 9.12733
      vertex 84.8284 22.7 8.82843
      vertex 84.8284 31.2 8.82843
    endloop
  endfacet
  facet normal 0.666423 0 0.745574
    outer loop
      vertex 84.8284 22.7 8.82843
      vertex 84.494 31.2 9.12733
      vertex 84.494 22.7 9.12733
    endloop
  endfacet
  facet normal 0.923962 -0 0.382483
    outer loop
      vertex 85.6039 22.7 7.73553
      vertex 85.7014 31.2 7.5
      vertex 85.6039 31.2 7.73553
    endloop
  endfacet
  facet normal 0.923962 0 0.382483
    outer loop
      vertex 85.7014 31.2 7.5
      vertex 85.6039 22.7 7.73553
      vertex 85.7014 22.7 7.5
    endloop
  endfacet
  facet normal 0.745643 -0 0.666346
    outer loop
      vertex 84.8284 22.7 8.82843
      vertex 85.1273 31.2 8.49396
      vertex 84.8284 31.2 8.82843
    endloop
  endfacet
  facet normal 0.745643 0 0.666346
    outer loop
      vertex 85.1273 31.2 8.49396
      vertex 84.8284 22.7 8.82843
      vertex 85.1273 22.7 8.49396
    endloop
  endfacet
  facet normal -0.666423 0 -0.745574
    outer loop
      vertex 79.1716 22.7 3.17157
      vertex 79.506 31.2 2.87267
      vertex 79.506 22.7 2.87267
    endloop
  endfacet
  facet normal -0.666423 0 -0.745574
    outer loop
      vertex 79.506 31.2 2.87267
      vertex 79.1716 22.7 3.17157
      vertex 79.1716 31.2 3.17157
    endloop
  endfacet
  facet normal 0.483715 0 0.875226
    outer loop
      vertex 83.7355 31.2 9.60388
      vertex 84.1281 22.7 9.3869
      vertex 84.1281 31.2 9.3869
    endloop
  endfacet
  facet normal 0.483715 0 0.875226
    outer loop
      vertex 84.1281 22.7 9.3869
      vertex 83.7355 31.2 9.60388
      vertex 83.7355 22.7 9.60388
    endloop
  endfacet
  facet normal -0.923926 0 -0.382572
    outer loop
      vertex 78.3961 22.7 4.26446
      vertex 78.2245 31.2 4.67888
      vertex 78.3961 31.2 4.26446
    endloop
  endfacet
  facet normal -0.923926 -0 -0.382572
    outer loop
      vertex 78.2245 31.2 4.67888
      vertex 78.3961 22.7 4.26446
      vertex 78.2245 22.7 4.67888
    endloop
  endfacet
  facet normal 0.875207 -0 0.483749
    outer loop
      vertex 85.3869 22.7 8.12813
      vertex 85.6039 31.2 7.73553
      vertex 85.3869 31.2 8.12813
    endloop
  endfacet
  facet normal 0.875207 0 0.483749
    outer loop
      vertex 85.6039 31.2 7.73553
      vertex 85.3869 22.7 8.12813
      vertex 85.6039 22.7 7.73553
    endloop
  endfacet
  facet normal -0.382683 0 0.92388
    outer loop
      vertex 80.2645 31.2 9.60388
      vertex 80.6789 22.7 9.77553
      vertex 80.6789 31.2 9.77553
    endloop
  endfacet
  facet normal -0.382683 0 0.92388
    outer loop
      vertex 80.6789 22.7 9.77553
      vertex 80.2645 31.2 9.60388
      vertex 80.2645 22.7 9.60388
    endloop
  endfacet
  facet normal -0.960906 0 0.276876
    outer loop
      vertex 78.1003 22.7 6.89008
      vertex 78.2245 31.2 7.32112
      vertex 78.1003 31.2 6.89008
    endloop
  endfacet
  facet normal -0.960906 0 0.276876
    outer loop
      vertex 78.2245 31.2 7.32112
      vertex 78.1003 22.7 6.89008
      vertex 78.2245 22.7 7.32112
    endloop
  endfacet
  facet normal -0.875202 0 -0.483758
    outer loop
      vertex 78.6131 22.7 3.87187
      vertex 78.3961 31.2 4.26446
      vertex 78.6131 31.2 3.87187
    endloop
  endfacet
  facet normal -0.875202 -0 -0.483758
    outer loop
      vertex 78.3961 31.2 4.26446
      vertex 78.6131 22.7 3.87187
      vertex 78.3961 22.7 4.26446
    endloop
  endfacet
  facet normal -0.985848 0 -0.167644
    outer loop
      vertex 78.1003 22.7 5.10992
      vertex 78.0251 31.2 5.55214
      vertex 78.1003 31.2 5.10992
    endloop
  endfacet
  facet normal -0.985848 -0 -0.167644
    outer loop
      vertex 78.0251 31.2 5.55214
      vertex 78.1003 22.7 5.10992
      vertex 78.0251 22.7 5.55214
    endloop
  endfacet
  facet normal -0.985848 0 0.167644
    outer loop
      vertex 78.0251 22.7 6.44786
      vertex 78.1003 31.2 6.89008
      vertex 78.0251 31.2 6.44786
    endloop
  endfacet
  facet normal -0.985848 0 0.167644
    outer loop
      vertex 78.1003 31.2 6.89008
      vertex 78.0251 22.7 6.44786
      vertex 78.1003 22.7 6.89008
    endloop
  endfacet
  facet normal -0.483715 0 0.875226
    outer loop
      vertex 79.8719 31.2 9.3869
      vertex 80.2645 22.7 9.60388
      vertex 80.2645 31.2 9.60388
    endloop
  endfacet
  facet normal -0.483715 0 0.875226
    outer loop
      vertex 80.2645 22.7 9.60388
      vertex 79.8719 31.2 9.3869
      vertex 79.8719 22.7 9.3869
    endloop
  endfacet
  facet normal -0.81553 0 -0.578715
    outer loop
      vertex 78.8727 22.7 3.50604
      vertex 78.6131 31.2 3.87187
      vertex 78.8727 31.2 3.50604
    endloop
  endfacet
  facet normal -0.81553 -0 -0.578715
    outer loop
      vertex 78.6131 31.2 3.87187
      vertex 78.8727 22.7 3.50604
      vertex 78.6131 22.7 3.87187
    endloop
  endfacet
  facet normal -0.998433 0 0.0559565
    outer loop
      vertex 78 22.7 6
      vertex 78.0251 31.2 6.44786
      vertex 78 31.2 6
    endloop
  endfacet
  facet normal -0.998433 0 0.0559565
    outer loop
      vertex 78.0251 31.2 6.44786
      vertex 78 22.7 6
      vertex 78.0251 22.7 6.44786
    endloop
  endfacet
  facet normal -0.578597 0 -0.815613
    outer loop
      vertex 79.506 22.7 2.87267
      vertex 79.8719 31.2 2.6131
      vertex 79.8719 22.7 2.6131
    endloop
  endfacet
  facet normal -0.578597 0 -0.815613
    outer loop
      vertex 79.8719 31.2 2.6131
      vertex 79.506 22.7 2.87267
      vertex 79.506 31.2 2.87267
    endloop
  endfacet
  facet normal -0.483761 0 -0.8752
    outer loop
      vertex 79.8719 22.7 2.6131
      vertex 79.8956 31.2 2.6
      vertex 79.8956 22.7 2.6
    endloop
  endfacet
  facet normal -0.483761 0 -0.8752
    outer loop
      vertex 79.8956 31.2 2.6
      vertex 79.8719 22.7 2.6131
      vertex 79.8719 31.2 2.6131
    endloop
  endfacet
  facet normal -0.0560626 0 0.998427
    outer loop
      vertex 81.5521 31.2 9.97485
      vertex 82 22.7 10
      vertex 82 31.2 10
    endloop
  endfacet
  facet normal -0.0560626 0 0.998427
    outer loop
      vertex 82 22.7 10
      vertex 81.5521 31.2 9.97485
      vertex 81.5521 22.7 9.97485
    endloop
  endfacet
  facet normal -0.960906 0 -0.276876
    outer loop
      vertex 78.2245 22.7 4.67888
      vertex 78.1003 31.2 5.10992
      vertex 78.2245 31.2 4.67888
    endloop
  endfacet
  facet normal -0.960906 -0 -0.276876
    outer loop
      vertex 78.1003 31.2 5.10992
      vertex 78.2245 22.7 4.67888
      vertex 78.1003 22.7 5.10992
    endloop
  endfacet
  facet normal -0.745643 0 0.666346
    outer loop
      vertex 78.8727 22.7 8.49396
      vertex 79.1716 31.2 8.82843
      vertex 78.8727 31.2 8.49396
    endloop
  endfacet
  facet normal -0.745643 0 0.666346
    outer loop
      vertex 79.1716 31.2 8.82843
      vertex 78.8727 22.7 8.49396
      vertex 79.1716 22.7 8.82843
    endloop
  endfacet
  facet normal -0.167522 0 0.985868
    outer loop
      vertex 81.1099 31.2 9.89971
      vertex 81.5521 22.7 9.97485
      vertex 81.5521 31.2 9.97485
    endloop
  endfacet
  facet normal -0.167522 0 0.985868
    outer loop
      vertex 81.5521 22.7 9.97485
      vertex 81.1099 31.2 9.89971
      vertex 81.1099 22.7 9.89971
    endloop
  endfacet
  facet normal -0 0 1
    outer loop
      vertex 85.7014 31.2 7.5
      vertex 85.8 22.7 7.5
      vertex 85.8 31.2 7.5
    endloop
  endfacet
  facet normal 0 0 1
    outer loop
      vertex 85.8 22.7 7.5
      vertex 85.7014 31.2 7.5
      vertex 85.7014 22.7 7.5
    endloop
  endfacet
  facet normal 0 0 -1
    outer loop
      vertex 87.9719 22.7 4.5
      vertex 88 31.2 4.5
      vertex 88 22.7 4.5
    endloop
  endfacet
  facet normal -0 0 -1
    outer loop
      vertex 88 31.2 4.5
      vertex 87.9719 22.7 4.5
      vertex 87.9719 31.2 4.5
    endloop
  endfacet
  facet normal 1 -0 0
    outer loop
      vertex 83.5 22.7 0.0280793
      vertex 83.5 31.2 0
      vertex 83.5 31.2 0.0280793
    endloop
  endfacet
  facet normal 1 0 0
    outer loop
      vertex 83.5 31.2 0
      vertex 83.5 22.7 0.0280793
      vertex 83.5 22.7 0
    endloop
  endfacet
  facet normal 0.815582 -0 0.578642
    outer loop
      vertex 85.1273 22.7 40.494
      vertex 85.3869 31.2 40.1281
      vertex 85.1273 31.2 40.494
    endloop
  endfacet
  facet normal 0.815582 0 0.578642
    outer loop
      vertex 85.3869 31.2 40.1281
      vertex 85.1273 22.7 40.494
      vertex 85.3869 22.7 40.1281
    endloop
  endfacet
  facet normal 0.483749 0 -0.875207
    outer loop
      vertex 83.7355 22.7 34.3961
      vertex 84.1281 31.2 34.6131
      vertex 84.1281 22.7 34.6131
    endloop
  endfacet
  facet normal 0.483749 0 -0.875207
    outer loop
      vertex 84.1281 31.2 34.6131
      vertex 83.7355 22.7 34.3961
      vertex 83.7355 31.2 34.3961
    endloop
  endfacet
  facet normal 0.578642 0 0.815582
    outer loop
      vertex 84.1281 31.2 41.3869
      vertex 84.494 22.7 41.1273
      vertex 84.494 31.2 41.1273
    endloop
  endfacet
  facet normal 0.578642 0 0.815582
    outer loop
      vertex 84.494 22.7 41.1273
      vertex 84.1281 31.2 41.3869
      vertex 84.1281 22.7 41.3869
    endloop
  endfacet
  facet normal -0.923919 0 0.382588
    outer loop
      vertex 78.2245 22.7 39.3211
      vertex 78.3961 31.2 39.7355
      vertex 78.2245 31.2 39.3211
    endloop
  endfacet
  facet normal -0.923919 0 0.382588
    outer loop
      vertex 78.3961 31.2 39.7355
      vertex 78.2245 22.7 39.3211
      vertex 78.3961 22.7 39.7355
    endloop
  endfacet
  facet normal -0.815582 0 0.578642
    outer loop
      vertex 78.6131 22.7 40.1281
      vertex 78.8727 31.2 40.494
      vertex 78.6131 31.2 40.1281
    endloop
  endfacet
  facet normal -0.815582 0 0.578642
    outer loop
      vertex 78.8727 31.2 40.494
      vertex 78.6131 22.7 40.1281
      vertex 78.8727 22.7 40.494
    endloop
  endfacet
  facet normal -0.382588 0 -0.923919
    outer loop
      vertex 80.2645 22.7 34.3961
      vertex 80.6789 31.2 34.2245
      vertex 80.6789 22.7 34.2245
    endloop
  endfacet
  facet normal -0.382588 0 -0.923919
    outer loop
      vertex 80.6789 31.2 34.2245
      vertex 80.2645 22.7 34.3961
      vertex 80.2645 31.2 34.3961
    endloop
  endfacet
  facet normal -0.578642 0 0.815582
    outer loop
      vertex 79.506 31.2 41.1273
      vertex 79.8719 22.7 41.3869
      vertex 79.8719 31.2 41.3869
    endloop
  endfacet
  facet normal -0.578642 0 0.815582
    outer loop
      vertex 79.8719 22.7 41.3869
      vertex 79.506 31.2 41.1273
      vertex 79.506 22.7 41.1273
    endloop
  endfacet
  facet normal 0.276899 0 -0.960899
    outer loop
      vertex 82.8901 22.7 34.1003
      vertex 83.3211 31.2 34.2245
      vertex 83.3211 22.7 34.2245
    endloop
  endfacet
  facet normal 0.276899 0 -0.960899
    outer loop
      vertex 83.3211 31.2 34.2245
      vertex 82.8901 22.7 34.1003
      vertex 82.8901 31.2 34.1003
    endloop
  endfacet
  facet normal 0.815582 0 -0.578642
    outer loop
      vertex 85.3869 22.7 35.8719
      vertex 85.1273 31.2 35.506
      vertex 85.3869 31.2 35.8719
    endloop
  endfacet
  facet normal 0.815582 0 -0.578642
    outer loop
      vertex 85.1273 31.2 35.506
      vertex 85.3869 22.7 35.8719
      vertex 85.1273 22.7 35.506
    endloop
  endfacet
  facet normal 0.382525 0 0.923945
    outer loop
      vertex 83.5 31.2 41.7014
      vertex 83.7355 22.7 41.6039
      vertex 83.7355 31.2 41.6039
    endloop
  endfacet
  facet normal 0.382525 0 0.923945
    outer loop
      vertex 83.7355 22.7 41.6039
      vertex 83.5 31.2 41.7014
      vertex 83.5 22.7 41.7014
    endloop
  endfacet
  facet normal 0.382588 0 -0.923919
    outer loop
      vertex 83.3211 22.7 34.2245
      vertex 83.7355 31.2 34.3961
      vertex 83.7355 22.7 34.3961
    endloop
  endfacet
  facet normal 0.382588 0 -0.923919
    outer loop
      vertex 83.7355 31.2 34.3961
      vertex 83.3211 22.7 34.2245
      vertex 83.3211 31.2 34.2245
    endloop
  endfacet
  facet normal -0.745574 0 -0.666423
    outer loop
      vertex 79.1716 22.7 35.1716
      vertex 78.8727 31.2 35.506
      vertex 79.1716 31.2 35.1716
    endloop
  endfacet
  facet normal -0.745574 -0 -0.666423
    outer loop
      vertex 78.8727 31.2 35.506
      vertex 79.1716 22.7 35.1716
      vertex 78.8727 22.7 35.506
    endloop
  endfacet
  facet normal -0.998433 0 -0.0559515
    outer loop
      vertex 78.0251 22.7 37.5521
      vertex 78 31.2 38
      vertex 78.0251 31.2 37.5521
    endloop
  endfacet
  facet normal -0.998433 -0 -0.0559515
    outer loop
      vertex 78 31.2 38
      vertex 78.0251 22.7 37.5521
      vertex 78 22.7 38
    endloop
  endfacet
  facet normal 0.875207 0 -0.483749
    outer loop
      vertex 85.6039 22.7 36.2645
      vertex 85.3869 31.2 35.8719
      vertex 85.6039 31.2 36.2645
    endloop
  endfacet
  facet normal 0.875207 0 -0.483749
    outer loop
      vertex 85.3869 31.2 35.8719
      vertex 85.6039 22.7 36.2645
      vertex 85.3869 22.7 35.8719
    endloop
  endfacet
  facet normal 0.923945 0 -0.382525
    outer loop
      vertex 85.7014 22.7 36.5
      vertex 85.6039 31.2 36.2645
      vertex 85.7014 31.2 36.5
    endloop
  endfacet
  facet normal 0.923945 0 -0.382525
    outer loop
      vertex 85.6039 31.2 36.2645
      vertex 85.7014 22.7 36.5
      vertex 85.6039 22.7 36.2645
    endloop
  endfacet
  facet normal 0 -1 -0
    outer loop
      vertex 81.4414 22.7 37.1109
      vertex 79.8719 22.7 34.6131
      vertex 81.5444 22.7 37.054
    endloop
  endfacet
  facet normal 0 -1 0
    outer loop
      vertex 80.2645 22.7 34.3961
      vertex 81.5444 22.7 37.054
      vertex 79.8719 22.7 34.6131
    endloop
  endfacet
  facet normal -0 -1 0
    outer loop
      vertex 85.6039 22.7 36.2645
      vertex 82 22.7 36.95
      vertex 85.3869 22.7 35.8719
    endloop
  endfacet
  facet normal 0 -1 0
    outer loop
      vertex 82 22.7 36.95
      vertex 85.6039 22.7 36.2645
      vertex 85.7014 22.7 36.5
    endloop
  endfacet
  facet normal 0 -1 -0
    outer loop
      vertex 81.5444 22.7 37.054
      vertex 80.2645 22.7 34.3961
      vertex 81.6532 22.7 37.0089
    endloop
  endfacet
  facet normal 0 -1 0
    outer loop
      vertex 82 22.7 36.95
      vertex 85.1273 22.7 35.506
      vertex 85.3869 22.7 35.8719
    endloop
  endfacet
  facet normal 0 -1 0
    outer loop
      vertex 80.6789 22.7 34.2245
      vertex 81.6532 22.7 37.0089
      vertex 80.2645 22.7 34.3961
    endloop
  endfacet
  facet normal 0 -1 0
    outer loop
      vertex 82 22.7 36.95
      vertex 84.8284 22.7 35.1716
      vertex 85.1273 22.7 35.506
    endloop
  endfacet
  facet normal 0 -1 -0
    outer loop
      vertex 81.6532 22.7 37.0089
      vertex 80.6789 22.7 34.2245
      vertex 81.7663 22.7 36.9763
    endloop
  endfacet
  facet normal 0 -1 0
    outer loop
      vertex 82 22.7 36.95
      vertex 84.494 22.7 34.8727
      vertex 84.8284 22.7 35.1716
    endloop
  endfacet
  facet normal 0 -1 0
    outer loop
      vertex 81.1099 22.7 34.1003
      vertex 81.7663 22.7 36.9763
      vertex 80.6789 22.7 34.2245
    endloop
  endfacet
  facet normal 0 -1 0
    outer loop
      vertex 82 22.7 36.95
      vertex 84.1281 22.7 34.6131
      vertex 84.494 22.7 34.8727
    endloop
  endfacet
  facet normal 0 -1 -0
    outer loop
      vertex 81.7663 22.7 36.9763
      vertex 81.1099 22.7 34.1003
      vertex 81.8824 22.7 36.9566
    endloop
  endfacet
  facet normal 0 -1 0
    outer loop
      vertex 82 22.7 36.95
      vertex 83.7355 22.7 34.3961
      vertex 84.1281 22.7 34.6131
    endloop
  endfacet
  facet normal 0 -1 0
    outer loop
      vertex 81.5521 22.7 34.0252
      vertex 81.8824 22.7 36.9566
      vertex 81.1099 22.7 34.1003
    endloop
  endfacet
  facet normal 0 -1 0
    outer loop
      vertex 82 22.7 36.95
      vertex 83.3211 22.7 34.2245
      vertex 83.7355 22.7 34.3961
    endloop
  endfacet
  facet normal 0 -1 -0
    outer loop
      vertex 81.8824 22.7 36.9566
      vertex 81.5521 22.7 34.0252
      vertex 82 22.7 36.95
    endloop
  endfacet
  facet normal 0 -1 0
    outer loop
      vertex 82 22.7 36.95
      vertex 82.8901 22.7 34.1003
      vertex 83.3211 22.7 34.2245
    endloop
  endfacet
  facet normal 0 -1 0
    outer loop
      vertex 82 22.7 34
      vertex 82 22.7 36.95
      vertex 81.5521 22.7 34.0252
    endloop
  endfacet
  facet normal 0 -1 0
    outer loop
      vertex 82 22.7 36.95
      vertex 82.4479 22.7 34.0252
      vertex 82.8901 22.7 34.1003
    endloop
  endfacet
  facet normal 0 -1 0
    outer loop
      vertex 82 22.7 36.95
      vertex 82 22.7 34
      vertex 82.4479 22.7 34.0252
    endloop
  endfacet
  facet normal 0 -1 0
    outer loop
      vertex 80.5 22.7 41.7014
      vertex 83 22.7 41.8
      vertex 80.5 22.7 41.8
    endloop
  endfacet
  facet normal 0 -1 0
    outer loop
      vertex 81.8824 22.7 39.0434
      vertex 83 22.7 41.8
      vertex 80.5 22.7 41.7014
    endloop
  endfacet
  facet normal 0 -1 0
    outer loop
      vertex 82.1176 22.7 39.0434
      vertex 83 22.7 41.8
      vertex 82 22.7 39.05
    endloop
  endfacet
  facet normal 0 -1 0
    outer loop
      vertex 83.3135 22.7 41.7824
      vertex 83.5 22.7 41.7014
      vertex 83.5 22.7 41.7507
    endloop
  endfacet
  facet normal 0 -1 0
    outer loop
      vertex 81.5444 22.7 38.946
      vertex 80.5 22.7 41.7014
      vertex 80.2645 22.7 41.6039
    endloop
  endfacet
  facet normal 0 -1 0
    outer loop
      vertex 82.2336 22.7 39.0237
      vertex 83 22.7 41.8
      vertex 82.1176 22.7 39.0434
    endloop
  endfacet
  facet normal 0 -1 0
    outer loop
      vertex 81.5444 22.7 38.946
      vertex 80.2645 22.7 41.6039
      vertex 79.8719 22.7 41.3869
    endloop
  endfacet
  facet normal 0 -1 0
    outer loop
      vertex 82.3468 22.7 38.9911
      vertex 83 22.7 41.8
      vertex 82.2336 22.7 39.0237
    endloop
  endfacet
  facet normal 0 -1 0
    outer loop
      vertex 81.4414 22.7 38.8891
      vertex 79.8719 22.7 41.3869
      vertex 79.506 22.7 41.1273
    endloop
  endfacet
  facet normal -0 -1 0
    outer loop
      vertex 83.5 22.7 41.7014
      vertex 83 22.7 41.8
      vertex 82.3468 22.7 38.9911
    endloop
  endfacet
  facet normal 0 -1 0
    outer loop
      vertex 81.3453 22.7 38.8209
      vertex 79.506 22.7 41.1273
      vertex 79.1716 22.7 40.8284
    endloop
  endfacet
  facet normal 0 -1 0
    outer loop
      vertex 83 22.7 41.8
      vertex 83.5 22.7 41.7014
      vertex 83.3135 22.7 41.7824
    endloop
  endfacet
  facet normal 0 -1 0
    outer loop
      vertex 81.2575 22.7 38.7425
      vertex 79.1716 22.7 40.8284
      vertex 78.8727 22.7 40.494
    endloop
  endfacet
  facet normal 0 -1 0
    outer loop
      vertex 82.4556 22.7 38.946
      vertex 83.5 22.7 41.7014
      vertex 82.3468 22.7 38.9911
    endloop
  endfacet
  facet normal 0 -1 0
    outer loop
      vertex 81.1791 22.7 38.6547
      vertex 78.8727 22.7 40.494
      vertex 78.6131 22.7 40.1281
    endloop
  endfacet
  facet normal 0 -1 -0
    outer loop
      vertex 83.5 22.7 41.7014
      vertex 82.4556 22.7 38.946
      vertex 83.7355 22.7 41.6039
    endloop
  endfacet
  facet normal 0 -1 0
    outer loop
      vertex 81.1109 22.7 38.5586
      vertex 78.6131 22.7 40.1281
      vertex 78.3961 22.7 39.7355
    endloop
  endfacet
  facet normal 0 -1 -0
    outer loop
      vertex 83.7355 22.7 41.6039
      vertex 82.4556 22.7 38.946
      vertex 84.1281 22.7 41.3869
    endloop
  endfacet
  facet normal 0 -1 0
    outer loop
      vertex 82.5586 22.7 38.8891
      vertex 84.1281 22.7 41.3869
      vertex 82.4556 22.7 38.946
    endloop
  endfacet
  facet normal 0 -1 0
    outer loop
      vertex 81.054 22.7 38.4556
      vertex 78.3961 22.7 39.7355
      vertex 78.2245 22.7 39.3211
    endloop
  endfacet
  facet normal 0 -1 -0
    outer loop
      vertex 84.1281 22.7 41.3869
      vertex 82.5586 22.7 38.8891
      vertex 84.494 22.7 41.1273
    endloop
  endfacet
  facet normal 0 -1 0
    outer loop
      vertex 82.6547 22.7 38.8209
      vertex 84.494 22.7 41.1273
      vertex 82.5586 22.7 38.8891
    endloop
  endfacet
  facet normal 0 -1 -0
    outer loop
      vertex 84.494 22.7 41.1273
      vertex 82.6547 22.7 38.8209
      vertex 84.8284 22.7 40.8284
    endloop
  endfacet
  facet normal 0 -1 0
    outer loop
      vertex 83 22.7 41.8
      vertex 81.8824 22.7 39.0434
      vertex 82 22.7 39.05
    endloop
  endfacet
  facet normal 0 -1 0
    outer loop
      vertex 80.5 22.7 41.7014
      vertex 81.7663 22.7 39.0237
      vertex 81.8824 22.7 39.0434
    endloop
  endfacet
  facet normal 0 -1 0
    outer loop
      vertex 80.5 22.7 41.7014
      vertex 81.6532 22.7 38.9911
      vertex 81.7663 22.7 39.0237
    endloop
  endfacet
  facet normal 0 -1 0
    outer loop
      vertex 80.5 22.7 41.7014
      vertex 81.5444 22.7 38.946
      vertex 81.6532 22.7 38.9911
    endloop
  endfacet
  facet normal 0 -1 0
    outer loop
      vertex 81.0089 22.7 38.3468
      vertex 78.2245 22.7 39.3211
      vertex 78.1003 22.7 38.8901
    endloop
  endfacet
  facet normal 0 -1 0
    outer loop
      vertex 79.8719 22.7 41.3869
      vertex 81.4414 22.7 38.8891
      vertex 81.5444 22.7 38.946
    endloop
  endfacet
  facet normal 0 -1 0
    outer loop
      vertex 79.506 22.7 41.1273
      vertex 81.3453 22.7 38.8209
      vertex 81.4414 22.7 38.8891
    endloop
  endfacet
  facet normal 0 -1 0
    outer loop
      vertex 79.1716 22.7 40.8284
      vertex 81.2575 22.7 38.7425
      vertex 81.3453 22.7 38.8209
    endloop
  endfacet
  facet normal 0 -1 0
    outer loop
      vertex 78.8727 22.7 40.494
      vertex 81.1791 22.7 38.6547
      vertex 81.2575 22.7 38.7425
    endloop
  endfacet
  facet normal 0 -1 0
    outer loop
      vertex 78.6131 22.7 40.1281
      vertex 81.1109 22.7 38.5586
      vertex 81.1791 22.7 38.6547
    endloop
  endfacet
  facet normal 0 -1 0
    outer loop
      vertex 78.3961 22.7 39.7355
      vertex 81.054 22.7 38.4556
      vertex 81.1109 22.7 38.5586
    endloop
  endfacet
  facet normal 0 -1 0
    outer loop
      vertex 80.9763 22.7 38.2336
      vertex 78.1003 22.7 38.8901
      vertex 78.0251 22.7 38.4479
    endloop
  endfacet
  facet normal 0 -1 0
    outer loop
      vertex 78.2245 22.7 39.3211
      vertex 81.0089 22.7 38.3468
      vertex 81.054 22.7 38.4556
    endloop
  endfacet
  facet normal 0 -1 0
    outer loop
      vertex 78.1003 22.7 38.8901
      vertex 80.9763 22.7 38.2336
      vertex 81.0089 22.7 38.3468
    endloop
  endfacet
  facet normal 0 -1 0
    outer loop
      vertex 78.0251 22.7 38.4479
      vertex 80.9566 22.7 38.1176
      vertex 80.9763 22.7 38.2336
    endloop
  endfacet
  facet normal 0 -1 0
    outer loop
      vertex 78 22.7 38
      vertex 80.9566 22.7 38.1176
      vertex 78.0251 22.7 38.4479
    endloop
  endfacet
  facet normal 0 -1 0
    outer loop
      vertex 78 22.7 38
      vertex 80.95 22.7 38
      vertex 80.9566 22.7 38.1176
    endloop
  endfacet
  facet normal 0 -1 0
    outer loop
      vertex 78 22.7 38
      vertex 80.9566 22.7 37.8824
      vertex 80.95 22.7 38
    endloop
  endfacet
  facet normal 0 -1 0
    outer loop
      vertex 78.0251 22.7 37.5521
      vertex 80.9566 22.7 37.8824
      vertex 78 22.7 38
    endloop
  endfacet
  facet normal 0 -1 -0
    outer loop
      vertex 80.9566 22.7 37.8824
      vertex 78.0251 22.7 37.5521
      vertex 80.9763 22.7 37.7664
    endloop
  endfacet
  facet normal 0 -1 0
    outer loop
      vertex 78.1003 22.7 37.1099
      vertex 80.9763 22.7 37.7664
      vertex 78.0251 22.7 37.5521
    endloop
  endfacet
  facet normal 0 -1 -0
    outer loop
      vertex 80.9763 22.7 37.7664
      vertex 78.1003 22.7 37.1099
      vertex 81.0089 22.7 37.6532
    endloop
  endfacet
  facet normal 0 -1 0
    outer loop
      vertex 78.2245 22.7 36.6789
      vertex 81.0089 22.7 37.6532
      vertex 78.1003 22.7 37.1099
    endloop
  endfacet
  facet normal 0 -1 -0
    outer loop
      vertex 81.0089 22.7 37.6532
      vertex 78.2245 22.7 36.6789
      vertex 81.054 22.7 37.5444
    endloop
  endfacet
  facet normal 0 -1 0
    outer loop
      vertex 78.3961 22.7 36.2645
      vertex 81.054 22.7 37.5444
      vertex 78.2245 22.7 36.6789
    endloop
  endfacet
  facet normal 0 -1 -0
    outer loop
      vertex 81.054 22.7 37.5444
      vertex 78.3961 22.7 36.2645
      vertex 81.1109 22.7 37.4414
    endloop
  endfacet
  facet normal 0 -1 0
    outer loop
      vertex 78.6131 22.7 35.8719
      vertex 81.1109 22.7 37.4414
      vertex 78.3961 22.7 36.2645
    endloop
  endfacet
  facet normal 0 -1 -0
    outer loop
      vertex 81.1109 22.7 37.4414
      vertex 78.6131 22.7 35.8719
      vertex 81.1791 22.7 37.3453
    endloop
  endfacet
  facet normal 0 -1 0
    outer loop
      vertex 78.8727 22.7 35.506
      vertex 81.1791 22.7 37.3453
      vertex 78.6131 22.7 35.8719
    endloop
  endfacet
  facet normal 0 -1 -0
    outer loop
      vertex 81.1791 22.7 37.3453
      vertex 78.8727 22.7 35.506
      vertex 81.2575 22.7 37.2575
    endloop
  endfacet
  facet normal 0 -1 0
    outer loop
      vertex 79.1716 22.7 35.1716
      vertex 81.2575 22.7 37.2575
      vertex 78.8727 22.7 35.506
    endloop
  endfacet
  facet normal 0 -1 -0
    outer loop
      vertex 81.2575 22.7 37.2575
      vertex 79.1716 22.7 35.1716
      vertex 81.3453 22.7 37.1791
    endloop
  endfacet
  facet normal 0 -1 0
    outer loop
      vertex 79.506 22.7 34.8727
      vertex 81.3453 22.7 37.1791
      vertex 79.1716 22.7 35.1716
    endloop
  endfacet
  facet normal 0 -1 -0
    outer loop
      vertex 81.3453 22.7 37.1791
      vertex 79.506 22.7 34.8727
      vertex 81.4414 22.7 37.1109
    endloop
  endfacet
  facet normal 0 -1 0
    outer loop
      vertex 82.7425 22.7 38.7425
      vertex 84.8284 22.7 40.8284
      vertex 82.6547 22.7 38.8209
    endloop
  endfacet
  facet normal 0 -1 -0
    outer loop
      vertex 84.8284 22.7 40.8284
      vertex 82.7425 22.7 38.7425
      vertex 85.1273 22.7 40.494
    endloop
  endfacet
  facet normal 0 -1 0
    outer loop
      vertex 82.8209 22.7 38.6547
      vertex 85.1273 22.7 40.494
      vertex 82.7425 22.7 38.7425
    endloop
  endfacet
  facet normal 0 -1 -0
    outer loop
      vertex 85.1273 22.7 40.494
      vertex 82.8209 22.7 38.6547
      vertex 85.3869 22.7 40.1281
    endloop
  endfacet
  facet normal 0 -1 0
    outer loop
      vertex 82.8891 22.7 38.5586
      vertex 85.3869 22.7 40.1281
      vertex 82.8209 22.7 38.6547
    endloop
  endfacet
  facet normal 0 -1 -0
    outer loop
      vertex 85.3869 22.7 40.1281
      vertex 82.8891 22.7 38.5586
      vertex 85.6039 22.7 39.7355
    endloop
  endfacet
  facet normal 0 -1 0
    outer loop
      vertex 82.946 22.7 38.4556
      vertex 85.6039 22.7 39.7355
      vertex 82.8891 22.7 38.5586
    endloop
  endfacet
  facet normal 0 -1 -0
    outer loop
      vertex 85.6039 22.7 39.7355
      vertex 82.946 22.7 38.4556
      vertex 85.7014 22.7 39.5
    endloop
  endfacet
  facet normal -0 -1 0
    outer loop
      vertex 85.8 22.7 39
      vertex 85.7014 22.7 39.5
      vertex 82.946 22.7 38.4556
    endloop
  endfacet
  facet normal 0 -1 0
    outer loop
      vertex 85.7014 22.7 39.5
      vertex 85.7824 22.7 39.3135
      vertex 85.7507 22.7 39.5
    endloop
  endfacet
  facet normal 0 -1 0
    outer loop
      vertex 85.7014 22.7 39.5
      vertex 85.8 22.7 39
      vertex 85.7824 22.7 39.3135
    endloop
  endfacet
  facet normal 0 -1 0
    outer loop
      vertex 82.9911 22.7 38.3468
      vertex 85.8 22.7 39
      vertex 82.946 22.7 38.4556
    endloop
  endfacet
  facet normal 0 -1 0
    outer loop
      vertex 83.0237 22.7 38.2336
      vertex 85.8 22.7 39
      vertex 82.9911 22.7 38.3468
    endloop
  endfacet
  facet normal 0 -1 0
    outer loop
      vertex 83.0434 22.7 38.1176
      vertex 85.8 22.7 39
      vertex 83.0237 22.7 38.2336
    endloop
  endfacet
  facet normal 0 -1 0
    outer loop
      vertex 83.05 22.7 38
      vertex 85.8 22.7 39
      vertex 83.0434 22.7 38.1176
    endloop
  endfacet
  facet normal 0 -1 0
    outer loop
      vertex 83.0434 22.7 37.8824
      vertex 85.8 22.7 39
      vertex 83.05 22.7 38
    endloop
  endfacet
  facet normal 0 -1 0
    outer loop
      vertex 85.7014 22.7 36.5
      vertex 83.0434 22.7 37.8824
      vertex 83.0237 22.7 37.7664
    endloop
  endfacet
  facet normal 0 -1 0
    outer loop
      vertex 85.7014 22.7 36.5
      vertex 83.0237 22.7 37.7664
      vertex 82.9911 22.7 37.6532
    endloop
  endfacet
  facet normal 0 -1 0
    outer loop
      vertex 85.7014 22.7 36.5
      vertex 82.9911 22.7 37.6532
      vertex 82.946 22.7 37.5444
    endloop
  endfacet
  facet normal 0 -1 0
    outer loop
      vertex 85.7014 22.7 36.5
      vertex 82.946 22.7 37.5444
      vertex 82.8891 22.7 37.4414
    endloop
  endfacet
  facet normal 0 -1 0
    outer loop
      vertex 85.7014 22.7 36.5
      vertex 82.8891 22.7 37.4414
      vertex 82.8209 22.7 37.3453
    endloop
  endfacet
  facet normal 0 -1 0
    outer loop
      vertex 85.7014 22.7 36.5
      vertex 82.8209 22.7 37.3453
      vertex 82.7425 22.7 37.2575
    endloop
  endfacet
  facet normal 0 -1 0
    outer loop
      vertex 85.7014 22.7 36.5
      vertex 82.7425 22.7 37.2575
      vertex 82.6547 22.7 37.1791
    endloop
  endfacet
  facet normal 0 -1 0
    outer loop
      vertex 85.7014 22.7 36.5
      vertex 82.6547 22.7 37.1791
      vertex 82.5586 22.7 37.1109
    endloop
  endfacet
  facet normal 0 -1 0
    outer loop
      vertex 79.8719 22.7 34.6131
      vertex 81.4414 22.7 37.1109
      vertex 79.506 22.7 34.8727
    endloop
  endfacet
  facet normal 0 -1 0
    outer loop
      vertex 82 22.7 36.95
      vertex 85.7014 22.7 36.5
      vertex 82.1176 22.7 36.9566
    endloop
  endfacet
  facet normal 0 -1 0
    outer loop
      vertex 85.7014 22.7 36.5
      vertex 82.2336 22.7 36.9763
      vertex 82.1176 22.7 36.9566
    endloop
  endfacet
  facet normal 0 -1 0
    outer loop
      vertex 85.7014 22.7 36.5
      vertex 82.3468 22.7 37.0089
      vertex 82.2336 22.7 36.9763
    endloop
  endfacet
  facet normal 0 -1 0
    outer loop
      vertex 85.7014 22.7 36.5
      vertex 82.4556 22.7 37.054
      vertex 82.3468 22.7 37.0089
    endloop
  endfacet
  facet normal 0 -1 0
    outer loop
      vertex 85.7014 22.7 36.5
      vertex 82.5586 22.7 37.1109
      vertex 82.4556 22.7 37.054
    endloop
  endfacet
  facet normal 0 -1 0
    outer loop
      vertex 83.0434 22.7 37.8824
      vertex 85.7014 22.7 36.5
      vertex 85.8 22.7 39
    endloop
  endfacet
  facet normal 0 -1 -0
    outer loop
      vertex 85.8 22.7 39
      vertex 85.7014 22.7 36.5
      vertex 85.8 22.7 36.5
    endloop
  endfacet
  facet normal -0 -1 -0
    outer loop
      vertex 83.5 22.7 44
      vertex 83 22.7 44
      vertex 83.5 22.7 43.9719
    endloop
  endfacet
  facet normal -0 -1 -0
    outer loop
      vertex 88 22.7 39.5
      vertex 87.9719 22.7 39.5
      vertex 88 22.7 39
    endloop
  endfacet
  facet normal -0.666423 0 0.745574
    outer loop
      vertex 79.1716 31.2 40.8284
      vertex 79.506 22.7 41.1273
      vertex 79.506 31.2 41.1273
    endloop
  endfacet
  facet normal -0.666423 0 0.745574
    outer loop
      vertex 79.506 22.7 41.1273
      vertex 79.1716 31.2 40.8284
      vertex 79.1716 22.7 40.8284
    endloop
  endfacet
  facet normal 0.666423 0 -0.745574
    outer loop
      vertex 84.494 22.7 34.8727
      vertex 84.8284 31.2 35.1716
      vertex 84.8284 22.7 35.1716
    endloop
  endfacet
  facet normal 0.666423 0 -0.745574
    outer loop
      vertex 84.8284 31.2 35.1716
      vertex 84.494 22.7 34.8727
      vertex 84.494 31.2 34.8727
    endloop
  endfacet
  facet normal 0.0561737 0 -0.998421
    outer loop
      vertex 82 22.7 34
      vertex 82.4479 31.2 34.0252
      vertex 82.4479 22.7 34.0252
    endloop
  endfacet
  facet normal 0.0561737 0 -0.998421
    outer loop
      vertex 82.4479 31.2 34.0252
      vertex 82 22.7 34
      vertex 82 31.2 34
    endloop
  endfacet
  facet normal 0.666423 0 0.745574
    outer loop
      vertex 84.494 31.2 41.1273
      vertex 84.8284 22.7 40.8284
      vertex 84.8284 31.2 40.8284
    endloop
  endfacet
  facet normal 0.666423 0 0.745574
    outer loop
      vertex 84.8284 22.7 40.8284
      vertex 84.494 31.2 41.1273
      vertex 84.494 22.7 41.1273
    endloop
  endfacet
  facet normal 0.923945 -0 0.382525
    outer loop
      vertex 85.6039 22.7 39.7355
      vertex 85.7014 31.2 39.5
      vertex 85.6039 31.2 39.7355
    endloop
  endfacet
  facet normal 0.923945 0 0.382525
    outer loop
      vertex 85.7014 31.2 39.5
      vertex 85.6039 22.7 39.7355
      vertex 85.7014 22.7 39.5
    endloop
  endfacet
  facet normal 0.745574 -0 0.666423
    outer loop
      vertex 84.8284 22.7 40.8284
      vertex 85.1273 31.2 40.494
      vertex 84.8284 31.2 40.8284
    endloop
  endfacet
  facet normal 0.745574 0 0.666423
    outer loop
      vertex 85.1273 31.2 40.494
      vertex 84.8284 22.7 40.8284
      vertex 85.1273 22.7 40.494
    endloop
  endfacet
  facet normal -0.666423 0 -0.745574
    outer loop
      vertex 79.1716 22.7 35.1716
      vertex 79.506 31.2 34.8727
      vertex 79.506 22.7 34.8727
    endloop
  endfacet
  facet normal -0.666423 0 -0.745574
    outer loop
      vertex 79.506 31.2 34.8727
      vertex 79.1716 22.7 35.1716
      vertex 79.1716 31.2 35.1716
    endloop
  endfacet
  facet normal -0.167435 0 -0.985883
    outer loop
      vertex 81.1099 22.7 34.1003
      vertex 81.5521 31.2 34.0252
      vertex 81.5521 22.7 34.0252
    endloop
  endfacet
  facet normal -0.167435 0 -0.985883
    outer loop
      vertex 81.5521 31.2 34.0252
      vertex 81.1099 22.7 34.1003
      vertex 81.1099 31.2 34.1003
    endloop
  endfacet
  facet normal 0.483749 0 0.875207
    outer loop
      vertex 83.7355 31.2 41.6039
      vertex 84.1281 22.7 41.3869
      vertex 84.1281 31.2 41.3869
    endloop
  endfacet
  facet normal 0.483749 0 0.875207
    outer loop
      vertex 84.1281 22.7 41.3869
      vertex 83.7355 31.2 41.6039
      vertex 83.7355 22.7 41.6039
    endloop
  endfacet
  facet normal 0.745574 0 -0.666423
    outer loop
      vertex 85.1273 22.7 35.506
      vertex 84.8284 31.2 35.1716
      vertex 85.1273 31.2 35.506
    endloop
  endfacet
  facet normal 0.745574 0 -0.666423
    outer loop
      vertex 84.8284 31.2 35.1716
      vertex 85.1273 22.7 35.506
      vertex 84.8284 22.7 35.1716
    endloop
  endfacet
  facet normal -0.923919 0 -0.382588
    outer loop
      vertex 78.3961 22.7 36.2645
      vertex 78.2245 31.2 36.6789
      vertex 78.3961 31.2 36.2645
    endloop
  endfacet
  facet normal -0.923919 -0 -0.382588
    outer loop
      vertex 78.2245 31.2 36.6789
      vertex 78.3961 22.7 36.2645
      vertex 78.2245 22.7 36.6789
    endloop
  endfacet
  facet normal 0.167435 0 -0.985883
    outer loop
      vertex 82.4479 22.7 34.0252
      vertex 82.8901 31.2 34.1003
      vertex 82.8901 22.7 34.1003
    endloop
  endfacet
  facet normal 0.167435 0 -0.985883
    outer loop
      vertex 82.8901 31.2 34.1003
      vertex 82.4479 22.7 34.0252
      vertex 82.4479 31.2 34.0252
    endloop
  endfacet
  facet normal 0.578642 0 -0.815582
    outer loop
      vertex 84.1281 22.7 34.6131
      vertex 84.494 31.2 34.8727
      vertex 84.494 22.7 34.8727
    endloop
  endfacet
  facet normal 0.578642 0 -0.815582
    outer loop
      vertex 84.494 31.2 34.8727
      vertex 84.1281 22.7 34.6131
      vertex 84.1281 31.2 34.6131
    endloop
  endfacet
  facet normal 0.875207 -0 0.483749
    outer loop
      vertex 85.3869 22.7 40.1281
      vertex 85.6039 31.2 39.7355
      vertex 85.3869 31.2 40.1281
    endloop
  endfacet
  facet normal 0.875207 0 0.483749
    outer loop
      vertex 85.6039 31.2 39.7355
      vertex 85.3869 22.7 40.1281
      vertex 85.6039 22.7 39.7355
    endloop
  endfacet
  facet normal -0.382525 0 0.923945
    outer loop
      vertex 80.2645 31.2 41.6039
      vertex 80.5 22.7 41.7014
      vertex 80.5 31.2 41.7014
    endloop
  endfacet
  facet normal -0.382525 0 0.923945
    outer loop
      vertex 80.5 22.7 41.7014
      vertex 80.2645 31.2 41.6039
      vertex 80.2645 22.7 41.6039
    endloop
  endfacet
  facet normal -0.960899 0 0.276899
    outer loop
      vertex 78.1003 22.7 38.8901
      vertex 78.2245 31.2 39.3211
      vertex 78.1003 31.2 38.8901
    endloop
  endfacet
  facet normal -0.960899 0 0.276899
    outer loop
      vertex 78.2245 31.2 39.3211
      vertex 78.1003 22.7 38.8901
      vertex 78.2245 22.7 39.3211
    endloop
  endfacet
  facet normal -0.276899 0 -0.960899
    outer loop
      vertex 80.6789 22.7 34.2245
      vertex 81.1099 31.2 34.1003
      vertex 81.1099 22.7 34.1003
    endloop
  endfacet
  facet normal -0.276899 0 -0.960899
    outer loop
      vertex 81.1099 31.2 34.1003
      vertex 80.6789 22.7 34.2245
      vertex 80.6789 31.2 34.2245
    endloop
  endfacet
  facet normal -0.483749 0 0.875207
    outer loop
      vertex 79.8719 31.2 41.3869
      vertex 80.2645 22.7 41.6039
      vertex 80.2645 31.2 41.6039
    endloop
  endfacet
  facet normal -0.483749 0 0.875207
    outer loop
      vertex 80.2645 22.7 41.6039
      vertex 79.8719 31.2 41.3869
      vertex 79.8719 22.7 41.3869
    endloop
  endfacet
  facet normal -0.875207 0 -0.483749
    outer loop
      vertex 78.6131 22.7 35.8719
      vertex 78.3961 31.2 36.2645
      vertex 78.6131 31.2 35.8719
    endloop
  endfacet
  facet normal -0.875207 -0 -0.483749
    outer loop
      vertex 78.3961 31.2 36.2645
      vertex 78.6131 22.7 35.8719
      vertex 78.3961 22.7 36.2645
    endloop
  endfacet
  facet normal -0.985846 0 -0.167652
    outer loop
      vertex 78.1003 22.7 37.1099
      vertex 78.0251 31.2 37.5521
      vertex 78.1003 31.2 37.1099
    endloop
  endfacet
  facet normal -0.985846 -0 -0.167652
    outer loop
      vertex 78.0251 31.2 37.5521
      vertex 78.1003 22.7 37.1099
      vertex 78.0251 22.7 37.5521
    endloop
  endfacet
  facet normal -0.875207 0 0.483749
    outer loop
      vertex 78.3961 22.7 39.7355
      vertex 78.6131 31.2 40.1281
      vertex 78.3961 31.2 39.7355
    endloop
  endfacet
  facet normal -0.875207 0 0.483749
    outer loop
      vertex 78.6131 31.2 40.1281
      vertex 78.3961 22.7 39.7355
      vertex 78.6131 22.7 40.1281
    endloop
  endfacet
  facet normal -0.985846 0 0.167652
    outer loop
      vertex 78.0251 22.7 38.4479
      vertex 78.1003 31.2 38.8901
      vertex 78.0251 31.2 38.4479
    endloop
  endfacet
  facet normal -0.985846 0 0.167652
    outer loop
      vertex 78.1003 31.2 38.8901
      vertex 78.0251 22.7 38.4479
      vertex 78.1003 22.7 38.8901
    endloop
  endfacet
  facet normal -0.815582 0 -0.578642
    outer loop
      vertex 78.8727 22.7 35.506
      vertex 78.6131 31.2 35.8719
      vertex 78.8727 31.2 35.506
    endloop
  endfacet
  facet normal -0.815582 -0 -0.578642
    outer loop
      vertex 78.6131 31.2 35.8719
      vertex 78.8727 22.7 35.506
      vertex 78.6131 22.7 35.8719
    endloop
  endfacet
  facet normal -0.0561737 0 -0.998421
    outer loop
      vertex 81.5521 22.7 34.0252
      vertex 82 31.2 34
      vertex 82 22.7 34
    endloop
  endfacet
  facet normal -0.0561737 0 -0.998421
    outer loop
      vertex 82 31.2 34
      vertex 81.5521 22.7 34.0252
      vertex 81.5521 31.2 34.0252
    endloop
  endfacet
  facet normal -0.998433 0 0.0559515
    outer loop
      vertex 78 22.7 38
      vertex 78.0251 31.2 38.4479
      vertex 78 31.2 38
    endloop
  endfacet
  facet normal -0.998433 0 0.0559515
    outer loop
      vertex 78.0251 31.2 38.4479
      vertex 78 22.7 38
      vertex 78.0251 22.7 38.4479
    endloop
  endfacet
  facet normal -0.578642 0 -0.815582
    outer loop
      vertex 79.506 22.7 34.8727
      vertex 79.8719 31.2 34.6131
      vertex 79.8719 22.7 34.6131
    endloop
  endfacet
  facet normal -0.578642 0 -0.815582
    outer loop
      vertex 79.8719 31.2 34.6131
      vertex 79.506 22.7 34.8727
      vertex 79.506 31.2 34.8727
    endloop
  endfacet
  facet normal -0.483749 0 -0.875207
    outer loop
      vertex 79.8719 22.7 34.6131
      vertex 80.2645 31.2 34.3961
      vertex 80.2645 22.7 34.3961
    endloop
  endfacet
  facet normal -0.483749 0 -0.875207
    outer loop
      vertex 80.2645 31.2 34.3961
      vertex 79.8719 22.7 34.6131
      vertex 79.8719 31.2 34.6131
    endloop
  endfacet
  facet normal -0.960899 0 -0.276899
    outer loop
      vertex 78.2245 22.7 36.6789
      vertex 78.1003 31.2 37.1099
      vertex 78.2245 31.2 36.6789
    endloop
  endfacet
  facet normal -0.960899 -0 -0.276899
    outer loop
      vertex 78.1003 31.2 37.1099
      vertex 78.2245 22.7 36.6789
      vertex 78.1003 22.7 37.1099
    endloop
  endfacet
  facet normal -0.745574 0 0.666423
    outer loop
      vertex 78.8727 22.7 40.494
      vertex 79.1716 31.2 40.8284
      vertex 78.8727 31.2 40.494
    endloop
  endfacet
  facet normal -0.745574 0 0.666423
    outer loop
      vertex 79.1716 31.2 40.8284
      vertex 78.8727 22.7 40.494
      vertex 79.1716 22.7 40.8284
    endloop
  endfacet
  facet normal -0 0 1
    outer loop
      vertex 87.9719 31.2 39.5
      vertex 88 22.7 39.5
      vertex 88 31.2 39.5
    endloop
  endfacet
  facet normal 0 0 1
    outer loop
      vertex 88 22.7 39.5
      vertex 87.9719 31.2 39.5
      vertex 87.9719 22.7 39.5
    endloop
  endfacet
  facet normal -0 0 1
    outer loop
      vertex 85.7014 31.2 39.5
      vertex 85.7507 22.7 39.5
      vertex 85.7507 31.2 39.5
    endloop
  endfacet
  facet normal 0 0 1
    outer loop
      vertex 85.7507 22.7 39.5
      vertex 85.7014 31.2 39.5
      vertex 85.7014 22.7 39.5
    endloop
  endfacet
  facet normal 0 0 -1
    outer loop
      vertex 85.7014 22.7 36.5
      vertex 85.8 31.2 36.5
      vertex 85.8 22.7 36.5
    endloop
  endfacet
  facet normal -0 0 -1
    outer loop
      vertex 85.8 31.2 36.5
      vertex 85.7014 22.7 36.5
      vertex 85.7014 31.2 36.5
    endloop
  endfacet
  facet normal 1 -0 0
    outer loop
      vertex 83.5 22.7 44
      vertex 83.5 31.2 43.9719
      vertex 83.5 31.2 44
    endloop
  endfacet
  facet normal 1 0 0
    outer loop
      vertex 83.5 31.2 43.9719
      vertex 83.5 22.7 44
      vertex 83.5 22.7 43.9719
    endloop
  endfacet
  facet normal 1 -0 0
    outer loop
      vertex 83.5 22.7 41.7507
      vertex 83.5 31.2 41.7014
      vertex 83.5 31.2 41.7507
    endloop
  endfacet
  facet normal 1 0 0
    outer loop
      vertex 83.5 31.2 41.7014
      vertex 83.5 22.7 41.7507
      vertex 83.5 22.7 41.7014
    endloop
  endfacet
  facet normal -1 0 0
    outer loop
      vertex 80.5 22.7 41.7014
      vertex 80.5 31.2 41.8
      vertex 80.5 31.2 41.7014
    endloop
  endfacet
  facet normal -1 -0 0
    outer loop
      vertex 80.5 31.2 41.8
      vertex 80.5 22.7 41.7014
      vertex 80.5 22.7 41.8
    endloop
  endfacet
  facet normal 1 0 0
    outer loop
      vertex 9.8 22.7 6.1
      vertex 9.8 5.4 6.1
      vertex 9.8 22.7 4.76381
    endloop
  endfacet
  facet normal 1 -0 0
    outer loop
      vertex 9.8 22.7 4.76381
      vertex 9.8 28.3 2.6
      vertex 9.8 28.3 4.76381
    endloop
  endfacet
  facet normal 1 0 0
    outer loop
      vertex 9.8 5.4 2.6
      vertex 9.8 22.7 4.76381
      vertex 9.8 5.4 6.1
    endloop
  endfacet
  facet normal 1 0 0
    outer loop
      vertex 9.8 22.7 4.76381
      vertex 9.8 5.4 2.6
      vertex 9.8 28.3 2.6
    endloop
  endfacet
  facet normal -1 0 0
    outer loop
      vertex 7 22.7 2.6
      vertex 7 22.5 5.68418
      vertex 7 22.7 5.68418
    endloop
  endfacet
  facet normal -1 0 0
    outer loop
      vertex 7 5.4 2.6
      vertex 7 22.5 5.68418
      vertex 7 22.7 2.6
    endloop
  endfacet
  facet normal -1 0 0
    outer loop
      vertex 7 5.4 6.1
      vertex 7 22.5 5.68418
      vertex 7 5.4 2.6
    endloop
  endfacet
  facet normal -1 0 0
    outer loop
      vertex 7 22.5 5.68418
      vertex 7 5.4 6.1
      vertex 7 22.5 6.1
    endloop
  endfacet
  facet normal 0 -1 0
    outer loop
      vertex 7 5.4 2.6
      vertex 9.8 5.4 6.1
      vertex 7 5.4 6.1
    endloop
  endfacet
  facet normal 0 -1 -0
    outer loop
      vertex 9.8 5.4 6.1
      vertex 7 5.4 2.6
      vertex 9.8 5.4 2.6
    endloop
  endfacet
  facet normal 0 0 1
    outer loop
      vertex 7.04438 22.5 6.1
      vertex 9.8 22.7 6.1
      vertex 7.04438 22.7 6.1
    endloop
  endfacet
  facet normal 0 0 1
    outer loop
      vertex 9.8 22.7 6.1
      vertex 7.04438 22.5 6.1
      vertex 9.8 5.4 6.1
    endloop
  endfacet
  facet normal 0 0 1
    outer loop
      vertex 7 5.4 6.1
      vertex 7.04438 22.5 6.1
      vertex 7 22.5 6.1
    endloop
  endfacet
  facet normal 0 0 1
    outer loop
      vertex 7.04438 22.5 6.1
      vertex 7 5.4 6.1
      vertex 9.8 5.4 6.1
    endloop
  endfacet
  facet normal 1 0 0
    outer loop
      vertex 42.1 28.3 6.1
      vertex 42.1 30.1 6.6
      vertex 42.1 28.3 6.6
    endloop
  endfacet
  facet normal 1 0 0
    outer loop
      vertex 42.1 30.1 6.6
      vertex 42.1 28.3 6.1
      vertex 42.1 30.1 2.6
    endloop
  endfacet
  facet normal 1 0 0
    outer loop
      vertex 42.1 5.4 2.6
      vertex 42.1 28.3 6.1
      vertex 42.1 5.4 6.1
    endloop
  endfacet
  facet normal 1 0 0
    outer loop
      vertex 42.1 28.3 6.1
      vertex 42.1 5.4 2.6
      vertex 42.1 30.1 2.6
    endloop
  endfacet
  facet normal -1 0 0
    outer loop
      vertex 39.3 5.4 2.6
      vertex 39.3 28.3 6.1
      vertex 39.3 28.3 2.6
    endloop
  endfacet
  facet normal -1 -0 0
    outer loop
      vertex 39.3 28.3 6.1
      vertex 39.3 5.4 2.6
      vertex 39.3 5.4 6.1
    endloop
  endfacet
  facet normal 0 -1 0
    outer loop
      vertex 39.3 5.4 2.6
      vertex 42.1 5.4 6.1
      vertex 39.3 5.4 6.1
    endloop
  endfacet
  facet normal 0 -1 -0
    outer loop
      vertex 42.1 5.4 6.1
      vertex 39.3 5.4 2.6
      vertex 42.1 5.4 2.6
    endloop
  endfacet
  facet normal -0 0 1
    outer loop
      vertex 39.3 28.3 6.1
      vertex 42.1 5.4 6.1
      vertex 42.1 28.3 6.1
    endloop
  endfacet
  facet normal 0 0 1
    outer loop
      vertex 42.1 5.4 6.1
      vertex 39.3 28.3 6.1
      vertex 39.3 5.4 6.1
    endloop
  endfacet
  facet normal -0 0 1
    outer loop
      vertex 9.949 30.1 6.6
      vertex 42.1 28.3 6.6
      vertex 42.1 30.1 6.6
    endloop
  endfacet
  facet normal 0 0 1
    outer loop
      vertex 42.1 28.3 6.6
      vertex 9.949 30.1 6.6
      vertex 9.949 28.3 6.6
    endloop
  endfacet
  facet normal 0 1 0
    outer loop
      vertex 42.1 30.1 6.6
      vertex 9.97485 30.1 6.44786
      vertex 9.949 30.1 6.6
    endloop
  endfacet
  facet normal 0 1 0
    outer loop
      vertex 42.1 30.1 6.6
      vertex 10 30.1 6
      vertex 9.97485 30.1 6.44786
    endloop
  endfacet
  facet normal 0 1 0
    outer loop
      vertex 42.1 30.1 6.6
      vertex 9.97485 30.1 5.55214
      vertex 10 30.1 6
    endloop
  endfacet
  facet normal 0 1 -0
    outer loop
      vertex 42.1 30.1 2.6
      vertex 9.97485 30.1 5.55214
      vertex 42.1 30.1 6.6
    endloop
  endfacet
  facet normal 0 1 0
    outer loop
      vertex 9.97485 30.1 5.55214
      vertex 42.1 30.1 2.6
      vertex 9.89971 30.1 5.10992
    endloop
  endfacet
  facet normal 0 1 0
    outer loop
      vertex 9.89971 30.1 5.10992
      vertex 42.1 30.1 2.6
      vertex 9.77553 30.1 4.67888
    endloop
  endfacet
  facet normal 0 1 0
    outer loop
      vertex 9.77553 30.1 4.67888
      vertex 42.1 30.1 2.6
      vertex 9.60388 30.1 4.26446
    endloop
  endfacet
  facet normal 0 1 0
    outer loop
      vertex 9.60388 30.1 4.26446
      vertex 42.1 30.1 2.6
      vertex 9.3869 30.1 3.87187
    endloop
  endfacet
  facet normal 0 1 0
    outer loop
      vertex 9.3869 30.1 3.87187
      vertex 42.1 30.1 2.6
      vertex 9.12733 30.1 3.50604
    endloop
  endfacet
  facet normal 0 1 0
    outer loop
      vertex 9.12733 30.1 3.50604
      vertex 42.1 30.1 2.6
      vertex 8.82843 30.1 3.17157
    endloop
  endfacet
  facet normal 0 1 0
    outer loop
      vertex 8.82843 30.1 3.17157
      vertex 42.1 30.1 2.6
      vertex 8.49396 30.1 2.87267
    endloop
  endfacet
  facet normal 0 1 0
    outer loop
      vertex 8.49396 30.1 2.87267
      vertex 42.1 30.1 2.6
      vertex 8.12813 30.1 2.6131
    endloop
  endfacet
  facet normal 0 1 0
    outer loop
      vertex 8.12813 30.1 2.6131
      vertex 42.1 30.1 2.6
      vertex 8.10442 30.1 2.6
    endloop
  endfacet
  facet normal 0 -1 0
    outer loop
      vertex 10 28.3 6
      vertex 39.3 28.3 6.1
      vertex 9.97485 28.3 6.44786
    endloop
  endfacet
  facet normal 0 -1 0
    outer loop
      vertex 9.97485 28.3 5.55214
      vertex 39.3 28.3 6.1
      vertex 10 28.3 6
    endloop
  endfacet
  facet normal 0 -1 0
    outer loop
      vertex 9.8 28.3 2.6
      vertex 9.97485 28.3 5.55214
      vertex 9.89971 28.3 5.10992
    endloop
  endfacet
  facet normal 0 -1 0
    outer loop
      vertex 9.8 28.3 2.6
      vertex 9.89971 28.3 5.10992
      vertex 9.8 28.3 4.76381
    endloop
  endfacet
  facet normal 0 -1 -0
    outer loop
      vertex 9.97485 28.3 5.55214
      vertex 9.8 28.3 2.6
      vertex 39.3 28.3 2.6
    endloop
  endfacet
  facet normal 0 -1 0
    outer loop
      vertex 9.97485 28.3 5.55214
      vertex 39.3 28.3 2.6
      vertex 39.3 28.3 6.1
    endloop
  endfacet
  facet normal 0 -1 0
    outer loop
      vertex 39.3 28.3 6.1
      vertex 9.949 28.3 6.6
      vertex 9.97485 28.3 6.44786
    endloop
  endfacet
  facet normal 0 -1 0
    outer loop
      vertex 9.949 28.3 6.6
      vertex 39.3 28.3 6.1
      vertex 42.1 28.3 6.6
    endloop
  endfacet
  facet normal 0 -1 -0
    outer loop
      vertex 42.1 28.3 6.6
      vertex 39.3 28.3 6.1
      vertex 42.1 28.3 6.1
    endloop
  endfacet
  facet normal -0.985866 0 0.167533
    outer loop
      vertex 71.5557 1.8 21.2755
      vertex 71.7013 3 22.1323
      vertex 71.5557 3 21.2755
    endloop
  endfacet
  facet normal -0.985866 0 0.167533
    outer loop
      vertex 71.7013 3 22.1323
      vertex 71.5557 1.8 21.2755
      vertex 71.7013 1.8 22.1323
    endloop
  endfacet
  facet normal -0.998429 0 0.0560372
    outer loop
      vertex 71.7013 1.8 22.1323
      vertex 71.75 3 23
      vertex 71.7013 3 22.1323
    endloop
  endfacet
  facet normal -0.998429 0 0.0560372
    outer loop
      vertex 71.75 3 23
      vertex 71.7013 1.8 22.1323
      vertex 71.75 1.8 23
    endloop
  endfacet
  facet normal -0.276817 0 -0.960923
    outer loop
      vertex 65.7245 1.8 30.5557
      vertex 66.5597 3 30.3151
      vertex 66.5597 1.8 30.3151
    endloop
  endfacet
  facet normal -0.276817 0 -0.960923
    outer loop
      vertex 66.5597 3 30.3151
      vertex 65.7245 1.8 30.5557
      vertex 65.7245 3 30.5557
    endloop
  endfacet
  facet normal -0.0560372 0 -0.998429
    outer loop
      vertex 64 1.8 30.75
      vertex 64.8677 3 30.7013
      vertex 64.8677 1.8 30.7013
    endloop
  endfacet
  facet normal -0.0560372 0 -0.998429
    outer loop
      vertex 64.8677 3 30.7013
      vertex 64 1.8 30.75
      vertex 64 3 30.75
    endloop
  endfacet
  facet normal -0.578656 0 0.815572
    outer loop
      vertex 68.1232 3 16.4379
      vertex 68.832 1.8 16.9408
      vertex 68.832 3 16.9408
    endloop
  endfacet
  facet normal -0.578656 0 0.815572
    outer loop
      vertex 68.832 1.8 16.9408
      vertex 68.1232 3 16.4379
      vertex 68.1232 1.8 16.4379
    endloop
  endfacet
  facet normal 0.815572 0 -0.578656
    outer loop
      vertex 57.9408 1.8 27.832
      vertex 57.4379 3 27.1232
      vertex 57.9408 3 27.832
    endloop
  endfacet
  facet normal 0.815572 0 -0.578656
    outer loop
      vertex 57.4379 3 27.1232
      vertex 57.9408 1.8 27.832
      vertex 57.4379 1.8 27.1232
    endloop
  endfacet
  facet normal -0.815572 0 -0.578656
    outer loop
      vertex 70.5621 1.8 27.1232
      vertex 70.0592 3 27.832
      vertex 70.5621 3 27.1232
    endloop
  endfacet
  facet normal -0.815572 -0 -0.578656
    outer loop
      vertex 70.0592 3 27.832
      vertex 70.5621 1.8 27.1232
      vertex 70.0592 1.8 27.832
    endloop
  endfacet
  facet normal -0.875208 0 -0.483746
    outer loop
      vertex 70.9825 1.8 26.3626
      vertex 70.5621 3 27.1232
      vertex 70.9825 3 26.3626
    endloop
  endfacet
  facet normal -0.875208 -0 -0.483746
    outer loop
      vertex 70.5621 3 27.1232
      vertex 70.9825 1.8 26.3626
      vertex 70.5621 1.8 27.1232
    endloop
  endfacet
  facet normal -0.276817 0 0.960923
    outer loop
      vertex 65.7245 3 15.4443
      vertex 66.5597 1.8 15.6849
      vertex 66.5597 3 15.6849
    endloop
  endfacet
  facet normal -0.276817 0 0.960923
    outer loop
      vertex 66.5597 1.8 15.6849
      vertex 65.7245 3 15.4443
      vertex 65.7245 1.8 15.4443
    endloop
  endfacet
  facet normal 0.167533 0 -0.985866
    outer loop
      vertex 62.2755 1.8 30.5557
      vertex 63.1323 3 30.7013
      vertex 63.1323 1.8 30.7013
    endloop
  endfacet
  facet normal 0.167533 0 -0.985866
    outer loop
      vertex 63.1323 3 30.7013
      vertex 62.2755 1.8 30.5557
      vertex 62.2755 3 30.5557
    endloop
  endfacet
  facet normal -0.985866 0 -0.167533
    outer loop
      vertex 71.7013 1.8 23.8677
      vertex 71.5557 3 24.7245
      vertex 71.7013 3 23.8677
    endloop
  endfacet
  facet normal -0.985866 -0 -0.167533
    outer loop
      vertex 71.5557 3 24.7245
      vertex 71.7013 1.8 23.8677
      vertex 71.5557 1.8 24.7245
    endloop
  endfacet
  facet normal 0.745687 0 -0.666297
    outer loop
      vertex 58.5199 1.8 28.4801
      vertex 57.9408 3 27.832
      vertex 58.5199 3 28.4801
    endloop
  endfacet
  facet normal 0.745687 0 -0.666297
    outer loop
      vertex 57.9408 3 27.832
      vertex 58.5199 1.8 28.4801
      vertex 57.9408 1.8 27.832
    endloop
  endfacet
  facet normal 0.0560372 0 0.998429
    outer loop
      vertex 63.1323 3 15.2987
      vertex 64 1.8 15.25
      vertex 64 3 15.25
    endloop
  endfacet
  facet normal 0.0560372 0 0.998429
    outer loop
      vertex 64 1.8 15.25
      vertex 63.1323 3 15.2987
      vertex 63.1323 1.8 15.2987
    endloop
  endfacet
  facet normal 0.745687 -0 0.666297
    outer loop
      vertex 57.9408 1.8 18.168
      vertex 58.5199 3 17.5199
      vertex 57.9408 3 18.168
    endloop
  endfacet
  facet normal 0.745687 0 0.666297
    outer loop
      vertex 58.5199 3 17.5199
      vertex 57.9408 1.8 18.168
      vertex 58.5199 1.8 17.5199
    endloop
  endfacet
  facet normal 0.875208 -0 0.483746
    outer loop
      vertex 57.0175 1.8 19.6374
      vertex 57.4379 3 18.8768
      vertex 57.0175 3 19.6374
    endloop
  endfacet
  facet normal 0.875208 0 0.483746
    outer loop
      vertex 57.4379 3 18.8768
      vertex 57.0175 1.8 19.6374
      vertex 57.4379 1.8 18.8768
    endloop
  endfacet
  facet normal -0.382711 0 0.923868
    outer loop
      vertex 66.5597 3 15.6849
      vertex 67.3626 1.8 16.0175
      vertex 67.3626 3 16.0175
    endloop
  endfacet
  facet normal -0.382711 0 0.923868
    outer loop
      vertex 67.3626 1.8 16.0175
      vertex 66.5597 3 15.6849
      vertex 66.5597 1.8 15.6849
    endloop
  endfacet
  facet normal -0.167533 0 0.985866
    outer loop
      vertex 64.8677 3 15.2987
      vertex 65.7245 1.8 15.4443
      vertex 65.7245 3 15.4443
    endloop
  endfacet
  facet normal -0.167533 0 0.985866
    outer loop
      vertex 65.7245 1.8 15.4443
      vertex 64.8677 3 15.2987
      vertex 64.8677 1.8 15.2987
    endloop
  endfacet
  facet normal -0.382711 0 -0.923868
    outer loop
      vertex 66.5597 1.8 30.3151
      vertex 67.3626 3 29.9825
      vertex 67.3626 1.8 29.9825
    endloop
  endfacet
  facet normal -0.382711 0 -0.923868
    outer loop
      vertex 67.3626 3 29.9825
      vertex 66.5597 1.8 30.3151
      vertex 66.5597 3 30.3151
    endloop
  endfacet
  facet normal 0.382711 0 0.923868
    outer loop
      vertex 60.6374 3 16.0175
      vertex 61.4403 1.8 15.6849
      vertex 61.4403 3 15.6849
    endloop
  endfacet
  facet normal 0.382711 0 0.923868
    outer loop
      vertex 61.4403 1.8 15.6849
      vertex 60.6374 3 16.0175
      vertex 60.6374 1.8 16.0175
    endloop
  endfacet
  facet normal -0.167533 0 -0.985866
    outer loop
      vertex 64.8677 1.8 30.7013
      vertex 65.7245 3 30.5557
      vertex 65.7245 1.8 30.5557
    endloop
  endfacet
  facet normal -0.167533 0 -0.985866
    outer loop
      vertex 65.7245 3 30.5557
      vertex 64.8677 1.8 30.7013
      vertex 64.8677 3 30.7013
    endloop
  endfacet
  facet normal -0.483746 0 0.875208
    outer loop
      vertex 67.3626 3 16.0175
      vertex 68.1232 1.8 16.4379
      vertex 68.1232 3 16.4379
    endloop
  endfacet
  facet normal -0.483746 0 0.875208
    outer loop
      vertex 68.1232 1.8 16.4379
      vertex 67.3626 3 16.0175
      vertex 67.3626 1.8 16.0175
    endloop
  endfacet
  facet normal 0.998429 -0 0.0560372
    outer loop
      vertex 56.25 1.8 23
      vertex 56.2987 3 22.1323
      vertex 56.25 3 23
    endloop
  endfacet
  facet normal 0.998429 0 0.0560372
    outer loop
      vertex 56.2987 3 22.1323
      vertex 56.25 1.8 23
      vertex 56.2987 1.8 22.1323
    endloop
  endfacet
  facet normal 0.382711 0 -0.923868
    outer loop
      vertex 60.6374 1.8 29.9825
      vertex 61.4403 3 30.3151
      vertex 61.4403 1.8 30.3151
    endloop
  endfacet
  facet normal 0.382711 0 -0.923868
    outer loop
      vertex 61.4403 3 30.3151
      vertex 60.6374 1.8 29.9825
      vertex 60.6374 3 29.9825
    endloop
  endfacet
  facet normal -0.745687 0 0.666297
    outer loop
      vertex 69.4801 1.8 17.5199
      vertex 70.0592 3 18.168
      vertex 69.4801 3 17.5199
    endloop
  endfacet
  facet normal -0.745687 0 0.666297
    outer loop
      vertex 70.0592 3 18.168
      vertex 69.4801 1.8 17.5199
      vertex 70.0592 1.8 18.168
    endloop
  endfacet
  facet normal 0.815572 -0 0.578656
    outer loop
      vertex 57.4379 1.8 18.8768
      vertex 57.9408 3 18.168
      vertex 57.4379 3 18.8768
    endloop
  endfacet
  facet normal 0.815572 0 0.578656
    outer loop
      vertex 57.9408 3 18.168
      vertex 57.4379 1.8 18.8768
      vertex 57.9408 1.8 18.168
    endloop
  endfacet
  facet normal -0.998429 0 -0.0560372
    outer loop
      vertex 71.75 1.8 23
      vertex 71.7013 3 23.8677
      vertex 71.75 3 23
    endloop
  endfacet
  facet normal -0.998429 -0 -0.0560372
    outer loop
      vertex 71.7013 3 23.8677
      vertex 71.75 1.8 23
      vertex 71.7013 1.8 23.8677
    endloop
  endfacet
  facet normal 0.0560372 0 -0.998429
    outer loop
      vertex 63.1323 1.8 30.7013
      vertex 64 3 30.75
      vertex 64 1.8 30.75
    endloop
  endfacet
  facet normal 0.0560372 0 -0.998429
    outer loop
      vertex 64 3 30.75
      vertex 63.1323 1.8 30.7013
      vertex 63.1323 3 30.7013
    endloop
  endfacet
  facet normal -0.923868 0 -0.382711
    outer loop
      vertex 71.3151 1.8 25.5597
      vertex 70.9825 3 26.3626
      vertex 71.3151 3 25.5597
    endloop
  endfacet
  facet normal -0.923868 -0 -0.382711
    outer loop
      vertex 70.9825 3 26.3626
      vertex 71.3151 1.8 25.5597
      vertex 70.9825 1.8 26.3626
    endloop
  endfacet
  facet normal -0.923868 0 0.382711
    outer loop
      vertex 70.9825 1.8 19.6374
      vertex 71.3151 3 20.4403
      vertex 70.9825 3 19.6374
    endloop
  endfacet
  facet normal -0.923868 0 0.382711
    outer loop
      vertex 71.3151 3 20.4403
      vertex 70.9825 1.8 19.6374
      vertex 71.3151 1.8 20.4403
    endloop
  endfacet
  facet normal 0.666297 0 0.745687
    outer loop
      vertex 58.5199 3 17.5199
      vertex 59.168 1.8 16.9408
      vertex 59.168 3 16.9408
    endloop
  endfacet
  facet normal 0.666297 0 0.745687
    outer loop
      vertex 59.168 1.8 16.9408
      vertex 58.5199 3 17.5199
      vertex 58.5199 1.8 17.5199
    endloop
  endfacet
  facet normal 0.167533 0 0.985866
    outer loop
      vertex 62.2755 3 15.4443
      vertex 63.1323 1.8 15.2987
      vertex 63.1323 3 15.2987
    endloop
  endfacet
  facet normal 0.167533 0 0.985866
    outer loop
      vertex 63.1323 1.8 15.2987
      vertex 62.2755 3 15.4443
      vertex 62.2755 1.8 15.4443
    endloop
  endfacet
  facet normal 0.985866 0 -0.167533
    outer loop
      vertex 56.4443 1.8 24.7245
      vertex 56.2987 3 23.8677
      vertex 56.4443 3 24.7245
    endloop
  endfacet
  facet normal 0.985866 0 -0.167533
    outer loop
      vertex 56.2987 3 23.8677
      vertex 56.4443 1.8 24.7245
      vertex 56.2987 1.8 23.8677
    endloop
  endfacet
  facet normal 0.578656 0 -0.815572
    outer loop
      vertex 59.168 1.8 29.0592
      vertex 59.8768 3 29.5621
      vertex 59.8768 1.8 29.5621
    endloop
  endfacet
  facet normal 0.578656 0 -0.815572
    outer loop
      vertex 59.8768 3 29.5621
      vertex 59.168 1.8 29.0592
      vertex 59.168 3 29.0592
    endloop
  endfacet
  facet normal -0.666297 0 0.745687
    outer loop
      vertex 68.832 3 16.9408
      vertex 69.4801 1.8 17.5199
      vertex 69.4801 3 17.5199
    endloop
  endfacet
  facet normal -0.666297 0 0.745687
    outer loop
      vertex 69.4801 1.8 17.5199
      vertex 68.832 3 16.9408
      vertex 68.832 1.8 16.9408
    endloop
  endfacet
  facet normal -0.815572 0 0.578656
    outer loop
      vertex 70.0592 1.8 18.168
      vertex 70.5621 3 18.8768
      vertex 70.0592 3 18.168
    endloop
  endfacet
  facet normal -0.815572 0 0.578656
    outer loop
      vertex 70.5621 3 18.8768
      vertex 70.0592 1.8 18.168
      vertex 70.5621 1.8 18.8768
    endloop
  endfacet
  facet normal 0.985866 -0 0.167533
    outer loop
      vertex 56.2987 1.8 22.1323
      vertex 56.4443 3 21.2755
      vertex 56.2987 3 22.1323
    endloop
  endfacet
  facet normal 0.985866 0 0.167533
    outer loop
      vertex 56.4443 3 21.2755
      vertex 56.2987 1.8 22.1323
      vertex 56.4443 1.8 21.2755
    endloop
  endfacet
  facet normal 0.578656 0 0.815572
    outer loop
      vertex 59.168 3 16.9408
      vertex 59.8768 1.8 16.4379
      vertex 59.8768 3 16.4379
    endloop
  endfacet
  facet normal 0.578656 0 0.815572
    outer loop
      vertex 59.8768 1.8 16.4379
      vertex 59.168 3 16.9408
      vertex 59.168 1.8 16.9408
    endloop
  endfacet
  facet normal -0.875208 0 0.483746
    outer loop
      vertex 70.5621 1.8 18.8768
      vertex 70.9825 3 19.6374
      vertex 70.5621 3 18.8768
    endloop
  endfacet
  facet normal -0.875208 0 0.483746
    outer loop
      vertex 70.9825 3 19.6374
      vertex 70.5621 1.8 18.8768
      vertex 70.9825 1.8 19.6374
    endloop
  endfacet
  facet normal 0.923868 0 -0.382711
    outer loop
      vertex 57.0175 1.8 26.3626
      vertex 56.6849 3 25.5597
      vertex 57.0175 3 26.3626
    endloop
  endfacet
  facet normal 0.923868 0 -0.382711
    outer loop
      vertex 56.6849 3 25.5597
      vertex 57.0175 1.8 26.3626
      vertex 56.6849 1.8 25.5597
    endloop
  endfacet
  facet normal -0.960923 0 -0.276817
    outer loop
      vertex 71.5557 1.8 24.7245
      vertex 71.3151 3 25.5597
      vertex 71.5557 3 24.7245
    endloop
  endfacet
  facet normal -0.960923 -0 -0.276817
    outer loop
      vertex 71.3151 3 25.5597
      vertex 71.5557 1.8 24.7245
      vertex 71.3151 1.8 25.5597
    endloop
  endfacet
  facet normal 0.923868 -0 0.382711
    outer loop
      vertex 56.6849 1.8 20.4403
      vertex 57.0175 3 19.6374
      vertex 56.6849 3 20.4403
    endloop
  endfacet
  facet normal 0.923868 0 0.382711
    outer loop
      vertex 57.0175 3 19.6374
      vertex 56.6849 1.8 20.4403
      vertex 57.0175 1.8 19.6374
    endloop
  endfacet
  facet normal -0.483746 0 -0.875208
    outer loop
      vertex 67.3626 1.8 29.9825
      vertex 68.1232 3 29.5621
      vertex 68.1232 1.8 29.5621
    endloop
  endfacet
  facet normal -0.483746 0 -0.875208
    outer loop
      vertex 68.1232 3 29.5621
      vertex 67.3626 1.8 29.9825
      vertex 67.3626 3 29.9825
    endloop
  endfacet
  facet normal -0.960923 0 0.276817
    outer loop
      vertex 71.3151 1.8 20.4403
      vertex 71.5557 3 21.2755
      vertex 71.3151 3 20.4403
    endloop
  endfacet
  facet normal -0.960923 0 0.276817
    outer loop
      vertex 71.5557 3 21.2755
      vertex 71.3151 1.8 20.4403
      vertex 71.5557 1.8 21.2755
    endloop
  endfacet
  facet normal 0.875208 0 -0.483746
    outer loop
      vertex 57.4379 1.8 27.1232
      vertex 57.0175 3 26.3626
      vertex 57.4379 3 27.1232
    endloop
  endfacet
  facet normal 0.875208 0 -0.483746
    outer loop
      vertex 57.0175 3 26.3626
      vertex 57.4379 1.8 27.1232
      vertex 57.0175 1.8 26.3626
    endloop
  endfacet
  facet normal 0.276817 0 0.960923
    outer loop
      vertex 61.4403 3 15.6849
      vertex 62.2755 1.8 15.4443
      vertex 62.2755 3 15.4443
    endloop
  endfacet
  facet normal 0.276817 0 0.960923
    outer loop
      vertex 62.2755 1.8 15.4443
      vertex 61.4403 3 15.6849
      vertex 61.4403 1.8 15.6849
    endloop
  endfacet
  facet normal -0.578656 0 -0.815572
    outer loop
      vertex 68.1232 1.8 29.5621
      vertex 68.832 3 29.0592
      vertex 68.832 1.8 29.0592
    endloop
  endfacet
  facet normal -0.578656 0 -0.815572
    outer loop
      vertex 68.832 3 29.0592
      vertex 68.1232 1.8 29.5621
      vertex 68.1232 3 29.5621
    endloop
  endfacet
  facet normal 0.483746 0 -0.875208
    outer loop
      vertex 59.8768 1.8 29.5621
      vertex 60.6374 3 29.9825
      vertex 60.6374 1.8 29.9825
    endloop
  endfacet
  facet normal 0.483746 0 -0.875208
    outer loop
      vertex 60.6374 3 29.9825
      vertex 59.8768 1.8 29.5621
      vertex 59.8768 3 29.5621
    endloop
  endfacet
  facet normal 0.998429 0 -0.0560372
    outer loop
      vertex 56.2987 1.8 23.8677
      vertex 56.25 3 23
      vertex 56.2987 3 23.8677
    endloop
  endfacet
  facet normal 0.998429 0 -0.0560372
    outer loop
      vertex 56.25 3 23
      vertex 56.2987 1.8 23.8677
      vertex 56.25 1.8 23
    endloop
  endfacet
  facet normal -0.0560372 0 0.998429
    outer loop
      vertex 64 3 15.25
      vertex 64.8677 1.8 15.2987
      vertex 64.8677 3 15.2987
    endloop
  endfacet
  facet normal -0.0560372 0 0.998429
    outer loop
      vertex 64.8677 1.8 15.2987
      vertex 64 3 15.25
      vertex 64 1.8 15.25
    endloop
  endfacet
  facet normal 0.960923 0 -0.276817
    outer loop
      vertex 56.6849 1.8 25.5597
      vertex 56.4443 3 24.7245
      vertex 56.6849 3 25.5597
    endloop
  endfacet
  facet normal 0.960923 0 -0.276817
    outer loop
      vertex 56.4443 3 24.7245
      vertex 56.6849 1.8 25.5597
      vertex 56.4443 1.8 24.7245
    endloop
  endfacet
  facet normal 0.666297 0 -0.745687
    outer loop
      vertex 58.5199 1.8 28.4801
      vertex 59.168 3 29.0592
      vertex 59.168 1.8 29.0592
    endloop
  endfacet
  facet normal 0.666297 0 -0.745687
    outer loop
      vertex 59.168 3 29.0592
      vertex 58.5199 1.8 28.4801
      vertex 58.5199 3 28.4801
    endloop
  endfacet
  facet normal -0.666297 0 -0.745687
    outer loop
      vertex 68.832 1.8 29.0592
      vertex 69.4801 3 28.4801
      vertex 69.4801 1.8 28.4801
    endloop
  endfacet
  facet normal -0.666297 0 -0.745687
    outer loop
      vertex 69.4801 3 28.4801
      vertex 68.832 1.8 29.0592
      vertex 68.832 3 29.0592
    endloop
  endfacet
  facet normal -0.745687 0 -0.666297
    outer loop
      vertex 70.0592 1.8 27.832
      vertex 69.4801 3 28.4801
      vertex 70.0592 3 27.832
    endloop
  endfacet
  facet normal -0.745687 -0 -0.666297
    outer loop
      vertex 69.4801 3 28.4801
      vertex 70.0592 1.8 27.832
      vertex 69.4801 1.8 28.4801
    endloop
  endfacet
  facet normal 0.483746 0 0.875208
    outer loop
      vertex 59.8768 3 16.4379
      vertex 60.6374 1.8 16.0175
      vertex 60.6374 3 16.0175
    endloop
  endfacet
  facet normal 0.483746 0 0.875208
    outer loop
      vertex 60.6374 1.8 16.0175
      vertex 59.8768 3 16.4379
      vertex 59.8768 1.8 16.4379
    endloop
  endfacet
  facet normal 0.960923 -0 0.276817
    outer loop
      vertex 56.4443 1.8 21.2755
      vertex 56.6849 3 20.4403
      vertex 56.4443 3 21.2755
    endloop
  endfacet
  facet normal 0.960923 0 0.276817
    outer loop
      vertex 56.6849 3 20.4403
      vertex 56.4443 1.8 21.2755
      vertex 56.6849 1.8 20.4403
    endloop
  endfacet
  facet normal 0.276817 0 -0.960923
    outer loop
      vertex 61.4403 1.8 30.3151
      vertex 62.2755 3 30.5557
      vertex 62.2755 1.8 30.5557
    endloop
  endfacet
  facet normal 0.276817 0 -0.960923
    outer loop
      vertex 62.2755 3 30.5557
      vertex 61.4403 1.8 30.3151
      vertex 61.4403 3 30.3151
    endloop
  endfacet
  facet normal 0 1 0
    outer loop
      vertex 64 1.8 26.7
      vertex 64 1.8 30.75
      vertex 64.8677 1.8 30.7013
    endloop
  endfacet
  facet normal 0 1 0
    outer loop
      vertex 64.4143 1.8 26.6767
      vertex 64.8677 1.8 30.7013
      vertex 65.7245 1.8 30.5557
    endloop
  endfacet
  facet normal 0 1 0
    outer loop
      vertex 64 1.8 30.75
      vertex 64 1.8 26.7
      vertex 63.1323 1.8 30.7013
    endloop
  endfacet
  facet normal 0 1 0
    outer loop
      vertex 64.8233 1.8 26.6072
      vertex 65.7245 1.8 30.5557
      vertex 66.5597 1.8 30.3151
    endloop
  endfacet
  facet normal 0 1 -0
    outer loop
      vertex 63.5857 1.8 26.6767
      vertex 63.1323 1.8 30.7013
      vertex 64 1.8 26.7
    endloop
  endfacet
  facet normal 0 1 0
    outer loop
      vertex 65.222 1.8 26.4924
      vertex 66.5597 1.8 30.3151
      vertex 67.3626 1.8 29.9825
    endloop
  endfacet
  facet normal 0 1 0
    outer loop
      vertex 63.1323 1.8 30.7013
      vertex 63.5857 1.8 26.6767
      vertex 62.2755 1.8 30.5557
    endloop
  endfacet
  facet normal 0 1 0
    outer loop
      vertex 65.6054 1.8 26.3336
      vertex 67.3626 1.8 29.9825
      vertex 68.1232 1.8 29.5621
    endloop
  endfacet
  facet normal 0 1 -0
    outer loop
      vertex 63.1767 1.8 26.6072
      vertex 62.2755 1.8 30.5557
      vertex 63.5857 1.8 26.6767
    endloop
  endfacet
  facet normal 0 1 0
    outer loop
      vertex 65.9685 1.8 26.1329
      vertex 68.1232 1.8 29.5621
      vertex 68.832 1.8 29.0592
    endloop
  endfacet
  facet normal 0 1 0
    outer loop
      vertex 62.2755 1.8 30.5557
      vertex 63.1767 1.8 26.6072
      vertex 61.4403 1.8 30.3151
    endloop
  endfacet
  facet normal 0 1 0
    outer loop
      vertex 66.3069 1.8 25.8928
      vertex 68.832 1.8 29.0592
      vertex 69.4801 1.8 28.4801
    endloop
  endfacet
  facet normal 0 1 -0
    outer loop
      vertex 62.778 1.8 26.4924
      vertex 61.4403 1.8 30.3151
      vertex 63.1767 1.8 26.6072
    endloop
  endfacet
  facet normal 0 1 0
    outer loop
      vertex 66.6163 1.8 25.6163
      vertex 69.4801 1.8 28.4801
      vertex 70.0592 1.8 27.832
    endloop
  endfacet
  facet normal 0 1 0
    outer loop
      vertex 61.4403 1.8 30.3151
      vertex 62.778 1.8 26.4924
      vertex 60.6374 1.8 29.9825
    endloop
  endfacet
  facet normal 0 1 0
    outer loop
      vertex 66.8928 1.8 25.3069
      vertex 70.0592 1.8 27.832
      vertex 70.5621 1.8 27.1232
    endloop
  endfacet
  facet normal 0 1 -0
    outer loop
      vertex 62.3946 1.8 26.3336
      vertex 60.6374 1.8 29.9825
      vertex 62.778 1.8 26.4924
    endloop
  endfacet
  facet normal 0 1 0
    outer loop
      vertex 60.6374 1.8 29.9825
      vertex 62.3946 1.8 26.3336
      vertex 59.8768 1.8 29.5621
    endloop
  endfacet
  facet normal 0 1 0
    outer loop
      vertex 64.8677 1.8 30.7013
      vertex 64.4143 1.8 26.6767
      vertex 64 1.8 26.7
    endloop
  endfacet
  facet normal 0 1 0
    outer loop
      vertex 65.7245 1.8 30.5557
      vertex 64.8233 1.8 26.6072
      vertex 64.4143 1.8 26.6767
    endloop
  endfacet
  facet normal 0 1 0
    outer loop
      vertex 66.5597 1.8 30.3151
      vertex 65.222 1.8 26.4924
      vertex 64.8233 1.8 26.6072
    endloop
  endfacet
  facet normal 0 1 0
    outer loop
      vertex 67.1329 1.8 24.9685
      vertex 70.5621 1.8 27.1232
      vertex 70.9825 1.8 26.3626
    endloop
  endfacet
  facet normal 0 1 0
    outer loop
      vertex 67.3626 1.8 29.9825
      vertex 65.6054 1.8 26.3336
      vertex 65.222 1.8 26.4924
    endloop
  endfacet
  facet normal 0 1 0
    outer loop
      vertex 68.1232 1.8 29.5621
      vertex 65.9685 1.8 26.1329
      vertex 65.6054 1.8 26.3336
    endloop
  endfacet
  facet normal 0 1 0
    outer loop
      vertex 68.832 1.8 29.0592
      vertex 66.3069 1.8 25.8928
      vertex 65.9685 1.8 26.1329
    endloop
  endfacet
  facet normal 0 1 0
    outer loop
      vertex 69.4801 1.8 28.4801
      vertex 66.6163 1.8 25.6163
      vertex 66.3069 1.8 25.8928
    endloop
  endfacet
  facet normal 0 1 0
    outer loop
      vertex 67.3336 1.8 24.6054
      vertex 70.9825 1.8 26.3626
      vertex 71.3151 1.8 25.5597
    endloop
  endfacet
  facet normal 0 1 0
    outer loop
      vertex 70.0592 1.8 27.832
      vertex 66.8928 1.8 25.3069
      vertex 66.6163 1.8 25.6163
    endloop
  endfacet
  facet normal 0 1 0
    outer loop
      vertex 70.5621 1.8 27.1232
      vertex 67.1329 1.8 24.9685
      vertex 66.8928 1.8 25.3069
    endloop
  endfacet
  facet normal 0 1 0
    outer loop
      vertex 67.4924 1.8 24.222
      vertex 71.3151 1.8 25.5597
      vertex 71.5557 1.8 24.7245
    endloop
  endfacet
  facet normal 0 1 0
    outer loop
      vertex 70.9825 1.8 26.3626
      vertex 67.3336 1.8 24.6054
      vertex 67.1329 1.8 24.9685
    endloop
  endfacet
  facet normal 0 1 0
    outer loop
      vertex 71.3151 1.8 25.5597
      vertex 67.4924 1.8 24.222
      vertex 67.3336 1.8 24.6054
    endloop
  endfacet
  facet normal 0 1 0
    outer loop
      vertex 67.6072 1.8 23.8233
      vertex 71.5557 1.8 24.7245
      vertex 71.7013 1.8 23.8677
    endloop
  endfacet
  facet normal 0 1 0
    outer loop
      vertex 71.5557 1.8 24.7245
      vertex 67.6072 1.8 23.8233
      vertex 67.4924 1.8 24.222
    endloop
  endfacet
  facet normal 0 1 0
    outer loop
      vertex 71.7013 1.8 23.8677
      vertex 67.6767 1.8 23.4143
      vertex 67.6072 1.8 23.8233
    endloop
  endfacet
  facet normal 0 1 0
    outer loop
      vertex 71.75 1.8 23
      vertex 67.6767 1.8 23.4143
      vertex 71.7013 1.8 23.8677
    endloop
  endfacet
  facet normal 0 1 0
    outer loop
      vertex 71.75 1.8 23
      vertex 67.7 1.8 23
      vertex 67.6767 1.8 23.4143
    endloop
  endfacet
  facet normal 0 1 0
    outer loop
      vertex 71.75 1.8 23
      vertex 67.6767 1.8 22.5857
      vertex 67.7 1.8 23
    endloop
  endfacet
  facet normal 0 1 -0
    outer loop
      vertex 71.7013 1.8 22.1323
      vertex 67.6767 1.8 22.5857
      vertex 71.75 1.8 23
    endloop
  endfacet
  facet normal 0 1 0
    outer loop
      vertex 67.6767 1.8 22.5857
      vertex 71.7013 1.8 22.1323
      vertex 67.6072 1.8 22.1767
    endloop
  endfacet
  facet normal 0 1 -0
    outer loop
      vertex 71.5557 1.8 21.2755
      vertex 67.6072 1.8 22.1767
      vertex 71.7013 1.8 22.1323
    endloop
  endfacet
  facet normal 0 1 0
    outer loop
      vertex 67.6072 1.8 22.1767
      vertex 71.5557 1.8 21.2755
      vertex 67.4924 1.8 21.778
    endloop
  endfacet
  facet normal 0 1 -0
    outer loop
      vertex 71.3151 1.8 20.4403
      vertex 67.4924 1.8 21.778
      vertex 71.5557 1.8 21.2755
    endloop
  endfacet
  facet normal 0 1 0
    outer loop
      vertex 67.4924 1.8 21.778
      vertex 71.3151 1.8 20.4403
      vertex 67.3336 1.8 21.3946
    endloop
  endfacet
  facet normal 0 1 -0
    outer loop
      vertex 70.9825 1.8 19.6374
      vertex 67.3336 1.8 21.3946
      vertex 71.3151 1.8 20.4403
    endloop
  endfacet
  facet normal 0 1 0
    outer loop
      vertex 67.3336 1.8 21.3946
      vertex 70.9825 1.8 19.6374
      vertex 67.1329 1.8 21.0315
    endloop
  endfacet
  facet normal 0 1 -0
    outer loop
      vertex 70.5621 1.8 18.8768
      vertex 67.1329 1.8 21.0315
      vertex 70.9825 1.8 19.6374
    endloop
  endfacet
  facet normal 0 1 0
    outer loop
      vertex 67.1329 1.8 21.0315
      vertex 70.5621 1.8 18.8768
      vertex 66.8928 1.8 20.6931
    endloop
  endfacet
  facet normal 0 1 -0
    outer loop
      vertex 70.0592 1.8 18.168
      vertex 66.8928 1.8 20.6931
      vertex 70.5621 1.8 18.8768
    endloop
  endfacet
  facet normal 0 1 0
    outer loop
      vertex 66.8928 1.8 20.6931
      vertex 70.0592 1.8 18.168
      vertex 66.6163 1.8 20.3837
    endloop
  endfacet
  facet normal 0 1 -0
    outer loop
      vertex 69.4801 1.8 17.5199
      vertex 66.6163 1.8 20.3837
      vertex 70.0592 1.8 18.168
    endloop
  endfacet
  facet normal 0 1 0
    outer loop
      vertex 66.6163 1.8 20.3837
      vertex 69.4801 1.8 17.5199
      vertex 66.3069 1.8 20.1072
    endloop
  endfacet
  facet normal 0 1 -0
    outer loop
      vertex 68.832 1.8 16.9408
      vertex 66.3069 1.8 20.1072
      vertex 69.4801 1.8 17.5199
    endloop
  endfacet
  facet normal 0 1 0
    outer loop
      vertex 66.3069 1.8 20.1072
      vertex 68.832 1.8 16.9408
      vertex 65.9685 1.8 19.8671
    endloop
  endfacet
  facet normal 0 1 -0
    outer loop
      vertex 68.1232 1.8 16.4379
      vertex 65.9685 1.8 19.8671
      vertex 68.832 1.8 16.9408
    endloop
  endfacet
  facet normal 0 1 0
    outer loop
      vertex 65.9685 1.8 19.8671
      vertex 68.1232 1.8 16.4379
      vertex 65.6054 1.8 19.6664
    endloop
  endfacet
  facet normal 0 1 -0
    outer loop
      vertex 62.0315 1.8 26.1329
      vertex 59.8768 1.8 29.5621
      vertex 62.3946 1.8 26.3336
    endloop
  endfacet
  facet normal 0 1 0
    outer loop
      vertex 59.8768 1.8 29.5621
      vertex 62.0315 1.8 26.1329
      vertex 59.168 1.8 29.0592
    endloop
  endfacet
  facet normal 0 1 -0
    outer loop
      vertex 61.6931 1.8 25.8928
      vertex 59.168 1.8 29.0592
      vertex 62.0315 1.8 26.1329
    endloop
  endfacet
  facet normal 0 1 0
    outer loop
      vertex 59.168 1.8 29.0592
      vertex 61.6931 1.8 25.8928
      vertex 58.5199 1.8 28.4801
    endloop
  endfacet
  facet normal 0 1 -0
    outer loop
      vertex 61.3837 1.8 25.6163
      vertex 58.5199 1.8 28.4801
      vertex 61.6931 1.8 25.8928
    endloop
  endfacet
  facet normal 0 1 0
    outer loop
      vertex 58.5199 1.8 28.4801
      vertex 61.3837 1.8 25.6163
      vertex 57.9408 1.8 27.832
    endloop
  endfacet
  facet normal 0 1 -0
    outer loop
      vertex 61.1072 1.8 25.3069
      vertex 57.9408 1.8 27.832
      vertex 61.3837 1.8 25.6163
    endloop
  endfacet
  facet normal 0 1 0
    outer loop
      vertex 57.9408 1.8 27.832
      vertex 61.1072 1.8 25.3069
      vertex 57.4379 1.8 27.1232
    endloop
  endfacet
  facet normal 0 1 -0
    outer loop
      vertex 60.8671 1.8 24.9685
      vertex 57.4379 1.8 27.1232
      vertex 61.1072 1.8 25.3069
    endloop
  endfacet
  facet normal 0 1 0
    outer loop
      vertex 57.4379 1.8 27.1232
      vertex 60.8671 1.8 24.9685
      vertex 57.0175 1.8 26.3626
    endloop
  endfacet
  facet normal 0 1 -0
    outer loop
      vertex 60.6664 1.8 24.6054
      vertex 57.0175 1.8 26.3626
      vertex 60.8671 1.8 24.9685
    endloop
  endfacet
  facet normal 0 1 0
    outer loop
      vertex 57.0175 1.8 26.3626
      vertex 60.6664 1.8 24.6054
      vertex 56.6849 1.8 25.5597
    endloop
  endfacet
  facet normal 0 1 -0
    outer loop
      vertex 60.5076 1.8 24.222
      vertex 56.6849 1.8 25.5597
      vertex 60.6664 1.8 24.6054
    endloop
  endfacet
  facet normal 0 1 0
    outer loop
      vertex 56.6849 1.8 25.5597
      vertex 60.5076 1.8 24.222
      vertex 56.4443 1.8 24.7245
    endloop
  endfacet
  facet normal 0 1 -0
    outer loop
      vertex 60.3928 1.8 23.8233
      vertex 56.4443 1.8 24.7245
      vertex 60.5076 1.8 24.222
    endloop
  endfacet
  facet normal 0 1 0
    outer loop
      vertex 56.4443 1.8 24.7245
      vertex 60.3928 1.8 23.8233
      vertex 56.2987 1.8 23.8677
    endloop
  endfacet
  facet normal 0 1 -0
    outer loop
      vertex 60.3233 1.8 23.4143
      vertex 56.2987 1.8 23.8677
      vertex 60.3928 1.8 23.8233
    endloop
  endfacet
  facet normal 0 1 -0
    outer loop
      vertex 60.3 1.8 23
      vertex 56.2987 1.8 23.8677
      vertex 60.3233 1.8 23.4143
    endloop
  endfacet
  facet normal 0 1 0
    outer loop
      vertex 60.3 1.8 23
      vertex 56.25 1.8 23
      vertex 56.2987 1.8 23.8677
    endloop
  endfacet
  facet normal 0 1 0
    outer loop
      vertex 60.3233 1.8 22.5857
      vertex 56.25 1.8 23
      vertex 60.3 1.8 23
    endloop
  endfacet
  facet normal 0 1 0
    outer loop
      vertex 56.2987 1.8 22.1323
      vertex 60.3233 1.8 22.5857
      vertex 60.3928 1.8 22.1767
    endloop
  endfacet
  facet normal 0 1 0
    outer loop
      vertex 60.3233 1.8 22.5857
      vertex 56.2987 1.8 22.1323
      vertex 56.25 1.8 23
    endloop
  endfacet
  facet normal 0 1 0
    outer loop
      vertex 56.4443 1.8 21.2755
      vertex 60.3928 1.8 22.1767
      vertex 60.5076 1.8 21.778
    endloop
  endfacet
  facet normal 0 1 0
    outer loop
      vertex 56.6849 1.8 20.4403
      vertex 60.5076 1.8 21.778
      vertex 60.6664 1.8 21.3946
    endloop
  endfacet
  facet normal 0 1 0
    outer loop
      vertex 60.3928 1.8 22.1767
      vertex 56.4443 1.8 21.2755
      vertex 56.2987 1.8 22.1323
    endloop
  endfacet
  facet normal 0 1 0
    outer loop
      vertex 57.0175 1.8 19.6374
      vertex 60.6664 1.8 21.3946
      vertex 60.8671 1.8 21.0315
    endloop
  endfacet
  facet normal 0 1 0
    outer loop
      vertex 57.4379 1.8 18.8768
      vertex 60.8671 1.8 21.0315
      vertex 61.1072 1.8 20.6931
    endloop
  endfacet
  facet normal 0 1 0
    outer loop
      vertex 60.5076 1.8 21.778
      vertex 56.6849 1.8 20.4403
      vertex 56.4443 1.8 21.2755
    endloop
  endfacet
  facet normal 0 1 0
    outer loop
      vertex 57.9408 1.8 18.168
      vertex 61.1072 1.8 20.6931
      vertex 61.3837 1.8 20.3837
    endloop
  endfacet
  facet normal 0 1 0
    outer loop
      vertex 58.5199 1.8 17.5199
      vertex 61.3837 1.8 20.3837
      vertex 61.6931 1.8 20.1072
    endloop
  endfacet
  facet normal 0 1 0
    outer loop
      vertex 59.168 1.8 16.9408
      vertex 61.6931 1.8 20.1072
      vertex 62.0315 1.8 19.8671
    endloop
  endfacet
  facet normal 0 1 0
    outer loop
      vertex 59.8768 1.8 16.4379
      vertex 62.0315 1.8 19.8671
      vertex 62.3946 1.8 19.6664
    endloop
  endfacet
  facet normal 0 1 0
    outer loop
      vertex 60.6664 1.8 21.3946
      vertex 57.0175 1.8 19.6374
      vertex 56.6849 1.8 20.4403
    endloop
  endfacet
  facet normal 0 1 0
    outer loop
      vertex 60.6374 1.8 16.0175
      vertex 62.3946 1.8 19.6664
      vertex 62.778 1.8 19.5076
    endloop
  endfacet
  facet normal 0 1 0
    outer loop
      vertex 61.4403 1.8 15.6849
      vertex 62.778 1.8 19.5076
      vertex 63.1767 1.8 19.3928
    endloop
  endfacet
  facet normal 0 1 0
    outer loop
      vertex 62.2755 1.8 15.4443
      vertex 63.1767 1.8 19.3928
      vertex 63.5857 1.8 19.3233
    endloop
  endfacet
  facet normal 0 1 0
    outer loop
      vertex 63.1323 1.8 15.2987
      vertex 63.5857 1.8 19.3233
      vertex 64 1.8 19.3
    endloop
  endfacet
  facet normal 0 1 -0
    outer loop
      vertex 67.3626 1.8 16.0175
      vertex 65.6054 1.8 19.6664
      vertex 68.1232 1.8 16.4379
    endloop
  endfacet
  facet normal 0 1 0
    outer loop
      vertex 60.8671 1.8 21.0315
      vertex 57.4379 1.8 18.8768
      vertex 57.0175 1.8 19.6374
    endloop
  endfacet
  facet normal 0 1 0
    outer loop
      vertex 65.6054 1.8 19.6664
      vertex 67.3626 1.8 16.0175
      vertex 65.222 1.8 19.5076
    endloop
  endfacet
  facet normal 0 1 0
    outer loop
      vertex 61.1072 1.8 20.6931
      vertex 57.9408 1.8 18.168
      vertex 57.4379 1.8 18.8768
    endloop
  endfacet
  facet normal 0 1 -0
    outer loop
      vertex 66.5597 1.8 15.6849
      vertex 65.222 1.8 19.5076
      vertex 67.3626 1.8 16.0175
    endloop
  endfacet
  facet normal 0 1 0
    outer loop
      vertex 61.3837 1.8 20.3837
      vertex 58.5199 1.8 17.5199
      vertex 57.9408 1.8 18.168
    endloop
  endfacet
  facet normal 0 1 0
    outer loop
      vertex 65.222 1.8 19.5076
      vertex 66.5597 1.8 15.6849
      vertex 64.8233 1.8 19.3928
    endloop
  endfacet
  facet normal 0 1 0
    outer loop
      vertex 61.6931 1.8 20.1072
      vertex 59.168 1.8 16.9408
      vertex 58.5199 1.8 17.5199
    endloop
  endfacet
  facet normal 0 1 -0
    outer loop
      vertex 65.7245 1.8 15.4443
      vertex 64.8233 1.8 19.3928
      vertex 66.5597 1.8 15.6849
    endloop
  endfacet
  facet normal 0 1 0
    outer loop
      vertex 62.0315 1.8 19.8671
      vertex 59.8768 1.8 16.4379
      vertex 59.168 1.8 16.9408
    endloop
  endfacet
  facet normal 0 1 0
    outer loop
      vertex 64.8233 1.8 19.3928
      vertex 65.7245 1.8 15.4443
      vertex 64.4143 1.8 19.3233
    endloop
  endfacet
  facet normal 0 1 0
    outer loop
      vertex 62.3946 1.8 19.6664
      vertex 60.6374 1.8 16.0175
      vertex 59.8768 1.8 16.4379
    endloop
  endfacet
  facet normal 0 1 -0
    outer loop
      vertex 64.8677 1.8 15.2987
      vertex 64.4143 1.8 19.3233
      vertex 65.7245 1.8 15.4443
    endloop
  endfacet
  facet normal 0 1 0
    outer loop
      vertex 62.778 1.8 19.5076
      vertex 61.4403 1.8 15.6849
      vertex 60.6374 1.8 16.0175
    endloop
  endfacet
  facet normal 0 1 0
    outer loop
      vertex 64.4143 1.8 19.3233
      vertex 64.8677 1.8 15.2987
      vertex 64 1.8 19.3
    endloop
  endfacet
  facet normal 0 1 0
    outer loop
      vertex 63.1767 1.8 19.3928
      vertex 62.2755 1.8 15.4443
      vertex 61.4403 1.8 15.6849
    endloop
  endfacet
  facet normal 0 1 0
    outer loop
      vertex 64 1.8 15.25
      vertex 64 1.8 19.3
      vertex 64.8677 1.8 15.2987
    endloop
  endfacet
  facet normal 0 1 0
    outer loop
      vertex 63.5857 1.8 19.3233
      vertex 63.1323 1.8 15.2987
      vertex 62.2755 1.8 15.4443
    endloop
  endfacet
  facet normal 0 1 0
    outer loop
      vertex 64 1.8 19.3
      vertex 64 1.8 15.25
      vertex 63.1323 1.8 15.2987
    endloop
  endfacet
  facet normal -0.48372 0 0.875223
    outer loop
      vertex 25.4752 3 5.43671
      vertex 25.8089 1.4 5.62114
      vertex 25.8089 3 5.62114
    endloop
  endfacet
  facet normal -0.48372 0 0.875223
    outer loop
      vertex 25.8089 1.4 5.62114
      vertex 25.4752 3 5.43671
      vertex 25.4752 1.4 5.43671
    endloop
  endfacet
  facet normal -0.9859 0 0.167337
    outer loop
      vertex 27.3148 1.4 7.74343
      vertex 27.3786 3 8.11932
      vertex 27.3148 3 7.74343
    endloop
  endfacet
  facet normal -0.9859 0 0.167337
    outer loop
      vertex 27.3786 3 8.11932
      vertex 27.3148 1.4 7.74343
      vertex 27.3786 1.4 8.11932
    endloop
  endfacet
  facet normal -0.998424 0 0.0561266
    outer loop
      vertex 27.3786 1.4 8.11932
      vertex 27.4 3 8.5
      vertex 27.3786 3 8.11932
    endloop
  endfacet
  facet normal -0.998424 0 0.0561266
    outer loop
      vertex 27.4 3 8.5
      vertex 27.3786 1.4 8.11932
      vertex 27.4 1.4 8.5
    endloop
  endfacet
  facet normal -0.960884 0 0.276951
    outer loop
      vertex 27.2092 1.4 7.37705
      vertex 27.3148 3 7.74343
      vertex 27.2092 3 7.37705
    endloop
  endfacet
  facet normal -0.960884 0 0.276951
    outer loop
      vertex 27.3148 3 7.74343
      vertex 27.2092 1.4 7.37705
      vertex 27.3148 1.4 7.74343
    endloop
  endfacet
  facet normal 0.923886 0 -0.382668
    outer loop
      vertex 20.9367 1.4 9.9752
      vertex 20.7908 3 9.62295
      vertex 20.9367 3 9.9752
    endloop
  endfacet
  facet normal 0.923886 0 -0.382668
    outer loop
      vertex 20.7908 3 9.62295
      vertex 20.9367 1.4 9.9752
      vertex 20.7908 1.4 9.62295
    endloop
  endfacet
  facet normal 0.815519 0 -0.57873
    outer loop
      vertex 21.3418 1.4 10.6199
      vertex 21.1211 3 10.3089
      vertex 21.3418 3 10.6199
    endloop
  endfacet
  facet normal 0.815519 0 -0.57873
    outer loop
      vertex 21.1211 3 10.3089
      vertex 21.3418 1.4 10.6199
      vertex 21.1211 1.4 10.3089
    endloop
  endfacet
  facet normal -0.960884 0 -0.276951
    outer loop
      vertex 27.3148 1.4 9.25657
      vertex 27.2092 3 9.62295
      vertex 27.3148 3 9.25657
    endloop
  endfacet
  facet normal -0.960884 -0 -0.276951
    outer loop
      vertex 27.2092 3 9.62295
      vertex 27.3148 1.4 9.25657
      vertex 27.2092 1.4 9.62295
    endloop
  endfacet
  facet normal 0.666352 0 0.745637
    outer loop
      vertex 21.5958 3 6.09584
      vertex 21.8801 1.4 5.84177
      vertex 21.8801 3 5.84177
    endloop
  endfacet
  facet normal 0.666352 0 0.745637
    outer loop
      vertex 21.8801 1.4 5.84177
      vertex 21.5958 3 6.09584
      vertex 21.5958 1.4 6.09584
    endloop
  endfacet
  facet normal 0.960884 0 -0.276951
    outer loop
      vertex 20.7908 1.4 9.62295
      vertex 20.6852 3 9.25657
      vertex 20.7908 3 9.62295
    endloop
  endfacet
  facet normal 0.960884 0 -0.276951
    outer loop
      vertex 20.6852 3 9.25657
      vertex 20.7908 1.4 9.62295
      vertex 20.6852 1.4 9.25657
    endloop
  endfacet
  facet normal -0.92389 0 0.382659
    outer loop
      vertex 27.0633 1.4 7.02479
      vertex 27.2092 3 7.37705
      vertex 27.0633 3 7.02479
    endloop
  endfacet
  facet normal -0.92389 0 0.382659
    outer loop
      vertex 27.2092 3 7.37705
      vertex 27.0633 1.4 7.02479
      vertex 27.2092 1.4 7.37705
    endloop
  endfacet
  facet normal 0.382644 0 0.923896
    outer loop
      vertex 22.5248 3 5.43671
      vertex 22.8771 1.4 5.2908
      vertex 22.8771 3 5.2908
    endloop
  endfacet
  facet normal 0.382644 0 0.923896
    outer loop
      vertex 22.8771 1.4 5.2908
      vertex 22.5248 3 5.43671
      vertex 22.5248 1.4 5.43671
    endloop
  endfacet
  facet normal 0.382622 0 -0.923905
    outer loop
      vertex 22.5248 1.4 11.5633
      vertex 22.8771 3 11.7092
      vertex 22.8771 1.4 11.7092
    endloop
  endfacet
  facet normal 0.382622 0 -0.923905
    outer loop
      vertex 22.8771 3 11.7092
      vertex 22.5248 1.4 11.5633
      vertex 22.5248 3 11.5633
    endloop
  endfacet
  facet normal 0.57873 0 -0.815519
    outer loop
      vertex 21.8801 1.4 11.1582
      vertex 22.1911 3 11.3789
      vertex 22.1911 1.4 11.3789
    endloop
  endfacet
  facet normal 0.57873 0 -0.815519
    outer loop
      vertex 22.1911 3 11.3789
      vertex 21.8801 1.4 11.1582
      vertex 21.8801 3 11.1582
    endloop
  endfacet
  facet normal -0.382622 0 -0.923905
    outer loop
      vertex 25.1229 1.4 11.7092
      vertex 25.4752 3 11.5633
      vertex 25.4752 1.4 11.5633
    endloop
  endfacet
  facet normal -0.382622 0 -0.923905
    outer loop
      vertex 25.4752 3 11.5633
      vertex 25.1229 1.4 11.7092
      vertex 25.1229 3 11.7092
    endloop
  endfacet
  facet normal -0.167486 0 0.985874
    outer loop
      vertex 24.3807 3 5.12138
      vertex 24.7566 1.4 5.18524
      vertex 24.7566 3 5.18524
    endloop
  endfacet
  facet normal -0.167486 0 0.985874
    outer loop
      vertex 24.7566 1.4 5.18524
      vertex 24.3807 3 5.12138
      vertex 24.3807 1.4 5.12138
    endloop
  endfacet
  facet normal 0.167486 0 0.985874
    outer loop
      vertex 23.2434 3 5.18524
      vertex 23.6193 1.4 5.12138
      vertex 23.6193 3 5.12138
    endloop
  endfacet
  facet normal 0.167486 0 0.985874
    outer loop
      vertex 23.6193 1.4 5.12138
      vertex 23.2434 3 5.18524
      vertex 23.2434 1.4 5.18524
    endloop
  endfacet
  facet normal 0.9859 0 -0.167337
    outer loop
      vertex 20.6852 1.4 9.25657
      vertex 20.6214 3 8.88068
      vertex 20.6852 3 9.25657
    endloop
  endfacet
  facet normal 0.9859 0 -0.167337
    outer loop
      vertex 20.6214 3 8.88068
      vertex 20.6852 1.4 9.25657
      vertex 20.6214 1.4 8.88068
    endloop
  endfacet
  facet normal -0.167333 0 -0.9859
    outer loop
      vertex 24.3807 1.4 11.8786
      vertex 24.7566 3 11.8148
      vertex 24.7566 1.4 11.8148
    endloop
  endfacet
  facet normal -0.167333 0 -0.9859
    outer loop
      vertex 24.7566 3 11.8148
      vertex 24.3807 1.4 11.8786
      vertex 24.3807 3 11.8786
    endloop
  endfacet
  facet normal 0.875256 -0 0.48366
    outer loop
      vertex 20.9367 1.4 7.02479
      vertex 21.1211 3 6.69109
      vertex 20.9367 3 7.02479
    endloop
  endfacet
  facet normal 0.875256 0 0.48366
    outer loop
      vertex 21.1211 3 6.69109
      vertex 20.9367 1.4 7.02479
      vertex 21.1211 1.4 6.69109
    endloop
  endfacet
  facet normal 0.92389 -0 0.382659
    outer loop
      vertex 20.7908 1.4 7.37705
      vertex 20.9367 3 7.02479
      vertex 20.7908 3 7.37705
    endloop
  endfacet
  facet normal 0.92389 0 0.382659
    outer loop
      vertex 20.9367 3 7.02479
      vertex 20.7908 1.4 7.37705
      vertex 20.9367 1.4 7.02479
    endloop
  endfacet
  facet normal -0.815519 0 -0.57873
    outer loop
      vertex 26.8789 1.4 10.3089
      vertex 26.6582 3 10.6199
      vertex 26.8789 3 10.3089
    endloop
  endfacet
  facet normal -0.815519 -0 -0.57873
    outer loop
      vertex 26.6582 3 10.6199
      vertex 26.8789 1.4 10.3089
      vertex 26.6582 1.4 10.6199
    endloop
  endfacet
  facet normal 0.48372 0 0.875223
    outer loop
      vertex 22.1911 3 5.62114
      vertex 22.5248 1.4 5.43671
      vertex 22.5248 3 5.43671
    endloop
  endfacet
  facet normal 0.48372 0 0.875223
    outer loop
      vertex 22.5248 1.4 5.43671
      vertex 22.1911 3 5.62114
      vertex 22.1911 1.4 5.62114
    endloop
  endfacet
  facet normal 0.27691 0 0.960896
    outer loop
      vertex 22.8771 3 5.2908
      vertex 23.2434 1.4 5.18524
      vertex 23.2434 3 5.18524
    endloop
  endfacet
  facet normal 0.27691 0 0.960896
    outer loop
      vertex 23.2434 1.4 5.18524
      vertex 22.8771 3 5.2908
      vertex 22.8771 1.4 5.2908
    endloop
  endfacet
  facet normal -0.382644 0 0.923896
    outer loop
      vertex 25.1229 3 5.2908
      vertex 25.4752 1.4 5.43671
      vertex 25.4752 3 5.43671
    endloop
  endfacet
  facet normal -0.382644 0 0.923896
    outer loop
      vertex 25.4752 1.4 5.43671
      vertex 25.1229 3 5.2908
      vertex 25.1229 1.4 5.2908
    endloop
  endfacet
  facet normal 0.66625 0 -0.745728
    outer loop
      vertex 21.5958 1.4 10.9042
      vertex 21.8801 3 11.1582
      vertex 21.8801 1.4 11.1582
    endloop
  endfacet
  facet normal 0.66625 0 -0.745728
    outer loop
      vertex 21.8801 3 11.1582
      vertex 21.5958 1.4 10.9042
      vertex 21.5958 3 10.9042
    endloop
  endfacet
  facet normal 0.875256 0 -0.48366
    outer loop
      vertex 21.1211 1.4 10.3089
      vertex 20.9367 3 9.9752
      vertex 21.1211 3 10.3089
    endloop
  endfacet
  facet normal 0.875256 0 -0.48366
    outer loop
      vertex 20.9367 3 9.9752
      vertex 21.1211 1.4 10.3089
      vertex 20.9367 1.4 9.9752
    endloop
  endfacet
  facet normal -0.875256 0 0.48366
    outer loop
      vertex 26.8789 1.4 6.69109
      vertex 27.0633 3 7.02479
      vertex 26.8789 3 6.69109
    endloop
  endfacet
  facet normal -0.875256 0 0.48366
    outer loop
      vertex 27.0633 3 7.02479
      vertex 26.8789 1.4 6.69109
      vertex 27.0633 1.4 7.02479
    endloop
  endfacet
  facet normal -0.815484 0 0.57878
    outer loop
      vertex 26.6582 1.4 6.38013
      vertex 26.8789 3 6.69109
      vertex 26.6582 3 6.38013
    endloop
  endfacet
  facet normal -0.815484 0 0.57878
    outer loop
      vertex 26.8789 3 6.69109
      vertex 26.6582 1.4 6.38013
      vertex 26.8789 1.4 6.69109
    endloop
  endfacet
  facet normal 0.9859 -0 0.167337
    outer loop
      vertex 20.6214 1.4 8.11932
      vertex 20.6852 3 7.74343
      vertex 20.6214 3 8.11932
    endloop
  endfacet
  facet normal 0.9859 0 0.167337
    outer loop
      vertex 20.6852 3 7.74343
      vertex 20.6214 1.4 8.11932
      vertex 20.6852 1.4 7.74343
    endloop
  endfacet
  facet normal -0.66625 0 -0.745728
    outer loop
      vertex 26.1199 1.4 11.1582
      vertex 26.4042 3 10.9042
      vertex 26.4042 1.4 10.9042
    endloop
  endfacet
  facet normal -0.66625 0 -0.745728
    outer loop
      vertex 26.4042 3 10.9042
      vertex 26.1199 1.4 11.1582
      vertex 26.1199 3 11.1582
    endloop
  endfacet
  facet normal 0.277007 0 -0.960868
    outer loop
      vertex 22.8771 1.4 11.7092
      vertex 23.2434 3 11.8148
      vertex 23.2434 1.4 11.8148
    endloop
  endfacet
  facet normal 0.277007 0 -0.960868
    outer loop
      vertex 23.2434 3 11.8148
      vertex 22.8771 1.4 11.7092
      vertex 22.8771 3 11.7092
    endloop
  endfacet
  facet normal -0.745728 0 -0.66625
    outer loop
      vertex 26.6582 1.4 10.6199
      vertex 26.4042 3 10.9042
      vertex 26.6582 3 10.6199
    endloop
  endfacet
  facet normal -0.745728 -0 -0.66625
    outer loop
      vertex 26.4042 3 10.9042
      vertex 26.6582 1.4 10.6199
      vertex 26.4042 1.4 10.9042
    endloop
  endfacet
  facet normal -0.875256 0 -0.48366
    outer loop
      vertex 27.0633 1.4 9.9752
      vertex 26.8789 3 10.3089
      vertex 27.0633 3 9.9752
    endloop
  endfacet
  facet normal -0.875256 -0 -0.48366
    outer loop
      vertex 26.8789 3 10.3089
      vertex 27.0633 1.4 9.9752
      vertex 26.8789 1.4 10.3089
    endloop
  endfacet
  facet normal -0.745717 0 0.666263
    outer loop
      vertex 26.4042 1.4 6.09584
      vertex 26.6582 3 6.38013
      vertex 26.4042 3 6.09584
    endloop
  endfacet
  facet normal -0.745717 0 0.666263
    outer loop
      vertex 26.6582 3 6.38013
      vertex 26.4042 1.4 6.09584
      vertex 26.6582 1.4 6.38013
    endloop
  endfacet
  facet normal -0.9859 0 -0.167337
    outer loop
      vertex 27.3786 1.4 8.88068
      vertex 27.3148 3 9.25657
      vertex 27.3786 3 8.88068
    endloop
  endfacet
  facet normal -0.9859 -0 -0.167337
    outer loop
      vertex 27.3148 3 9.25657
      vertex 27.3786 1.4 8.88068
      vertex 27.3148 1.4 9.25657
    endloop
  endfacet
  facet normal -0.923886 0 -0.382668
    outer loop
      vertex 27.2092 1.4 9.62295
      vertex 27.0633 3 9.9752
      vertex 27.2092 3 9.62295
    endloop
  endfacet
  facet normal -0.923886 -0 -0.382668
    outer loop
      vertex 27.0633 3 9.9752
      vertex 27.2092 1.4 9.62295
      vertex 27.0633 1.4 9.9752
    endloop
  endfacet
  facet normal 0.960884 -0 0.276951
    outer loop
      vertex 20.6852 1.4 7.74343
      vertex 20.7908 3 7.37705
      vertex 20.6852 3 7.74343
    endloop
  endfacet
  facet normal 0.960884 0 0.276951
    outer loop
      vertex 20.7908 3 7.37705
      vertex 20.6852 1.4 7.74343
      vertex 20.7908 1.4 7.37705
    endloop
  endfacet
  facet normal -0.277007 0 -0.960868
    outer loop
      vertex 24.7566 1.4 11.8148
      vertex 25.1229 3 11.7092
      vertex 25.1229 1.4 11.7092
    endloop
  endfacet
  facet normal -0.277007 0 -0.960868
    outer loop
      vertex 25.1229 3 11.7092
      vertex 24.7566 1.4 11.8148
      vertex 24.7566 3 11.8148
    endloop
  endfacet
  facet normal -0.998424 0 -0.0561266
    outer loop
      vertex 27.4 1.4 8.5
      vertex 27.3786 3 8.88068
      vertex 27.4 3 8.5
    endloop
  endfacet
  facet normal -0.998424 -0 -0.0561266
    outer loop
      vertex 27.3786 3 8.88068
      vertex 27.4 1.4 8.5
      vertex 27.3786 1.4 8.88068
    endloop
  endfacet
  facet normal 0.0561236 0 -0.998424
    outer loop
      vertex 23.6193 1.4 11.8786
      vertex 24 3 11.9
      vertex 24 1.4 11.9
    endloop
  endfacet
  facet normal 0.0561236 0 -0.998424
    outer loop
      vertex 24 3 11.9
      vertex 23.6193 1.4 11.8786
      vertex 23.6193 3 11.8786
    endloop
  endfacet
  facet normal -0.578608 0 0.815606
    outer loop
      vertex 25.8089 3 5.62114
      vertex 26.1199 1.4 5.84177
      vertex 26.1199 3 5.84177
    endloop
  endfacet
  facet normal -0.578608 0 0.815606
    outer loop
      vertex 26.1199 1.4 5.84177
      vertex 25.8089 3 5.62114
      vertex 25.8089 1.4 5.62114
    endloop
  endfacet
  facet normal 0.745728 0 -0.66625
    outer loop
      vertex 21.5958 1.4 10.9042
      vertex 21.3418 3 10.6199
      vertex 21.5958 3 10.9042
    endloop
  endfacet
  facet normal 0.745728 0 -0.66625
    outer loop
      vertex 21.3418 3 10.6199
      vertex 21.5958 1.4 10.9042
      vertex 21.3418 1.4 10.6199
    endloop
  endfacet
  facet normal 0.0560714 0 0.998427
    outer loop
      vertex 23.6193 3 5.12138
      vertex 24 1.4 5.1
      vertex 24 3 5.1
    endloop
  endfacet
  facet normal 0.0560714 0 0.998427
    outer loop
      vertex 24 1.4 5.1
      vertex 23.6193 3 5.12138
      vertex 23.6193 1.4 5.12138
    endloop
  endfacet
  facet normal -0.27691 0 0.960896
    outer loop
      vertex 24.7566 3 5.18524
      vertex 25.1229 1.4 5.2908
      vertex 25.1229 3 5.2908
    endloop
  endfacet
  facet normal -0.27691 0 0.960896
    outer loop
      vertex 25.1229 1.4 5.2908
      vertex 24.7566 3 5.18524
      vertex 24.7566 1.4 5.18524
    endloop
  endfacet
  facet normal 0.998424 -0 0.0561266
    outer loop
      vertex 20.6 1.4 8.5
      vertex 20.6214 3 8.11932
      vertex 20.6 3 8.5
    endloop
  endfacet
  facet normal 0.998424 0 0.0561266
    outer loop
      vertex 20.6214 3 8.11932
      vertex 20.6 1.4 8.5
      vertex 20.6214 1.4 8.11932
    endloop
  endfacet
  facet normal 0.745717 -0 0.666263
    outer loop
      vertex 21.3418 1.4 6.38013
      vertex 21.5958 3 6.09584
      vertex 21.3418 3 6.38013
    endloop
  endfacet
  facet normal 0.745717 0 0.666263
    outer loop
      vertex 21.5958 3 6.09584
      vertex 21.3418 1.4 6.38013
      vertex 21.5958 1.4 6.09584
    endloop
  endfacet
  facet normal -0.57873 0 -0.815519
    outer loop
      vertex 25.8089 1.4 11.3789
      vertex 26.1199 3 11.1582
      vertex 26.1199 1.4 11.1582
    endloop
  endfacet
  facet normal -0.57873 0 -0.815519
    outer loop
      vertex 26.1199 3 11.1582
      vertex 25.8089 1.4 11.3789
      vertex 25.8089 3 11.3789
    endloop
  endfacet
  facet normal -0.48366 0 -0.875256
    outer loop
      vertex 25.4752 1.4 11.5633
      vertex 25.8089 3 11.3789
      vertex 25.8089 1.4 11.3789
    endloop
  endfacet
  facet normal -0.48366 0 -0.875256
    outer loop
      vertex 25.8089 3 11.3789
      vertex 25.4752 1.4 11.5633
      vertex 25.4752 3 11.5633
    endloop
  endfacet
  facet normal 0.48366 0 -0.875256
    outer loop
      vertex 22.1911 1.4 11.3789
      vertex 22.5248 3 11.5633
      vertex 22.5248 1.4 11.5633
    endloop
  endfacet
  facet normal 0.48366 0 -0.875256
    outer loop
      vertex 22.5248 3 11.5633
      vertex 22.1911 1.4 11.3789
      vertex 22.1911 3 11.3789
    endloop
  endfacet
  facet normal -0.0561236 0 -0.998424
    outer loop
      vertex 24 1.4 11.9
      vertex 24.3807 3 11.8786
      vertex 24.3807 1.4 11.8786
    endloop
  endfacet
  facet normal -0.0561236 0 -0.998424
    outer loop
      vertex 24.3807 3 11.8786
      vertex 24 1.4 11.9
      vertex 24 3 11.9
    endloop
  endfacet
  facet normal 0.998424 0 -0.0561266
    outer loop
      vertex 20.6214 1.4 8.88068
      vertex 20.6 3 8.5
      vertex 20.6214 3 8.88068
    endloop
  endfacet
  facet normal 0.998424 0 -0.0561266
    outer loop
      vertex 20.6 3 8.5
      vertex 20.6214 1.4 8.88068
      vertex 20.6 1.4 8.5
    endloop
  endfacet
  facet normal 0 1 0
    outer loop
      vertex 24 1.4 9.59999
      vertex 24 1.4 11.9
      vertex 24.3807 1.4 11.8786
    endloop
  endfacet
  facet normal 0 1 0
    outer loop
      vertex 24.1232 1.4 9.59308
      vertex 24.3807 1.4 11.8786
      vertex 24.7566 1.4 11.8148
    endloop
  endfacet
  facet normal 0 1 0
    outer loop
      vertex 24 1.4 11.9
      vertex 24 1.4 9.59999
      vertex 23.6193 1.4 11.8786
    endloop
  endfacet
  facet normal 0 1 0
    outer loop
      vertex 24.2448 1.4 9.57242
      vertex 24.7566 1.4 11.8148
      vertex 25.1229 1.4 11.7092
    endloop
  endfacet
  facet normal 0 1 -0
    outer loop
      vertex 23.8768 1.4 9.59308
      vertex 23.6193 1.4 11.8786
      vertex 24 1.4 9.59999
    endloop
  endfacet
  facet normal 0 1 0
    outer loop
      vertex 24.3633 1.4 9.53827
      vertex 25.1229 1.4 11.7092
      vertex 25.4752 1.4 11.5633
    endloop
  endfacet
  facet normal 0 1 0
    outer loop
      vertex 23.6193 1.4 11.8786
      vertex 23.8768 1.4 9.59308
      vertex 23.2434 1.4 11.8148
    endloop
  endfacet
  facet normal 0 1 0
    outer loop
      vertex 24.4773 1.4 9.49106
      vertex 25.4752 1.4 11.5633
      vertex 25.8089 1.4 11.3789
    endloop
  endfacet
  facet normal 0 1 -0
    outer loop
      vertex 23.7552 1.4 9.57242
      vertex 23.2434 1.4 11.8148
      vertex 23.8768 1.4 9.59308
    endloop
  endfacet
  facet normal 0 1 0
    outer loop
      vertex 24.5852 1.4 9.4314
      vertex 25.8089 1.4 11.3789
      vertex 26.1199 1.4 11.1582
    endloop
  endfacet
  facet normal 0 1 0
    outer loop
      vertex 23.2434 1.4 11.8148
      vertex 23.7552 1.4 9.57242
      vertex 22.8771 1.4 11.7092
    endloop
  endfacet
  facet normal 0 1 0
    outer loop
      vertex 24.6858 1.4 9.36
      vertex 26.1199 1.4 11.1582
      vertex 26.4042 1.4 10.9042
    endloop
  endfacet
  facet normal 0 1 -0
    outer loop
      vertex 23.6367 1.4 9.53827
      vertex 22.8771 1.4 11.7092
      vertex 23.7552 1.4 9.57242
    endloop
  endfacet
  facet normal 0 1 0
    outer loop
      vertex 24.7778 1.4 9.27782
      vertex 26.4042 1.4 10.9042
      vertex 26.6582 1.4 10.6199
    endloop
  endfacet
  facet normal 0 1 0
    outer loop
      vertex 22.8771 1.4 11.7092
      vertex 23.6367 1.4 9.53827
      vertex 22.5248 1.4 11.5633
    endloop
  endfacet
  facet normal 0 1 0
    outer loop
      vertex 24.86 1.4 9.18584
      vertex 26.6582 1.4 10.6199
      vertex 26.8789 1.4 10.3089
    endloop
  endfacet
  facet normal 0 1 -0
    outer loop
      vertex 23.5227 1.4 9.49106
      vertex 22.5248 1.4 11.5633
      vertex 23.6367 1.4 9.53827
    endloop
  endfacet
  facet normal 0 1 0
    outer loop
      vertex 24.9314 1.4 9.08522
      vertex 26.8789 1.4 10.3089
      vertex 27.0633 1.4 9.9752
    endloop
  endfacet
  facet normal 0 1 0
    outer loop
      vertex 22.5248 1.4 11.5633
      vertex 23.5227 1.4 9.49106
      vertex 22.1911 1.4 11.3789
    endloop
  endfacet
  facet normal 0 1 0
    outer loop
      vertex 24.9911 1.4 8.97726
      vertex 27.0633 1.4 9.9752
      vertex 27.2092 1.4 9.62295
    endloop
  endfacet
  facet normal 0 1 -0
    outer loop
      vertex 23.4148 1.4 9.4314
      vertex 22.1911 1.4 11.3789
      vertex 23.5227 1.4 9.49106
    endloop
  endfacet
  facet normal 0 1 0
    outer loop
      vertex 22.1911 1.4 11.3789
      vertex 23.4148 1.4 9.4314
      vertex 21.8801 1.4 11.1582
    endloop
  endfacet
  facet normal 0 1 0
    outer loop
      vertex 24.3807 1.4 11.8786
      vertex 24.1232 1.4 9.59308
      vertex 24 1.4 9.59999
    endloop
  endfacet
  facet normal 0 1 0
    outer loop
      vertex 24.7566 1.4 11.8148
      vertex 24.2448 1.4 9.57242
      vertex 24.1232 1.4 9.59308
    endloop
  endfacet
  facet normal 0 1 0
    outer loop
      vertex 25.1229 1.4 11.7092
      vertex 24.3633 1.4 9.53827
      vertex 24.2448 1.4 9.57242
    endloop
  endfacet
  facet normal 0 1 0
    outer loop
      vertex 25.4752 1.4 11.5633
      vertex 24.4773 1.4 9.49106
      vertex 24.3633 1.4 9.53827
    endloop
  endfacet
  facet normal 0 1 0
    outer loop
      vertex 25.8089 1.4 11.3789
      vertex 24.5852 1.4 9.4314
      vertex 24.4773 1.4 9.49106
    endloop
  endfacet
  facet normal 0 1 0
    outer loop
      vertex 26.1199 1.4 11.1582
      vertex 24.6858 1.4 9.36
      vertex 24.5852 1.4 9.4314
    endloop
  endfacet
  facet normal 0 1 0
    outer loop
      vertex 26.4042 1.4 10.9042
      vertex 24.7778 1.4 9.27782
      vertex 24.6858 1.4 9.36
    endloop
  endfacet
  facet normal 0 1 0
    outer loop
      vertex 25.0383 1.4 8.8633
      vertex 27.2092 1.4 9.62295
      vertex 27.3148 1.4 9.25657
    endloop
  endfacet
  facet normal 0 1 0
    outer loop
      vertex 26.6582 1.4 10.6199
      vertex 24.86 1.4 9.18584
      vertex 24.7778 1.4 9.27782
    endloop
  endfacet
  facet normal 0 1 0
    outer loop
      vertex 26.8789 1.4 10.3089
      vertex 24.9314 1.4 9.08522
      vertex 24.86 1.4 9.18584
    endloop
  endfacet
  facet normal 0 1 0
    outer loop
      vertex 27.0633 1.4 9.9752
      vertex 24.9911 1.4 8.97726
      vertex 24.9314 1.4 9.08522
    endloop
  endfacet
  facet normal 0 1 0
    outer loop
      vertex 25.0724 1.4 8.74477
      vertex 27.3148 1.4 9.25657
      vertex 27.3786 1.4 8.88068
    endloop
  endfacet
  facet normal 0 1 0
    outer loop
      vertex 27.2092 1.4 9.62295
      vertex 25.0383 1.4 8.8633
      vertex 24.9911 1.4 8.97726
    endloop
  endfacet
  facet normal 0 1 0
    outer loop
      vertex 27.3148 1.4 9.25657
      vertex 25.0724 1.4 8.74477
      vertex 25.0383 1.4 8.8633
    endloop
  endfacet
  facet normal 0 1 0
    outer loop
      vertex 27.3786 1.4 8.88068
      vertex 25.0931 1.4 8.62315
      vertex 25.0724 1.4 8.74477
    endloop
  endfacet
  facet normal 0 1 0
    outer loop
      vertex 27.4 1.4 8.5
      vertex 25.0931 1.4 8.62315
      vertex 27.3786 1.4 8.88068
    endloop
  endfacet
  facet normal 0 1 0
    outer loop
      vertex 27.4 1.4 8.5
      vertex 25.1 1.4 8.5
      vertex 25.0931 1.4 8.62315
    endloop
  endfacet
  facet normal 0 1 0
    outer loop
      vertex 27.4 1.4 8.5
      vertex 25.0931 1.4 8.37683
      vertex 25.1 1.4 8.5
    endloop
  endfacet
  facet normal 0 1 -0
    outer loop
      vertex 27.3786 1.4 8.11932
      vertex 25.0931 1.4 8.37683
      vertex 27.4 1.4 8.5
    endloop
  endfacet
  facet normal 0 1 0
    outer loop
      vertex 25.0931 1.4 8.37683
      vertex 27.3786 1.4 8.11932
      vertex 25.0724 1.4 8.25522
    endloop
  endfacet
  facet normal 0 1 -0
    outer loop
      vertex 27.3148 1.4 7.74343
      vertex 25.0724 1.4 8.25522
      vertex 27.3786 1.4 8.11932
    endloop
  endfacet
  facet normal 0 1 0
    outer loop
      vertex 25.0724 1.4 8.25522
      vertex 27.3148 1.4 7.74343
      vertex 25.0383 1.4 8.13669
    endloop
  endfacet
  facet normal 0 1 -0
    outer loop
      vertex 27.2092 1.4 7.37705
      vertex 25.0383 1.4 8.13669
      vertex 27.3148 1.4 7.74343
    endloop
  endfacet
  facet normal 0 1 0
    outer loop
      vertex 25.0383 1.4 8.13669
      vertex 27.2092 1.4 7.37705
      vertex 24.9911 1.4 8.02272
    endloop
  endfacet
  facet normal 0 1 -0
    outer loop
      vertex 27.0633 1.4 7.02479
      vertex 24.9911 1.4 8.02272
      vertex 27.2092 1.4 7.37705
    endloop
  endfacet
  facet normal 0 1 0
    outer loop
      vertex 24.9911 1.4 8.02272
      vertex 27.0633 1.4 7.02479
      vertex 24.9314 1.4 7.91476
    endloop
  endfacet
  facet normal 0 1 -0
    outer loop
      vertex 26.8789 1.4 6.69109
      vertex 24.9314 1.4 7.91476
      vertex 27.0633 1.4 7.02479
    endloop
  endfacet
  facet normal 0 1 0
    outer loop
      vertex 24.9314 1.4 7.91476
      vertex 26.8789 1.4 6.69109
      vertex 24.86 1.4 7.81415
    endloop
  endfacet
  facet normal 0 1 -0
    outer loop
      vertex 26.6582 1.4 6.38013
      vertex 24.86 1.4 7.81415
      vertex 26.8789 1.4 6.69109
    endloop
  endfacet
  facet normal 0 1 0
    outer loop
      vertex 24.86 1.4 7.81415
      vertex 26.6582 1.4 6.38013
      vertex 24.7778 1.4 7.72217
    endloop
  endfacet
  facet normal 0 1 -0
    outer loop
      vertex 26.4042 1.4 6.09584
      vertex 24.7778 1.4 7.72217
      vertex 26.6582 1.4 6.38013
    endloop
  endfacet
  facet normal 0 1 0
    outer loop
      vertex 24.7778 1.4 7.72217
      vertex 26.4042 1.4 6.09584
      vertex 24.6858 1.4 7.63998
    endloop
  endfacet
  facet normal 0 1 0
    outer loop
      vertex 24.6858 1.4 7.63998
      vertex 26.1199 1.4 5.84177
      vertex 24.5852 1.4 7.56859
    endloop
  endfacet
  facet normal 0 1 -0
    outer loop
      vertex 26.1199 1.4 5.84177
      vertex 24.6858 1.4 7.63998
      vertex 26.4042 1.4 6.09584
    endloop
  endfacet
  facet normal 0 1 -0
    outer loop
      vertex 23.3141 1.4 9.36
      vertex 21.8801 1.4 11.1582
      vertex 23.4148 1.4 9.4314
    endloop
  endfacet
  facet normal 0 1 0
    outer loop
      vertex 21.8801 1.4 11.1582
      vertex 23.3141 1.4 9.36
      vertex 21.5958 1.4 10.9042
    endloop
  endfacet
  facet normal 0 1 -0
    outer loop
      vertex 23.2222 1.4 9.27782
      vertex 21.5958 1.4 10.9042
      vertex 23.3141 1.4 9.36
    endloop
  endfacet
  facet normal 0 1 0
    outer loop
      vertex 21.5958 1.4 10.9042
      vertex 23.2222 1.4 9.27782
      vertex 21.3418 1.4 10.6199
    endloop
  endfacet
  facet normal 0 1 -0
    outer loop
      vertex 23.14 1.4 9.18584
      vertex 21.3418 1.4 10.6199
      vertex 23.2222 1.4 9.27782
    endloop
  endfacet
  facet normal 0 1 0
    outer loop
      vertex 21.3418 1.4 10.6199
      vertex 23.14 1.4 9.18584
      vertex 21.1211 1.4 10.3089
    endloop
  endfacet
  facet normal 0 1 -0
    outer loop
      vertex 23.0686 1.4 9.08522
      vertex 21.1211 1.4 10.3089
      vertex 23.14 1.4 9.18584
    endloop
  endfacet
  facet normal 0 1 0
    outer loop
      vertex 21.1211 1.4 10.3089
      vertex 23.0686 1.4 9.08522
      vertex 20.9367 1.4 9.9752
    endloop
  endfacet
  facet normal 0 1 -0
    outer loop
      vertex 23.0089 1.4 8.97726
      vertex 20.9367 1.4 9.9752
      vertex 23.0686 1.4 9.08522
    endloop
  endfacet
  facet normal 0 1 0
    outer loop
      vertex 20.9367 1.4 9.9752
      vertex 23.0089 1.4 8.97726
      vertex 20.7908 1.4 9.62295
    endloop
  endfacet
  facet normal 0 1 -0
    outer loop
      vertex 22.9617 1.4 8.8633
      vertex 20.7908 1.4 9.62295
      vertex 23.0089 1.4 8.97726
    endloop
  endfacet
  facet normal 0 1 0
    outer loop
      vertex 20.7908 1.4 9.62295
      vertex 22.9617 1.4 8.8633
      vertex 20.6852 1.4 9.25657
    endloop
  endfacet
  facet normal 0 1 -0
    outer loop
      vertex 22.9276 1.4 8.74477
      vertex 20.6852 1.4 9.25657
      vertex 22.9617 1.4 8.8633
    endloop
  endfacet
  facet normal 0 1 0
    outer loop
      vertex 20.6852 1.4 9.25657
      vertex 22.9276 1.4 8.74477
      vertex 20.6214 1.4 8.88068
    endloop
  endfacet
  facet normal 0 1 -0
    outer loop
      vertex 22.9069 1.4 8.62315
      vertex 20.6214 1.4 8.88068
      vertex 22.9276 1.4 8.74477
    endloop
  endfacet
  facet normal 0 1 -0
    outer loop
      vertex 22.9 1.4 8.5
      vertex 20.6214 1.4 8.88068
      vertex 22.9069 1.4 8.62315
    endloop
  endfacet
  facet normal 0 1 0
    outer loop
      vertex 22.9 1.4 8.5
      vertex 20.6 1.4 8.5
      vertex 20.6214 1.4 8.88068
    endloop
  endfacet
  facet normal 0 1 0
    outer loop
      vertex 22.9069 1.4 8.37683
      vertex 20.6 1.4 8.5
      vertex 22.9 1.4 8.5
    endloop
  endfacet
  facet normal 0 1 0
    outer loop
      vertex 20.6214 1.4 8.11932
      vertex 22.9069 1.4 8.37683
      vertex 22.9276 1.4 8.25522
    endloop
  endfacet
  facet normal 0 1 0
    outer loop
      vertex 20.6852 1.4 7.74343
      vertex 22.9276 1.4 8.25522
      vertex 22.9617 1.4 8.13669
    endloop
  endfacet
  facet normal 0 1 0
    outer loop
      vertex 22.9069 1.4 8.37683
      vertex 20.6214 1.4 8.11932
      vertex 20.6 1.4 8.5
    endloop
  endfacet
  facet normal 0 1 0
    outer loop
      vertex 20.7908 1.4 7.37705
      vertex 22.9617 1.4 8.13669
      vertex 23.0089 1.4 8.02272
    endloop
  endfacet
  facet normal 0 1 0
    outer loop
      vertex 20.9367 1.4 7.02479
      vertex 23.0089 1.4 8.02272
      vertex 23.0686 1.4 7.91476
    endloop
  endfacet
  facet normal 0 1 0
    outer loop
      vertex 21.1211 1.4 6.69109
      vertex 23.0686 1.4 7.91476
      vertex 23.14 1.4 7.81415
    endloop
  endfacet
  facet normal 0 1 0
    outer loop
      vertex 22.9276 1.4 8.25522
      vertex 20.6852 1.4 7.74343
      vertex 20.6214 1.4 8.11932
    endloop
  endfacet
  facet normal 0 1 0
    outer loop
      vertex 21.3418 1.4 6.38013
      vertex 23.14 1.4 7.81415
      vertex 23.2222 1.4 7.72217
    endloop
  endfacet
  facet normal 0 1 0
    outer loop
      vertex 21.5958 1.4 6.09584
      vertex 23.2222 1.4 7.72217
      vertex 23.3141 1.4 7.63998
    endloop
  endfacet
  facet normal 0 1 0
    outer loop
      vertex 21.8801 1.4 5.84177
      vertex 23.3141 1.4 7.63998
      vertex 23.4148 1.4 7.56859
    endloop
  endfacet
  facet normal 0 1 0
    outer loop
      vertex 22.1911 1.4 5.62114
      vertex 23.4148 1.4 7.56859
      vertex 23.5227 1.4 7.50893
    endloop
  endfacet
  facet normal 0 1 0
    outer loop
      vertex 22.5248 1.4 5.43671
      vertex 23.5227 1.4 7.50893
      vertex 23.6367 1.4 7.46172
    endloop
  endfacet
  facet normal 0 1 0
    outer loop
      vertex 22.8771 1.4 5.2908
      vertex 23.6367 1.4 7.46172
      vertex 23.7552 1.4 7.42757
    endloop
  endfacet
  facet normal 0 1 0
    outer loop
      vertex 23.2434 1.4 5.18524
      vertex 23.7552 1.4 7.42757
      vertex 23.8768 1.4 7.40691
    endloop
  endfacet
  facet normal 0 1 0
    outer loop
      vertex 22.9617 1.4 8.13669
      vertex 20.7908 1.4 7.37705
      vertex 20.6852 1.4 7.74343
    endloop
  endfacet
  facet normal 0 1 0
    outer loop
      vertex 23.6193 1.4 5.12138
      vertex 23.8768 1.4 7.40691
      vertex 24 1.4 7.39999
    endloop
  endfacet
  facet normal 0 1 -0
    outer loop
      vertex 25.8089 1.4 5.62114
      vertex 24.5852 1.4 7.56859
      vertex 26.1199 1.4 5.84177
    endloop
  endfacet
  facet normal 0 1 0
    outer loop
      vertex 24.5852 1.4 7.56859
      vertex 25.8089 1.4 5.62114
      vertex 24.4773 1.4 7.50893
    endloop
  endfacet
  facet normal 0 1 0
    outer loop
      vertex 23.0089 1.4 8.02272
      vertex 20.9367 1.4 7.02479
      vertex 20.7908 1.4 7.37705
    endloop
  endfacet
  facet normal 0 1 -0
    outer loop
      vertex 25.4752 1.4 5.43671
      vertex 24.4773 1.4 7.50893
      vertex 25.8089 1.4 5.62114
    endloop
  endfacet
  facet normal 0 1 0
    outer loop
      vertex 23.0686 1.4 7.91476
      vertex 21.1211 1.4 6.69109
      vertex 20.9367 1.4 7.02479
    endloop
  endfacet
  facet normal 0 1 0
    outer loop
      vertex 24.4773 1.4 7.50893
      vertex 25.4752 1.4 5.43671
      vertex 24.3633 1.4 7.46172
    endloop
  endfacet
  facet normal 0 1 0
    outer loop
      vertex 23.14 1.4 7.81415
      vertex 21.3418 1.4 6.38013
      vertex 21.1211 1.4 6.69109
    endloop
  endfacet
  facet normal 0 1 -0
    outer loop
      vertex 25.1229 1.4 5.2908
      vertex 24.3633 1.4 7.46172
      vertex 25.4752 1.4 5.43671
    endloop
  endfacet
  facet normal 0 1 0
    outer loop
      vertex 23.2222 1.4 7.72217
      vertex 21.5958 1.4 6.09584
      vertex 21.3418 1.4 6.38013
    endloop
  endfacet
  facet normal 0 1 0
    outer loop
      vertex 24.3633 1.4 7.46172
      vertex 25.1229 1.4 5.2908
      vertex 24.2448 1.4 7.42757
    endloop
  endfacet
  facet normal 0 1 0
    outer loop
      vertex 23.3141 1.4 7.63998
      vertex 21.8801 1.4 5.84177
      vertex 21.5958 1.4 6.09584
    endloop
  endfacet
  facet normal 0 1 -0
    outer loop
      vertex 24.7566 1.4 5.18524
      vertex 24.2448 1.4 7.42757
      vertex 25.1229 1.4 5.2908
    endloop
  endfacet
  facet normal 0 1 0
    outer loop
      vertex 23.4148 1.4 7.56859
      vertex 22.1911 1.4 5.62114
      vertex 21.8801 1.4 5.84177
    endloop
  endfacet
  facet normal 0 1 0
    outer loop
      vertex 24.2448 1.4 7.42757
      vertex 24.7566 1.4 5.18524
      vertex 24.1232 1.4 7.40691
    endloop
  endfacet
  facet normal 0 1 0
    outer loop
      vertex 23.5227 1.4 7.50893
      vertex 22.5248 1.4 5.43671
      vertex 22.1911 1.4 5.62114
    endloop
  endfacet
  facet normal 0 1 -0
    outer loop
      vertex 24.3807 1.4 5.12138
      vertex 24.1232 1.4 7.40691
      vertex 24.7566 1.4 5.18524
    endloop
  endfacet
  facet normal 0 1 0
    outer loop
      vertex 23.6367 1.4 7.46172
      vertex 22.8771 1.4 5.2908
      vertex 22.5248 1.4 5.43671
    endloop
  endfacet
  facet normal 0 1 0
    outer loop
      vertex 24.1232 1.4 7.40691
      vertex 24.3807 1.4 5.12138
      vertex 24 1.4 7.39999
    endloop
  endfacet
  facet normal 0 1 0
    outer loop
      vertex 23.7552 1.4 7.42757
      vertex 23.2434 1.4 5.18524
      vertex 22.8771 1.4 5.2908
    endloop
  endfacet
  facet normal 0 1 0
    outer loop
      vertex 24 1.4 5.1
      vertex 24 1.4 7.39999
      vertex 24.3807 1.4 5.12138
    endloop
  endfacet
  facet normal 0 1 0
    outer loop
      vertex 23.8768 1.4 7.40691
      vertex 23.6193 1.4 5.12138
      vertex 23.2434 1.4 5.18524
    endloop
  endfacet
  facet normal 0 1 0
    outer loop
      vertex 24 1.4 7.39999
      vertex 24 1.4 5.1
      vertex 23.6193 1.4 5.12138
    endloop
  endfacet
  facet normal -0.666352 0 0.745637
    outer loop
      vertex 26.1199 3 5.84177
      vertex 26.4042 1.4 6.09584
      vertex 26.4042 3 6.09584
    endloop
  endfacet
  facet normal -0.666352 0 0.745637
    outer loop
      vertex 26.4042 1.4 6.09584
      vertex 26.1199 3 5.84177
      vertex 26.1199 1.4 5.84177
    endloop
  endfacet
  facet normal 0.578608 0 0.815606
    outer loop
      vertex 21.8801 3 5.84177
      vertex 22.1911 1.4 5.62114
      vertex 22.1911 3 5.62114
    endloop
  endfacet
  facet normal 0.578608 0 0.815606
    outer loop
      vertex 22.1911 1.4 5.62114
      vertex 21.8801 3 5.84177
      vertex 21.8801 1.4 5.84177
    endloop
  endfacet
  facet normal 0.815484 -0 0.57878
    outer loop
      vertex 21.1211 1.4 6.69109
      vertex 21.3418 3 6.38013
      vertex 21.1211 3 6.69109
    endloop
  endfacet
  facet normal 0.815484 0 0.57878
    outer loop
      vertex 21.3418 3 6.38013
      vertex 21.1211 1.4 6.69109
      vertex 21.3418 1.4 6.38013
    endloop
  endfacet
  facet normal -0.0560714 0 0.998427
    outer loop
      vertex 24 3 5.1
      vertex 24.3807 1.4 5.12138
      vertex 24.3807 3 5.12138
    endloop
  endfacet
  facet normal -0.0560714 0 0.998427
    outer loop
      vertex 24.3807 1.4 5.12138
      vertex 24 3 5.1
      vertex 24 1.4 5.1
    endloop
  endfacet
  facet normal 0.167333 0 -0.9859
    outer loop
      vertex 23.2434 1.4 11.8148
      vertex 23.6193 3 11.8786
      vertex 23.6193 1.4 11.8786
    endloop
  endfacet
  facet normal 0.167333 0 -0.9859
    outer loop
      vertex 23.6193 3 11.8786
      vertex 23.2434 1.4 11.8148
      vertex 23.2434 3 11.8148
    endloop
  endfacet
  facet normal -0.666333 0 0.745654
    outer loop
      vertex 6.65466 31.2 5.17908
      vertex 6.74246 22.7 5.25754
      vertex 6.74246 31.2 5.25754
    endloop
  endfacet
  facet normal -0.666333 0 0.745654
    outer loop
      vertex 6.74246 22.7 5.25754
      vertex 6.65466 31.2 5.17908
      vertex 6.65466 22.7 5.17908
    endloop
  endfacet
  facet normal -0.985863 0 0.167552
    outer loop
      vertex 7.02367 22.5 5.76635
      vertex 7.0434 31.2 5.88244
      vertex 7.02367 31.2 5.76635
    endloop
  endfacet
  facet normal -0.985863 0 0.167552
    outer loop
      vertex 7.0434 31.2 5.88244
      vertex 7.02367 22.5 5.76635
      vertex 7.0434 22.5 5.88244
    endloop
  endfacet
  facet normal -0.998428 0 0.0560533
    outer loop
      vertex 7.0434 22.5 5.88244
      vertex 7.05 31.2 6
      vertex 7.0434 31.2 5.88244
    endloop
  endfacet
  facet normal -0.998428 0 0.0560533
    outer loop
      vertex 7.05 31.2 6
      vertex 7.0434 22.5 5.88244
      vertex 7.05 22.5 6
    endloop
  endfacet
  facet normal -0.815549 0 -0.578689
    outer loop
      vertex 6.88906 22.7 6.55863
      vertex 6.82092 31.2 6.65466
      vertex 6.88906 31.2 6.55863
    endloop
  endfacet
  facet normal -0.815549 -0 -0.578689
    outer loop
      vertex 6.82092 31.2 6.65466
      vertex 6.88906 22.7 6.55863
      vertex 6.82092 22.7 6.65466
    endloop
  endfacet
  facet normal 0.276796 0 0.960929
    outer loop
      vertex 5.65321 31.2 5.00892
      vertex 5.76635 22.7 4.97633
      vertex 5.76635 31.2 4.97633
    endloop
  endfacet
  facet normal 0.276796 0 0.960929
    outer loop
      vertex 5.76635 22.7 4.97633
      vertex 5.65321 31.2 5.00892
      vertex 5.65321 22.7 5.00892
    endloop
  endfacet
  facet normal 0.815549 0 -0.578689
    outer loop
      vertex 5.17908 22.7 6.65466
      vertex 5.11094 31.2 6.55863
      vertex 5.17908 31.2 6.65466
    endloop
  endfacet
  facet normal 0.815549 0 -0.578689
    outer loop
      vertex 5.11094 31.2 6.55863
      vertex 5.17908 22.7 6.65466
      vertex 5.11094 22.7 6.55863
    endloop
  endfacet
  facet normal -0.167552 0 -0.985863
    outer loop
      vertex 6.11756 22.7 7.0434
      vertex 6.23365 31.2 7.02367
      vertex 6.23365 22.7 7.02367
    endloop
  endfacet
  facet normal -0.167552 0 -0.985863
    outer loop
      vertex 6.23365 31.2 7.02367
      vertex 6.11756 22.7 7.0434
      vertex 6.11756 31.2 7.0434
    endloop
  endfacet
  facet normal -0.745654 0 0.666333
    outer loop
      vertex 6.74246 22.7 5.25754
      vertex 6.82092 31.2 5.34534
      vertex 6.74246 31.2 5.25754
    endloop
  endfacet
  facet normal -0.745654 0 0.666333
    outer loop
      vertex 6.82092 31.2 5.34534
      vertex 6.74246 22.7 5.25754
      vertex 6.82092 22.7 5.34534
    endloop
  endfacet
  facet normal -0.923886 0 -0.382667
    outer loop
      vertex 6.99108 22.7 6.34679
      vertex 6.94602 31.2 6.45558
      vertex 6.99108 31.2 6.34679
    endloop
  endfacet
  facet normal -0.923886 -0 -0.382667
    outer loop
      vertex 6.94602 31.2 6.45558
      vertex 6.99108 22.7 6.34679
      vertex 6.94602 22.7 6.45558
    endloop
  endfacet
  facet normal -0.985863 0 -0.167552
    outer loop
      vertex 7.0434 22.7 6.11756
      vertex 7.02367 31.2 6.23365
      vertex 7.0434 31.2 6.11756
    endloop
  endfacet
  facet normal -0.985863 -0 -0.167552
    outer loop
      vertex 7.02367 31.2 6.23365
      vertex 7.0434 22.7 6.11756
      vertex 7.02367 22.7 6.23365
    endloop
  endfacet
  facet normal -0.0560533 0 -0.998428
    outer loop
      vertex 6 22.7 7.05
      vertex 6.11756 31.2 7.0434
      vertex 6.11756 22.7 7.0434
    endloop
  endfacet
  facet normal -0.0560533 0 -0.998428
    outer loop
      vertex 6.11756 31.2 7.0434
      vertex 6 22.7 7.05
      vertex 6 31.2 7.05
    endloop
  endfacet
  facet normal -0.578689 0 0.815549
    outer loop
      vertex 6.55863 31.2 5.11094
      vertex 6.65466 22.7 5.17908
      vertex 6.65466 31.2 5.17908
    endloop
  endfacet
  facet normal -0.578689 0 0.815549
    outer loop
      vertex 6.65466 22.7 5.17908
      vertex 6.55863 31.2 5.11094
      vertex 6.55863 22.7 5.11094
    endloop
  endfacet
  facet normal 0.382667 0 -0.923886
    outer loop
      vertex 5.54442 22.7 6.94602
      vertex 5.65321 31.2 6.99108
      vertex 5.65321 22.7 6.99108
    endloop
  endfacet
  facet normal 0.382667 0 -0.923886
    outer loop
      vertex 5.65321 31.2 6.99108
      vertex 5.54442 22.7 6.94602
      vertex 5.54442 31.2 6.94602
    endloop
  endfacet
  facet normal 0.666333 0 0.745654
    outer loop
      vertex 5.25754 31.2 5.25754
      vertex 5.34534 22.7 5.17908
      vertex 5.34534 31.2 5.17908
    endloop
  endfacet
  facet normal 0.666333 0 0.745654
    outer loop
      vertex 5.34534 22.7 5.17908
      vertex 5.25754 31.2 5.25754
      vertex 5.25754 22.7 5.25754
    endloop
  endfacet
  facet normal -0.0560533 0 0.998428
    outer loop
      vertex 6 31.2 4.95
      vertex 6.11756 22.7 4.9566
      vertex 6.11756 31.2 4.9566
    endloop
  endfacet
  facet normal -0.0560533 0 0.998428
    outer loop
      vertex 6.11756 22.7 4.9566
      vertex 6 31.2 4.95
      vertex 6 22.7 4.95
    endloop
  endfacet
  facet normal 0.745654 -0 0.666333
    outer loop
      vertex 5.17908 22.7 5.34534
      vertex 5.25754 31.2 5.25754
      vertex 5.17908 31.2 5.34534
    endloop
  endfacet
  facet normal 0.745654 0 0.666333
    outer loop
      vertex 5.25754 31.2 5.25754
      vertex 5.17908 22.7 5.34534
      vertex 5.25754 22.7 5.25754
    endloop
  endfacet
  facet normal -0.276796 0 -0.960929
    outer loop
      vertex 6.23365 22.7 7.02367
      vertex 6.34679 31.2 6.99108
      vertex 6.34679 22.7 6.99108
    endloop
  endfacet
  facet normal -0.276796 0 -0.960929
    outer loop
      vertex 6.34679 31.2 6.99108
      vertex 6.23365 22.7 7.02367
      vertex 6.23365 31.2 7.02367
    endloop
  endfacet
  facet normal 0.745654 0 -0.666333
    outer loop
      vertex 5.25754 22.7 6.74246
      vertex 5.17908 31.2 6.65466
      vertex 5.25754 31.2 6.74246
    endloop
  endfacet
  facet normal 0.745654 0 -0.666333
    outer loop
      vertex 5.17908 31.2 6.65466
      vertex 5.25754 22.7 6.74246
      vertex 5.17908 22.7 6.65466
    endloop
  endfacet
  facet normal -0.875201 0 -0.48376
    outer loop
      vertex 6.94602 22.7 6.45558
      vertex 6.88906 31.2 6.55863
      vertex 6.94602 31.2 6.45558
    endloop
  endfacet
  facet normal -0.875201 -0 -0.48376
    outer loop
      vertex 6.88906 31.2 6.55863
      vertex 6.94602 22.7 6.45558
      vertex 6.88906 22.7 6.55863
    endloop
  endfacet
  facet normal 0.167552 0 0.985863
    outer loop
      vertex 5.76635 31.2 4.97633
      vertex 5.88244 22.7 4.9566
      vertex 5.88244 31.2 4.9566
    endloop
  endfacet
  facet normal 0.167552 0 0.985863
    outer loop
      vertex 5.88244 22.7 4.9566
      vertex 5.76635 31.2 4.97633
      vertex 5.76635 22.7 4.97633
    endloop
  endfacet
  facet normal 0.923886 -0 0.382667
    outer loop
      vertex 5.00892 22.7 5.65321
      vertex 5.05398 31.2 5.54442
      vertex 5.00892 31.2 5.65321
    endloop
  endfacet
  facet normal 0.923886 0 0.382667
    outer loop
      vertex 5.05398 31.2 5.54442
      vertex 5.00892 22.7 5.65321
      vertex 5.05398 22.7 5.54442
    endloop
  endfacet
  facet normal 0 1 0
    outer loop
      vertex 7.05 22.5 6
      vertex 7 22.5 6.1
      vertex 7.04438 22.5 6.1
    endloop
  endfacet
  facet normal 0 1 -0
    outer loop
      vertex 7.0434 22.5 5.88244
      vertex 7 22.5 6.1
      vertex 7.05 22.5 6
    endloop
  endfacet
  facet normal 0 1 -0
    outer loop
      vertex 7.02367 22.5 5.76635
      vertex 7 22.5 6.1
      vertex 7.0434 22.5 5.88244
    endloop
  endfacet
  facet normal 0 1 0
    outer loop
      vertex 7 22.5 6.1
      vertex 7.02367 22.5 5.76635
      vertex 7 22.5 5.68418
    endloop
  endfacet
  facet normal -0.815549 0 0.578689
    outer loop
      vertex 6.82092 22.7 5.34534
      vertex 6.88906 31.2 5.44137
      vertex 6.82092 31.2 5.34534
    endloop
  endfacet
  facet normal -0.815549 0 0.578689
    outer loop
      vertex 6.88906 31.2 5.44137
      vertex 6.82092 22.7 5.34534
      vertex 6.88906 22.7 5.44137
    endloop
  endfacet
  facet normal -0.745654 0 -0.666333
    outer loop
      vertex 6.82092 22.7 6.65466
      vertex 6.74246 31.2 6.74246
      vertex 6.82092 31.2 6.65466
    endloop
  endfacet
  facet normal -0.745654 -0 -0.666333
    outer loop
      vertex 6.74246 31.2 6.74246
      vertex 6.82092 22.7 6.65466
      vertex 6.74246 22.7 6.74246
    endloop
  endfacet
  facet normal -0.875201 0 0.48376
    outer loop
      vertex 6.88906 22.7 5.44137
      vertex 6.94602 31.2 5.54442
      vertex 6.88906 31.2 5.44137
    endloop
  endfacet
  facet normal -0.875201 0 0.48376
    outer loop
      vertex 6.94602 31.2 5.54442
      vertex 6.88906 22.7 5.44137
      vertex 6.94602 22.7 5.54442
    endloop
  endfacet
  facet normal -0.382667 0 0.923886
    outer loop
      vertex 6.34679 31.2 5.00892
      vertex 6.45558 22.7 5.05398
      vertex 6.45558 31.2 5.05398
    endloop
  endfacet
  facet normal -0.382667 0 0.923886
    outer loop
      vertex 6.45558 22.7 5.05398
      vertex 6.34679 31.2 5.00892
      vertex 6.34679 22.7 5.00892
    endloop
  endfacet
  facet normal 0.167552 0 -0.985863
    outer loop
      vertex 5.76635 22.7 7.02367
      vertex 5.88244 31.2 7.0434
      vertex 5.88244 22.7 7.0434
    endloop
  endfacet
  facet normal 0.167552 0 -0.985863
    outer loop
      vertex 5.88244 31.2 7.0434
      vertex 5.76635 22.7 7.02367
      vertex 5.76635 31.2 7.02367
    endloop
  endfacet
  facet normal 0.276796 0 -0.960929
    outer loop
      vertex 5.65321 22.7 6.99108
      vertex 5.76635 31.2 7.02367
      vertex 5.76635 22.7 7.02367
    endloop
  endfacet
  facet normal 0.276796 0 -0.960929
    outer loop
      vertex 5.76635 31.2 7.02367
      vertex 5.65321 22.7 6.99108
      vertex 5.65321 31.2 6.99108
    endloop
  endfacet
  facet normal 0.923886 0 -0.382667
    outer loop
      vertex 5.05398 22.7 6.45558
      vertex 5.00892 31.2 6.34679
      vertex 5.05398 31.2 6.45558
    endloop
  endfacet
  facet normal 0.923886 0 -0.382667
    outer loop
      vertex 5.00892 31.2 6.34679
      vertex 5.05398 22.7 6.45558
      vertex 5.00892 22.7 6.34679
    endloop
  endfacet
  facet normal 0.0560533 0 -0.998428
    outer loop
      vertex 5.88244 22.7 7.0434
      vertex 6 31.2 7.05
      vertex 6 22.7 7.05
    endloop
  endfacet
  facet normal 0.0560533 0 -0.998428
    outer loop
      vertex 6 31.2 7.05
      vertex 5.88244 22.7 7.0434
      vertex 5.88244 31.2 7.0434
    endloop
  endfacet
  facet normal 0.985863 -0 0.167552
    outer loop
      vertex 4.9566 22.7 5.88244
      vertex 4.97633 31.2 5.76635
      vertex 4.9566 31.2 5.88244
    endloop
  endfacet
  facet normal 0.985863 0 0.167552
    outer loop
      vertex 4.97633 31.2 5.76635
      vertex 4.9566 22.7 5.88244
      vertex 4.97633 22.7 5.76635
    endloop
  endfacet
  facet normal 0.382667 0 0.923886
    outer loop
      vertex 5.54442 31.2 5.05398
      vertex 5.65321 22.7 5.00892
      vertex 5.65321 31.2 5.00892
    endloop
  endfacet
  facet normal 0.382667 0 0.923886
    outer loop
      vertex 5.65321 22.7 5.00892
      vertex 5.54442 31.2 5.05398
      vertex 5.54442 22.7 5.05398
    endloop
  endfacet
  facet normal -0.48376 0 -0.875201
    outer loop
      vertex 6.45558 22.7 6.94602
      vertex 6.55863 31.2 6.88906
      vertex 6.55863 22.7 6.88906
    endloop
  endfacet
  facet normal -0.48376 0 -0.875201
    outer loop
      vertex 6.55863 31.2 6.88906
      vertex 6.45558 22.7 6.94602
      vertex 6.45558 31.2 6.94602
    endloop
  endfacet
  facet normal -0.923886 0 0.382667
    outer loop
      vertex 6.94602 22.7 5.54442
      vertex 6.99108 31.2 5.65321
      vertex 6.94602 31.2 5.54442
    endloop
  endfacet
  facet normal -0.923886 0 0.382667
    outer loop
      vertex 6.99108 31.2 5.65321
      vertex 6.94602 22.7 5.54442
      vertex 6.99108 22.7 5.65321
    endloop
  endfacet
  facet normal 0.0560533 0 0.998428
    outer loop
      vertex 5.88244 31.2 4.9566
      vertex 6 22.7 4.95
      vertex 6 31.2 4.95
    endloop
  endfacet
  facet normal 0.0560533 0 0.998428
    outer loop
      vertex 6 22.7 4.95
      vertex 5.88244 31.2 4.9566
      vertex 5.88244 22.7 4.9566
    endloop
  endfacet
  facet normal -0.960929 0 -0.276796
    outer loop
      vertex 7.02367 22.7 6.23365
      vertex 6.99108 31.2 6.34679
      vertex 7.02367 31.2 6.23365
    endloop
  endfacet
  facet normal -0.960929 -0 -0.276796
    outer loop
      vertex 6.99108 31.2 6.34679
      vertex 7.02367 22.7 6.23365
      vertex 6.99108 22.7 6.34679
    endloop
  endfacet
  facet normal -0.382667 0 -0.923886
    outer loop
      vertex 6.34679 22.7 6.99108
      vertex 6.45558 31.2 6.94602
      vertex 6.45558 22.7 6.94602
    endloop
  endfacet
  facet normal -0.382667 0 -0.923886
    outer loop
      vertex 6.45558 31.2 6.94602
      vertex 6.34679 22.7 6.99108
      vertex 6.34679 31.2 6.99108
    endloop
  endfacet
  facet normal -0.167552 0 0.985863
    outer loop
      vertex 6.11756 31.2 4.9566
      vertex 6.23365 22.7 4.97633
      vertex 6.23365 31.2 4.97633
    endloop
  endfacet
  facet normal -0.167552 0 0.985863
    outer loop
      vertex 6.23365 22.7 4.97633
      vertex 6.11756 31.2 4.9566
      vertex 6.11756 22.7 4.9566
    endloop
  endfacet
  facet normal 0.666333 0 -0.745654
    outer loop
      vertex 5.25754 22.7 6.74246
      vertex 5.34534 31.2 6.82092
      vertex 5.34534 22.7 6.82092
    endloop
  endfacet
  facet normal 0.666333 0 -0.745654
    outer loop
      vertex 5.34534 31.2 6.82092
      vertex 5.25754 22.7 6.74246
      vertex 5.25754 31.2 6.74246
    endloop
  endfacet
  facet normal 0.960929 -0 0.276796
    outer loop
      vertex 4.97633 22.7 5.76635
      vertex 5.00892 31.2 5.65321
      vertex 4.97633 31.2 5.76635
    endloop
  endfacet
  facet normal 0.960929 0 0.276796
    outer loop
      vertex 5.00892 31.2 5.65321
      vertex 4.97633 22.7 5.76635
      vertex 5.00892 22.7 5.65321
    endloop
  endfacet
  facet normal -0.578689 0 -0.815549
    outer loop
      vertex 6.55863 22.7 6.88906
      vertex 6.65466 31.2 6.82092
      vertex 6.65466 22.7 6.82092
    endloop
  endfacet
  facet normal -0.578689 0 -0.815549
    outer loop
      vertex 6.65466 31.2 6.82092
      vertex 6.55863 22.7 6.88906
      vertex 6.55863 31.2 6.88906
    endloop
  endfacet
  facet normal -0.48376 0 0.875201
    outer loop
      vertex 6.45558 31.2 5.05398
      vertex 6.55863 22.7 5.11094
      vertex 6.55863 31.2 5.11094
    endloop
  endfacet
  facet normal -0.48376 0 0.875201
    outer loop
      vertex 6.55863 22.7 5.11094
      vertex 6.45558 31.2 5.05398
      vertex 6.45558 22.7 5.05398
    endloop
  endfacet
  facet normal -0.276796 0 0.960929
    outer loop
      vertex 6.23365 31.2 4.97633
      vertex 6.34679 22.7 5.00892
      vertex 6.34679 31.2 5.00892
    endloop
  endfacet
  facet normal -0.276796 0 0.960929
    outer loop
      vertex 6.34679 22.7 5.00892
      vertex 6.23365 31.2 4.97633
      vertex 6.23365 22.7 4.97633
    endloop
  endfacet
  facet normal 0.875201 -0 0.48376
    outer loop
      vertex 5.05398 22.7 5.54442
      vertex 5.11094 31.2 5.44137
      vertex 5.05398 31.2 5.54442
    endloop
  endfacet
  facet normal 0.875201 0 0.48376
    outer loop
      vertex 5.11094 31.2 5.44137
      vertex 5.05398 22.7 5.54442
      vertex 5.11094 22.7 5.44137
    endloop
  endfacet
  facet normal -0.998428 6.86628e-07 -0.0560533
    outer loop
      vertex 7.05 31.2 6
      vertex 7.04438 22.7 6.1
      vertex 7.0434 31.2 6.11756
    endloop
  endfacet
  facet normal -0.998425 0 -0.0561115
    outer loop
      vertex 7.05 22.5 6
      vertex 7.04438 22.7 6.1
      vertex 7.05 31.2 6
    endloop
  endfacet
  facet normal -0.998425 -0 -0.0561115
    outer loop
      vertex 7.04438 22.7 6.1
      vertex 7.05 22.5 6
      vertex 7.04438 22.5 6.1
    endloop
  endfacet
  facet normal -0.998446 -0 -0.0557219
    outer loop
      vertex 7.0434 31.2 6.11756
      vertex 7.04438 22.7 6.1
      vertex 7.0434 22.7 6.11756
    endloop
  endfacet
  facet normal -0.960929 0 0.276796
    outer loop
      vertex 6.99108 22.7 5.65321
      vertex 7.02367 31.2 5.76635
      vertex 6.99108 31.2 5.65321
    endloop
  endfacet
  facet normal -0.960936 3.77811e-07 0.27677
    outer loop
      vertex 7 22.7 5.68418
      vertex 7.02367 31.2 5.76635
      vertex 6.99108 22.7 5.65321
    endloop
  endfacet
  facet normal -0.960926 0 0.276806
    outer loop
      vertex 7.02367 22.5 5.76635
      vertex 7 22.7 5.68418
      vertex 7 22.5 5.68418
    endloop
  endfacet
  facet normal -0.960926 0 0.276806
    outer loop
      vertex 7 22.7 5.68418
      vertex 7.02367 22.5 5.76635
      vertex 7.02367 31.2 5.76635
    endloop
  endfacet
  facet normal 0.815549 -0 0.578689
    outer loop
      vertex 5.11094 22.7 5.44137
      vertex 5.17908 31.2 5.34534
      vertex 5.11094 31.2 5.44137
    endloop
  endfacet
  facet normal 0.815549 0 0.578689
    outer loop
      vertex 5.17908 31.2 5.34534
      vertex 5.11094 22.7 5.44137
      vertex 5.17908 22.7 5.34534
    endloop
  endfacet
  facet normal 0.960929 0 -0.276796
    outer loop
      vertex 5.00892 22.7 6.34679
      vertex 4.97633 31.2 6.23365
      vertex 5.00892 31.2 6.34679
    endloop
  endfacet
  facet normal 0.960929 0 -0.276796
    outer loop
      vertex 4.97633 31.2 6.23365
      vertex 5.00892 22.7 6.34679
      vertex 4.97633 22.7 6.23365
    endloop
  endfacet
  facet normal 0.985863 0 -0.167552
    outer loop
      vertex 4.97633 22.7 6.23365
      vertex 4.9566 31.2 6.11756
      vertex 4.97633 31.2 6.23365
    endloop
  endfacet
  facet normal 0.985863 0 -0.167552
    outer loop
      vertex 4.9566 31.2 6.11756
      vertex 4.97633 22.7 6.23365
      vertex 4.9566 22.7 6.11756
    endloop
  endfacet
  facet normal 0.48376 0 -0.875201
    outer loop
      vertex 5.44137 22.7 6.88906
      vertex 5.54442 31.2 6.94602
      vertex 5.54442 22.7 6.94602
    endloop
  endfacet
  facet normal 0.48376 0 -0.875201
    outer loop
      vertex 5.54442 31.2 6.94602
      vertex 5.44137 22.7 6.88906
      vertex 5.44137 31.2 6.88906
    endloop
  endfacet
  facet normal 0.998428 0 -0.0560533
    outer loop
      vertex 4.9566 22.7 6.11756
      vertex 4.95 31.2 6
      vertex 4.9566 31.2 6.11756
    endloop
  endfacet
  facet normal 0.998428 0 -0.0560533
    outer loop
      vertex 4.95 31.2 6
      vertex 4.9566 22.7 6.11756
      vertex 4.95 22.7 6
    endloop
  endfacet
  facet normal 0.578689 0 0.815549
    outer loop
      vertex 5.34534 31.2 5.17908
      vertex 5.44137 22.7 5.11094
      vertex 5.44137 31.2 5.11094
    endloop
  endfacet
  facet normal 0.578689 0 0.815549
    outer loop
      vertex 5.44137 22.7 5.11094
      vertex 5.34534 31.2 5.17908
      vertex 5.34534 22.7 5.17908
    endloop
  endfacet
  facet normal 0.48376 0 0.875201
    outer loop
      vertex 5.44137 31.2 5.11094
      vertex 5.54442 22.7 5.05398
      vertex 5.54442 31.2 5.05398
    endloop
  endfacet
  facet normal 0.48376 0 0.875201
    outer loop
      vertex 5.54442 22.7 5.05398
      vertex 5.44137 31.2 5.11094
      vertex 5.44137 22.7 5.11094
    endloop
  endfacet
  facet normal 0.875201 0 -0.48376
    outer loop
      vertex 5.11094 22.7 6.55863
      vertex 5.05398 31.2 6.45558
      vertex 5.11094 31.2 6.55863
    endloop
  endfacet
  facet normal 0.875201 0 -0.48376
    outer loop
      vertex 5.05398 31.2 6.45558
      vertex 5.11094 22.7 6.55863
      vertex 5.05398 22.7 6.45558
    endloop
  endfacet
  facet normal 0.998428 -0 0.0560533
    outer loop
      vertex 4.95 22.7 6
      vertex 4.9566 31.2 5.88244
      vertex 4.95 31.2 6
    endloop
  endfacet
  facet normal 0.998428 0 0.0560533
    outer loop
      vertex 4.9566 31.2 5.88244
      vertex 4.95 22.7 6
      vertex 4.9566 22.7 5.88244
    endloop
  endfacet
  facet normal 0.578689 0 -0.815549
    outer loop
      vertex 5.34534 22.7 6.82092
      vertex 5.44137 31.2 6.88906
      vertex 5.44137 22.7 6.88906
    endloop
  endfacet
  facet normal 0.578689 0 -0.815549
    outer loop
      vertex 5.44137 31.2 6.88906
      vertex 5.34534 22.7 6.82092
      vertex 5.34534 31.2 6.82092
    endloop
  endfacet
  facet normal -0.666333 0 -0.745654
    outer loop
      vertex 6.65466 22.7 6.82092
      vertex 6.74246 31.2 6.74246
      vertex 6.74246 22.7 6.74246
    endloop
  endfacet
  facet normal -0.666333 0 -0.745654
    outer loop
      vertex 6.74246 31.2 6.74246
      vertex 6.65466 22.7 6.82092
      vertex 6.65466 31.2 6.82092
    endloop
  endfacet
  facet normal -0.66605 0 0.745908
    outer loop
      vertex 6.65466 31.2 37.1791
      vertex 6.74246 22.7 37.2575
      vertex 6.74246 31.2 37.2575
    endloop
  endfacet
  facet normal -0.66605 0 0.745908
    outer loop
      vertex 6.74246 22.7 37.2575
      vertex 6.65466 31.2 37.1791
      vertex 6.65466 22.7 37.1791
    endloop
  endfacet
  facet normal -0.985842 0 0.167678
    outer loop
      vertex 7.02367 22.7 37.7664
      vertex 7.0434 31.2 37.8824
      vertex 7.02367 31.2 37.7664
    endloop
  endfacet
  facet normal -0.985842 0 0.167678
    outer loop
      vertex 7.0434 31.2 37.8824
      vertex 7.02367 22.7 37.7664
      vertex 7.0434 22.7 37.8824
    endloop
  endfacet
  facet normal -0.998429 0 0.0560343
    outer loop
      vertex 7.0434 22.7 37.8824
      vertex 7.05 31.2 38
      vertex 7.0434 31.2 37.8824
    endloop
  endfacet
  facet normal -0.998429 0 0.0560343
    outer loop
      vertex 7.05 31.2 38
      vertex 7.0434 22.7 37.8824
      vertex 7.05 22.7 38
    endloop
  endfacet
  facet normal -0.815747 0 -0.578408
    outer loop
      vertex 6.88906 22.7 38.5586
      vertex 6.82092 31.2 38.6547
      vertex 6.88906 31.2 38.5586
    endloop
  endfacet
  facet normal -0.815747 -0 -0.578408
    outer loop
      vertex 6.82092 31.2 38.6547
      vertex 6.88906 22.7 38.5586
      vertex 6.82092 22.7 38.6547
    endloop
  endfacet
  facet normal -0.960968 0 0.27666
    outer loop
      vertex 6.99108 22.7 37.6532
      vertex 7.02367 31.2 37.7664
      vertex 6.99108 31.2 37.6532
    endloop
  endfacet
  facet normal -0.960968 0 0.27666
    outer loop
      vertex 7.02367 31.2 37.7664
      vertex 6.99108 22.7 37.6532
      vertex 7.02367 22.7 37.7664
    endloop
  endfacet
  facet normal 0.276874 0 0.960906
    outer loop
      vertex 5.65321 31.2 37.0089
      vertex 5.76635 22.7 36.9763
      vertex 5.76635 31.2 36.9763
    endloop
  endfacet
  facet normal 0.276874 0 0.960906
    outer loop
      vertex 5.76635 22.7 36.9763
      vertex 5.65321 31.2 37.0089
      vertex 5.65321 22.7 37.0089
    endloop
  endfacet
  facet normal 0.815747 0 -0.578408
    outer loop
      vertex 5.17908 22.7 38.6547
      vertex 5.11094 31.2 38.5586
      vertex 5.17908 31.2 38.6547
    endloop
  endfacet
  facet normal 0.815747 0 -0.578408
    outer loop
      vertex 5.11094 31.2 38.5586
      vertex 5.17908 22.7 38.6547
      vertex 5.11094 22.7 38.5586
    endloop
  endfacet
  facet normal -0.167304 0 -0.985905
    outer loop
      vertex 6.11756 22.7 39.0434
      vertex 6.23365 31.2 39.0237
      vertex 6.23365 22.7 39.0237
    endloop
  endfacet
  facet normal -0.167304 0 -0.985905
    outer loop
      vertex 6.23365 31.2 39.0237
      vertex 6.11756 22.7 39.0434
      vertex 6.11756 31.2 39.0434
    endloop
  endfacet
  facet normal -0.745654 0 0.666333
    outer loop
      vertex 6.74246 22.7 37.2575
      vertex 6.82092 31.2 37.3453
      vertex 6.74246 31.2 37.2575
    endloop
  endfacet
  facet normal -0.745654 0 0.666333
    outer loop
      vertex 6.82092 31.2 37.3453
      vertex 6.74246 22.7 37.2575
      vertex 6.82092 22.7 37.3453
    endloop
  endfacet
  facet normal -0.923899 0 -0.382637
    outer loop
      vertex 6.99108 22.7 38.3468
      vertex 6.94602 31.2 38.4556
      vertex 6.99108 31.2 38.3468
    endloop
  endfacet
  facet normal -0.923899 -0 -0.382637
    outer loop
      vertex 6.94602 31.2 38.4556
      vertex 6.99108 22.7 38.3468
      vertex 6.94602 22.7 38.4556
    endloop
  endfacet
  facet normal -0.985842 0 -0.167678
    outer loop
      vertex 7.0434 22.7 38.1176
      vertex 7.02367 31.2 38.2336
      vertex 7.0434 31.2 38.1176
    endloop
  endfacet
  facet normal -0.985842 -0 -0.167678
    outer loop
      vertex 7.02367 31.2 38.2336
      vertex 7.0434 22.7 38.1176
      vertex 7.02367 22.7 38.2336
    endloop
  endfacet
  facet normal -0.0560533 0 -0.998428
    outer loop
      vertex 6 22.7 39.05
      vertex 6.11756 31.2 39.0434
      vertex 6.11756 22.7 39.0434
    endloop
  endfacet
  facet normal -0.0560533 0 -0.998428
    outer loop
      vertex 6.11756 31.2 39.0434
      vertex 6 22.7 39.05
      vertex 6 31.2 39.05
    endloop
  endfacet
  facet normal -0.579027 0 0.815308
    outer loop
      vertex 6.55863 31.2 37.1109
      vertex 6.65466 22.7 37.1791
      vertex 6.65466 31.2 37.1791
    endloop
  endfacet
  facet normal -0.579027 0 0.815308
    outer loop
      vertex 6.65466 22.7 37.1791
      vertex 6.55863 31.2 37.1109
      vertex 6.55863 22.7 37.1109
    endloop
  endfacet
  facet normal 0.382957 0 -0.923766
    outer loop
      vertex 5.54442 22.7 38.946
      vertex 5.65321 31.2 38.9911
      vertex 5.65321 22.7 38.9911
    endloop
  endfacet
  facet normal 0.382957 0 -0.923766
    outer loop
      vertex 5.65321 31.2 38.9911
      vertex 5.54442 22.7 38.946
      vertex 5.54442 31.2 38.946
    endloop
  endfacet
  facet normal 0.66605 0 0.745908
    outer loop
      vertex 5.25754 31.2 37.2575
      vertex 5.34534 22.7 37.1791
      vertex 5.34534 31.2 37.1791
    endloop
  endfacet
  facet normal 0.66605 0 0.745908
    outer loop
      vertex 5.34534 22.7 37.1791
      vertex 5.25754 31.2 37.2575
      vertex 5.25754 22.7 37.2575
    endloop
  endfacet
  facet normal 0.745654 -0 0.666333
    outer loop
      vertex 5.17908 22.7 37.3453
      vertex 5.25754 31.2 37.2575
      vertex 5.17908 31.2 37.3453
    endloop
  endfacet
  facet normal 0.745654 0 0.666333
    outer loop
      vertex 5.25754 31.2 37.2575
      vertex 5.17908 22.7 37.3453
      vertex 5.25754 22.7 37.2575
    endloop
  endfacet
  facet normal -0.276874 0 -0.960906
    outer loop
      vertex 6.23365 22.7 39.0237
      vertex 6.34679 31.2 38.9911
      vertex 6.34679 22.7 38.9911
    endloop
  endfacet
  facet normal -0.276874 0 -0.960906
    outer loop
      vertex 6.34679 31.2 38.9911
      vertex 6.23365 22.7 39.0237
      vertex 6.23365 31.2 39.0237
    endloop
  endfacet
  facet normal 0.745654 0 -0.666333
    outer loop
      vertex 5.25754 22.7 38.7425
      vertex 5.17908 31.2 38.6547
      vertex 5.25754 31.2 38.7425
    endloop
  endfacet
  facet normal 0.745654 0 -0.666333
    outer loop
      vertex 5.17908 31.2 38.6547
      vertex 5.25754 22.7 38.7425
      vertex 5.17908 22.7 38.6547
    endloop
  endfacet
  facet normal -0.875101 0 -0.48394
    outer loop
      vertex 6.94602 22.7 38.4556
      vertex 6.88906 31.2 38.5586
      vertex 6.94602 31.2 38.4556
    endloop
  endfacet
  facet normal -0.875101 -0 -0.48394
    outer loop
      vertex 6.88906 31.2 38.5586
      vertex 6.94602 22.7 38.4556
      vertex 6.88906 22.7 38.5586
    endloop
  endfacet
  facet normal 0.167304 0 0.985905
    outer loop
      vertex 5.76635 31.2 36.9763
      vertex 5.88244 22.7 36.9566
      vertex 5.88244 31.2 36.9566
    endloop
  endfacet
  facet normal 0.167304 0 0.985905
    outer loop
      vertex 5.88244 22.7 36.9566
      vertex 5.76635 31.2 36.9763
      vertex 5.76635 22.7 36.9763
    endloop
  endfacet
  facet normal 0.923899 -0 0.382637
    outer loop
      vertex 5.00892 22.7 37.6532
      vertex 5.05398 31.2 37.5444
      vertex 5.00892 31.2 37.6532
    endloop
  endfacet
  facet normal 0.923899 0 0.382637
    outer loop
      vertex 5.05398 31.2 37.5444
      vertex 5.00892 22.7 37.6532
      vertex 5.05398 22.7 37.5444
    endloop
  endfacet
  facet normal -0.815747 0 0.578408
    outer loop
      vertex 6.82092 22.7 37.3453
      vertex 6.88906 31.2 37.4414
      vertex 6.82092 31.2 37.3453
    endloop
  endfacet
  facet normal -0.815747 0 0.578408
    outer loop
      vertex 6.88906 31.2 37.4414
      vertex 6.82092 22.7 37.3453
      vertex 6.88906 22.7 37.4414
    endloop
  endfacet
  facet normal -0.745654 0 -0.666333
    outer loop
      vertex 6.82092 22.7 38.6547
      vertex 6.74246 31.2 38.7425
      vertex 6.82092 31.2 38.6547
    endloop
  endfacet
  facet normal -0.745654 -0 -0.666333
    outer loop
      vertex 6.74246 31.2 38.7425
      vertex 6.82092 22.7 38.6547
      vertex 6.74246 22.7 38.7425
    endloop
  endfacet
  facet normal -0.875101 0 0.48394
    outer loop
      vertex 6.88906 22.7 37.4414
      vertex 6.94602 31.2 37.5444
      vertex 6.88906 31.2 37.4414
    endloop
  endfacet
  facet normal -0.875101 0 0.48394
    outer loop
      vertex 6.94602 31.2 37.5444
      vertex 6.88906 22.7 37.4414
      vertex 6.94602 22.7 37.5444
    endloop
  endfacet
  facet normal -0.382957 0 0.923766
    outer loop
      vertex 6.34679 31.2 37.0089
      vertex 6.45558 22.7 37.054
      vertex 6.45558 31.2 37.054
    endloop
  endfacet
  facet normal -0.382957 0 0.923766
    outer loop
      vertex 6.45558 22.7 37.054
      vertex 6.34679 31.2 37.0089
      vertex 6.34679 22.7 37.0089
    endloop
  endfacet
  facet normal 0.167304 0 -0.985905
    outer loop
      vertex 5.76635 22.7 39.0237
      vertex 5.88244 31.2 39.0434
      vertex 5.88244 22.7 39.0434
    endloop
  endfacet
  facet normal 0.167304 0 -0.985905
    outer loop
      vertex 5.88244 31.2 39.0434
      vertex 5.76635 22.7 39.0237
      vertex 5.76635 31.2 39.0237
    endloop
  endfacet
  facet normal 0.276874 0 -0.960906
    outer loop
      vertex 5.65321 22.7 38.9911
      vertex 5.76635 31.2 39.0237
      vertex 5.76635 22.7 39.0237
    endloop
  endfacet
  facet normal 0.276874 0 -0.960906
    outer loop
      vertex 5.76635 31.2 39.0237
      vertex 5.65321 22.7 38.9911
      vertex 5.65321 31.2 38.9911
    endloop
  endfacet
  facet normal 0.923899 0 -0.382637
    outer loop
      vertex 5.05398 22.7 38.4556
      vertex 5.00892 31.2 38.3468
      vertex 5.05398 31.2 38.4556
    endloop
  endfacet
  facet normal 0.923899 0 -0.382637
    outer loop
      vertex 5.00892 31.2 38.3468
      vertex 5.05398 22.7 38.4556
      vertex 5.00892 22.7 38.3468
    endloop
  endfacet
  facet normal 0.0560533 0 -0.998428
    outer loop
      vertex 5.88244 22.7 39.0434
      vertex 6 31.2 39.05
      vertex 6 22.7 39.05
    endloop
  endfacet
  facet normal 0.0560533 0 -0.998428
    outer loop
      vertex 6 31.2 39.05
      vertex 5.88244 22.7 39.0434
      vertex 5.88244 31.2 39.0434
    endloop
  endfacet
  facet normal 0.985842 -0 0.167678
    outer loop
      vertex 4.9566 22.7 37.8824
      vertex 4.97633 31.2 37.7664
      vertex 4.9566 31.2 37.8824
    endloop
  endfacet
  facet normal 0.985842 0 0.167678
    outer loop
      vertex 4.97633 31.2 37.7664
      vertex 4.9566 22.7 37.8824
      vertex 4.97633 22.7 37.7664
    endloop
  endfacet
  facet normal 0.382957 0 0.923766
    outer loop
      vertex 5.54442 31.2 37.054
      vertex 5.65321 22.7 37.0089
      vertex 5.65321 31.2 37.0089
    endloop
  endfacet
  facet normal 0.382957 0 0.923766
    outer loop
      vertex 5.65321 22.7 37.0089
      vertex 5.54442 31.2 37.054
      vertex 5.54442 22.7 37.054
    endloop
  endfacet
  facet normal -0.483369 0 -0.875417
    outer loop
      vertex 6.45558 22.7 38.946
      vertex 6.55863 31.2 38.8891
      vertex 6.55863 22.7 38.8891
    endloop
  endfacet
  facet normal -0.483369 0 -0.875417
    outer loop
      vertex 6.55863 31.2 38.8891
      vertex 6.45558 22.7 38.946
      vertex 6.45558 31.2 38.946
    endloop
  endfacet
  facet normal -0.923899 0 0.382637
    outer loop
      vertex 6.94602 22.7 37.5444
      vertex 6.99108 31.2 37.6532
      vertex 6.94602 31.2 37.5444
    endloop
  endfacet
  facet normal -0.923899 0 0.382637
    outer loop
      vertex 6.99108 31.2 37.6532
      vertex 6.94602 22.7 37.5444
      vertex 6.99108 22.7 37.6532
    endloop
  endfacet
  facet normal 0.0560533 0 0.998428
    outer loop
      vertex 5.88244 31.2 36.9566
      vertex 6 22.7 36.95
      vertex 6 31.2 36.95
    endloop
  endfacet
  facet normal 0.0560533 0 0.998428
    outer loop
      vertex 6 22.7 36.95
      vertex 5.88244 31.2 36.9566
      vertex 5.88244 22.7 36.9566
    endloop
  endfacet
  facet normal -0.960968 0 -0.27666
    outer loop
      vertex 7.02367 22.7 38.2336
      vertex 6.99108 31.2 38.3468
      vertex 7.02367 31.2 38.2336
    endloop
  endfacet
  facet normal -0.960968 -0 -0.27666
    outer loop
      vertex 6.99108 31.2 38.3468
      vertex 7.02367 22.7 38.2336
      vertex 6.99108 22.7 38.3468
    endloop
  endfacet
  facet normal -0.382957 0 -0.923766
    outer loop
      vertex 6.34679 22.7 38.9911
      vertex 6.45558 31.2 38.946
      vertex 6.45558 22.7 38.946
    endloop
  endfacet
  facet normal -0.382957 0 -0.923766
    outer loop
      vertex 6.45558 31.2 38.946
      vertex 6.34679 22.7 38.9911
      vertex 6.34679 31.2 38.9911
    endloop
  endfacet
  facet normal -0.167304 0 0.985905
    outer loop
      vertex 6.11756 31.2 36.9566
      vertex 6.23365 22.7 36.9763
      vertex 6.23365 31.2 36.9763
    endloop
  endfacet
  facet normal -0.167304 0 0.985905
    outer loop
      vertex 6.23365 22.7 36.9763
      vertex 6.11756 31.2 36.9566
      vertex 6.11756 22.7 36.9566
    endloop
  endfacet
  facet normal 0.66605 0 -0.745908
    outer loop
      vertex 5.25754 22.7 38.7425
      vertex 5.34534 31.2 38.8209
      vertex 5.34534 22.7 38.8209
    endloop
  endfacet
  facet normal 0.66605 0 -0.745908
    outer loop
      vertex 5.34534 31.2 38.8209
      vertex 5.25754 22.7 38.7425
      vertex 5.25754 31.2 38.7425
    endloop
  endfacet
  facet normal 0.960968 -0 0.27666
    outer loop
      vertex 4.97633 22.7 37.7664
      vertex 5.00892 31.2 37.6532
      vertex 4.97633 31.2 37.7664
    endloop
  endfacet
  facet normal 0.960968 0 0.27666
    outer loop
      vertex 5.00892 31.2 37.6532
      vertex 4.97633 22.7 37.7664
      vertex 5.00892 22.7 37.6532
    endloop
  endfacet
  facet normal -0.579027 0 -0.815308
    outer loop
      vertex 6.55863 22.7 38.8891
      vertex 6.65466 31.2 38.8209
      vertex 6.65466 22.7 38.8209
    endloop
  endfacet
  facet normal -0.579027 0 -0.815308
    outer loop
      vertex 6.65466 31.2 38.8209
      vertex 6.55863 22.7 38.8891
      vertex 6.55863 31.2 38.8891
    endloop
  endfacet
  facet normal -0.483369 0 0.875417
    outer loop
      vertex 6.45558 31.2 37.054
      vertex 6.55863 22.7 37.1109
      vertex 6.55863 31.2 37.1109
    endloop
  endfacet
  facet normal -0.483369 0 0.875417
    outer loop
      vertex 6.55863 22.7 37.1109
      vertex 6.45558 31.2 37.054
      vertex 6.45558 22.7 37.054
    endloop
  endfacet
  facet normal -0.276874 0 0.960906
    outer loop
      vertex 6.23365 31.2 36.9763
      vertex 6.34679 22.7 37.0089
      vertex 6.34679 31.2 37.0089
    endloop
  endfacet
  facet normal -0.276874 0 0.960906
    outer loop
      vertex 6.34679 22.7 37.0089
      vertex 6.23365 31.2 36.9763
      vertex 6.23365 22.7 36.9763
    endloop
  endfacet
  facet normal 0.875101 -0 0.48394
    outer loop
      vertex 5.05398 22.7 37.5444
      vertex 5.11094 31.2 37.4414
      vertex 5.05398 31.2 37.5444
    endloop
  endfacet
  facet normal 0.875101 0 0.48394
    outer loop
      vertex 5.11094 31.2 37.4414
      vertex 5.05398 22.7 37.5444
      vertex 5.11094 22.7 37.4414
    endloop
  endfacet
  facet normal -0.998429 0 -0.0560343
    outer loop
      vertex 7.05 22.7 38
      vertex 7.0434 31.2 38.1176
      vertex 7.05 31.2 38
    endloop
  endfacet
  facet normal -0.998429 -0 -0.0560343
    outer loop
      vertex 7.0434 31.2 38.1176
      vertex 7.05 22.7 38
      vertex 7.0434 22.7 38.1176
    endloop
  endfacet
  facet normal 0.815747 -0 0.578408
    outer loop
      vertex 5.11094 22.7 37.4414
      vertex 5.17908 31.2 37.3453
      vertex 5.11094 31.2 37.4414
    endloop
  endfacet
  facet normal 0.815747 0 0.578408
    outer loop
      vertex 5.17908 31.2 37.3453
      vertex 5.11094 22.7 37.4414
      vertex 5.17908 22.7 37.3453
    endloop
  endfacet
  facet normal 0.960968 0 -0.27666
    outer loop
      vertex 5.00892 22.7 38.3468
      vertex 4.97633 31.2 38.2336
      vertex 5.00892 31.2 38.3468
    endloop
  endfacet
  facet normal 0.960968 0 -0.27666
    outer loop
      vertex 4.97633 31.2 38.2336
      vertex 5.00892 22.7 38.3468
      vertex 4.97633 22.7 38.2336
    endloop
  endfacet
  facet normal -0.0560533 0 0.998428
    outer loop
      vertex 6 31.2 36.95
      vertex 6.11756 22.7 36.9566
      vertex 6.11756 31.2 36.9566
    endloop
  endfacet
  facet normal -0.0560533 0 0.998428
    outer loop
      vertex 6.11756 22.7 36.9566
      vertex 6 31.2 36.95
      vertex 6 22.7 36.95
    endloop
  endfacet
  facet normal 0.985842 0 -0.167678
    outer loop
      vertex 4.97633 22.7 38.2336
      vertex 4.9566 31.2 38.1176
      vertex 4.97633 31.2 38.2336
    endloop
  endfacet
  facet normal 0.985842 0 -0.167678
    outer loop
      vertex 4.9566 31.2 38.1176
      vertex 4.97633 22.7 38.2336
      vertex 4.9566 22.7 38.1176
    endloop
  endfacet
  facet normal 0.483369 0 -0.875417
    outer loop
      vertex 5.44137 22.7 38.8891
      vertex 5.54442 31.2 38.946
      vertex 5.54442 22.7 38.946
    endloop
  endfacet
  facet normal 0.483369 0 -0.875417
    outer loop
      vertex 5.54442 31.2 38.946
      vertex 5.44137 22.7 38.8891
      vertex 5.44137 31.2 38.8891
    endloop
  endfacet
  facet normal 0.998429 0 -0.0560343
    outer loop
      vertex 4.9566 22.7 38.1176
      vertex 4.95 31.2 38
      vertex 4.9566 31.2 38.1176
    endloop
  endfacet
  facet normal 0.998429 0 -0.0560343
    outer loop
      vertex 4.95 31.2 38
      vertex 4.9566 22.7 38.1176
      vertex 4.95 22.7 38
    endloop
  endfacet
  facet normal 0.579027 0 0.815308
    outer loop
      vertex 5.34534 31.2 37.1791
      vertex 5.44137 22.7 37.1109
      vertex 5.44137 31.2 37.1109
    endloop
  endfacet
  facet normal 0.579027 0 0.815308
    outer loop
      vertex 5.44137 22.7 37.1109
      vertex 5.34534 31.2 37.1791
      vertex 5.34534 22.7 37.1791
    endloop
  endfacet
  facet normal 0.483369 0 0.875417
    outer loop
      vertex 5.44137 31.2 37.1109
      vertex 5.54442 22.7 37.054
      vertex 5.54442 31.2 37.054
    endloop
  endfacet
  facet normal 0.483369 0 0.875417
    outer loop
      vertex 5.54442 22.7 37.054
      vertex 5.44137 31.2 37.1109
      vertex 5.44137 22.7 37.1109
    endloop
  endfacet
  facet normal 0.875101 0 -0.48394
    outer loop
      vertex 5.11094 22.7 38.5586
      vertex 5.05398 31.2 38.4556
      vertex 5.11094 31.2 38.5586
    endloop
  endfacet
  facet normal 0.875101 0 -0.48394
    outer loop
      vertex 5.05398 31.2 38.4556
      vertex 5.11094 22.7 38.5586
      vertex 5.05398 22.7 38.4556
    endloop
  endfacet
  facet normal 0.998429 -0 0.0560343
    outer loop
      vertex 4.95 22.7 38
      vertex 4.9566 31.2 37.8824
      vertex 4.95 31.2 38
    endloop
  endfacet
  facet normal 0.998429 0 0.0560343
    outer loop
      vertex 4.9566 31.2 37.8824
      vertex 4.95 22.7 38
      vertex 4.9566 22.7 37.8824
    endloop
  endfacet
  facet normal 0.579027 0 -0.815308
    outer loop
      vertex 5.34534 22.7 38.8209
      vertex 5.44137 31.2 38.8891
      vertex 5.44137 22.7 38.8891
    endloop
  endfacet
  facet normal 0.579027 0 -0.815308
    outer loop
      vertex 5.44137 31.2 38.8891
      vertex 5.34534 22.7 38.8209
      vertex 5.34534 31.2 38.8209
    endloop
  endfacet
  facet normal -0.66605 0 -0.745908
    outer loop
      vertex 6.65466 22.7 38.8209
      vertex 6.74246 31.2 38.7425
      vertex 6.74246 22.7 38.7425
    endloop
  endfacet
  facet normal -0.66605 0 -0.745908
    outer loop
      vertex 6.74246 31.2 38.7425
      vertex 6.65466 22.7 38.8209
      vertex 6.65466 31.2 38.8209
    endloop
  endfacet
  facet normal -0.666333 0 0.745654
    outer loop
      vertex 82.6547 31.2 5.17908
      vertex 82.7425 22.7 5.25754
      vertex 82.7425 31.2 5.25754
    endloop
  endfacet
  facet normal -0.666333 0 0.745654
    outer loop
      vertex 82.7425 22.7 5.25754
      vertex 82.6547 31.2 5.17908
      vertex 82.6547 22.7 5.17908
    endloop
  endfacet
  facet normal -0.985905 0 0.167304
    outer loop
      vertex 83.0237 22.7 5.76635
      vertex 83.0434 31.2 5.88244
      vertex 83.0237 31.2 5.76635
    endloop
  endfacet
  facet normal -0.985905 0 0.167304
    outer loop
      vertex 83.0434 31.2 5.88244
      vertex 83.0237 22.7 5.76635
      vertex 83.0434 22.7 5.88244
    endloop
  endfacet
  facet normal -0.998428 0 0.0560533
    outer loop
      vertex 83.0434 22.7 5.88244
      vertex 83.05 31.2 6
      vertex 83.0434 31.2 5.88244
    endloop
  endfacet
  facet normal -0.998428 0 0.0560533
    outer loop
      vertex 83.05 31.2 6
      vertex 83.0434 22.7 5.88244
      vertex 83.05 22.7 6
    endloop
  endfacet
  facet normal -0.815308 0 -0.579027
    outer loop
      vertex 82.8891 22.7 6.55863
      vertex 82.8209 31.2 6.65466
      vertex 82.8891 31.2 6.55863
    endloop
  endfacet
  facet normal -0.815308 -0 -0.579027
    outer loop
      vertex 82.8209 31.2 6.65466
      vertex 82.8891 22.7 6.55863
      vertex 82.8209 22.7 6.65466
    endloop
  endfacet
  facet normal -0.960906 0 0.276874
    outer loop
      vertex 82.9911 22.7 5.65321
      vertex 83.0237 31.2 5.76635
      vertex 82.9911 31.2 5.65321
    endloop
  endfacet
  facet normal -0.960906 0 0.276874
    outer loop
      vertex 83.0237 31.2 5.76635
      vertex 82.9911 22.7 5.65321
      vertex 83.0237 22.7 5.76635
    endloop
  endfacet
  facet normal 0.276886 0 0.960903
    outer loop
      vertex 81.6532 31.2 5.00892
      vertex 81.7663 22.7 4.97633
      vertex 81.7663 31.2 4.97633
    endloop
  endfacet
  facet normal 0.276886 0 0.960903
    outer loop
      vertex 81.7663 22.7 4.97633
      vertex 81.6532 31.2 5.00892
      vertex 81.6532 22.7 5.00892
    endloop
  endfacet
  facet normal 0.815308 0 -0.579027
    outer loop
      vertex 81.1791 22.7 6.65466
      vertex 81.1109 31.2 6.55863
      vertex 81.1791 31.2 6.65466
    endloop
  endfacet
  facet normal 0.815308 0 -0.579027
    outer loop
      vertex 81.1109 31.2 6.55863
      vertex 81.1791 22.7 6.65466
      vertex 81.1109 22.7 6.55863
    endloop
  endfacet
  facet normal -0.167678 0 -0.985842
    outer loop
      vertex 82.1176 22.7 7.0434
      vertex 82.2336 31.2 7.02367
      vertex 82.2336 22.7 7.02367
    endloop
  endfacet
  facet normal -0.167678 0 -0.985842
    outer loop
      vertex 82.2336 31.2 7.02367
      vertex 82.1176 22.7 7.0434
      vertex 82.1176 31.2 7.0434
    endloop
  endfacet
  facet normal -0.745908 0 0.66605
    outer loop
      vertex 82.7425 22.7 5.25754
      vertex 82.8209 31.2 5.34534
      vertex 82.7425 31.2 5.25754
    endloop
  endfacet
  facet normal -0.745908 0 0.66605
    outer loop
      vertex 82.8209 31.2 5.34534
      vertex 82.7425 22.7 5.25754
      vertex 82.8209 22.7 5.34534
    endloop
  endfacet
  facet normal -0.923766 0 -0.382957
    outer loop
      vertex 82.9911 22.7 6.34679
      vertex 82.946 31.2 6.45558
      vertex 82.9911 31.2 6.34679
    endloop
  endfacet
  facet normal -0.923766 -0 -0.382957
    outer loop
      vertex 82.946 31.2 6.45558
      vertex 82.9911 22.7 6.34679
      vertex 82.946 22.7 6.45558
    endloop
  endfacet
  facet normal -0.985905 0 -0.167304
    outer loop
      vertex 83.0434 22.7 6.11756
      vertex 83.0237 31.2 6.23365
      vertex 83.0434 31.2 6.11756
    endloop
  endfacet
  facet normal -0.985905 -0 -0.167304
    outer loop
      vertex 83.0237 31.2 6.23365
      vertex 83.0434 22.7 6.11756
      vertex 83.0237 22.7 6.23365
    endloop
  endfacet
  facet normal -0.0560343 0 -0.998429
    outer loop
      vertex 82 22.7 7.05
      vertex 82.1176 31.2 7.0434
      vertex 82.1176 22.7 7.0434
    endloop
  endfacet
  facet normal -0.0560343 0 -0.998429
    outer loop
      vertex 82.1176 31.2 7.0434
      vertex 82 22.7 7.05
      vertex 82 31.2 7.05
    endloop
  endfacet
  facet normal -0.578408 0 0.815747
    outer loop
      vertex 82.5586 31.2 5.11094
      vertex 82.6547 22.7 5.17908
      vertex 82.6547 31.2 5.17908
    endloop
  endfacet
  facet normal -0.578408 0 0.815747
    outer loop
      vertex 82.6547 22.7 5.17908
      vertex 82.5586 31.2 5.11094
      vertex 82.5586 22.7 5.11094
    endloop
  endfacet
  facet normal 0.382637 0 -0.923899
    outer loop
      vertex 81.5444 22.7 6.94602
      vertex 81.6532 31.2 6.99108
      vertex 81.6532 22.7 6.99108
    endloop
  endfacet
  facet normal 0.382637 0 -0.923899
    outer loop
      vertex 81.6532 31.2 6.99108
      vertex 81.5444 22.7 6.94602
      vertex 81.5444 31.2 6.94602
    endloop
  endfacet
  facet normal 0.666333 0 0.745654
    outer loop
      vertex 81.2575 31.2 5.25754
      vertex 81.3453 22.7 5.17908
      vertex 81.3453 31.2 5.17908
    endloop
  endfacet
  facet normal 0.666333 0 0.745654
    outer loop
      vertex 81.3453 22.7 5.17908
      vertex 81.2575 31.2 5.25754
      vertex 81.2575 22.7 5.25754
    endloop
  endfacet
  facet normal 0.745908 -0 0.66605
    outer loop
      vertex 81.1791 22.7 5.34534
      vertex 81.2575 31.2 5.25754
      vertex 81.1791 31.2 5.34534
    endloop
  endfacet
  facet normal 0.745908 0 0.66605
    outer loop
      vertex 81.2575 31.2 5.25754
      vertex 81.1791 22.7 5.34534
      vertex 81.2575 22.7 5.25754
    endloop
  endfacet
  facet normal -0.27666 0 -0.960968
    outer loop
      vertex 82.2336 22.7 7.02367
      vertex 82.3468 31.2 6.99108
      vertex 82.3468 22.7 6.99108
    endloop
  endfacet
  facet normal -0.27666 0 -0.960968
    outer loop
      vertex 82.3468 31.2 6.99108
      vertex 82.2336 22.7 7.02367
      vertex 82.2336 31.2 7.02367
    endloop
  endfacet
  facet normal 0.745908 0 -0.66605
    outer loop
      vertex 81.2575 22.7 6.74246
      vertex 81.1791 31.2 6.65466
      vertex 81.2575 31.2 6.74246
    endloop
  endfacet
  facet normal 0.745908 0 -0.66605
    outer loop
      vertex 81.1791 31.2 6.65466
      vertex 81.2575 22.7 6.74246
      vertex 81.1791 22.7 6.65466
    endloop
  endfacet
  facet normal -0.875417 0 -0.483369
    outer loop
      vertex 82.946 22.7 6.45558
      vertex 82.8891 31.2 6.55863
      vertex 82.946 31.2 6.45558
    endloop
  endfacet
  facet normal -0.875417 -0 -0.483369
    outer loop
      vertex 82.8891 31.2 6.55863
      vertex 82.946 22.7 6.45558
      vertex 82.8891 22.7 6.55863
    endloop
  endfacet
  facet normal 0.167538 0 0.985866
    outer loop
      vertex 81.7663 31.2 4.97633
      vertex 81.8824 22.7 4.9566
      vertex 81.8824 31.2 4.9566
    endloop
  endfacet
  facet normal 0.167538 0 0.985866
    outer loop
      vertex 81.8824 22.7 4.9566
      vertex 81.7663 31.2 4.97633
      vertex 81.7663 22.7 4.97633
    endloop
  endfacet
  facet normal 0.923766 -0 0.382957
    outer loop
      vertex 81.0089 22.7 5.65321
      vertex 81.054 31.2 5.54442
      vertex 81.0089 31.2 5.65321
    endloop
  endfacet
  facet normal 0.923766 0 0.382957
    outer loop
      vertex 81.054 31.2 5.54442
      vertex 81.0089 22.7 5.65321
      vertex 81.054 22.7 5.54442
    endloop
  endfacet
  facet normal -0.815308 0 0.579027
    outer loop
      vertex 82.8209 22.7 5.34534
      vertex 82.8891 31.2 5.44137
      vertex 82.8209 31.2 5.34534
    endloop
  endfacet
  facet normal -0.815308 0 0.579027
    outer loop
      vertex 82.8891 31.2 5.44137
      vertex 82.8209 22.7 5.34534
      vertex 82.8891 22.7 5.44137
    endloop
  endfacet
  facet normal -0.745908 0 -0.66605
    outer loop
      vertex 82.8209 22.7 6.65466
      vertex 82.7425 31.2 6.74246
      vertex 82.8209 31.2 6.65466
    endloop
  endfacet
  facet normal -0.745908 -0 -0.66605
    outer loop
      vertex 82.7425 31.2 6.74246
      vertex 82.8209 22.7 6.65466
      vertex 82.7425 22.7 6.74246
    endloop
  endfacet
  facet normal -0.875417 0 0.483369
    outer loop
      vertex 82.8891 22.7 5.44137
      vertex 82.946 31.2 5.54442
      vertex 82.8891 31.2 5.44137
    endloop
  endfacet
  facet normal -0.875417 0 0.483369
    outer loop
      vertex 82.946 31.2 5.54442
      vertex 82.8891 22.7 5.44137
      vertex 82.946 22.7 5.54442
    endloop
  endfacet
  facet normal -0.382637 0 0.923899
    outer loop
      vertex 82.3468 31.2 5.00892
      vertex 82.4556 22.7 5.05398
      vertex 82.4556 31.2 5.05398
    endloop
  endfacet
  facet normal -0.382637 0 0.923899
    outer loop
      vertex 82.4556 22.7 5.05398
      vertex 82.3468 31.2 5.00892
      vertex 82.3468 22.7 5.00892
    endloop
  endfacet
  facet normal 0.167538 0 -0.985866
    outer loop
      vertex 81.7663 22.7 7.02367
      vertex 81.8824 31.2 7.0434
      vertex 81.8824 22.7 7.0434
    endloop
  endfacet
  facet normal 0.167538 0 -0.985866
    outer loop
      vertex 81.8824 31.2 7.0434
      vertex 81.7663 22.7 7.02367
      vertex 81.7663 31.2 7.02367
    endloop
  endfacet
  facet normal 0.276886 0 -0.960903
    outer loop
      vertex 81.6532 22.7 6.99108
      vertex 81.7663 31.2 7.02367
      vertex 81.7663 22.7 7.02367
    endloop
  endfacet
  facet normal 0.276886 0 -0.960903
    outer loop
      vertex 81.7663 31.2 7.02367
      vertex 81.6532 22.7 6.99108
      vertex 81.6532 31.2 6.99108
    endloop
  endfacet
  facet normal 0.923766 0 -0.382957
    outer loop
      vertex 81.054 22.7 6.45558
      vertex 81.0089 31.2 6.34679
      vertex 81.054 31.2 6.45558
    endloop
  endfacet
  facet normal 0.923766 0 -0.382957
    outer loop
      vertex 81.0089 31.2 6.34679
      vertex 81.054 22.7 6.45558
      vertex 81.0089 22.7 6.34679
    endloop
  endfacet
  facet normal 0.0560343 0 -0.998429
    outer loop
      vertex 81.8824 22.7 7.0434
      vertex 82 31.2 7.05
      vertex 82 22.7 7.05
    endloop
  endfacet
  facet normal 0.0560343 0 -0.998429
    outer loop
      vertex 82 31.2 7.05
      vertex 81.8824 22.7 7.0434
      vertex 81.8824 31.2 7.0434
    endloop
  endfacet
  facet normal 0.985905 -0 0.167304
    outer loop
      vertex 80.9566 22.7 5.88244
      vertex 80.9763 31.2 5.76635
      vertex 80.9566 31.2 5.88244
    endloop
  endfacet
  facet normal 0.985905 0 0.167304
    outer loop
      vertex 80.9763 31.2 5.76635
      vertex 80.9566 22.7 5.88244
      vertex 80.9763 22.7 5.76635
    endloop
  endfacet
  facet normal 0.382637 0 0.923899
    outer loop
      vertex 81.5444 31.2 5.05398
      vertex 81.6532 22.7 5.00892
      vertex 81.6532 31.2 5.00892
    endloop
  endfacet
  facet normal 0.382637 0 0.923899
    outer loop
      vertex 81.6532 22.7 5.00892
      vertex 81.5444 31.2 5.05398
      vertex 81.5444 22.7 5.05398
    endloop
  endfacet
  facet normal -0.48394 0 -0.875101
    outer loop
      vertex 82.4556 22.7 6.94602
      vertex 82.5586 31.2 6.88906
      vertex 82.5586 22.7 6.88906
    endloop
  endfacet
  facet normal -0.48394 0 -0.875101
    outer loop
      vertex 82.5586 31.2 6.88906
      vertex 82.4556 22.7 6.94602
      vertex 82.4556 31.2 6.94602
    endloop
  endfacet
  facet normal -0.923766 0 0.382957
    outer loop
      vertex 82.946 22.7 5.54442
      vertex 82.9911 31.2 5.65321
      vertex 82.946 31.2 5.54442
    endloop
  endfacet
  facet normal -0.923766 0 0.382957
    outer loop
      vertex 82.9911 31.2 5.65321
      vertex 82.946 22.7 5.54442
      vertex 82.9911 22.7 5.65321
    endloop
  endfacet
  facet normal 0.0560343 0 0.998429
    outer loop
      vertex 81.8824 31.2 4.9566
      vertex 82 22.7 4.95
      vertex 82 31.2 4.95
    endloop
  endfacet
  facet normal 0.0560343 0 0.998429
    outer loop
      vertex 82 22.7 4.95
      vertex 81.8824 31.2 4.9566
      vertex 81.8824 22.7 4.9566
    endloop
  endfacet
  facet normal -0.382637 0 -0.923899
    outer loop
      vertex 82.3468 22.7 6.99108
      vertex 82.4556 31.2 6.94602
      vertex 82.4556 22.7 6.94602
    endloop
  endfacet
  facet normal -0.382637 0 -0.923899
    outer loop
      vertex 82.4556 31.2 6.94602
      vertex 82.3468 22.7 6.99108
      vertex 82.3468 31.2 6.99108
    endloop
  endfacet
  facet normal -0.167678 0 0.985842
    outer loop
      vertex 82.1176 31.2 4.9566
      vertex 82.2336 22.7 4.97633
      vertex 82.2336 31.2 4.97633
    endloop
  endfacet
  facet normal -0.167678 0 0.985842
    outer loop
      vertex 82.2336 22.7 4.97633
      vertex 82.1176 31.2 4.9566
      vertex 82.1176 22.7 4.9566
    endloop
  endfacet
  facet normal 0.666333 0 -0.745654
    outer loop
      vertex 81.2575 22.7 6.74246
      vertex 81.3453 31.2 6.82092
      vertex 81.3453 22.7 6.82092
    endloop
  endfacet
  facet normal 0.666333 0 -0.745654
    outer loop
      vertex 81.3453 31.2 6.82092
      vertex 81.2575 22.7 6.74246
      vertex 81.2575 31.2 6.74246
    endloop
  endfacet
  facet normal 0.960906 -0 0.276874
    outer loop
      vertex 80.9763 22.7 5.76635
      vertex 81.0089 31.2 5.65321
      vertex 80.9763 31.2 5.76635
    endloop
  endfacet
  facet normal 0.960906 0 0.276874
    outer loop
      vertex 81.0089 31.2 5.65321
      vertex 80.9763 22.7 5.76635
      vertex 81.0089 22.7 5.65321
    endloop
  endfacet
  facet normal -0.960906 0 -0.276874
    outer loop
      vertex 83.0237 22.7 6.23365
      vertex 82.9911 31.2 6.34679
      vertex 83.0237 31.2 6.23365
    endloop
  endfacet
  facet normal -0.960906 -0 -0.276874
    outer loop
      vertex 82.9911 31.2 6.34679
      vertex 83.0237 22.7 6.23365
      vertex 82.9911 22.7 6.34679
    endloop
  endfacet
  facet normal -0.578408 0 -0.815747
    outer loop
      vertex 82.5586 22.7 6.88906
      vertex 82.6547 31.2 6.82092
      vertex 82.6547 22.7 6.82092
    endloop
  endfacet
  facet normal -0.578408 0 -0.815747
    outer loop
      vertex 82.6547 31.2 6.82092
      vertex 82.5586 22.7 6.88906
      vertex 82.5586 31.2 6.88906
    endloop
  endfacet
  facet normal -0.48394 0 0.875101
    outer loop
      vertex 82.4556 31.2 5.05398
      vertex 82.5586 22.7 5.11094
      vertex 82.5586 31.2 5.11094
    endloop
  endfacet
  facet normal -0.48394 0 0.875101
    outer loop
      vertex 82.5586 22.7 5.11094
      vertex 82.4556 31.2 5.05398
      vertex 82.4556 22.7 5.05398
    endloop
  endfacet
  facet normal -0.27666 0 0.960968
    outer loop
      vertex 82.2336 31.2 4.97633
      vertex 82.3468 22.7 5.00892
      vertex 82.3468 31.2 5.00892
    endloop
  endfacet
  facet normal -0.27666 0 0.960968
    outer loop
      vertex 82.3468 22.7 5.00892
      vertex 82.2336 31.2 4.97633
      vertex 82.2336 22.7 4.97633
    endloop
  endfacet
  facet normal 0.875417 -0 0.483369
    outer loop
      vertex 81.054 22.7 5.54442
      vertex 81.1109 31.2 5.44137
      vertex 81.054 31.2 5.54442
    endloop
  endfacet
  facet normal 0.875417 0 0.483369
    outer loop
      vertex 81.1109 31.2 5.44137
      vertex 81.054 22.7 5.54442
      vertex 81.1109 22.7 5.44137
    endloop
  endfacet
  facet normal -0.998428 0 -0.0560533
    outer loop
      vertex 83.05 22.7 6
      vertex 83.0434 31.2 6.11756
      vertex 83.05 31.2 6
    endloop
  endfacet
  facet normal -0.998428 -0 -0.0560533
    outer loop
      vertex 83.0434 31.2 6.11756
      vertex 83.05 22.7 6
      vertex 83.0434 22.7 6.11756
    endloop
  endfacet
  facet normal 0.815308 -0 0.579027
    outer loop
      vertex 81.1109 22.7 5.44137
      vertex 81.1791 31.2 5.34534
      vertex 81.1109 31.2 5.44137
    endloop
  endfacet
  facet normal 0.815308 0 0.579027
    outer loop
      vertex 81.1791 31.2 5.34534
      vertex 81.1109 22.7 5.44137
      vertex 81.1791 22.7 5.34534
    endloop
  endfacet
  facet normal 0.960906 0 -0.276874
    outer loop
      vertex 81.0089 22.7 6.34679
      vertex 80.9763 31.2 6.23365
      vertex 81.0089 31.2 6.34679
    endloop
  endfacet
  facet normal 0.960906 0 -0.276874
    outer loop
      vertex 80.9763 31.2 6.23365
      vertex 81.0089 22.7 6.34679
      vertex 80.9763 22.7 6.23365
    endloop
  endfacet
  facet normal -0.0560343 0 0.998429
    outer loop
      vertex 82 31.2 4.95
      vertex 82.1176 22.7 4.9566
      vertex 82.1176 31.2 4.9566
    endloop
  endfacet
  facet normal -0.0560343 0 0.998429
    outer loop
      vertex 82.1176 22.7 4.9566
      vertex 82 31.2 4.95
      vertex 82 22.7 4.95
    endloop
  endfacet
  facet normal 0.985905 0 -0.167304
    outer loop
      vertex 80.9763 22.7 6.23365
      vertex 80.9566 31.2 6.11756
      vertex 80.9763 31.2 6.23365
    endloop
  endfacet
  facet normal 0.985905 0 -0.167304
    outer loop
      vertex 80.9566 31.2 6.11756
      vertex 80.9763 22.7 6.23365
      vertex 80.9566 22.7 6.11756
    endloop
  endfacet
  facet normal 0.48394 0 -0.875101
    outer loop
      vertex 81.4414 22.7 6.88906
      vertex 81.5444 31.2 6.94602
      vertex 81.5444 22.7 6.94602
    endloop
  endfacet
  facet normal 0.48394 0 -0.875101
    outer loop
      vertex 81.5444 31.2 6.94602
      vertex 81.4414 22.7 6.88906
      vertex 81.4414 31.2 6.88906
    endloop
  endfacet
  facet normal 0.875417 0 -0.483369
    outer loop
      vertex 81.1109 22.7 6.55863
      vertex 81.054 31.2 6.45558
      vertex 81.1109 31.2 6.55863
    endloop
  endfacet
  facet normal 0.875417 0 -0.483369
    outer loop
      vertex 81.054 31.2 6.45558
      vertex 81.1109 22.7 6.55863
      vertex 81.054 22.7 6.45558
    endloop
  endfacet
  facet normal 0.998428 0 -0.0560533
    outer loop
      vertex 80.9566 22.7 6.11756
      vertex 80.95 31.2 6
      vertex 80.9566 31.2 6.11756
    endloop
  endfacet
  facet normal 0.998428 0 -0.0560533
    outer loop
      vertex 80.95 31.2 6
      vertex 80.9566 22.7 6.11756
      vertex 80.95 22.7 6
    endloop
  endfacet
  facet normal 0.578408 0 0.815747
    outer loop
      vertex 81.3453 31.2 5.17908
      vertex 81.4414 22.7 5.11094
      vertex 81.4414 31.2 5.11094
    endloop
  endfacet
  facet normal 0.578408 0 0.815747
    outer loop
      vertex 81.4414 22.7 5.11094
      vertex 81.3453 31.2 5.17908
      vertex 81.3453 22.7 5.17908
    endloop
  endfacet
  facet normal 0.48394 0 0.875101
    outer loop
      vertex 81.4414 31.2 5.11094
      vertex 81.5444 22.7 5.05398
      vertex 81.5444 31.2 5.05398
    endloop
  endfacet
  facet normal 0.48394 0 0.875101
    outer loop
      vertex 81.5444 22.7 5.05398
      vertex 81.4414 31.2 5.11094
      vertex 81.4414 22.7 5.11094
    endloop
  endfacet
  facet normal 0.998428 -0 0.0560533
    outer loop
      vertex 80.95 22.7 6
      vertex 80.9566 31.2 5.88244
      vertex 80.95 31.2 6
    endloop
  endfacet
  facet normal 0.998428 0 0.0560533
    outer loop
      vertex 80.9566 31.2 5.88244
      vertex 80.95 22.7 6
      vertex 80.9566 22.7 5.88244
    endloop
  endfacet
  facet normal 0.578408 0 -0.815747
    outer loop
      vertex 81.3453 22.7 6.82092
      vertex 81.4414 31.2 6.88906
      vertex 81.4414 22.7 6.88906
    endloop
  endfacet
  facet normal 0.578408 0 -0.815747
    outer loop
      vertex 81.4414 31.2 6.88906
      vertex 81.3453 22.7 6.82092
      vertex 81.3453 31.2 6.82092
    endloop
  endfacet
  facet normal -0.666333 0 -0.745654
    outer loop
      vertex 82.6547 22.7 6.82092
      vertex 82.7425 31.2 6.74246
      vertex 82.7425 22.7 6.74246
    endloop
  endfacet
  facet normal -0.666333 0 -0.745654
    outer loop
      vertex 82.7425 31.2 6.74246
      vertex 82.6547 22.7 6.82092
      vertex 82.6547 31.2 6.82092
    endloop
  endfacet
  facet normal -0.66605 0 0.745908
    outer loop
      vertex 82.6547 31.2 37.1791
      vertex 82.7425 22.7 37.2575
      vertex 82.7425 31.2 37.2575
    endloop
  endfacet
  facet normal -0.66605 0 0.745908
    outer loop
      vertex 82.7425 22.7 37.2575
      vertex 82.6547 31.2 37.1791
      vertex 82.6547 22.7 37.1791
    endloop
  endfacet
  facet normal -0.985884 0 0.16743
    outer loop
      vertex 83.0237 22.7 37.7664
      vertex 83.0434 31.2 37.8824
      vertex 83.0237 31.2 37.7664
    endloop
  endfacet
  facet normal -0.985884 0 0.16743
    outer loop
      vertex 83.0434 31.2 37.8824
      vertex 83.0237 22.7 37.7664
      vertex 83.0434 22.7 37.8824
    endloop
  endfacet
  facet normal -0.998429 0 0.0560343
    outer loop
      vertex 83.0434 22.7 37.8824
      vertex 83.05 31.2 38
      vertex 83.0434 31.2 37.8824
    endloop
  endfacet
  facet normal -0.998429 0 0.0560343
    outer loop
      vertex 83.05 31.2 38
      vertex 83.0434 22.7 37.8824
      vertex 83.05 22.7 38
    endloop
  endfacet
  facet normal -0.815507 0 -0.578747
    outer loop
      vertex 82.8891 22.7 38.5586
      vertex 82.8209 31.2 38.6547
      vertex 82.8891 31.2 38.5586
    endloop
  endfacet
  facet normal -0.815507 -0 -0.578747
    outer loop
      vertex 82.8209 31.2 38.6547
      vertex 82.8891 22.7 38.5586
      vertex 82.8209 22.7 38.6547
    endloop
  endfacet
  facet normal -0.960945 0 0.276739
    outer loop
      vertex 82.9911 22.7 37.6532
      vertex 83.0237 31.2 37.7664
      vertex 82.9911 31.2 37.6532
    endloop
  endfacet
  facet normal -0.960945 0 0.276739
    outer loop
      vertex 83.0237 31.2 37.7664
      vertex 82.9911 22.7 37.6532
      vertex 83.0237 22.7 37.7664
    endloop
  endfacet
  facet normal 0.276965 0 0.96088
    outer loop
      vertex 81.6532 31.2 37.0089
      vertex 81.7663 22.7 36.9763
      vertex 81.7663 31.2 36.9763
    endloop
  endfacet
  facet normal 0.276965 0 0.96088
    outer loop
      vertex 81.7663 22.7 36.9763
      vertex 81.6532 31.2 37.0089
      vertex 81.6532 22.7 37.0089
    endloop
  endfacet
  facet normal 0.815507 0 -0.578747
    outer loop
      vertex 81.1791 22.7 38.6547
      vertex 81.1109 31.2 38.5586
      vertex 81.1791 31.2 38.6547
    endloop
  endfacet
  facet normal 0.815507 0 -0.578747
    outer loop
      vertex 81.1109 31.2 38.5586
      vertex 81.1791 22.7 38.6547
      vertex 81.1109 22.7 38.5586
    endloop
  endfacet
  facet normal -0.16743 0 -0.985884
    outer loop
      vertex 82.1176 22.7 39.0434
      vertex 82.2336 31.2 39.0237
      vertex 82.2336 22.7 39.0237
    endloop
  endfacet
  facet normal -0.16743 0 -0.985884
    outer loop
      vertex 82.2336 31.2 39.0237
      vertex 82.1176 22.7 39.0434
      vertex 82.1176 31.2 39.0434
    endloop
  endfacet
  facet normal -0.745908 0 0.66605
    outer loop
      vertex 82.7425 22.7 37.2575
      vertex 82.8209 31.2 37.3453
      vertex 82.7425 31.2 37.2575
    endloop
  endfacet
  facet normal -0.745908 0 0.66605
    outer loop
      vertex 82.8209 31.2 37.3453
      vertex 82.7425 22.7 37.2575
      vertex 82.8209 22.7 37.3453
    endloop
  endfacet
  facet normal -0.923779 0 -0.382927
    outer loop
      vertex 82.9911 22.7 38.3468
      vertex 82.946 31.2 38.4556
      vertex 82.9911 31.2 38.3468
    endloop
  endfacet
  facet normal -0.923779 -0 -0.382927
    outer loop
      vertex 82.946 31.2 38.4556
      vertex 82.9911 22.7 38.3468
      vertex 82.946 22.7 38.4556
    endloop
  endfacet
  facet normal -0.985884 0 -0.16743
    outer loop
      vertex 83.0434 22.7 38.1176
      vertex 83.0237 31.2 38.2336
      vertex 83.0434 31.2 38.1176
    endloop
  endfacet
  facet normal -0.985884 -0 -0.16743
    outer loop
      vertex 83.0237 31.2 38.2336
      vertex 83.0434 22.7 38.1176
      vertex 83.0237 22.7 38.2336
    endloop
  endfacet
  facet normal -0.0560343 0 -0.998429
    outer loop
      vertex 82 22.7 39.05
      vertex 82.1176 31.2 39.0434
      vertex 82.1176 22.7 39.0434
    endloop
  endfacet
  facet normal -0.0560343 0 -0.998429
    outer loop
      vertex 82.1176 31.2 39.0434
      vertex 82 22.7 39.05
      vertex 82 31.2 39.05
    endloop
  endfacet
  facet normal -0.578747 0 0.815507
    outer loop
      vertex 82.5586 31.2 37.1109
      vertex 82.6547 22.7 37.1791
      vertex 82.6547 31.2 37.1791
    endloop
  endfacet
  facet normal -0.578747 0 0.815507
    outer loop
      vertex 82.6547 22.7 37.1791
      vertex 82.5586 31.2 37.1109
      vertex 82.5586 22.7 37.1109
    endloop
  endfacet
  facet normal 0.382927 0 -0.923779
    outer loop
      vertex 81.5444 22.7 38.946
      vertex 81.6532 31.2 38.9911
      vertex 81.6532 22.7 38.9911
    endloop
  endfacet
  facet normal 0.382927 0 -0.923779
    outer loop
      vertex 81.6532 31.2 38.9911
      vertex 81.5444 22.7 38.946
      vertex 81.5444 31.2 38.946
    endloop
  endfacet
  facet normal 0.66605 0 0.745908
    outer loop
      vertex 81.2575 31.2 37.2575
      vertex 81.3453 22.7 37.1791
      vertex 81.3453 31.2 37.1791
    endloop
  endfacet
  facet normal 0.66605 0 0.745908
    outer loop
      vertex 81.3453 22.7 37.1791
      vertex 81.2575 31.2 37.2575
      vertex 81.2575 22.7 37.2575
    endloop
  endfacet
  facet normal -0.0560343 0 0.998429
    outer loop
      vertex 82 31.2 36.95
      vertex 82.1176 22.7 36.9566
      vertex 82.1176 31.2 36.9566
    endloop
  endfacet
  facet normal -0.0560343 0 0.998429
    outer loop
      vertex 82.1176 22.7 36.9566
      vertex 82 31.2 36.95
      vertex 82 22.7 36.95
    endloop
  endfacet
  facet normal 0.745908 -0 0.66605
    outer loop
      vertex 81.1791 22.7 37.3453
      vertex 81.2575 31.2 37.2575
      vertex 81.1791 31.2 37.3453
    endloop
  endfacet
  facet normal 0.745908 0 0.66605
    outer loop
      vertex 81.2575 31.2 37.2575
      vertex 81.1791 22.7 37.3453
      vertex 81.2575 22.7 37.2575
    endloop
  endfacet
  facet normal -0.276739 0 -0.960945
    outer loop
      vertex 82.2336 22.7 39.0237
      vertex 82.3468 31.2 38.9911
      vertex 82.3468 22.7 38.9911
    endloop
  endfacet
  facet normal -0.276739 0 -0.960945
    outer loop
      vertex 82.3468 31.2 38.9911
      vertex 82.2336 22.7 39.0237
      vertex 82.2336 31.2 39.0237
    endloop
  endfacet
  facet normal 0.745908 0 -0.66605
    outer loop
      vertex 81.2575 22.7 38.7425
      vertex 81.1791 31.2 38.6547
      vertex 81.2575 31.2 38.7425
    endloop
  endfacet
  facet normal 0.745908 0 -0.66605
    outer loop
      vertex 81.1791 31.2 38.6547
      vertex 81.2575 22.7 38.7425
      vertex 81.1791 22.7 38.6547
    endloop
  endfacet
  facet normal -0.875317 0 -0.483549
    outer loop
      vertex 82.946 22.7 38.4556
      vertex 82.8891 31.2 38.5586
      vertex 82.946 31.2 38.4556
    endloop
  endfacet
  facet normal -0.875317 -0 -0.483549
    outer loop
      vertex 82.8891 31.2 38.5586
      vertex 82.946 22.7 38.4556
      vertex 82.8891 22.7 38.5586
    endloop
  endfacet
  facet normal 0.16729 0 0.985908
    outer loop
      vertex 81.7663 31.2 36.9763
      vertex 81.8824 22.7 36.9566
      vertex 81.8824 31.2 36.9566
    endloop
  endfacet
  facet normal 0.16729 0 0.985908
    outer loop
      vertex 81.8824 22.7 36.9566
      vertex 81.7663 31.2 36.9763
      vertex 81.7663 22.7 36.9763
    endloop
  endfacet
  facet normal 0.923779 -0 0.382927
    outer loop
      vertex 81.0089 22.7 37.6532
      vertex 81.054 31.2 37.5444
      vertex 81.0089 31.2 37.6532
    endloop
  endfacet
  facet normal 0.923779 0 0.382927
    outer loop
      vertex 81.054 31.2 37.5444
      vertex 81.0089 22.7 37.6532
      vertex 81.054 22.7 37.5444
    endloop
  endfacet
  facet normal -0.815507 0 0.578747
    outer loop
      vertex 82.8209 22.7 37.3453
      vertex 82.8891 31.2 37.4414
      vertex 82.8209 31.2 37.3453
    endloop
  endfacet
  facet normal -0.815507 0 0.578747
    outer loop
      vertex 82.8891 31.2 37.4414
      vertex 82.8209 22.7 37.3453
      vertex 82.8891 22.7 37.4414
    endloop
  endfacet
  facet normal -0.745908 0 -0.66605
    outer loop
      vertex 82.8209 22.7 38.6547
      vertex 82.7425 31.2 38.7425
      vertex 82.8209 31.2 38.6547
    endloop
  endfacet
  facet normal -0.745908 -0 -0.66605
    outer loop
      vertex 82.7425 31.2 38.7425
      vertex 82.8209 22.7 38.6547
      vertex 82.7425 22.7 38.7425
    endloop
  endfacet
  facet normal -0.875317 0 0.483549
    outer loop
      vertex 82.8891 22.7 37.4414
      vertex 82.946 31.2 37.5444
      vertex 82.8891 31.2 37.4414
    endloop
  endfacet
  facet normal -0.875317 0 0.483549
    outer loop
      vertex 82.946 31.2 37.5444
      vertex 82.8891 22.7 37.4414
      vertex 82.946 22.7 37.5444
    endloop
  endfacet
  facet normal -0.382927 0 0.923779
    outer loop
      vertex 82.3468 31.2 37.0089
      vertex 82.4556 22.7 37.054
      vertex 82.4556 31.2 37.054
    endloop
  endfacet
  facet normal -0.382927 0 0.923779
    outer loop
      vertex 82.4556 22.7 37.054
      vertex 82.3468 31.2 37.0089
      vertex 82.3468 22.7 37.0089
    endloop
  endfacet
  facet normal 0.16729 0 -0.985908
    outer loop
      vertex 81.7663 22.7 39.0237
      vertex 81.8824 31.2 39.0434
      vertex 81.8824 22.7 39.0434
    endloop
  endfacet
  facet normal 0.16729 0 -0.985908
    outer loop
      vertex 81.8824 31.2 39.0434
      vertex 81.7663 22.7 39.0237
      vertex 81.7663 31.2 39.0237
    endloop
  endfacet
  facet normal 0.276965 0 -0.96088
    outer loop
      vertex 81.6532 22.7 38.9911
      vertex 81.7663 31.2 39.0237
      vertex 81.7663 22.7 39.0237
    endloop
  endfacet
  facet normal 0.276965 0 -0.96088
    outer loop
      vertex 81.7663 31.2 39.0237
      vertex 81.6532 22.7 38.9911
      vertex 81.6532 31.2 38.9911
    endloop
  endfacet
  facet normal 0.923779 0 -0.382927
    outer loop
      vertex 81.054 22.7 38.4556
      vertex 81.0089 31.2 38.3468
      vertex 81.054 31.2 38.4556
    endloop
  endfacet
  facet normal 0.923779 0 -0.382927
    outer loop
      vertex 81.0089 31.2 38.3468
      vertex 81.054 22.7 38.4556
      vertex 81.0089 22.7 38.3468
    endloop
  endfacet
  facet normal 0.0560343 0 -0.998429
    outer loop
      vertex 81.8824 22.7 39.0434
      vertex 82 31.2 39.05
      vertex 82 22.7 39.05
    endloop
  endfacet
  facet normal 0.0560343 0 -0.998429
    outer loop
      vertex 82 31.2 39.05
      vertex 81.8824 22.7 39.0434
      vertex 81.8824 31.2 39.0434
    endloop
  endfacet
  facet normal 0.985884 -0 0.16743
    outer loop
      vertex 80.9566 22.7 37.8824
      vertex 80.9763 31.2 37.7664
      vertex 80.9566 31.2 37.8824
    endloop
  endfacet
  facet normal 0.985884 0 0.16743
    outer loop
      vertex 80.9763 31.2 37.7664
      vertex 80.9566 22.7 37.8824
      vertex 80.9763 22.7 37.7664
    endloop
  endfacet
  facet normal 0.382927 0 0.923779
    outer loop
      vertex 81.5444 31.2 37.054
      vertex 81.6532 22.7 37.0089
      vertex 81.6532 31.2 37.0089
    endloop
  endfacet
  facet normal 0.382927 0 0.923779
    outer loop
      vertex 81.6532 22.7 37.0089
      vertex 81.5444 31.2 37.054
      vertex 81.5444 22.7 37.054
    endloop
  endfacet
  facet normal -0.483549 0 -0.875317
    outer loop
      vertex 82.4556 22.7 38.946
      vertex 82.5586 31.2 38.8891
      vertex 82.5586 22.7 38.8891
    endloop
  endfacet
  facet normal -0.483549 0 -0.875317
    outer loop
      vertex 82.5586 31.2 38.8891
      vertex 82.4556 22.7 38.946
      vertex 82.4556 31.2 38.946
    endloop
  endfacet
  facet normal -0.923779 0 0.382927
    outer loop
      vertex 82.946 22.7 37.5444
      vertex 82.9911 31.2 37.6532
      vertex 82.946 31.2 37.5444
    endloop
  endfacet
  facet normal -0.923779 0 0.382927
    outer loop
      vertex 82.9911 31.2 37.6532
      vertex 82.946 22.7 37.5444
      vertex 82.9911 22.7 37.6532
    endloop
  endfacet
  facet normal 0.0560343 0 0.998429
    outer loop
      vertex 81.8824 31.2 36.9566
      vertex 82 22.7 36.95
      vertex 82 31.2 36.95
    endloop
  endfacet
  facet normal 0.0560343 0 0.998429
    outer loop
      vertex 82 22.7 36.95
      vertex 81.8824 31.2 36.9566
      vertex 81.8824 22.7 36.9566
    endloop
  endfacet
  facet normal -0.382927 0 -0.923779
    outer loop
      vertex 82.3468 22.7 38.9911
      vertex 82.4556 31.2 38.946
      vertex 82.4556 22.7 38.946
    endloop
  endfacet
  facet normal -0.382927 0 -0.923779
    outer loop
      vertex 82.4556 31.2 38.946
      vertex 82.3468 22.7 38.9911
      vertex 82.3468 31.2 38.9911
    endloop
  endfacet
  facet normal -0.16743 0 0.985884
    outer loop
      vertex 82.1176 31.2 36.9566
      vertex 82.2336 22.7 36.9763
      vertex 82.2336 31.2 36.9763
    endloop
  endfacet
  facet normal -0.16743 0 0.985884
    outer loop
      vertex 82.2336 22.7 36.9763
      vertex 82.1176 31.2 36.9566
      vertex 82.1176 22.7 36.9566
    endloop
  endfacet
  facet normal 0.66605 0 -0.745908
    outer loop
      vertex 81.2575 22.7 38.7425
      vertex 81.3453 31.2 38.8209
      vertex 81.3453 22.7 38.8209
    endloop
  endfacet
  facet normal 0.66605 0 -0.745908
    outer loop
      vertex 81.3453 31.2 38.8209
      vertex 81.2575 22.7 38.7425
      vertex 81.2575 31.2 38.7425
    endloop
  endfacet
  facet normal 0.960945 -0 0.276739
    outer loop
      vertex 80.9763 22.7 37.7664
      vertex 81.0089 31.2 37.6532
      vertex 80.9763 31.2 37.7664
    endloop
  endfacet
  facet normal 0.960945 0 0.276739
    outer loop
      vertex 81.0089 31.2 37.6532
      vertex 80.9763 22.7 37.7664
      vertex 81.0089 22.7 37.6532
    endloop
  endfacet
  facet normal -0.960945 0 -0.276739
    outer loop
      vertex 83.0237 22.7 38.2336
      vertex 82.9911 31.2 38.3468
      vertex 83.0237 31.2 38.2336
    endloop
  endfacet
  facet normal -0.960945 -0 -0.276739
    outer loop
      vertex 82.9911 31.2 38.3468
      vertex 83.0237 22.7 38.2336
      vertex 82.9911 22.7 38.3468
    endloop
  endfacet
  facet normal -0.578747 0 -0.815507
    outer loop
      vertex 82.5586 22.7 38.8891
      vertex 82.6547 31.2 38.8209
      vertex 82.6547 22.7 38.8209
    endloop
  endfacet
  facet normal -0.578747 0 -0.815507
    outer loop
      vertex 82.6547 31.2 38.8209
      vertex 82.5586 22.7 38.8891
      vertex 82.5586 31.2 38.8891
    endloop
  endfacet
  facet normal -0.483549 0 0.875317
    outer loop
      vertex 82.4556 31.2 37.054
      vertex 82.5586 22.7 37.1109
      vertex 82.5586 31.2 37.1109
    endloop
  endfacet
  facet normal -0.483549 0 0.875317
    outer loop
      vertex 82.5586 22.7 37.1109
      vertex 82.4556 31.2 37.054
      vertex 82.4556 22.7 37.054
    endloop
  endfacet
  facet normal -0.276739 0 0.960945
    outer loop
      vertex 82.2336 31.2 36.9763
      vertex 82.3468 22.7 37.0089
      vertex 82.3468 31.2 37.0089
    endloop
  endfacet
  facet normal -0.276739 0 0.960945
    outer loop
      vertex 82.3468 22.7 37.0089
      vertex 82.2336 31.2 36.9763
      vertex 82.2336 22.7 36.9763
    endloop
  endfacet
  facet normal 0.875317 -0 0.483549
    outer loop
      vertex 81.054 22.7 37.5444
      vertex 81.1109 31.2 37.4414
      vertex 81.054 31.2 37.5444
    endloop
  endfacet
  facet normal 0.875317 0 0.483549
    outer loop
      vertex 81.1109 31.2 37.4414
      vertex 81.054 22.7 37.5444
      vertex 81.1109 22.7 37.4414
    endloop
  endfacet
  facet normal -0.998429 0 -0.0560343
    outer loop
      vertex 83.05 22.7 38
      vertex 83.0434 31.2 38.1176
      vertex 83.05 31.2 38
    endloop
  endfacet
  facet normal -0.998429 -0 -0.0560343
    outer loop
      vertex 83.0434 31.2 38.1176
      vertex 83.05 22.7 38
      vertex 83.0434 22.7 38.1176
    endloop
  endfacet
  facet normal 0.815507 -0 0.578747
    outer loop
      vertex 81.1109 22.7 37.4414
      vertex 81.1791 31.2 37.3453
      vertex 81.1109 31.2 37.4414
    endloop
  endfacet
  facet normal 0.815507 0 0.578747
    outer loop
      vertex 81.1791 31.2 37.3453
      vertex 81.1109 22.7 37.4414
      vertex 81.1791 22.7 37.3453
    endloop
  endfacet
  facet normal 0.960945 0 -0.276739
    outer loop
      vertex 81.0089 22.7 38.3468
      vertex 80.9763 31.2 38.2336
      vertex 81.0089 31.2 38.3468
    endloop
  endfacet
  facet normal 0.960945 0 -0.276739
    outer loop
      vertex 80.9763 31.2 38.2336
      vertex 81.0089 22.7 38.3468
      vertex 80.9763 22.7 38.2336
    endloop
  endfacet
  facet normal 0.985884 0 -0.16743
    outer loop
      vertex 80.9763 22.7 38.2336
      vertex 80.9566 31.2 38.1176
      vertex 80.9763 31.2 38.2336
    endloop
  endfacet
  facet normal 0.985884 0 -0.16743
    outer loop
      vertex 80.9566 31.2 38.1176
      vertex 80.9763 22.7 38.2336
      vertex 80.9566 22.7 38.1176
    endloop
  endfacet
  facet normal 0.483549 0 -0.875317
    outer loop
      vertex 81.4414 22.7 38.8891
      vertex 81.5444 31.2 38.946
      vertex 81.5444 22.7 38.946
    endloop
  endfacet
  facet normal 0.483549 0 -0.875317
    outer loop
      vertex 81.5444 31.2 38.946
      vertex 81.4414 22.7 38.8891
      vertex 81.4414 31.2 38.8891
    endloop
  endfacet
  facet normal 0.875317 0 -0.483549
    outer loop
      vertex 81.1109 22.7 38.5586
      vertex 81.054 31.2 38.4556
      vertex 81.1109 31.2 38.5586
    endloop
  endfacet
  facet normal 0.875317 0 -0.483549
    outer loop
      vertex 81.054 31.2 38.4556
      vertex 81.1109 22.7 38.5586
      vertex 81.054 22.7 38.4556
    endloop
  endfacet
  facet normal 0.998429 0 -0.0560343
    outer loop
      vertex 80.9566 22.7 38.1176
      vertex 80.95 31.2 38
      vertex 80.9566 31.2 38.1176
    endloop
  endfacet
  facet normal 0.998429 0 -0.0560343
    outer loop
      vertex 80.95 31.2 38
      vertex 80.9566 22.7 38.1176
      vertex 80.95 22.7 38
    endloop
  endfacet
  facet normal 0.578747 0 0.815507
    outer loop
      vertex 81.3453 31.2 37.1791
      vertex 81.4414 22.7 37.1109
      vertex 81.4414 31.2 37.1109
    endloop
  endfacet
  facet normal 0.578747 0 0.815507
    outer loop
      vertex 81.4414 22.7 37.1109
      vertex 81.3453 31.2 37.1791
      vertex 81.3453 22.7 37.1791
    endloop
  endfacet
  facet normal 0.483549 0 0.875317
    outer loop
      vertex 81.4414 31.2 37.1109
      vertex 81.5444 22.7 37.054
      vertex 81.5444 31.2 37.054
    endloop
  endfacet
  facet normal 0.483549 0 0.875317
    outer loop
      vertex 81.5444 22.7 37.054
      vertex 81.4414 31.2 37.1109
      vertex 81.4414 22.7 37.1109
    endloop
  endfacet
  facet normal 0.998429 -0 0.0560343
    outer loop
      vertex 80.95 22.7 38
      vertex 80.9566 31.2 37.8824
      vertex 80.95 31.2 38
    endloop
  endfacet
  facet normal 0.998429 0 0.0560343
    outer loop
      vertex 80.9566 31.2 37.8824
      vertex 80.95 22.7 38
      vertex 80.9566 22.7 37.8824
    endloop
  endfacet
  facet normal 0.578747 0 -0.815507
    outer loop
      vertex 81.3453 22.7 38.8209
      vertex 81.4414 31.2 38.8891
      vertex 81.4414 22.7 38.8891
    endloop
  endfacet
  facet normal 0.578747 0 -0.815507
    outer loop
      vertex 81.4414 31.2 38.8891
      vertex 81.3453 22.7 38.8209
      vertex 81.3453 31.2 38.8209
    endloop
  endfacet
  facet normal -0.66605 0 -0.745908
    outer loop
      vertex 82.6547 22.7 38.8209
      vertex 82.7425 31.2 38.7425
      vertex 82.7425 22.7 38.7425
    endloop
  endfacet
  facet normal -0.66605 0 -0.745908
    outer loop
      vertex 82.7425 31.2 38.7425
      vertex 82.6547 22.7 38.8209
      vertex 82.6547 31.2 38.8209
    endloop
  endfacet
  facet normal -0.16729 0 0.985908
    outer loop
      vertex 34.4903 3 20.0107
      vertex 34.6783 0 20.0426
      vertex 34.6783 3 20.0426
    endloop
  endfacet
  facet normal -0.16729 0 0.985908
    outer loop
      vertex 34.6783 0 20.0426
      vertex 34.4903 3 20.0107
      vertex 34.4903 0 20.0107
    endloop
  endfacet
  facet normal -0.276937 0 0.960888
    outer loop
      vertex 34.6783 3 20.0426
      vertex 34.8615 0 20.0954
      vertex 34.8615 3 20.0954
    endloop
  endfacet
  facet normal -0.276937 0 0.960888
    outer loop
      vertex 34.8615 0 20.0954
      vertex 34.6783 3 20.0426
      vertex 34.6783 0 20.0426
    endloop
  endfacet
  facet normal -0.382939 0 0.923774
    outer loop
      vertex 34.8615 3 20.0954
      vertex 35.0376 0 20.1684
      vertex 35.0376 3 20.1684
    endloop
  endfacet
  facet normal -0.382939 0 0.923774
    outer loop
      vertex 35.0376 0 20.1684
      vertex 34.8615 3 20.0954
      vertex 34.8615 0 20.0954
    endloop
  endfacet
  facet normal -0.483549 0 0.875317
    outer loop
      vertex 35.0376 3 20.1684
      vertex 35.2045 0 20.2606
      vertex 35.2045 3 20.2606
    endloop
  endfacet
  facet normal -0.483549 0 0.875317
    outer loop
      vertex 35.2045 0 20.2606
      vertex 35.0376 3 20.1684
      vertex 35.0376 0 20.1684
    endloop
  endfacet
  facet normal -0.578803 0 0.815467
    outer loop
      vertex 35.2045 3 20.2606
      vertex 35.3599 0 20.3709
      vertex 35.3599 3 20.3709
    endloop
  endfacet
  facet normal -0.578803 0 0.815467
    outer loop
      vertex 35.3599 0 20.3709
      vertex 35.2045 3 20.2606
      vertex 35.2045 0 20.2606
    endloop
  endfacet
  facet normal -0.66612 0 0.745845
    outer loop
      vertex 35.3599 3 20.3709
      vertex 35.5021 0 20.4979
      vertex 35.5021 3 20.4979
    endloop
  endfacet
  facet normal -0.66612 0 0.745845
    outer loop
      vertex 35.5021 0 20.4979
      vertex 35.3599 3 20.3709
      vertex 35.3599 0 20.3709
    endloop
  endfacet
  facet normal -0.745845 0 0.66612
    outer loop
      vertex 35.5021 0 20.4979
      vertex 35.6291 3 20.6401
      vertex 35.5021 3 20.4979
    endloop
  endfacet
  facet normal -0.745845 0 0.66612
    outer loop
      vertex 35.6291 3 20.6401
      vertex 35.5021 0 20.4979
      vertex 35.6291 0 20.6401
    endloop
  endfacet
  facet normal -0.815467 0 0.578803
    outer loop
      vertex 35.6291 0 20.6401
      vertex 35.7394 3 20.7955
      vertex 35.6291 3 20.6401
    endloop
  endfacet
  facet normal -0.815467 0 0.578803
    outer loop
      vertex 35.7394 3 20.7955
      vertex 35.6291 0 20.6401
      vertex 35.7394 0 20.7955
    endloop
  endfacet
  facet normal -0.875317 0 0.483549
    outer loop
      vertex 35.7394 0 20.7955
      vertex 35.8316 3 20.9624
      vertex 35.7394 3 20.7955
    endloop
  endfacet
  facet normal -0.875317 0 0.483549
    outer loop
      vertex 35.8316 3 20.9624
      vertex 35.7394 0 20.7955
      vertex 35.8316 0 20.9624
    endloop
  endfacet
  facet normal -0.923774 0 0.382939
    outer loop
      vertex 35.8316 0 20.9624
      vertex 35.9046 3 21.1385
      vertex 35.8316 3 20.9624
    endloop
  endfacet
  facet normal -0.923774 0 0.382939
    outer loop
      vertex 35.9046 3 21.1385
      vertex 35.8316 0 20.9624
      vertex 35.9046 0 21.1385
    endloop
  endfacet
  facet normal -0.960888 0 0.276937
    outer loop
      vertex 35.9046 0 21.1385
      vertex 35.9574 3 21.3217
      vertex 35.9046 3 21.1385
    endloop
  endfacet
  facet normal -0.960888 0 0.276937
    outer loop
      vertex 35.9574 3 21.3217
      vertex 35.9046 0 21.1385
      vertex 35.9574 0 21.3217
    endloop
  endfacet
  facet normal -0.985908 0 0.16729
    outer loop
      vertex 35.9574 0 21.3217
      vertex 35.9893 3 21.5097
      vertex 35.9574 3 21.3217
    endloop
  endfacet
  facet normal -0.985908 0 0.16729
    outer loop
      vertex 35.9893 3 21.5097
      vertex 35.9574 0 21.3217
      vertex 35.9893 0 21.5097
    endloop
  endfacet
  facet normal -0.998423 0 0.0561383
    outer loop
      vertex 35.9893 0 21.5097
      vertex 36 3 21.7
      vertex 35.9893 3 21.5097
    endloop
  endfacet
  facet normal -0.998423 0 0.0561383
    outer loop
      vertex 36 3 21.7
      vertex 35.9893 0 21.5097
      vertex 36 0 21.7
    endloop
  endfacet
  facet normal -1 0 0
    outer loop
      vertex 36 0 21.7
      vertex 36 3 31.3
      vertex 36 3 21.7
    endloop
  endfacet
  facet normal -1 -0 0
    outer loop
      vertex 36 3 31.3
      vertex 36 0 21.7
      vertex 36 0 31.3
    endloop
  endfacet
  facet normal -0.998423 0 -0.0561383
    outer loop
      vertex 36 0 31.3
      vertex 35.9893 3 31.4903
      vertex 36 3 31.3
    endloop
  endfacet
  facet normal -0.998423 -0 -0.0561383
    outer loop
      vertex 35.9893 3 31.4903
      vertex 36 0 31.3
      vertex 35.9893 0 31.4903
    endloop
  endfacet
  facet normal -0.985908 0 -0.16729
    outer loop
      vertex 35.9893 0 31.4903
      vertex 35.9574 3 31.6783
      vertex 35.9893 3 31.4903
    endloop
  endfacet
  facet normal -0.985908 -0 -0.16729
    outer loop
      vertex 35.9574 3 31.6783
      vertex 35.9893 0 31.4903
      vertex 35.9574 0 31.6783
    endloop
  endfacet
  facet normal -0.960888 0 -0.276937
    outer loop
      vertex 35.9574 0 31.6783
      vertex 35.9046 3 31.8615
      vertex 35.9574 3 31.6783
    endloop
  endfacet
  facet normal -0.960888 -0 -0.276937
    outer loop
      vertex 35.9046 3 31.8615
      vertex 35.9574 0 31.6783
      vertex 35.9046 0 31.8615
    endloop
  endfacet
  facet normal -0.923774 0 -0.382939
    outer loop
      vertex 35.9046 0 31.8615
      vertex 35.8316 3 32.0376
      vertex 35.9046 3 31.8615
    endloop
  endfacet
  facet normal -0.923774 -0 -0.382939
    outer loop
      vertex 35.8316 3 32.0376
      vertex 35.9046 0 31.8615
      vertex 35.8316 0 32.0376
    endloop
  endfacet
  facet normal -0.875317 0 -0.483549
    outer loop
      vertex 35.8316 0 32.0376
      vertex 35.7394 3 32.2045
      vertex 35.8316 3 32.0376
    endloop
  endfacet
  facet normal -0.875317 -0 -0.483549
    outer loop
      vertex 35.7394 3 32.2045
      vertex 35.8316 0 32.0376
      vertex 35.7394 0 32.2045
    endloop
  endfacet
  facet normal -0.815467 0 -0.578803
    outer loop
      vertex 35.7394 0 32.2045
      vertex 35.6291 3 32.3599
      vertex 35.7394 3 32.2045
    endloop
  endfacet
  facet normal -0.815467 -0 -0.578803
    outer loop
      vertex 35.6291 3 32.3599
      vertex 35.7394 0 32.2045
      vertex 35.6291 0 32.3599
    endloop
  endfacet
  facet normal -0.745845 0 -0.66612
    outer loop
      vertex 35.6291 0 32.3599
      vertex 35.5021 3 32.5021
      vertex 35.6291 3 32.3599
    endloop
  endfacet
  facet normal -0.745845 -0 -0.66612
    outer loop
      vertex 35.5021 3 32.5021
      vertex 35.6291 0 32.3599
      vertex 35.5021 0 32.5021
    endloop
  endfacet
  facet normal -0.66612 0 -0.745845
    outer loop
      vertex 35.3599 0 32.6291
      vertex 35.5021 3 32.5021
      vertex 35.5021 0 32.5021
    endloop
  endfacet
  facet normal -0.66612 0 -0.745845
    outer loop
      vertex 35.5021 3 32.5021
      vertex 35.3599 0 32.6291
      vertex 35.3599 3 32.6291
    endloop
  endfacet
  facet normal -0.578803 0 -0.815467
    outer loop
      vertex 35.2045 0 32.7394
      vertex 35.3599 3 32.6291
      vertex 35.3599 0 32.6291
    endloop
  endfacet
  facet normal -0.578803 0 -0.815467
    outer loop
      vertex 35.3599 3 32.6291
      vertex 35.2045 0 32.7394
      vertex 35.2045 3 32.7394
    endloop
  endfacet
  facet normal -0.483549 0 -0.875317
    outer loop
      vertex 35.0376 0 32.8316
      vertex 35.2045 3 32.7394
      vertex 35.2045 0 32.7394
    endloop
  endfacet
  facet normal -0.483549 0 -0.875317
    outer loop
      vertex 35.2045 3 32.7394
      vertex 35.0376 0 32.8316
      vertex 35.0376 3 32.8316
    endloop
  endfacet
  facet normal -0.382939 0 -0.923774
    outer loop
      vertex 34.8615 0 32.9046
      vertex 35.0376 3 32.8316
      vertex 35.0376 0 32.8316
    endloop
  endfacet
  facet normal -0.382939 0 -0.923774
    outer loop
      vertex 35.0376 3 32.8316
      vertex 34.8615 0 32.9046
      vertex 34.8615 3 32.9046
    endloop
  endfacet
  facet normal -0.276937 0 -0.960888
    outer loop
      vertex 34.6783 0 32.9574
      vertex 34.8615 3 32.9046
      vertex 34.8615 0 32.9046
    endloop
  endfacet
  facet normal -0.276937 0 -0.960888
    outer loop
      vertex 34.8615 3 32.9046
      vertex 34.6783 0 32.9574
      vertex 34.6783 3 32.9574
    endloop
  endfacet
  facet normal -0.16729 0 -0.985908
    outer loop
      vertex 34.4903 0 32.9893
      vertex 34.6783 3 32.9574
      vertex 34.6783 0 32.9574
    endloop
  endfacet
  facet normal -0.16729 0 -0.985908
    outer loop
      vertex 34.6783 3 32.9574
      vertex 34.4903 0 32.9893
      vertex 34.4903 3 32.9893
    endloop
  endfacet
  facet normal -0.0561383 0 -0.998423
    outer loop
      vertex 34.3 0 33
      vertex 34.4903 3 32.9893
      vertex 34.4903 0 32.9893
    endloop
  endfacet
  facet normal -0.0561383 0 -0.998423
    outer loop
      vertex 34.4903 3 32.9893
      vertex 34.3 0 33
      vertex 34.3 3 33
    endloop
  endfacet
  facet normal 0 0 -1
    outer loop
      vertex 13.7 0 33
      vertex 34.3 3 33
      vertex 34.3 0 33
    endloop
  endfacet
  facet normal -0 0 -1
    outer loop
      vertex 34.3 3 33
      vertex 13.7 0 33
      vertex 13.7 3 33
    endloop
  endfacet
  facet normal 0.0561383 0 -0.998423
    outer loop
      vertex 13.5097 0 32.9893
      vertex 13.7 3 33
      vertex 13.7 0 33
    endloop
  endfacet
  facet normal 0.0561383 0 -0.998423
    outer loop
      vertex 13.7 3 33
      vertex 13.5097 0 32.9893
      vertex 13.5097 3 32.9893
    endloop
  endfacet
  facet normal 0.16729 0 -0.985908
    outer loop
      vertex 13.3217 0 32.9574
      vertex 13.5097 3 32.9893
      vertex 13.5097 0 32.9893
    endloop
  endfacet
  facet normal 0.16729 0 -0.985908
    outer loop
      vertex 13.5097 3 32.9893
      vertex 13.3217 0 32.9574
      vertex 13.3217 3 32.9574
    endloop
  endfacet
  facet normal 0.276937 0 -0.960888
    outer loop
      vertex 13.1385 0 32.9046
      vertex 13.3217 3 32.9574
      vertex 13.3217 0 32.9574
    endloop
  endfacet
  facet normal 0.276937 0 -0.960888
    outer loop
      vertex 13.3217 3 32.9574
      vertex 13.1385 0 32.9046
      vertex 13.1385 3 32.9046
    endloop
  endfacet
  facet normal 0.382939 0 -0.923774
    outer loop
      vertex 12.9624 0 32.8316
      vertex 13.1385 3 32.9046
      vertex 13.1385 0 32.9046
    endloop
  endfacet
  facet normal 0.382939 0 -0.923774
    outer loop
      vertex 13.1385 3 32.9046
      vertex 12.9624 0 32.8316
      vertex 12.9624 3 32.8316
    endloop
  endfacet
  facet normal 0.483549 0 -0.875317
    outer loop
      vertex 12.7955 0 32.7394
      vertex 12.9624 3 32.8316
      vertex 12.9624 0 32.8316
    endloop
  endfacet
  facet normal 0.483549 0 -0.875317
    outer loop
      vertex 12.9624 3 32.8316
      vertex 12.7955 0 32.7394
      vertex 12.7955 3 32.7394
    endloop
  endfacet
  facet normal 0.578803 0 -0.815467
    outer loop
      vertex 12.6401 0 32.6291
      vertex 12.7955 3 32.7394
      vertex 12.7955 0 32.7394
    endloop
  endfacet
  facet normal 0.578803 0 -0.815467
    outer loop
      vertex 12.7955 3 32.7394
      vertex 12.6401 0 32.6291
      vertex 12.6401 3 32.6291
    endloop
  endfacet
  facet normal 0.66612 0 -0.745845
    outer loop
      vertex 12.4979 0 32.5021
      vertex 12.6401 3 32.6291
      vertex 12.6401 0 32.6291
    endloop
  endfacet
  facet normal 0.66612 0 -0.745845
    outer loop
      vertex 12.6401 3 32.6291
      vertex 12.4979 0 32.5021
      vertex 12.4979 3 32.5021
    endloop
  endfacet
  facet normal 0.745845 0 -0.66612
    outer loop
      vertex 12.4979 0 32.5021
      vertex 12.3709 3 32.3599
      vertex 12.4979 3 32.5021
    endloop
  endfacet
  facet normal 0.745845 0 -0.66612
    outer loop
      vertex 12.3709 3 32.3599
      vertex 12.4979 0 32.5021
      vertex 12.3709 0 32.3599
    endloop
  endfacet
  facet normal 0.815467 0 -0.578803
    outer loop
      vertex 12.3709 0 32.3599
      vertex 12.2606 3 32.2045
      vertex 12.3709 3 32.3599
    endloop
  endfacet
  facet normal 0.815467 0 -0.578803
    outer loop
      vertex 12.2606 3 32.2045
      vertex 12.3709 0 32.3599
      vertex 12.2606 0 32.2045
    endloop
  endfacet
  facet normal 0.875317 0 -0.483549
    outer loop
      vertex 12.2606 0 32.2045
      vertex 12.1684 3 32.0376
      vertex 12.2606 3 32.2045
    endloop
  endfacet
  facet normal 0.875317 0 -0.483549
    outer loop
      vertex 12.1684 3 32.0376
      vertex 12.2606 0 32.2045
      vertex 12.1684 0 32.0376
    endloop
  endfacet
  facet normal 0.923774 0 -0.382939
    outer loop
      vertex 12.1684 0 32.0376
      vertex 12.0954 3 31.8615
      vertex 12.1684 3 32.0376
    endloop
  endfacet
  facet normal 0.923774 0 -0.382939
    outer loop
      vertex 12.0954 3 31.8615
      vertex 12.1684 0 32.0376
      vertex 12.0954 0 31.8615
    endloop
  endfacet
  facet normal 0.960888 0 -0.276937
    outer loop
      vertex 12.0954 0 31.8615
      vertex 12.0426 3 31.6783
      vertex 12.0954 3 31.8615
    endloop
  endfacet
  facet normal 0.960888 0 -0.276937
    outer loop
      vertex 12.0426 3 31.6783
      vertex 12.0954 0 31.8615
      vertex 12.0426 0 31.6783
    endloop
  endfacet
  facet normal 0.985908 0 -0.16729
    outer loop
      vertex 12.0426 0 31.6783
      vertex 12.0107 3 31.4903
      vertex 12.0426 3 31.6783
    endloop
  endfacet
  facet normal 0.985908 0 -0.16729
    outer loop
      vertex 12.0107 3 31.4903
      vertex 12.0426 0 31.6783
      vertex 12.0107 0 31.4903
    endloop
  endfacet
  facet normal 0.998423 0 -0.0561383
    outer loop
      vertex 12.0107 0 31.4903
      vertex 12 3 31.3
      vertex 12.0107 3 31.4903
    endloop
  endfacet
  facet normal 0.998423 0 -0.0561383
    outer loop
      vertex 12 3 31.3
      vertex 12.0107 0 31.4903
      vertex 12 0 31.3
    endloop
  endfacet
  facet normal 1 -0 0
    outer loop
      vertex 12 0 31.3
      vertex 12 3 21.7
      vertex 12 3 31.3
    endloop
  endfacet
  facet normal 1 0 0
    outer loop
      vertex 12 3 21.7
      vertex 12 0 31.3
      vertex 12 0 21.7
    endloop
  endfacet
  facet normal 0.998423 -0 0.0561383
    outer loop
      vertex 12 0 21.7
      vertex 12.0107 3 21.5097
      vertex 12 3 21.7
    endloop
  endfacet
  facet normal 0.998423 0 0.0561383
    outer loop
      vertex 12.0107 3 21.5097
      vertex 12 0 21.7
      vertex 12.0107 0 21.5097
    endloop
  endfacet
  facet normal 0.985908 -0 0.16729
    outer loop
      vertex 12.0107 0 21.5097
      vertex 12.0426 3 21.3217
      vertex 12.0107 3 21.5097
    endloop
  endfacet
  facet normal 0.985908 0 0.16729
    outer loop
      vertex 12.0426 3 21.3217
      vertex 12.0107 0 21.5097
      vertex 12.0426 0 21.3217
    endloop
  endfacet
  facet normal 0.960888 -0 0.276937
    outer loop
      vertex 12.0426 0 21.3217
      vertex 12.0954 3 21.1385
      vertex 12.0426 3 21.3217
    endloop
  endfacet
  facet normal 0.960888 0 0.276937
    outer loop
      vertex 12.0954 3 21.1385
      vertex 12.0426 0 21.3217
      vertex 12.0954 0 21.1385
    endloop
  endfacet
  facet normal 0.923774 -0 0.382939
    outer loop
      vertex 12.0954 0 21.1385
      vertex 12.1684 3 20.9624
      vertex 12.0954 3 21.1385
    endloop
  endfacet
  facet normal 0.923774 0 0.382939
    outer loop
      vertex 12.1684 3 20.9624
      vertex 12.0954 0 21.1385
      vertex 12.1684 0 20.9624
    endloop
  endfacet
  facet normal 0.875317 -0 0.483549
    outer loop
      vertex 12.1684 0 20.9624
      vertex 12.2606 3 20.7955
      vertex 12.1684 3 20.9624
    endloop
  endfacet
  facet normal 0.875317 0 0.483549
    outer loop
      vertex 12.2606 3 20.7955
      vertex 12.1684 0 20.9624
      vertex 12.2606 0 20.7955
    endloop
  endfacet
  facet normal 0.815467 -0 0.578803
    outer loop
      vertex 12.2606 0 20.7955
      vertex 12.3709 3 20.6401
      vertex 12.2606 3 20.7955
    endloop
  endfacet
  facet normal 0.815467 0 0.578803
    outer loop
      vertex 12.3709 3 20.6401
      vertex 12.2606 0 20.7955
      vertex 12.3709 0 20.6401
    endloop
  endfacet
  facet normal 0.745845 -0 0.66612
    outer loop
      vertex 12.3709 0 20.6401
      vertex 12.4979 3 20.4979
      vertex 12.3709 3 20.6401
    endloop
  endfacet
  facet normal 0.745845 0 0.66612
    outer loop
      vertex 12.4979 3 20.4979
      vertex 12.3709 0 20.6401
      vertex 12.4979 0 20.4979
    endloop
  endfacet
  facet normal 0.66612 0 0.745845
    outer loop
      vertex 12.4979 3 20.4979
      vertex 12.6401 0 20.3709
      vertex 12.6401 3 20.3709
    endloop
  endfacet
  facet normal 0.66612 0 0.745845
    outer loop
      vertex 12.6401 0 20.3709
      vertex 12.4979 3 20.4979
      vertex 12.4979 0 20.4979
    endloop
  endfacet
  facet normal 0.578803 0 0.815467
    outer loop
      vertex 12.6401 3 20.3709
      vertex 12.7955 0 20.2606
      vertex 12.7955 3 20.2606
    endloop
  endfacet
  facet normal 0.578803 0 0.815467
    outer loop
      vertex 12.7955 0 20.2606
      vertex 12.6401 3 20.3709
      vertex 12.6401 0 20.3709
    endloop
  endfacet
  facet normal 0.483549 0 0.875317
    outer loop
      vertex 12.7955 3 20.2606
      vertex 12.9624 0 20.1684
      vertex 12.9624 3 20.1684
    endloop
  endfacet
  facet normal 0.483549 0 0.875317
    outer loop
      vertex 12.9624 0 20.1684
      vertex 12.7955 3 20.2606
      vertex 12.7955 0 20.2606
    endloop
  endfacet
  facet normal 0.382939 0 0.923774
    outer loop
      vertex 12.9624 3 20.1684
      vertex 13.1385 0 20.0954
      vertex 13.1385 3 20.0954
    endloop
  endfacet
  facet normal 0.382939 0 0.923774
    outer loop
      vertex 13.1385 0 20.0954
      vertex 12.9624 3 20.1684
      vertex 12.9624 0 20.1684
    endloop
  endfacet
  facet normal 0.276937 0 0.960888
    outer loop
      vertex 13.1385 3 20.0954
      vertex 13.3217 0 20.0426
      vertex 13.3217 3 20.0426
    endloop
  endfacet
  facet normal 0.276937 0 0.960888
    outer loop
      vertex 13.3217 0 20.0426
      vertex 13.1385 3 20.0954
      vertex 13.1385 0 20.0954
    endloop
  endfacet
  facet normal 0.16729 0 0.985908
    outer loop
      vertex 13.3217 3 20.0426
      vertex 13.5097 0 20.0107
      vertex 13.5097 3 20.0107
    endloop
  endfacet
  facet normal 0.16729 0 0.985908
    outer loop
      vertex 13.5097 0 20.0107
      vertex 13.3217 3 20.0426
      vertex 13.3217 0 20.0426
    endloop
  endfacet
  facet normal 0.0561383 0 0.998423
    outer loop
      vertex 13.5097 3 20.0107
      vertex 13.7 0 20
      vertex 13.7 3 20
    endloop
  endfacet
  facet normal 0.0561383 0 0.998423
    outer loop
      vertex 13.7 0 20
      vertex 13.5097 3 20.0107
      vertex 13.5097 0 20.0107
    endloop
  endfacet
  facet normal -0 0 1
    outer loop
      vertex 13.7 3 20
      vertex 34.3 0 20
      vertex 34.3 3 20
    endloop
  endfacet
  facet normal 0 0 1
    outer loop
      vertex 34.3 0 20
      vertex 13.7 3 20
      vertex 13.7 0 20
    endloop
  endfacet
  facet normal -0.0561383 0 0.998423
    outer loop
      vertex 34.3 3 20
      vertex 34.4903 0 20.0107
      vertex 34.4903 3 20.0107
    endloop
  endfacet
  facet normal -0.0561383 0 0.998423
    outer loop
      vertex 34.4903 0 20.0107
      vertex 34.3 3 20
      vertex 34.3 0 20
    endloop
  endfacet
  facet normal -0.167525 0 0.985868
    outer loop
      vertex 64.4143 1.8 19.3233
      vertex 64.8233 0 19.3928
      vertex 64.8233 1.8 19.3928
    endloop
  endfacet
  facet normal -0.167525 0 0.985868
    outer loop
      vertex 64.8233 0 19.3928
      vertex 64.4143 1.8 19.3233
      vertex 64.4143 0 19.3233
    endloop
  endfacet
  facet normal -0.276694 0 0.960958
    outer loop
      vertex 64.8233 1.8 19.3928
      vertex 65.222 0 19.5076
      vertex 65.222 1.8 19.5076
    endloop
  endfacet
  facet normal -0.276694 0 0.960958
    outer loop
      vertex 65.222 0 19.5076
      vertex 64.8233 1.8 19.3928
      vertex 64.8233 0 19.3928
    endloop
  endfacet
  facet normal -0.382664 0 0.923888
    outer loop
      vertex 65.222 1.8 19.5076
      vertex 65.6054 0 19.6664
      vertex 65.6054 1.8 19.6664
    endloop
  endfacet
  facet normal -0.382664 0 0.923888
    outer loop
      vertex 65.6054 0 19.6664
      vertex 65.222 1.8 19.5076
      vertex 65.222 0 19.5076
    endloop
  endfacet
  facet normal -0.483759 0 0.875201
    outer loop
      vertex 65.6054 1.8 19.6664
      vertex 65.9685 0 19.8671
      vertex 65.9685 1.8 19.8671
    endloop
  endfacet
  facet normal -0.483759 0 0.875201
    outer loop
      vertex 65.9685 0 19.8671
      vertex 65.6054 1.8 19.6664
      vertex 65.6054 0 19.6664
    endloop
  endfacet
  facet normal -0.578659 0 0.81557
    outer loop
      vertex 65.9685 1.8 19.8671
      vertex 66.3069 0 20.1072
      vertex 66.3069 1.8 20.1072
    endloop
  endfacet
  facet normal -0.578659 0 0.81557
    outer loop
      vertex 66.3069 0 20.1072
      vertex 65.9685 1.8 19.8671
      vertex 65.9685 0 19.8671
    endloop
  endfacet
  facet normal -0.666351 0 0.745638
    outer loop
      vertex 66.3069 1.8 20.1072
      vertex 66.6163 0 20.3837
      vertex 66.6163 1.8 20.3837
    endloop
  endfacet
  facet normal -0.666351 0 0.745638
    outer loop
      vertex 66.6163 0 20.3837
      vertex 66.3069 1.8 20.1072
      vertex 66.3069 0 20.1072
    endloop
  endfacet
  facet normal -0.745638 0 0.666351
    outer loop
      vertex 66.6163 0 20.3837
      vertex 66.8928 1.8 20.6931
      vertex 66.6163 1.8 20.3837
    endloop
  endfacet
  facet normal -0.745638 0 0.666351
    outer loop
      vertex 66.8928 1.8 20.6931
      vertex 66.6163 0 20.3837
      vertex 66.8928 0 20.6931
    endloop
  endfacet
  facet normal -0.81557 0 0.578659
    outer loop
      vertex 66.8928 0 20.6931
      vertex 67.1329 1.8 21.0315
      vertex 66.8928 1.8 20.6931
    endloop
  endfacet
  facet normal -0.81557 0 0.578659
    outer loop
      vertex 67.1329 1.8 21.0315
      vertex 66.8928 0 20.6931
      vertex 67.1329 0 21.0315
    endloop
  endfacet
  facet normal -0.875201 0 0.483759
    outer loop
      vertex 67.1329 0 21.0315
      vertex 67.3336 1.8 21.3946
      vertex 67.1329 1.8 21.0315
    endloop
  endfacet
  facet normal -0.875201 0 0.483759
    outer loop
      vertex 67.3336 1.8 21.3946
      vertex 67.1329 0 21.0315
      vertex 67.3336 0 21.3946
    endloop
  endfacet
  facet normal -0.923888 0 0.382664
    outer loop
      vertex 67.3336 0 21.3946
      vertex 67.4924 1.8 21.778
      vertex 67.3336 1.8 21.3946
    endloop
  endfacet
  facet normal -0.923888 0 0.382664
    outer loop
      vertex 67.4924 1.8 21.778
      vertex 67.3336 0 21.3946
      vertex 67.4924 0 21.778
    endloop
  endfacet
  facet normal -0.960958 0 0.276694
    outer loop
      vertex 67.4924 0 21.778
      vertex 67.6072 1.8 22.1767
      vertex 67.4924 1.8 21.778
    endloop
  endfacet
  facet normal -0.960958 0 0.276694
    outer loop
      vertex 67.6072 1.8 22.1767
      vertex 67.4924 0 21.778
      vertex 67.6072 0 22.1767
    endloop
  endfacet
  facet normal -0.985868 0 0.167525
    outer loop
      vertex 67.6072 0 22.1767
      vertex 67.6767 1.8 22.5857
      vertex 67.6072 1.8 22.1767
    endloop
  endfacet
  facet normal -0.985868 0 0.167525
    outer loop
      vertex 67.6767 1.8 22.5857
      vertex 67.6072 0 22.1767
      vertex 67.6767 0 22.5857
    endloop
  endfacet
  facet normal -0.998422 0 0.0561507
    outer loop
      vertex 67.6767 0 22.5857
      vertex 67.7 1.8 23
      vertex 67.6767 1.8 22.5857
    endloop
  endfacet
  facet normal -0.998422 0 0.0561507
    outer loop
      vertex 67.7 1.8 23
      vertex 67.6767 0 22.5857
      vertex 67.7 0 23
    endloop
  endfacet
  facet normal -0.998422 0 -0.0561507
    outer loop
      vertex 67.7 0 23
      vertex 67.6767 1.8 23.4143
      vertex 67.7 1.8 23
    endloop
  endfacet
  facet normal -0.998422 -0 -0.0561507
    outer loop
      vertex 67.6767 1.8 23.4143
      vertex 67.7 0 23
      vertex 67.6767 0 23.4143
    endloop
  endfacet
  facet normal -0.985868 0 -0.167525
    outer loop
      vertex 67.6767 0 23.4143
      vertex 67.6072 1.8 23.8233
      vertex 67.6767 1.8 23.4143
    endloop
  endfacet
  facet normal -0.985868 -0 -0.167525
    outer loop
      vertex 67.6072 1.8 23.8233
      vertex 67.6767 0 23.4143
      vertex 67.6072 0 23.8233
    endloop
  endfacet
  facet normal -0.960958 0 -0.276694
    outer loop
      vertex 67.6072 0 23.8233
      vertex 67.4924 1.8 24.222
      vertex 67.6072 1.8 23.8233
    endloop
  endfacet
  facet normal -0.960958 -0 -0.276694
    outer loop
      vertex 67.4924 1.8 24.222
      vertex 67.6072 0 23.8233
      vertex 67.4924 0 24.222
    endloop
  endfacet
  facet normal -0.923888 0 -0.382664
    outer loop
      vertex 67.4924 0 24.222
      vertex 67.3336 1.8 24.6054
      vertex 67.4924 1.8 24.222
    endloop
  endfacet
  facet normal -0.923888 -0 -0.382664
    outer loop
      vertex 67.3336 1.8 24.6054
      vertex 67.4924 0 24.222
      vertex 67.3336 0 24.6054
    endloop
  endfacet
  facet normal -0.875201 0 -0.483759
    outer loop
      vertex 67.3336 0 24.6054
      vertex 67.1329 1.8 24.9685
      vertex 67.3336 1.8 24.6054
    endloop
  endfacet
  facet normal -0.875201 -0 -0.483759
    outer loop
      vertex 67.1329 1.8 24.9685
      vertex 67.3336 0 24.6054
      vertex 67.1329 0 24.9685
    endloop
  endfacet
  facet normal -0.81557 0 -0.578659
    outer loop
      vertex 67.1329 0 24.9685
      vertex 66.8928 1.8 25.3069
      vertex 67.1329 1.8 24.9685
    endloop
  endfacet
  facet normal -0.81557 -0 -0.578659
    outer loop
      vertex 66.8928 1.8 25.3069
      vertex 67.1329 0 24.9685
      vertex 66.8928 0 25.3069
    endloop
  endfacet
  facet normal -0.745638 0 -0.666351
    outer loop
      vertex 66.8928 0 25.3069
      vertex 66.6163 1.8 25.6163
      vertex 66.8928 1.8 25.3069
    endloop
  endfacet
  facet normal -0.745638 -0 -0.666351
    outer loop
      vertex 66.6163 1.8 25.6163
      vertex 66.8928 0 25.3069
      vertex 66.6163 0 25.6163
    endloop
  endfacet
  facet normal -0.666351 0 -0.745638
    outer loop
      vertex 66.3069 0 25.8928
      vertex 66.6163 1.8 25.6163
      vertex 66.6163 0 25.6163
    endloop
  endfacet
  facet normal -0.666351 0 -0.745638
    outer loop
      vertex 66.6163 1.8 25.6163
      vertex 66.3069 0 25.8928
      vertex 66.3069 1.8 25.8928
    endloop
  endfacet
  facet normal -0.578659 0 -0.81557
    outer loop
      vertex 65.9685 0 26.1329
      vertex 66.3069 1.8 25.8928
      vertex 66.3069 0 25.8928
    endloop
  endfacet
  facet normal -0.578659 0 -0.81557
    outer loop
      vertex 66.3069 1.8 25.8928
      vertex 65.9685 0 26.1329
      vertex 65.9685 1.8 26.1329
    endloop
  endfacet
  facet normal -0.483759 0 -0.875201
    outer loop
      vertex 65.6054 0 26.3336
      vertex 65.9685 1.8 26.1329
      vertex 65.9685 0 26.1329
    endloop
  endfacet
  facet normal -0.483759 0 -0.875201
    outer loop
      vertex 65.9685 1.8 26.1329
      vertex 65.6054 0 26.3336
      vertex 65.6054 1.8 26.3336
    endloop
  endfacet
  facet normal -0.382664 0 -0.923888
    outer loop
      vertex 65.222 0 26.4924
      vertex 65.6054 1.8 26.3336
      vertex 65.6054 0 26.3336
    endloop
  endfacet
  facet normal -0.382664 0 -0.923888
    outer loop
      vertex 65.6054 1.8 26.3336
      vertex 65.222 0 26.4924
      vertex 65.222 1.8 26.4924
    endloop
  endfacet
  facet normal -0.276694 0 -0.960958
    outer loop
      vertex 64.8233 0 26.6072
      vertex 65.222 1.8 26.4924
      vertex 65.222 0 26.4924
    endloop
  endfacet
  facet normal -0.276694 0 -0.960958
    outer loop
      vertex 65.222 1.8 26.4924
      vertex 64.8233 0 26.6072
      vertex 64.8233 1.8 26.6072
    endloop
  endfacet
  facet normal -0.167525 0 -0.985868
    outer loop
      vertex 64.4143 0 26.6767
      vertex 64.8233 1.8 26.6072
      vertex 64.8233 0 26.6072
    endloop
  endfacet
  facet normal -0.167525 0 -0.985868
    outer loop
      vertex 64.8233 1.8 26.6072
      vertex 64.4143 0 26.6767
      vertex 64.4143 1.8 26.6767
    endloop
  endfacet
  facet normal -0.0561507 0 -0.998422
    outer loop
      vertex 64 0 26.7
      vertex 64.4143 1.8 26.6767
      vertex 64.4143 0 26.6767
    endloop
  endfacet
  facet normal -0.0561507 0 -0.998422
    outer loop
      vertex 64.4143 1.8 26.6767
      vertex 64 0 26.7
      vertex 64 1.8 26.7
    endloop
  endfacet
  facet normal 0.0561507 0 -0.998422
    outer loop
      vertex 63.5857 0 26.6767
      vertex 64 1.8 26.7
      vertex 64 0 26.7
    endloop
  endfacet
  facet normal 0.0561507 0 -0.998422
    outer loop
      vertex 64 1.8 26.7
      vertex 63.5857 0 26.6767
      vertex 63.5857 1.8 26.6767
    endloop
  endfacet
  facet normal 0.167525 0 -0.985868
    outer loop
      vertex 63.1767 0 26.6072
      vertex 63.5857 1.8 26.6767
      vertex 63.5857 0 26.6767
    endloop
  endfacet
  facet normal 0.167525 0 -0.985868
    outer loop
      vertex 63.5857 1.8 26.6767
      vertex 63.1767 0 26.6072
      vertex 63.1767 1.8 26.6072
    endloop
  endfacet
  facet normal 0.276694 0 -0.960958
    outer loop
      vertex 62.778 0 26.4924
      vertex 63.1767 1.8 26.6072
      vertex 63.1767 0 26.6072
    endloop
  endfacet
  facet normal 0.276694 0 -0.960958
    outer loop
      vertex 63.1767 1.8 26.6072
      vertex 62.778 0 26.4924
      vertex 62.778 1.8 26.4924
    endloop
  endfacet
  facet normal 0.382664 0 -0.923888
    outer loop
      vertex 62.3946 0 26.3336
      vertex 62.778 1.8 26.4924
      vertex 62.778 0 26.4924
    endloop
  endfacet
  facet normal 0.382664 0 -0.923888
    outer loop
      vertex 62.778 1.8 26.4924
      vertex 62.3946 0 26.3336
      vertex 62.3946 1.8 26.3336
    endloop
  endfacet
  facet normal 0.483759 0 -0.875201
    outer loop
      vertex 62.0315 0 26.1329
      vertex 62.3946 1.8 26.3336
      vertex 62.3946 0 26.3336
    endloop
  endfacet
  facet normal 0.483759 0 -0.875201
    outer loop
      vertex 62.3946 1.8 26.3336
      vertex 62.0315 0 26.1329
      vertex 62.0315 1.8 26.1329
    endloop
  endfacet
  facet normal 0.578659 0 -0.81557
    outer loop
      vertex 61.6931 0 25.8928
      vertex 62.0315 1.8 26.1329
      vertex 62.0315 0 26.1329
    endloop
  endfacet
  facet normal 0.578659 0 -0.81557
    outer loop
      vertex 62.0315 1.8 26.1329
      vertex 61.6931 0 25.8928
      vertex 61.6931 1.8 25.8928
    endloop
  endfacet
  facet normal 0.666351 0 -0.745638
    outer loop
      vertex 61.3837 0 25.6163
      vertex 61.6931 1.8 25.8928
      vertex 61.6931 0 25.8928
    endloop
  endfacet
  facet normal 0.666351 0 -0.745638
    outer loop
      vertex 61.6931 1.8 25.8928
      vertex 61.3837 0 25.6163
      vertex 61.3837 1.8 25.6163
    endloop
  endfacet
  facet normal 0.745638 0 -0.666351
    outer loop
      vertex 61.3837 0 25.6163
      vertex 61.1072 1.8 25.3069
      vertex 61.3837 1.8 25.6163
    endloop
  endfacet
  facet normal 0.745638 0 -0.666351
    outer loop
      vertex 61.1072 1.8 25.3069
      vertex 61.3837 0 25.6163
      vertex 61.1072 0 25.3069
    endloop
  endfacet
  facet normal 0.81557 0 -0.578659
    outer loop
      vertex 61.1072 0 25.3069
      vertex 60.8671 1.8 24.9685
      vertex 61.1072 1.8 25.3069
    endloop
  endfacet
  facet normal 0.81557 0 -0.578659
    outer loop
      vertex 60.8671 1.8 24.9685
      vertex 61.1072 0 25.3069
      vertex 60.8671 0 24.9685
    endloop
  endfacet
  facet normal 0.875201 0 -0.483759
    outer loop
      vertex 60.8671 0 24.9685
      vertex 60.6664 1.8 24.6054
      vertex 60.8671 1.8 24.9685
    endloop
  endfacet
  facet normal 0.875201 0 -0.483759
    outer loop
      vertex 60.6664 1.8 24.6054
      vertex 60.8671 0 24.9685
      vertex 60.6664 0 24.6054
    endloop
  endfacet
  facet normal 0.923888 0 -0.382664
    outer loop
      vertex 60.6664 0 24.6054
      vertex 60.5076 1.8 24.222
      vertex 60.6664 1.8 24.6054
    endloop
  endfacet
  facet normal 0.923888 0 -0.382664
    outer loop
      vertex 60.5076 1.8 24.222
      vertex 60.6664 0 24.6054
      vertex 60.5076 0 24.222
    endloop
  endfacet
  facet normal 0.960958 0 -0.276694
    outer loop
      vertex 60.5076 0 24.222
      vertex 60.3928 1.8 23.8233
      vertex 60.5076 1.8 24.222
    endloop
  endfacet
  facet normal 0.960958 0 -0.276694
    outer loop
      vertex 60.3928 1.8 23.8233
      vertex 60.5076 0 24.222
      vertex 60.3928 0 23.8233
    endloop
  endfacet
  facet normal 0.985868 0 -0.167525
    outer loop
      vertex 60.3928 0 23.8233
      vertex 60.3233 1.8 23.4143
      vertex 60.3928 1.8 23.8233
    endloop
  endfacet
  facet normal 0.985868 0 -0.167525
    outer loop
      vertex 60.3233 1.8 23.4143
      vertex 60.3928 0 23.8233
      vertex 60.3233 0 23.4143
    endloop
  endfacet
  facet normal 0.998422 0 -0.0561507
    outer loop
      vertex 60.3233 0 23.4143
      vertex 60.3 1.8 23
      vertex 60.3233 1.8 23.4143
    endloop
  endfacet
  facet normal 0.998422 0 -0.0561507
    outer loop
      vertex 60.3 1.8 23
      vertex 60.3233 0 23.4143
      vertex 60.3 0 23
    endloop
  endfacet
  facet normal 0.998422 -0 0.0561507
    outer loop
      vertex 60.3 0 23
      vertex 60.3233 1.8 22.5857
      vertex 60.3 1.8 23
    endloop
  endfacet
  facet normal 0.998422 0 0.0561507
    outer loop
      vertex 60.3233 1.8 22.5857
      vertex 60.3 0 23
      vertex 60.3233 0 22.5857
    endloop
  endfacet
  facet normal 0.985868 -0 0.167525
    outer loop
      vertex 60.3233 0 22.5857
      vertex 60.3928 1.8 22.1767
      vertex 60.3233 1.8 22.5857
    endloop
  endfacet
  facet normal 0.985868 0 0.167525
    outer loop
      vertex 60.3928 1.8 22.1767
      vertex 60.3233 0 22.5857
      vertex 60.3928 0 22.1767
    endloop
  endfacet
  facet normal 0.960958 -0 0.276694
    outer loop
      vertex 60.3928 0 22.1767
      vertex 60.5076 1.8 21.778
      vertex 60.3928 1.8 22.1767
    endloop
  endfacet
  facet normal 0.960958 0 0.276694
    outer loop
      vertex 60.5076 1.8 21.778
      vertex 60.3928 0 22.1767
      vertex 60.5076 0 21.778
    endloop
  endfacet
  facet normal 0.923888 -0 0.382664
    outer loop
      vertex 60.5076 0 21.778
      vertex 60.6664 1.8 21.3946
      vertex 60.5076 1.8 21.778
    endloop
  endfacet
  facet normal 0.923888 0 0.382664
    outer loop
      vertex 60.6664 1.8 21.3946
      vertex 60.5076 0 21.778
      vertex 60.6664 0 21.3946
    endloop
  endfacet
  facet normal 0.875201 -0 0.483759
    outer loop
      vertex 60.6664 0 21.3946
      vertex 60.8671 1.8 21.0315
      vertex 60.6664 1.8 21.3946
    endloop
  endfacet
  facet normal 0.875201 0 0.483759
    outer loop
      vertex 60.8671 1.8 21.0315
      vertex 60.6664 0 21.3946
      vertex 60.8671 0 21.0315
    endloop
  endfacet
  facet normal 0.81557 -0 0.578659
    outer loop
      vertex 60.8671 0 21.0315
      vertex 61.1072 1.8 20.6931
      vertex 60.8671 1.8 21.0315
    endloop
  endfacet
  facet normal 0.81557 0 0.578659
    outer loop
      vertex 61.1072 1.8 20.6931
      vertex 60.8671 0 21.0315
      vertex 61.1072 0 20.6931
    endloop
  endfacet
  facet normal 0.745638 -0 0.666351
    outer loop
      vertex 61.1072 0 20.6931
      vertex 61.3837 1.8 20.3837
      vertex 61.1072 1.8 20.6931
    endloop
  endfacet
  facet normal 0.745638 0 0.666351
    outer loop
      vertex 61.3837 1.8 20.3837
      vertex 61.1072 0 20.6931
      vertex 61.3837 0 20.3837
    endloop
  endfacet
  facet normal 0.666351 0 0.745638
    outer loop
      vertex 61.3837 1.8 20.3837
      vertex 61.6931 0 20.1072
      vertex 61.6931 1.8 20.1072
    endloop
  endfacet
  facet normal 0.666351 0 0.745638
    outer loop
      vertex 61.6931 0 20.1072
      vertex 61.3837 1.8 20.3837
      vertex 61.3837 0 20.3837
    endloop
  endfacet
  facet normal 0.578659 0 0.81557
    outer loop
      vertex 61.6931 1.8 20.1072
      vertex 62.0315 0 19.8671
      vertex 62.0315 1.8 19.8671
    endloop
  endfacet
  facet normal 0.578659 0 0.81557
    outer loop
      vertex 62.0315 0 19.8671
      vertex 61.6931 1.8 20.1072
      vertex 61.6931 0 20.1072
    endloop
  endfacet
  facet normal 0.483759 0 0.875201
    outer loop
      vertex 62.0315 1.8 19.8671
      vertex 62.3946 0 19.6664
      vertex 62.3946 1.8 19.6664
    endloop
  endfacet
  facet normal 0.483759 0 0.875201
    outer loop
      vertex 62.3946 0 19.6664
      vertex 62.0315 1.8 19.8671
      vertex 62.0315 0 19.8671
    endloop
  endfacet
  facet normal 0.382664 0 0.923888
    outer loop
      vertex 62.3946 1.8 19.6664
      vertex 62.778 0 19.5076
      vertex 62.778 1.8 19.5076
    endloop
  endfacet
  facet normal 0.382664 0 0.923888
    outer loop
      vertex 62.778 0 19.5076
      vertex 62.3946 1.8 19.6664
      vertex 62.3946 0 19.6664
    endloop
  endfacet
  facet normal 0.276694 0 0.960958
    outer loop
      vertex 62.778 1.8 19.5076
      vertex 63.1767 0 19.3928
      vertex 63.1767 1.8 19.3928
    endloop
  endfacet
  facet normal 0.276694 0 0.960958
    outer loop
      vertex 63.1767 0 19.3928
      vertex 62.778 1.8 19.5076
      vertex 62.778 0 19.5076
    endloop
  endfacet
  facet normal 0.167525 0 0.985868
    outer loop
      vertex 63.1767 1.8 19.3928
      vertex 63.5857 0 19.3233
      vertex 63.5857 1.8 19.3233
    endloop
  endfacet
  facet normal 0.167525 0 0.985868
    outer loop
      vertex 63.5857 0 19.3233
      vertex 63.1767 1.8 19.3928
      vertex 63.1767 0 19.3928
    endloop
  endfacet
  facet normal 0.0561507 0 0.998422
    outer loop
      vertex 63.5857 1.8 19.3233
      vertex 64 0 19.3
      vertex 64 1.8 19.3
    endloop
  endfacet
  facet normal 0.0561507 0 0.998422
    outer loop
      vertex 64 0 19.3
      vertex 63.5857 1.8 19.3233
      vertex 63.5857 0 19.3233
    endloop
  endfacet
  facet normal -0.0561507 0 0.998422
    outer loop
      vertex 64 1.8 19.3
      vertex 64.4143 0 19.3233
      vertex 64.4143 1.8 19.3233
    endloop
  endfacet
  facet normal -0.0561507 0 0.998422
    outer loop
      vertex 64.4143 0 19.3233
      vertex 64 1.8 19.3
      vertex 64 0 19.3
    endloop
  endfacet
  facet normal -0.167501 0 0.985872
    outer loop
      vertex 24.1232 1.4 7.40691
      vertex 24.2448 0 7.42757
      vertex 24.2448 1.4 7.42757
    endloop
  endfacet
  facet normal -0.167501 0 0.985872
    outer loop
      vertex 24.2448 0 7.42757
      vertex 24.1232 1.4 7.40691
      vertex 24.1232 0 7.40691
    endloop
  endfacet
  facet normal -0.276916 0 0.960894
    outer loop
      vertex 24.2448 1.4 7.42757
      vertex 24.3633 0 7.46172
      vertex 24.3633 1.4 7.46172
    endloop
  endfacet
  facet normal -0.276916 0 0.960894
    outer loop
      vertex 24.3633 0 7.46172
      vertex 24.2448 1.4 7.42757
      vertex 24.2448 0 7.42757
    endloop
  endfacet
  facet normal -0.382612 0 0.923909
    outer loop
      vertex 24.3633 1.4 7.46172
      vertex 24.4773 0 7.50893
      vertex 24.4773 1.4 7.50893
    endloop
  endfacet
  facet normal -0.382612 0 0.923909
    outer loop
      vertex 24.4773 0 7.50893
      vertex 24.3633 1.4 7.46172
      vertex 24.3633 0 7.46172
    endloop
  endfacet
  facet normal -0.483879 0 0.875135
    outer loop
      vertex 24.4773 1.4 7.50893
      vertex 24.5852 0 7.56859
      vertex 24.5852 1.4 7.56859
    endloop
  endfacet
  facet normal -0.483879 0 0.875135
    outer loop
      vertex 24.5852 0 7.56859
      vertex 24.4773 1.4 7.50893
      vertex 24.4773 0 7.50893
    endloop
  endfacet
  facet normal -0.578728 0 0.815521
    outer loop
      vertex 24.5852 1.4 7.56859
      vertex 24.6858 0 7.63998
      vertex 24.6858 1.4 7.63998
    endloop
  endfacet
  facet normal -0.578728 0 0.815521
    outer loop
      vertex 24.6858 0 7.63998
      vertex 24.5852 1.4 7.56859
      vertex 24.5852 0 7.56859
    endloop
  endfacet
  facet normal -0.666228 0 0.745748
    outer loop
      vertex 24.6858 1.4 7.63998
      vertex 24.7778 0 7.72217
      vertex 24.7778 1.4 7.72217
    endloop
  endfacet
  facet normal -0.666228 0 0.745748
    outer loop
      vertex 24.7778 0 7.72217
      vertex 24.6858 1.4 7.63998
      vertex 24.6858 0 7.63998
    endloop
  endfacet
  facet normal -0.745636 0 0.666354
    outer loop
      vertex 24.7778 0 7.72217
      vertex 24.86 1.4 7.81415
      vertex 24.7778 1.4 7.72217
    endloop
  endfacet
  facet normal -0.745636 0 0.666354
    outer loop
      vertex 24.86 1.4 7.81415
      vertex 24.7778 0 7.72217
      vertex 24.86 0 7.81415
    endloop
  endfacet
  facet normal -0.81551 0 0.578744
    outer loop
      vertex 24.86 0 7.81415
      vertex 24.9314 1.4 7.91476
      vertex 24.86 1.4 7.81415
    endloop
  endfacet
  facet normal -0.81551 0 0.578744
    outer loop
      vertex 24.9314 1.4 7.91476
      vertex 24.86 0 7.81415
      vertex 24.9314 0 7.91476
    endloop
  endfacet
  facet normal -0.875111 0 0.483921
    outer loop
      vertex 24.9314 0 7.91476
      vertex 24.9911 1.4 8.02272
      vertex 24.9314 1.4 7.91476
    endloop
  endfacet
  facet normal -0.875111 0 0.483921
    outer loop
      vertex 24.9911 1.4 8.02272
      vertex 24.9314 0 7.91476
      vertex 24.9911 0 8.02272
    endloop
  endfacet
  facet normal -0.923902 0 0.382629
    outer loop
      vertex 24.9911 0 8.02272
      vertex 25.0383 1.4 8.13669
      vertex 24.9911 1.4 8.02272
    endloop
  endfacet
  facet normal -0.923902 0 0.382629
    outer loop
      vertex 25.0383 1.4 8.13669
      vertex 24.9911 0 8.02272
      vertex 25.0383 0 8.13669
    endloop
  endfacet
  facet normal -0.961021 0 0.276477
    outer loop
      vertex 25.0383 0 8.13669
      vertex 25.0724 1.4 8.25522
      vertex 25.0383 1.4 8.13669
    endloop
  endfacet
  facet normal -0.961021 0 0.276477
    outer loop
      vertex 25.0724 1.4 8.25522
      vertex 25.0383 0 8.13669
      vertex 25.0724 0 8.25522
    endloop
  endfacet
  facet normal -0.985821 0 0.167803
    outer loop
      vertex 25.0724 0 8.25522
      vertex 25.0931 1.4 8.37683
      vertex 25.0724 1.4 8.25522
    endloop
  endfacet
  facet normal -0.985821 0 0.167803
    outer loop
      vertex 25.0931 1.4 8.37683
      vertex 25.0724 0 8.25522
      vertex 25.0931 0 8.37683
    endloop
  endfacet
  facet normal -0.998435 0 0.0559324
    outer loop
      vertex 25.0931 0 8.37683
      vertex 25.1 1.4 8.5
      vertex 25.0931 1.4 8.37683
    endloop
  endfacet
  facet normal -0.998435 0 0.0559324
    outer loop
      vertex 25.1 1.4 8.5
      vertex 25.0931 0 8.37683
      vertex 25.1 0 8.5
    endloop
  endfacet
  facet normal -0.998434 0 -0.0559415
    outer loop
      vertex 25.1 0 8.5
      vertex 25.0931 1.4 8.62315
      vertex 25.1 1.4 8.5
    endloop
  endfacet
  facet normal -0.998434 -0 -0.0559415
    outer loop
      vertex 25.0931 1.4 8.62315
      vertex 25.1 0 8.5
      vertex 25.0931 0 8.62315
    endloop
  endfacet
  facet normal -0.985823 0 -0.167789
    outer loop
      vertex 25.0931 0 8.62315
      vertex 25.0724 1.4 8.74477
      vertex 25.0931 1.4 8.62315
    endloop
  endfacet
  facet normal -0.985823 -0 -0.167789
    outer loop
      vertex 25.0724 1.4 8.74477
      vertex 25.0931 0 8.62315
      vertex 25.0724 0 8.74477
    endloop
  endfacet
  facet normal -0.961021 0 -0.276477
    outer loop
      vertex 25.0724 0 8.74477
      vertex 25.0383 1.4 8.8633
      vertex 25.0724 1.4 8.74477
    endloop
  endfacet
  facet normal -0.961021 -0 -0.276477
    outer loop
      vertex 25.0383 1.4 8.8633
      vertex 25.0724 0 8.74477
      vertex 25.0383 0 8.8633
    endloop
  endfacet
  facet normal -0.92389 0 -0.382657
    outer loop
      vertex 25.0383 0 8.8633
      vertex 24.9911 1.4 8.97726
      vertex 25.0383 1.4 8.8633
    endloop
  endfacet
  facet normal -0.92389 -0 -0.382657
    outer loop
      vertex 24.9911 1.4 8.97726
      vertex 25.0383 0 8.8633
      vertex 24.9911 0 8.97726
    endloop
  endfacet
  facet normal -0.875111 0 -0.483921
    outer loop
      vertex 24.9911 0 8.97726
      vertex 24.9314 1.4 9.08522
      vertex 24.9911 1.4 8.97726
    endloop
  endfacet
  facet normal -0.875111 -0 -0.483921
    outer loop
      vertex 24.9314 1.4 9.08522
      vertex 24.9911 0 8.97726
      vertex 24.9314 0 9.08522
    endloop
  endfacet
  facet normal -0.815537 0 -0.578705
    outer loop
      vertex 24.9314 0 9.08522
      vertex 24.86 1.4 9.18584
      vertex 24.9314 1.4 9.08522
    endloop
  endfacet
  facet normal -0.815537 -0 -0.578705
    outer loop
      vertex 24.86 1.4 9.18584
      vertex 24.9314 0 9.08522
      vertex 24.86 0 9.18584
    endloop
  endfacet
  facet normal -0.745636 0 -0.666354
    outer loop
      vertex 24.86 0 9.18584
      vertex 24.7778 1.4 9.27782
      vertex 24.86 1.4 9.18584
    endloop
  endfacet
  facet normal -0.745636 -0 -0.666354
    outer loop
      vertex 24.7778 1.4 9.27782
      vertex 24.86 0 9.18584
      vertex 24.7778 0 9.27782
    endloop
  endfacet
  facet normal -0.666183 0 -0.745788
    outer loop
      vertex 24.6858 0 9.36
      vertex 24.7778 1.4 9.27782
      vertex 24.7778 0 9.27782
    endloop
  endfacet
  facet normal -0.666183 0 -0.745788
    outer loop
      vertex 24.7778 1.4 9.27782
      vertex 24.6858 0 9.36
      vertex 24.6858 1.4 9.36
    endloop
  endfacet
  facet normal -0.578782 0 -0.815482
    outer loop
      vertex 24.5852 0 9.4314
      vertex 24.6858 1.4 9.36
      vertex 24.6858 0 9.36
    endloop
  endfacet
  facet normal -0.578782 0 -0.815482
    outer loop
      vertex 24.6858 1.4 9.36
      vertex 24.5852 0 9.4314
      vertex 24.5852 1.4 9.4314
    endloop
  endfacet
  facet normal -0.483879 0 -0.875135
    outer loop
      vertex 24.4773 0 9.49106
      vertex 24.5852 1.4 9.4314
      vertex 24.5852 0 9.4314
    endloop
  endfacet
  facet normal -0.483879 0 -0.875135
    outer loop
      vertex 24.5852 1.4 9.4314
      vertex 24.4773 0 9.49106
      vertex 24.4773 1.4 9.49106
    endloop
  endfacet
  facet normal -0.382612 0 -0.923909
    outer loop
      vertex 24.3633 0 9.53827
      vertex 24.4773 1.4 9.49106
      vertex 24.4773 0 9.49106
    endloop
  endfacet
  facet normal -0.382612 0 -0.923909
    outer loop
      vertex 24.4773 1.4 9.49106
      vertex 24.3633 0 9.53827
      vertex 24.3633 1.4 9.53827
    endloop
  endfacet
  facet normal -0.276916 0 -0.960894
    outer loop
      vertex 24.2448 0 9.57242
      vertex 24.3633 1.4 9.53827
      vertex 24.3633 0 9.53827
    endloop
  endfacet
  facet normal -0.276916 0 -0.960894
    outer loop
      vertex 24.3633 1.4 9.53827
      vertex 24.2448 0 9.57242
      vertex 24.2448 1.4 9.57242
    endloop
  endfacet
  facet normal -0.167501 0 -0.985872
    outer loop
      vertex 24.1232 0 9.59308
      vertex 24.2448 1.4 9.57242
      vertex 24.2448 0 9.57242
    endloop
  endfacet
  facet normal -0.167501 0 -0.985872
    outer loop
      vertex 24.2448 1.4 9.57242
      vertex 24.1232 0 9.59308
      vertex 24.1232 1.4 9.59308
    endloop
  endfacet
  facet normal -0.0559996 0 -0.998431
    outer loop
      vertex 24 0 9.59999
      vertex 24.1232 1.4 9.59308
      vertex 24.1232 0 9.59308
    endloop
  endfacet
  facet normal -0.0559996 0 -0.998431
    outer loop
      vertex 24.1232 1.4 9.59308
      vertex 24 0 9.59999
      vertex 24 1.4 9.59999
    endloop
  endfacet
  facet normal 0.0559996 0 -0.998431
    outer loop
      vertex 23.8768 0 9.59308
      vertex 24 1.4 9.59999
      vertex 24 0 9.59999
    endloop
  endfacet
  facet normal 0.0559996 0 -0.998431
    outer loop
      vertex 24 1.4 9.59999
      vertex 23.8768 0 9.59308
      vertex 23.8768 1.4 9.59308
    endloop
  endfacet
  facet normal 0.167501 0 -0.985872
    outer loop
      vertex 23.7552 0 9.57242
      vertex 23.8768 1.4 9.59308
      vertex 23.8768 0 9.59308
    endloop
  endfacet
  facet normal 0.167501 0 -0.985872
    outer loop
      vertex 23.8768 1.4 9.59308
      vertex 23.7552 0 9.57242
      vertex 23.7552 1.4 9.57242
    endloop
  endfacet
  facet normal 0.276916 0 -0.960894
    outer loop
      vertex 23.6367 0 9.53827
      vertex 23.7552 1.4 9.57242
      vertex 23.7552 0 9.57242
    endloop
  endfacet
  facet normal 0.276916 0 -0.960894
    outer loop
      vertex 23.7552 1.4 9.57242
      vertex 23.6367 0 9.53827
      vertex 23.6367 1.4 9.53827
    endloop
  endfacet
  facet normal 0.382612 0 -0.923909
    outer loop
      vertex 23.5227 0 9.49106
      vertex 23.6367 1.4 9.53827
      vertex 23.6367 0 9.53827
    endloop
  endfacet
  facet normal 0.382612 0 -0.923909
    outer loop
      vertex 23.6367 1.4 9.53827
      vertex 23.5227 0 9.49106
      vertex 23.5227 1.4 9.49106
    endloop
  endfacet
  facet normal 0.483879 0 -0.875135
    outer loop
      vertex 23.4148 0 9.4314
      vertex 23.5227 1.4 9.49106
      vertex 23.5227 0 9.49106
    endloop
  endfacet
  facet normal 0.483879 0 -0.875135
    outer loop
      vertex 23.5227 1.4 9.49106
      vertex 23.4148 0 9.4314
      vertex 23.4148 1.4 9.4314
    endloop
  endfacet
  facet normal 0.578399 0 -0.815754
    outer loop
      vertex 23.3141 0 9.36
      vertex 23.4148 1.4 9.4314
      vertex 23.4148 0 9.4314
    endloop
  endfacet
  facet normal 0.578399 0 -0.815754
    outer loop
      vertex 23.4148 1.4 9.4314
      vertex 23.3141 0 9.36
      vertex 23.3141 1.4 9.36
    endloop
  endfacet
  facet normal 0.666586 0 -0.745428
    outer loop
      vertex 23.2222 0 9.27782
      vertex 23.3141 1.4 9.36
      vertex 23.3141 0 9.36
    endloop
  endfacet
  facet normal 0.666586 0 -0.745428
    outer loop
      vertex 23.3141 1.4 9.36
      vertex 23.2222 0 9.27782
      vertex 23.2222 1.4 9.27782
    endloop
  endfacet
  facet normal 0.745636 0 -0.666354
    outer loop
      vertex 23.2222 0 9.27782
      vertex 23.14 1.4 9.18584
      vertex 23.2222 1.4 9.27782
    endloop
  endfacet
  facet normal 0.745636 0 -0.666354
    outer loop
      vertex 23.14 1.4 9.18584
      vertex 23.2222 0 9.27782
      vertex 23.14 0 9.18584
    endloop
  endfacet
  facet normal 0.815537 0 -0.578705
    outer loop
      vertex 23.14 0 9.18584
      vertex 23.0686 1.4 9.08522
      vertex 23.14 1.4 9.18584
    endloop
  endfacet
  facet normal 0.815537 0 -0.578705
    outer loop
      vertex 23.0686 1.4 9.08522
      vertex 23.14 0 9.18584
      vertex 23.0686 0 9.08522
    endloop
  endfacet
  facet normal 0.875111 0 -0.483921
    outer loop
      vertex 23.0686 0 9.08522
      vertex 23.0089 1.4 8.97726
      vertex 23.0686 1.4 9.08522
    endloop
  endfacet
  facet normal 0.875111 0 -0.483921
    outer loop
      vertex 23.0089 1.4 8.97726
      vertex 23.0686 0 9.08522
      vertex 23.0089 0 8.97726
    endloop
  endfacet
  facet normal 0.92389 0 -0.382657
    outer loop
      vertex 23.0089 0 8.97726
      vertex 22.9617 1.4 8.8633
      vertex 23.0089 1.4 8.97726
    endloop
  endfacet
  facet normal 0.92389 0 -0.382657
    outer loop
      vertex 22.9617 1.4 8.8633
      vertex 23.0089 0 8.97726
      vertex 22.9617 0 8.8633
    endloop
  endfacet
  facet normal 0.961021 0 -0.276477
    outer loop
      vertex 22.9617 0 8.8633
      vertex 22.9276 1.4 8.74477
      vertex 22.9617 1.4 8.8633
    endloop
  endfacet
  facet normal 0.961021 0 -0.276477
    outer loop
      vertex 22.9276 1.4 8.74477
      vertex 22.9617 0 8.8633
      vertex 22.9276 0 8.74477
    endloop
  endfacet
  facet normal 0.985823 0 -0.167789
    outer loop
      vertex 22.9276 0 8.74477
      vertex 22.9069 1.4 8.62315
      vertex 22.9276 1.4 8.74477
    endloop
  endfacet
  facet normal 0.985823 0 -0.167789
    outer loop
      vertex 22.9069 1.4 8.62315
      vertex 22.9276 0 8.74477
      vertex 22.9069 0 8.62315
    endloop
  endfacet
  facet normal 0.998434 0 -0.0559415
    outer loop
      vertex 22.9069 0 8.62315
      vertex 22.9 1.4 8.5
      vertex 22.9069 1.4 8.62315
    endloop
  endfacet
  facet normal 0.998434 0 -0.0559415
    outer loop
      vertex 22.9 1.4 8.5
      vertex 22.9069 0 8.62315
      vertex 22.9 0 8.5
    endloop
  endfacet
  facet normal 0.998435 -0 0.0559324
    outer loop
      vertex 22.9 0 8.5
      vertex 22.9069 1.4 8.37683
      vertex 22.9 1.4 8.5
    endloop
  endfacet
  facet normal 0.998435 0 0.0559324
    outer loop
      vertex 22.9069 1.4 8.37683
      vertex 22.9 0 8.5
      vertex 22.9069 0 8.37683
    endloop
  endfacet
  facet normal 0.985821 -0 0.167803
    outer loop
      vertex 22.9069 0 8.37683
      vertex 22.9276 1.4 8.25522
      vertex 22.9069 1.4 8.37683
    endloop
  endfacet
  facet normal 0.985821 0 0.167803
    outer loop
      vertex 22.9276 1.4 8.25522
      vertex 22.9069 0 8.37683
      vertex 22.9276 0 8.25522
    endloop
  endfacet
  facet normal 0.961021 -0 0.276477
    outer loop
      vertex 22.9276 0 8.25522
      vertex 22.9617 1.4 8.13669
      vertex 22.9276 1.4 8.25522
    endloop
  endfacet
  facet normal 0.961021 0 0.276477
    outer loop
      vertex 22.9617 1.4 8.13669
      vertex 22.9276 0 8.25522
      vertex 22.9617 0 8.13669
    endloop
  endfacet
  facet normal 0.923902 -0 0.382629
    outer loop
      vertex 22.9617 0 8.13669
      vertex 23.0089 1.4 8.02272
      vertex 22.9617 1.4 8.13669
    endloop
  endfacet
  facet normal 0.923902 0 0.382629
    outer loop
      vertex 23.0089 1.4 8.02272
      vertex 22.9617 0 8.13669
      vertex 23.0089 0 8.02272
    endloop
  endfacet
  facet normal 0.875111 -0 0.483921
    outer loop
      vertex 23.0089 0 8.02272
      vertex 23.0686 1.4 7.91476
      vertex 23.0089 1.4 8.02272
    endloop
  endfacet
  facet normal 0.875111 0 0.483921
    outer loop
      vertex 23.0686 1.4 7.91476
      vertex 23.0089 0 8.02272
      vertex 23.0686 0 7.91476
    endloop
  endfacet
  facet normal 0.81551 -0 0.578744
    outer loop
      vertex 23.0686 0 7.91476
      vertex 23.14 1.4 7.81415
      vertex 23.0686 1.4 7.91476
    endloop
  endfacet
  facet normal 0.81551 0 0.578744
    outer loop
      vertex 23.14 1.4 7.81415
      vertex 23.0686 0 7.91476
      vertex 23.14 0 7.81415
    endloop
  endfacet
  facet normal 0.745636 -0 0.666354
    outer loop
      vertex 23.14 0 7.81415
      vertex 23.2222 1.4 7.72217
      vertex 23.14 1.4 7.81415
    endloop
  endfacet
  facet normal 0.745636 0 0.666354
    outer loop
      vertex 23.2222 1.4 7.72217
      vertex 23.14 0 7.81415
      vertex 23.2222 0 7.72217
    endloop
  endfacet
  facet normal 0.666631 0 0.745388
    outer loop
      vertex 23.2222 1.4 7.72217
      vertex 23.3141 0 7.63998
      vertex 23.3141 1.4 7.63998
    endloop
  endfacet
  facet normal 0.666631 0 0.745388
    outer loop
      vertex 23.3141 0 7.63998
      vertex 23.2222 1.4 7.72217
      vertex 23.2222 0 7.72217
    endloop
  endfacet
  facet normal 0.578345 0 0.815792
    outer loop
      vertex 23.3141 1.4 7.63998
      vertex 23.4148 0 7.56859
      vertex 23.4148 1.4 7.56859
    endloop
  endfacet
  facet normal 0.578345 0 0.815792
    outer loop
      vertex 23.4148 0 7.56859
      vertex 23.3141 1.4 7.63998
      vertex 23.3141 0 7.63998
    endloop
  endfacet
  facet normal 0.483879 0 0.875135
    outer loop
      vertex 23.4148 1.4 7.56859
      vertex 23.5227 0 7.50893
      vertex 23.5227 1.4 7.50893
    endloop
  endfacet
  facet normal 0.483879 0 0.875135
    outer loop
      vertex 23.5227 0 7.50893
      vertex 23.4148 1.4 7.56859
      vertex 23.4148 0 7.56859
    endloop
  endfacet
  facet normal 0.382612 0 0.923909
    outer loop
      vertex 23.5227 1.4 7.50893
      vertex 23.6367 0 7.46172
      vertex 23.6367 1.4 7.46172
    endloop
  endfacet
  facet normal 0.382612 0 0.923909
    outer loop
      vertex 23.6367 0 7.46172
      vertex 23.5227 1.4 7.50893
      vertex 23.5227 0 7.50893
    endloop
  endfacet
  facet normal 0.276916 0 0.960894
    outer loop
      vertex 23.6367 1.4 7.46172
      vertex 23.7552 0 7.42757
      vertex 23.7552 1.4 7.42757
    endloop
  endfacet
  facet normal 0.276916 0 0.960894
    outer loop
      vertex 23.7552 0 7.42757
      vertex 23.6367 1.4 7.46172
      vertex 23.6367 0 7.46172
    endloop
  endfacet
  facet normal 0.167501 0 0.985872
    outer loop
      vertex 23.7552 1.4 7.42757
      vertex 23.8768 0 7.40691
      vertex 23.8768 1.4 7.40691
    endloop
  endfacet
  facet normal 0.167501 0 0.985872
    outer loop
      vertex 23.8768 0 7.40691
      vertex 23.7552 1.4 7.42757
      vertex 23.7552 0 7.42757
    endloop
  endfacet
  facet normal 0.0560804 0 0.998426
    outer loop
      vertex 23.8768 1.4 7.40691
      vertex 24 0 7.39999
      vertex 24 1.4 7.39999
    endloop
  endfacet
  facet normal 0.0560804 0 0.998426
    outer loop
      vertex 24 0 7.39999
      vertex 23.8768 1.4 7.40691
      vertex 23.8768 0 7.40691
    endloop
  endfacet
  facet normal -0.0560804 0 0.998426
    outer loop
      vertex 24 1.4 7.39999
      vertex 24.1232 0 7.40691
      vertex 24.1232 1.4 7.40691
    endloop
  endfacet
  facet normal -0.0560804 0 0.998426
    outer loop
      vertex 24.1232 0 7.40691
      vertex 24 1.4 7.39999
      vertex 24 0 7.39999
    endloop
  endfacet
endsolid OpenSCAD_Model
