solid OpenSCAD_Model
  facet normal -0.382691 0 -0.923877
    outer loop
      vertex 7.02386 1.2 8.92604
      vertex 7.34504 2.8 8.793
      vertex 7.34504 1.2 8.793
    endloop
  endfacet
  facet normal -0.382691 0 -0.923877
    outer loop
      vertex 7.34504 2.8 8.793
      vertex 7.02386 1.2 8.92604
      vertex 7.02386 2.8 8.92604
    endloop
  endfacet
  facet normal -0.4837 0 0.875234
    outer loop
      vertex 7.34504 2.8 3.207
      vertex 7.6493 1.2 3.37515
      vertex 7.6493 2.8 3.37515
    endloop
  endfacet
  facet normal -0.4837 0 0.875234
    outer loop
      vertex 7.6493 1.2 3.37515
      vertex 7.34504 2.8 3.207
      vertex 7.34504 1.2 3.207
    endloop
  endfacet
  facet normal -0.985872 0 0.1675
    outer loop
      vertex 9.02228 1.2 5.31018
      vertex 9.08051 2.8 5.65291
      vertex 9.02228 2.8 5.31018
    endloop
  endfacet
  facet normal -0.985872 0 0.1675
    outer loop
      vertex 9.08051 2.8 5.65291
      vertex 9.02228 1.2 5.31018
      vertex 9.08051 1.2 5.65291
    endloop
  endfacet
  facet normal -0.998427 0 0.0560643
    outer loop
      vertex 9.08051 1.2 5.65291
      vertex 9.1 2.8 6
      vertex 9.08051 2.8 5.65291
    endloop
  endfacet
  facet normal -0.998427 0 0.0560643
    outer loop
      vertex 9.1 2.8 6
      vertex 9.08051 1.2 5.65291
      vertex 9.1 1.2 6
    endloop
  endfacet
  facet normal -0.960916 0 0.27684
    outer loop
      vertex 8.92604 1.2 4.97613
      vertex 9.02228 2.8 5.31018
      vertex 8.92604 2.8 4.97613
    endloop
  endfacet
  facet normal -0.960916 0 0.27684
    outer loop
      vertex 9.02228 2.8 5.31018
      vertex 8.92604 1.2 4.97613
      vertex 9.02228 1.2 5.31018
    endloop
  endfacet
  facet normal -0.382691 0 0.923877
    outer loop
      vertex 7.02386 2.8 3.07396
      vertex 7.34504 1.2 3.207
      vertex 7.34504 2.8 3.207
    endloop
  endfacet
  facet normal -0.382691 0 0.923877
    outer loop
      vertex 7.34504 1.2 3.207
      vertex 7.02386 2.8 3.07396
      vertex 7.02386 1.2 3.07396
    endloop
  endfacet
  facet normal 0.578656 0 -0.815572
    outer loop
      vertex 4.06718 1.2 8.42368
      vertex 4.3507 2.8 8.62484
      vertex 4.3507 1.2 8.62484
    endloop
  endfacet
  facet normal 0.578656 0 -0.815572
    outer loop
      vertex 4.3507 2.8 8.62484
      vertex 4.06718 1.2 8.42368
      vertex 4.06718 2.8 8.42368
    endloop
  endfacet
  facet normal 0.745634 0 -0.666356
    outer loop
      vertex 3.80797 1.2 8.19203
      vertex 3.57632 2.8 7.93282
      vertex 3.80797 2.8 8.19203
    endloop
  endfacet
  facet normal 0.745634 0 -0.666356
    outer loop
      vertex 3.57632 2.8 7.93282
      vertex 3.80797 1.2 8.19203
      vertex 3.57632 1.2 7.93282
    endloop
  endfacet
  facet normal 0.875234 0 -0.4837
    outer loop
      vertex 3.37515 1.2 7.6493
      vertex 3.207 2.8 7.34504
      vertex 3.37515 2.8 7.6493
    endloop
  endfacet
  facet normal 0.875234 0 -0.4837
    outer loop
      vertex 3.207 2.8 7.34504
      vertex 3.37515 1.2 7.6493
      vertex 3.207 1.2 7.34504
    endloop
  endfacet
  facet normal -0.27684 0 -0.960916
    outer loop
      vertex 6.68981 1.2 9.02228
      vertex 7.02386 2.8 8.92604
      vertex 7.02386 1.2 8.92604
    endloop
  endfacet
  facet normal -0.27684 0 -0.960916
    outer loop
      vertex 7.02386 2.8 8.92604
      vertex 6.68981 1.2 9.02228
      vertex 6.68981 2.8 9.02228
    endloop
  endfacet
  facet normal 0.0560643 0 -0.998427
    outer loop
      vertex 5.65291 1.2 9.08051
      vertex 6 2.8 9.1
      vertex 6 1.2 9.1
    endloop
  endfacet
  facet normal 0.0560643 0 -0.998427
    outer loop
      vertex 6 2.8 9.1
      vertex 5.65291 1.2 9.08051
      vertex 5.65291 2.8 9.08051
    endloop
  endfacet
  facet normal -0.923872 0 0.382701
    outer loop
      vertex 8.793 1.2 4.65496
      vertex 8.92604 2.8 4.97613
      vertex 8.793 2.8 4.65496
    endloop
  endfacet
  facet normal -0.923872 0 0.382701
    outer loop
      vertex 8.92604 2.8 4.97613
      vertex 8.793 1.2 4.65496
      vertex 8.92604 1.2 4.97613
    endloop
  endfacet
  facet normal 0.998427 -0 0.0560643
    outer loop
      vertex 2.9 1.2 6
      vertex 2.91949 2.8 5.65291
      vertex 2.9 2.8 6
    endloop
  endfacet
  facet normal 0.998427 0 0.0560643
    outer loop
      vertex 2.91949 2.8 5.65291
      vertex 2.9 1.2 6
      vertex 2.91949 1.2 5.65291
    endloop
  endfacet
  facet normal -0.27684 0 0.960916
    outer loop
      vertex 6.68981 2.8 2.97772
      vertex 7.02386 1.2 3.07396
      vertex 7.02386 2.8 3.07396
    endloop
  endfacet
  facet normal -0.27684 0 0.960916
    outer loop
      vertex 7.02386 1.2 3.07396
      vertex 6.68981 2.8 2.97772
      vertex 6.68981 1.2 2.97772
    endloop
  endfacet
  facet normal -0.745634 0 -0.666356
    outer loop
      vertex 8.42368 1.2 7.93282
      vertex 8.19203 2.8 8.19203
      vertex 8.42368 2.8 7.93282
    endloop
  endfacet
  facet normal -0.745634 -0 -0.666356
    outer loop
      vertex 8.19203 2.8 8.19203
      vertex 8.42368 1.2 7.93282
      vertex 8.19203 1.2 8.19203
    endloop
  endfacet
  facet normal 0.666356 0 0.745634
    outer loop
      vertex 3.80797 2.8 3.80797
      vertex 4.06718 1.2 3.57632
      vertex 4.06718 2.8 3.57632
    endloop
  endfacet
  facet normal 0.666356 0 0.745634
    outer loop
      vertex 4.06718 1.2 3.57632
      vertex 3.80797 2.8 3.80797
      vertex 3.80797 1.2 3.80797
    endloop
  endfacet
  facet normal -0.745634 0 0.666356
    outer loop
      vertex 8.19203 1.2 3.80797
      vertex 8.42368 2.8 4.06718
      vertex 8.19203 2.8 3.80797
    endloop
  endfacet
  facet normal -0.745634 0 0.666356
    outer loop
      vertex 8.42368 2.8 4.06718
      vertex 8.19203 1.2 3.80797
      vertex 8.42368 1.2 4.06718
    endloop
  endfacet
  facet normal -0.875222 0 -0.483722
    outer loop
      vertex 8.793 1.2 7.34504
      vertex 8.62484 2.8 7.6493
      vertex 8.793 2.8 7.34504
    endloop
  endfacet
  facet normal -0.875222 -0 -0.483722
    outer loop
      vertex 8.62484 2.8 7.6493
      vertex 8.793 1.2 7.34504
      vertex 8.62484 1.2 7.6493
    endloop
  endfacet
  facet normal 0.382701 0 0.923872
    outer loop
      vertex 4.65496 2.8 3.207
      vertex 4.97613 1.2 3.07396
      vertex 4.97613 2.8 3.07396
    endloop
  endfacet
  facet normal 0.382701 0 0.923872
    outer loop
      vertex 4.97613 1.2 3.07396
      vertex 4.65496 2.8 3.207
      vertex 4.65496 1.2 3.207
    endloop
  endfacet
  facet normal 0.4837 0 0.875234
    outer loop
      vertex 4.3507 2.8 3.37515
      vertex 4.65496 1.2 3.207
      vertex 4.65496 2.8 3.207
    endloop
  endfacet
  facet normal 0.4837 0 0.875234
    outer loop
      vertex 4.65496 1.2 3.207
      vertex 4.3507 2.8 3.37515
      vertex 4.3507 1.2 3.37515
    endloop
  endfacet
  facet normal 0.745634 -0 0.666356
    outer loop
      vertex 3.57632 1.2 4.06718
      vertex 3.80797 2.8 3.80797
      vertex 3.57632 2.8 4.06718
    endloop
  endfacet
  facet normal 0.745634 0 0.666356
    outer loop
      vertex 3.80797 2.8 3.80797
      vertex 3.57632 1.2 4.06718
      vertex 3.80797 1.2 3.80797
    endloop
  endfacet
  facet normal 0.985871 0 -0.167505
    outer loop
      vertex 2.97772 1.2 6.68981
      vertex 2.91949 2.8 6.34709
      vertex 2.97772 2.8 6.68981
    endloop
  endfacet
  facet normal 0.985871 0 -0.167505
    outer loop
      vertex 2.91949 2.8 6.34709
      vertex 2.97772 1.2 6.68981
      vertex 2.91949 1.2 6.34709
    endloop
  endfacet
  facet normal 0.382701 0 -0.923872
    outer loop
      vertex 4.65496 1.2 8.793
      vertex 4.97613 2.8 8.92604
      vertex 4.97613 1.2 8.92604
    endloop
  endfacet
  facet normal 0.382701 0 -0.923872
    outer loop
      vertex 4.97613 2.8 8.92604
      vertex 4.65496 1.2 8.793
      vertex 4.65496 2.8 8.793
    endloop
  endfacet
  facet normal -0.666356 0 0.745634
    outer loop
      vertex 7.93282 2.8 3.57632
      vertex 8.19203 1.2 3.80797
      vertex 8.19203 2.8 3.80797
    endloop
  endfacet
  facet normal -0.666356 0 0.745634
    outer loop
      vertex 8.19203 1.2 3.80797
      vertex 7.93282 2.8 3.57632
      vertex 7.93282 1.2 3.57632
    endloop
  endfacet
  facet normal -0.483722 0 -0.875222
    outer loop
      vertex 7.34504 1.2 8.793
      vertex 7.6493 2.8 8.62484
      vertex 7.6493 1.2 8.62484
    endloop
  endfacet
  facet normal -0.483722 0 -0.875222
    outer loop
      vertex 7.6493 2.8 8.62484
      vertex 7.34504 1.2 8.793
      vertex 7.34504 2.8 8.793
    endloop
  endfacet
  facet normal -0.960916 0 -0.27684
    outer loop
      vertex 9.02228 1.2 6.68981
      vertex 8.92604 2.8 7.02386
      vertex 9.02228 2.8 6.68981
    endloop
  endfacet
  facet normal -0.960916 -0 -0.27684
    outer loop
      vertex 8.92604 2.8 7.02386
      vertex 9.02228 1.2 6.68981
      vertex 8.92604 1.2 7.02386
    endloop
  endfacet
  facet normal 0.875234 -0 0.4837
    outer loop
      vertex 3.207 1.2 4.65496
      vertex 3.37515 2.8 4.3507
      vertex 3.207 2.8 4.65496
    endloop
  endfacet
  facet normal 0.875234 0 0.4837
    outer loop
      vertex 3.37515 2.8 4.3507
      vertex 3.207 1.2 4.65496
      vertex 3.37515 1.2 4.3507
    endloop
  endfacet
  facet normal 0.27684 0 0.960916
    outer loop
      vertex 4.97613 2.8 3.07396
      vertex 5.31018 1.2 2.97772
      vertex 5.31018 2.8 2.97772
    endloop
  endfacet
  facet normal 0.27684 0 0.960916
    outer loop
      vertex 5.31018 1.2 2.97772
      vertex 4.97613 2.8 3.07396
      vertex 4.97613 1.2 3.07396
    endloop
  endfacet
  facet normal -0.998427 0 -0.0560643
    outer loop
      vertex 9.1 1.2 6
      vertex 9.08051 2.8 6.34709
      vertex 9.1 2.8 6
    endloop
  endfacet
  facet normal -0.998427 -0 -0.0560643
    outer loop
      vertex 9.08051 2.8 6.34709
      vertex 9.1 1.2 6
      vertex 9.08051 1.2 6.34709
    endloop
  endfacet
  facet normal -0.985871 0 -0.167505
    outer loop
      vertex 9.08051 1.2 6.34709
      vertex 9.02228 2.8 6.68981
      vertex 9.08051 2.8 6.34709
    endloop
  endfacet
  facet normal -0.985871 -0 -0.167505
    outer loop
      vertex 9.02228 2.8 6.68981
      vertex 9.08051 1.2 6.34709
      vertex 9.02228 1.2 6.68981
    endloop
  endfacet
  facet normal -0.666356 0 -0.745634
    outer loop
      vertex 7.93282 1.2 8.42368
      vertex 8.19203 2.8 8.19203
      vertex 8.19203 1.2 8.19203
    endloop
  endfacet
  facet normal -0.666356 0 -0.745634
    outer loop
      vertex 8.19203 2.8 8.19203
      vertex 7.93282 1.2 8.42368
      vertex 7.93282 2.8 8.42368
    endloop
  endfacet
  facet normal -0.923877 0 -0.382691
    outer loop
      vertex 8.92604 1.2 7.02386
      vertex 8.793 2.8 7.34504
      vertex 8.92604 2.8 7.02386
    endloop
  endfacet
  facet normal -0.923877 -0 -0.382691
    outer loop
      vertex 8.793 2.8 7.34504
      vertex 8.92604 1.2 7.02386
      vertex 8.793 1.2 7.34504
    endloop
  endfacet
  facet normal 0.815558 0 -0.578675
    outer loop
      vertex 3.57632 1.2 7.93282
      vertex 3.37515 2.8 7.6493
      vertex 3.57632 2.8 7.93282
    endloop
  endfacet
  facet normal 0.815558 0 -0.578675
    outer loop
      vertex 3.37515 2.8 7.6493
      vertex 3.57632 1.2 7.93282
      vertex 3.37515 1.2 7.6493
    endloop
  endfacet
  facet normal -0.815572 0 0.578656
    outer loop
      vertex 8.42368 1.2 4.06718
      vertex 8.62484 2.8 4.3507
      vertex 8.42368 2.8 4.06718
    endloop
  endfacet
  facet normal -0.815572 0 0.578656
    outer loop
      vertex 8.62484 2.8 4.3507
      vertex 8.42368 1.2 4.06718
      vertex 8.62484 1.2 4.3507
    endloop
  endfacet
  facet normal 0.578675 0 0.815558
    outer loop
      vertex 4.06718 2.8 3.57632
      vertex 4.3507 1.2 3.37515
      vertex 4.3507 2.8 3.37515
    endloop
  endfacet
  facet normal 0.578675 0 0.815558
    outer loop
      vertex 4.3507 1.2 3.37515
      vertex 4.06718 2.8 3.57632
      vertex 4.06718 1.2 3.57632
    endloop
  endfacet
  facet normal -0.167505 0 -0.985871
    outer loop
      vertex 6.34709 1.2 9.08051
      vertex 6.68981 2.8 9.02228
      vertex 6.68981 1.2 9.02228
    endloop
  endfacet
  facet normal -0.167505 0 -0.985871
    outer loop
      vertex 6.68981 2.8 9.02228
      vertex 6.34709 1.2 9.08051
      vertex 6.34709 2.8 9.08051
    endloop
  endfacet
  facet normal 0.1675 0 0.985872
    outer loop
      vertex 5.31018 2.8 2.97772
      vertex 5.65291 1.2 2.91949
      vertex 5.65291 2.8 2.91949
    endloop
  endfacet
  facet normal 0.1675 0 0.985872
    outer loop
      vertex 5.65291 1.2 2.91949
      vertex 5.31018 2.8 2.97772
      vertex 5.31018 1.2 2.97772
    endloop
  endfacet
  facet normal -0.578675 0 0.815558
    outer loop
      vertex 7.6493 2.8 3.37515
      vertex 7.93282 1.2 3.57632
      vertex 7.93282 2.8 3.57632
    endloop
  endfacet
  facet normal -0.578675 0 0.815558
    outer loop
      vertex 7.93282 1.2 3.57632
      vertex 7.6493 2.8 3.37515
      vertex 7.6493 1.2 3.37515
    endloop
  endfacet
  facet normal -0.578656 0 -0.815572
    outer loop
      vertex 7.6493 1.2 8.62484
      vertex 7.93282 2.8 8.42368
      vertex 7.93282 1.2 8.42368
    endloop
  endfacet
  facet normal -0.578656 0 -0.815572
    outer loop
      vertex 7.93282 2.8 8.42368
      vertex 7.6493 1.2 8.62484
      vertex 7.6493 2.8 8.62484
    endloop
  endfacet
  facet normal 0.0560643 0 0.998427
    outer loop
      vertex 5.65291 2.8 2.91949
      vertex 6 1.2 2.9
      vertex 6 2.8 2.9
    endloop
  endfacet
  facet normal 0.0560643 0 0.998427
    outer loop
      vertex 6 1.2 2.9
      vertex 5.65291 2.8 2.91949
      vertex 5.65291 1.2 2.91949
    endloop
  endfacet
  facet normal -0.875222 0 0.483722
    outer loop
      vertex 8.62484 1.2 4.3507
      vertex 8.793 2.8 4.65496
      vertex 8.62484 2.8 4.3507
    endloop
  endfacet
  facet normal -0.875222 0 0.483722
    outer loop
      vertex 8.793 2.8 4.65496
      vertex 8.62484 1.2 4.3507
      vertex 8.793 1.2 4.65496
    endloop
  endfacet
  facet normal 0.923872 -0 0.382701
    outer loop
      vertex 3.07396 1.2 4.97613
      vertex 3.207 2.8 4.65496
      vertex 3.07396 2.8 4.97613
    endloop
  endfacet
  facet normal 0.923872 0 0.382701
    outer loop
      vertex 3.207 2.8 4.65496
      vertex 3.07396 1.2 4.97613
      vertex 3.207 1.2 4.65496
    endloop
  endfacet
  facet normal -0.815572 0 -0.578656
    outer loop
      vertex 8.62484 1.2 7.6493
      vertex 8.42368 2.8 7.93282
      vertex 8.62484 2.8 7.6493
    endloop
  endfacet
  facet normal -0.815572 -0 -0.578656
    outer loop
      vertex 8.42368 2.8 7.93282
      vertex 8.62484 1.2 7.6493
      vertex 8.42368 1.2 7.93282
    endloop
  endfacet
  facet normal -0.0560643 0 -0.998427
    outer loop
      vertex 6 1.2 9.1
      vertex 6.34709 2.8 9.08051
      vertex 6.34709 1.2 9.08051
    endloop
  endfacet
  facet normal -0.0560643 0 -0.998427
    outer loop
      vertex 6.34709 2.8 9.08051
      vertex 6 1.2 9.1
      vertex 6 2.8 9.1
    endloop
  endfacet
  facet normal 0.960916 0 -0.27684
    outer loop
      vertex 3.07396 1.2 7.02386
      vertex 2.97772 2.8 6.68981
      vertex 3.07396 2.8 7.02386
    endloop
  endfacet
  facet normal 0.960916 0 -0.27684
    outer loop
      vertex 2.97772 2.8 6.68981
      vertex 3.07396 1.2 7.02386
      vertex 2.97772 1.2 6.68981
    endloop
  endfacet
  facet normal 0.923877 0 -0.382691
    outer loop
      vertex 3.207 1.2 7.34504
      vertex 3.07396 2.8 7.02386
      vertex 3.207 2.8 7.34504
    endloop
  endfacet
  facet normal 0.923877 0 -0.382691
    outer loop
      vertex 3.07396 2.8 7.02386
      vertex 3.207 1.2 7.34504
      vertex 3.07396 1.2 7.02386
    endloop
  endfacet
  facet normal -0.0560643 0 0.998427
    outer loop
      vertex 6 2.8 2.9
      vertex 6.34709 1.2 2.91949
      vertex 6.34709 2.8 2.91949
    endloop
  endfacet
  facet normal -0.0560643 0 0.998427
    outer loop
      vertex 6.34709 1.2 2.91949
      vertex 6 2.8 2.9
      vertex 6 1.2 2.9
    endloop
  endfacet
  facet normal 0.483722 0 -0.875222
    outer loop
      vertex 4.3507 1.2 8.62484
      vertex 4.65496 2.8 8.793
      vertex 4.65496 1.2 8.793
    endloop
  endfacet
  facet normal 0.483722 0 -0.875222
    outer loop
      vertex 4.65496 2.8 8.793
      vertex 4.3507 1.2 8.62484
      vertex 4.3507 2.8 8.62484
    endloop
  endfacet
  facet normal 0.998427 0 -0.0560643
    outer loop
      vertex 2.91949 1.2 6.34709
      vertex 2.9 2.8 6
      vertex 2.91949 2.8 6.34709
    endloop
  endfacet
  facet normal 0.998427 0 -0.0560643
    outer loop
      vertex 2.9 2.8 6
      vertex 2.91949 1.2 6.34709
      vertex 2.9 1.2 6
    endloop
  endfacet
  facet normal 0.985872 -0 0.1675
    outer loop
      vertex 2.91949 1.2 5.65291
      vertex 2.97772 2.8 5.31018
      vertex 2.91949 2.8 5.65291
    endloop
  endfacet
  facet normal 0.985872 0 0.1675
    outer loop
      vertex 2.97772 2.8 5.31018
      vertex 2.91949 1.2 5.65291
      vertex 2.97772 1.2 5.31018
    endloop
  endfacet
  facet normal 0.815558 -0 0.578675
    outer loop
      vertex 3.37515 1.2 4.3507
      vertex 3.57632 2.8 4.06718
      vertex 3.37515 2.8 4.3507
    endloop
  endfacet
  facet normal 0.815558 0 0.578675
    outer loop
      vertex 3.57632 2.8 4.06718
      vertex 3.37515 1.2 4.3507
      vertex 3.57632 1.2 4.06718
    endloop
  endfacet
  facet normal -0.167505 0 0.985871
    outer loop
      vertex 6.34709 2.8 2.91949
      vertex 6.68981 1.2 2.97772
      vertex 6.68981 2.8 2.97772
    endloop
  endfacet
  facet normal -0.167505 0 0.985871
    outer loop
      vertex 6.68981 1.2 2.97772
      vertex 6.34709 2.8 2.91949
      vertex 6.34709 1.2 2.91949
    endloop
  endfacet
  facet normal 0.960916 -0 0.27684
    outer loop
      vertex 2.97772 1.2 5.31018
      vertex 3.07396 2.8 4.97613
      vertex 2.97772 2.8 5.31018
    endloop
  endfacet
  facet normal 0.960916 0 0.27684
    outer loop
      vertex 3.07396 2.8 4.97613
      vertex 2.97772 1.2 5.31018
      vertex 3.07396 1.2 4.97613
    endloop
  endfacet
  facet normal 0.27684 0 -0.960916
    outer loop
      vertex 4.97613 1.2 8.92604
      vertex 5.31018 2.8 9.02228
      vertex 5.31018 1.2 9.02228
    endloop
  endfacet
  facet normal 0.27684 0 -0.960916
    outer loop
      vertex 5.31018 2.8 9.02228
      vertex 4.97613 1.2 8.92604
      vertex 4.97613 2.8 8.92604
    endloop
  endfacet
  facet normal 0.666356 0 -0.745634
    outer loop
      vertex 3.80797 1.2 8.19203
      vertex 4.06718 2.8 8.42368
      vertex 4.06718 1.2 8.42368
    endloop
  endfacet
  facet normal 0.666356 0 -0.745634
    outer loop
      vertex 4.06718 2.8 8.42368
      vertex 3.80797 1.2 8.19203
      vertex 3.80797 2.8 8.19203
    endloop
  endfacet
  facet normal 0 1 0
    outer loop
      vertex 6 1.2 7.5
      vertex 6 1.2 9.1
      vertex 6.34709 1.2 9.08051
    endloop
  endfacet
  facet normal 0 1 0
    outer loop
      vertex 6.16794 1.2 7.49055
      vertex 6.34709 1.2 9.08051
      vertex 6.68981 1.2 9.02228
    endloop
  endfacet
  facet normal 0 1 0
    outer loop
      vertex 6 1.2 9.1
      vertex 6 1.2 7.5
      vertex 5.65291 1.2 9.08051
    endloop
  endfacet
  facet normal 0 1 0
    outer loop
      vertex 6.33377 1.2 7.46239
      vertex 6.68981 1.2 9.02228
      vertex 7.02386 1.2 8.92604
    endloop
  endfacet
  facet normal 0 1 -0
    outer loop
      vertex 5.83205 1.2 7.49055
      vertex 5.65291 1.2 9.08051
      vertex 6 1.2 7.5
    endloop
  endfacet
  facet normal 0 1 0
    outer loop
      vertex 6.49541 1.2 7.41582
      vertex 7.02386 1.2 8.92604
      vertex 7.34504 1.2 8.793
    endloop
  endfacet
  facet normal 0 1 0
    outer loop
      vertex 5.65291 1.2 9.08051
      vertex 5.83205 1.2 7.49055
      vertex 5.31018 1.2 9.02228
    endloop
  endfacet
  facet normal 0 1 0
    outer loop
      vertex 6.65082 1.2 7.35144
      vertex 7.34504 1.2 8.793
      vertex 7.6493 1.2 8.62484
    endloop
  endfacet
  facet normal 0 1 -0
    outer loop
      vertex 5.66621 1.2 7.46239
      vertex 5.31018 1.2 9.02228
      vertex 5.83205 1.2 7.49055
    endloop
  endfacet
  facet normal 0 1 0
    outer loop
      vertex 6.79803 1.2 7.27008
      vertex 7.6493 1.2 8.62484
      vertex 7.93282 1.2 8.42368
    endloop
  endfacet
  facet normal 0 1 0
    outer loop
      vertex 5.31018 1.2 9.02228
      vertex 5.66621 1.2 7.46239
      vertex 4.97613 1.2 8.92604
    endloop
  endfacet
  facet normal 0 1 0
    outer loop
      vertex 6.93523 1.2 7.17274
      vertex 7.93282 1.2 8.42368
      vertex 8.19203 1.2 8.19203
    endloop
  endfacet
  facet normal 0 1 -0
    outer loop
      vertex 5.50458 1.2 7.41582
      vertex 4.97613 1.2 8.92604
      vertex 5.66621 1.2 7.46239
    endloop
  endfacet
  facet normal 0 1 0
    outer loop
      vertex 7.06065 1.2 7.06065
      vertex 8.19203 1.2 8.19203
      vertex 8.42368 1.2 7.93282
    endloop
  endfacet
  facet normal 0 1 0
    outer loop
      vertex 4.97613 1.2 8.92604
      vertex 5.50458 1.2 7.41582
      vertex 4.65496 1.2 8.793
    endloop
  endfacet
  facet normal 0 1 0
    outer loop
      vertex 7.17274 1.2 6.93523
      vertex 8.42368 1.2 7.93282
      vertex 8.62484 1.2 7.6493
    endloop
  endfacet
  facet normal 0 1 -0
    outer loop
      vertex 5.34917 1.2 7.35144
      vertex 4.65496 1.2 8.793
      vertex 5.50458 1.2 7.41582
    endloop
  endfacet
  facet normal 0 1 0
    outer loop
      vertex 4.65496 1.2 8.793
      vertex 5.34917 1.2 7.35144
      vertex 4.3507 1.2 8.62484
    endloop
  endfacet
  facet normal 0 1 0
    outer loop
      vertex 6.34709 1.2 9.08051
      vertex 6.16794 1.2 7.49055
      vertex 6 1.2 7.5
    endloop
  endfacet
  facet normal 0 1 0
    outer loop
      vertex 6.68981 1.2 9.02228
      vertex 6.33377 1.2 7.46239
      vertex 6.16794 1.2 7.49055
    endloop
  endfacet
  facet normal 0 1 0
    outer loop
      vertex 7.02386 1.2 8.92604
      vertex 6.49541 1.2 7.41582
      vertex 6.33377 1.2 7.46239
    endloop
  endfacet
  facet normal 0 1 0
    outer loop
      vertex 7.34504 1.2 8.793
      vertex 6.65082 1.2 7.35144
      vertex 6.49541 1.2 7.41582
    endloop
  endfacet
  facet normal 0 1 0
    outer loop
      vertex 7.27008 1.2 6.79803
      vertex 8.62484 1.2 7.6493
      vertex 8.793 1.2 7.34504
    endloop
  endfacet
  facet normal 0 1 0
    outer loop
      vertex 7.6493 1.2 8.62484
      vertex 6.79803 1.2 7.27008
      vertex 6.65082 1.2 7.35144
    endloop
  endfacet
  facet normal 0 1 0
    outer loop
      vertex 7.93282 1.2 8.42368
      vertex 6.93523 1.2 7.17274
      vertex 6.79803 1.2 7.27008
    endloop
  endfacet
  facet normal 0 1 0
    outer loop
      vertex 8.19203 1.2 8.19203
      vertex 7.06065 1.2 7.06065
      vertex 6.93523 1.2 7.17274
    endloop
  endfacet
  facet normal 0 1 0
    outer loop
      vertex 7.35144 1.2 6.65082
      vertex 8.793 1.2 7.34504
      vertex 8.92604 1.2 7.02386
    endloop
  endfacet
  facet normal 0 1 0
    outer loop
      vertex 8.42368 1.2 7.93282
      vertex 7.17274 1.2 6.93523
      vertex 7.06065 1.2 7.06065
    endloop
  endfacet
  facet normal 0 1 0
    outer loop
      vertex 8.62484 1.2 7.6493
      vertex 7.27008 1.2 6.79803
      vertex 7.17274 1.2 6.93523
    endloop
  endfacet
  facet normal 0 1 0
    outer loop
      vertex 7.41582 1.2 6.49541
      vertex 8.92604 1.2 7.02386
      vertex 9.02228 1.2 6.68981
    endloop
  endfacet
  facet normal 0 1 0
    outer loop
      vertex 8.793 1.2 7.34504
      vertex 7.35144 1.2 6.65082
      vertex 7.27008 1.2 6.79803
    endloop
  endfacet
  facet normal 0 1 0
    outer loop
      vertex 8.92604 1.2 7.02386
      vertex 7.41582 1.2 6.49541
      vertex 7.35144 1.2 6.65082
    endloop
  endfacet
  facet normal 0 1 0
    outer loop
      vertex 7.46239 1.2 6.33377
      vertex 9.02228 1.2 6.68981
      vertex 9.08051 1.2 6.34709
    endloop
  endfacet
  facet normal 0 1 0
    outer loop
      vertex 9.02228 1.2 6.68981
      vertex 7.46239 1.2 6.33377
      vertex 7.41582 1.2 6.49541
    endloop
  endfacet
  facet normal 0 1 0
    outer loop
      vertex 9.08051 1.2 6.34709
      vertex 7.49055 1.2 6.16794
      vertex 7.46239 1.2 6.33377
    endloop
  endfacet
  facet normal 0 1 0
    outer loop
      vertex 9.1 1.2 6
      vertex 7.49055 1.2 6.16794
      vertex 9.08051 1.2 6.34709
    endloop
  endfacet
  facet normal 0 1 0
    outer loop
      vertex 9.1 1.2 6
      vertex 7.5 1.2 6
      vertex 7.49055 1.2 6.16794
    endloop
  endfacet
  facet normal 0 1 0
    outer loop
      vertex 9.1 1.2 6
      vertex 7.49055 1.2 5.83205
      vertex 7.5 1.2 6
    endloop
  endfacet
  facet normal 0 1 -0
    outer loop
      vertex 9.08051 1.2 5.65291
      vertex 7.49055 1.2 5.83205
      vertex 9.1 1.2 6
    endloop
  endfacet
  facet normal 0 1 0
    outer loop
      vertex 7.49055 1.2 5.83205
      vertex 9.08051 1.2 5.65291
      vertex 7.46239 1.2 5.66621
    endloop
  endfacet
  facet normal 0 1 -0
    outer loop
      vertex 9.02228 1.2 5.31018
      vertex 7.46239 1.2 5.66621
      vertex 9.08051 1.2 5.65291
    endloop
  endfacet
  facet normal 0 1 0
    outer loop
      vertex 7.46239 1.2 5.66621
      vertex 9.02228 1.2 5.31018
      vertex 7.41582 1.2 5.50458
    endloop
  endfacet
  facet normal 0 1 -0
    outer loop
      vertex 8.92604 1.2 4.97613
      vertex 7.41582 1.2 5.50458
      vertex 9.02228 1.2 5.31018
    endloop
  endfacet
  facet normal 0 1 0
    outer loop
      vertex 7.41582 1.2 5.50458
      vertex 8.92604 1.2 4.97613
      vertex 7.35144 1.2 5.34917
    endloop
  endfacet
  facet normal 0 1 -0
    outer loop
      vertex 8.793 1.2 4.65496
      vertex 7.35144 1.2 5.34917
      vertex 8.92604 1.2 4.97613
    endloop
  endfacet
  facet normal 0 1 0
    outer loop
      vertex 7.35144 1.2 5.34917
      vertex 8.793 1.2 4.65496
      vertex 7.27008 1.2 5.20195
    endloop
  endfacet
  facet normal 0 1 -0
    outer loop
      vertex 8.62484 1.2 4.3507
      vertex 7.27008 1.2 5.20195
      vertex 8.793 1.2 4.65496
    endloop
  endfacet
  facet normal 0 1 0
    outer loop
      vertex 7.27008 1.2 5.20195
      vertex 8.62484 1.2 4.3507
      vertex 7.17274 1.2 5.06476
    endloop
  endfacet
  facet normal 0 1 -0
    outer loop
      vertex 8.42368 1.2 4.06718
      vertex 7.17274 1.2 5.06476
      vertex 8.62484 1.2 4.3507
    endloop
  endfacet
  facet normal 0 1 0
    outer loop
      vertex 7.17274 1.2 5.06476
      vertex 8.42368 1.2 4.06718
      vertex 7.06065 1.2 4.93933
    endloop
  endfacet
  facet normal 0 1 -0
    outer loop
      vertex 8.19203 1.2 3.80797
      vertex 7.06065 1.2 4.93933
      vertex 8.42368 1.2 4.06718
    endloop
  endfacet
  facet normal 0 1 0
    outer loop
      vertex 7.06065 1.2 4.93933
      vertex 8.19203 1.2 3.80797
      vertex 6.93523 1.2 4.82724
    endloop
  endfacet
  facet normal 0 1 -0
    outer loop
      vertex 7.93282 1.2 3.57632
      vertex 6.93523 1.2 4.82724
      vertex 8.19203 1.2 3.80797
    endloop
  endfacet
  facet normal 0 1 0
    outer loop
      vertex 6.93523 1.2 4.82724
      vertex 7.93282 1.2 3.57632
      vertex 6.79803 1.2 4.7299
    endloop
  endfacet
  facet normal 0 1 -0
    outer loop
      vertex 7.6493 1.2 3.37515
      vertex 6.79803 1.2 4.7299
      vertex 7.93282 1.2 3.57632
    endloop
  endfacet
  facet normal 0 1 0
    outer loop
      vertex 6.79803 1.2 4.7299
      vertex 7.6493 1.2 3.37515
      vertex 6.65082 1.2 4.64854
    endloop
  endfacet
  facet normal 0 1 -0
    outer loop
      vertex 5.20195 1.2 7.27008
      vertex 4.3507 1.2 8.62484
      vertex 5.34917 1.2 7.35144
    endloop
  endfacet
  facet normal 0 1 0
    outer loop
      vertex 4.3507 1.2 8.62484
      vertex 5.20195 1.2 7.27008
      vertex 4.06718 1.2 8.42368
    endloop
  endfacet
  facet normal 0 1 -0
    outer loop
      vertex 5.06476 1.2 7.17274
      vertex 4.06718 1.2 8.42368
      vertex 5.20195 1.2 7.27008
    endloop
  endfacet
  facet normal 0 1 0
    outer loop
      vertex 4.06718 1.2 8.42368
      vertex 5.06476 1.2 7.17274
      vertex 3.80797 1.2 8.19203
    endloop
  endfacet
  facet normal 0 1 -0
    outer loop
      vertex 4.93933 1.2 7.06065
      vertex 3.80797 1.2 8.19203
      vertex 5.06476 1.2 7.17274
    endloop
  endfacet
  facet normal 0 1 0
    outer loop
      vertex 3.80797 1.2 8.19203
      vertex 4.93933 1.2 7.06065
      vertex 3.57632 1.2 7.93282
    endloop
  endfacet
  facet normal 0 1 -0
    outer loop
      vertex 4.82724 1.2 6.93523
      vertex 3.57632 1.2 7.93282
      vertex 4.93933 1.2 7.06065
    endloop
  endfacet
  facet normal 0 1 0
    outer loop
      vertex 3.57632 1.2 7.93282
      vertex 4.82724 1.2 6.93523
      vertex 3.37515 1.2 7.6493
    endloop
  endfacet
  facet normal 0 1 -0
    outer loop
      vertex 4.7299 1.2 6.79803
      vertex 3.37515 1.2 7.6493
      vertex 4.82724 1.2 6.93523
    endloop
  endfacet
  facet normal 0 1 0
    outer loop
      vertex 3.37515 1.2 7.6493
      vertex 4.7299 1.2 6.79803
      vertex 3.207 1.2 7.34504
    endloop
  endfacet
  facet normal 0 1 -0
    outer loop
      vertex 4.64854 1.2 6.65082
      vertex 3.207 1.2 7.34504
      vertex 4.7299 1.2 6.79803
    endloop
  endfacet
  facet normal 0 1 0
    outer loop
      vertex 3.207 1.2 7.34504
      vertex 4.64854 1.2 6.65082
      vertex 3.07396 1.2 7.02386
    endloop
  endfacet
  facet normal 0 1 -0
    outer loop
      vertex 4.58417 1.2 6.49541
      vertex 3.07396 1.2 7.02386
      vertex 4.64854 1.2 6.65082
    endloop
  endfacet
  facet normal 0 1 0
    outer loop
      vertex 3.07396 1.2 7.02386
      vertex 4.58417 1.2 6.49541
      vertex 2.97772 1.2 6.68981
    endloop
  endfacet
  facet normal 0 1 -0
    outer loop
      vertex 4.5376 1.2 6.33377
      vertex 2.97772 1.2 6.68981
      vertex 4.58417 1.2 6.49541
    endloop
  endfacet
  facet normal 0 1 0
    outer loop
      vertex 2.97772 1.2 6.68981
      vertex 4.5376 1.2 6.33377
      vertex 2.91949 1.2 6.34709
    endloop
  endfacet
  facet normal 0 1 -0
    outer loop
      vertex 4.50943 1.2 6.16794
      vertex 2.91949 1.2 6.34709
      vertex 4.5376 1.2 6.33377
    endloop
  endfacet
  facet normal 0 1 -0
    outer loop
      vertex 4.5 1.2 6
      vertex 2.91949 1.2 6.34709
      vertex 4.50943 1.2 6.16794
    endloop
  endfacet
  facet normal 0 1 0
    outer loop
      vertex 4.5 1.2 6
      vertex 2.9 1.2 6
      vertex 2.91949 1.2 6.34709
    endloop
  endfacet
  facet normal 0 1 0
    outer loop
      vertex 4.50943 1.2 5.83205
      vertex 2.9 1.2 6
      vertex 4.5 1.2 6
    endloop
  endfacet
  facet normal 0 1 0
    outer loop
      vertex 2.91949 1.2 5.65291
      vertex 4.50943 1.2 5.83205
      vertex 4.5376 1.2 5.66621
    endloop
  endfacet
  facet normal 0 1 0
    outer loop
      vertex 4.50943 1.2 5.83205
      vertex 2.91949 1.2 5.65291
      vertex 2.9 1.2 6
    endloop
  endfacet
  facet normal 0 1 0
    outer loop
      vertex 2.97772 1.2 5.31018
      vertex 4.5376 1.2 5.66621
      vertex 4.58417 1.2 5.50458
    endloop
  endfacet
  facet normal 0 1 0
    outer loop
      vertex 3.07396 1.2 4.97613
      vertex 4.58417 1.2 5.50458
      vertex 4.64854 1.2 5.34917
    endloop
  endfacet
  facet normal 0 1 0
    outer loop
      vertex 4.5376 1.2 5.66621
      vertex 2.97772 1.2 5.31018
      vertex 2.91949 1.2 5.65291
    endloop
  endfacet
  facet normal 0 1 0
    outer loop
      vertex 3.207 1.2 4.65496
      vertex 4.64854 1.2 5.34917
      vertex 4.7299 1.2 5.20195
    endloop
  endfacet
  facet normal 0 1 0
    outer loop
      vertex 3.37515 1.2 4.3507
      vertex 4.7299 1.2 5.20195
      vertex 4.82724 1.2 5.06476
    endloop
  endfacet
  facet normal 0 1 0
    outer loop
      vertex 4.58417 1.2 5.50458
      vertex 3.07396 1.2 4.97613
      vertex 2.97772 1.2 5.31018
    endloop
  endfacet
  facet normal 0 1 0
    outer loop
      vertex 3.57632 1.2 4.06718
      vertex 4.82724 1.2 5.06476
      vertex 4.93933 1.2 4.93933
    endloop
  endfacet
  facet normal 0 1 0
    outer loop
      vertex 3.80797 1.2 3.80797
      vertex 4.93933 1.2 4.93933
      vertex 5.06476 1.2 4.82724
    endloop
  endfacet
  facet normal 0 1 0
    outer loop
      vertex 4.06718 1.2 3.57632
      vertex 5.06476 1.2 4.82724
      vertex 5.20195 1.2 4.7299
    endloop
  endfacet
  facet normal 0 1 0
    outer loop
      vertex 4.64854 1.2 5.34917
      vertex 3.207 1.2 4.65496
      vertex 3.07396 1.2 4.97613
    endloop
  endfacet
  facet normal 0 1 0
    outer loop
      vertex 4.3507 1.2 3.37515
      vertex 5.20195 1.2 4.7299
      vertex 5.34917 1.2 4.64854
    endloop
  endfacet
  facet normal 0 1 0
    outer loop
      vertex 4.65496 1.2 3.207
      vertex 5.34917 1.2 4.64854
      vertex 5.50458 1.2 4.58417
    endloop
  endfacet
  facet normal 0 1 0
    outer loop
      vertex 4.97613 1.2 3.07396
      vertex 5.50458 1.2 4.58417
      vertex 5.66621 1.2 4.5376
    endloop
  endfacet
  facet normal 0 1 0
    outer loop
      vertex 5.31018 1.2 2.97772
      vertex 5.66621 1.2 4.5376
      vertex 5.83205 1.2 4.50943
    endloop
  endfacet
  facet normal 0 1 0
    outer loop
      vertex 5.65291 1.2 2.91949
      vertex 5.83205 1.2 4.50943
      vertex 6 1.2 4.5
    endloop
  endfacet
  facet normal 0 1 -0
    outer loop
      vertex 7.34504 1.2 3.207
      vertex 6.65082 1.2 4.64854
      vertex 7.6493 1.2 3.37515
    endloop
  endfacet
  facet normal 0 1 0
    outer loop
      vertex 4.7299 1.2 5.20195
      vertex 3.37515 1.2 4.3507
      vertex 3.207 1.2 4.65496
    endloop
  endfacet
  facet normal 0 1 0
    outer loop
      vertex 6.65082 1.2 4.64854
      vertex 7.34504 1.2 3.207
      vertex 6.49541 1.2 4.58417
    endloop
  endfacet
  facet normal 0 1 0
    outer loop
      vertex 4.82724 1.2 5.06476
      vertex 3.57632 1.2 4.06718
      vertex 3.37515 1.2 4.3507
    endloop
  endfacet
  facet normal 0 1 -0
    outer loop
      vertex 7.02386 1.2 3.07396
      vertex 6.49541 1.2 4.58417
      vertex 7.34504 1.2 3.207
    endloop
  endfacet
  facet normal 0 1 0
    outer loop
      vertex 4.93933 1.2 4.93933
      vertex 3.80797 1.2 3.80797
      vertex 3.57632 1.2 4.06718
    endloop
  endfacet
  facet normal 0 1 0
    outer loop
      vertex 6.49541 1.2 4.58417
      vertex 7.02386 1.2 3.07396
      vertex 6.33377 1.2 4.5376
    endloop
  endfacet
  facet normal 0 1 0
    outer loop
      vertex 5.06476 1.2 4.82724
      vertex 4.06718 1.2 3.57632
      vertex 3.80797 1.2 3.80797
    endloop
  endfacet
  facet normal 0 1 -0
    outer loop
      vertex 6.68981 1.2 2.97772
      vertex 6.33377 1.2 4.5376
      vertex 7.02386 1.2 3.07396
    endloop
  endfacet
  facet normal 0 1 0
    outer loop
      vertex 5.20195 1.2 4.7299
      vertex 4.3507 1.2 3.37515
      vertex 4.06718 1.2 3.57632
    endloop
  endfacet
  facet normal 0 1 0
    outer loop
      vertex 6.33377 1.2 4.5376
      vertex 6.68981 1.2 2.97772
      vertex 6.16794 1.2 4.50943
    endloop
  endfacet
  facet normal 0 1 0
    outer loop
      vertex 5.34917 1.2 4.64854
      vertex 4.65496 1.2 3.207
      vertex 4.3507 1.2 3.37515
    endloop
  endfacet
  facet normal 0 1 -0
    outer loop
      vertex 6.34709 1.2 2.91949
      vertex 6.16794 1.2 4.50943
      vertex 6.68981 1.2 2.97772
    endloop
  endfacet
  facet normal 0 1 0
    outer loop
      vertex 5.50458 1.2 4.58417
      vertex 4.97613 1.2 3.07396
      vertex 4.65496 1.2 3.207
    endloop
  endfacet
  facet normal 0 1 0
    outer loop
      vertex 6.16794 1.2 4.50943
      vertex 6.34709 1.2 2.91949
      vertex 6 1.2 4.5
    endloop
  endfacet
  facet normal 0 1 0
    outer loop
      vertex 5.66621 1.2 4.5376
      vertex 5.31018 1.2 2.97772
      vertex 4.97613 1.2 3.07396
    endloop
  endfacet
  facet normal 0 1 0
    outer loop
      vertex 6 1.2 2.9
      vertex 6 1.2 4.5
      vertex 6.34709 1.2 2.91949
    endloop
  endfacet
  facet normal 0 1 0
    outer loop
      vertex 5.83205 1.2 4.50943
      vertex 5.65291 1.2 2.91949
      vertex 5.31018 1.2 2.97772
    endloop
  endfacet
  facet normal 0 1 0
    outer loop
      vertex 6 1.2 4.5
      vertex 6 1.2 2.9
      vertex 5.65291 1.2 2.91949
    endloop
  endfacet
  facet normal 0.1675 0 -0.985872
    outer loop
      vertex 5.31018 1.2 9.02228
      vertex 5.65291 2.8 9.08051
      vertex 5.65291 1.2 9.08051
    endloop
  endfacet
  facet normal 0.1675 0 -0.985872
    outer loop
      vertex 5.65291 2.8 9.08051
      vertex 5.31018 1.2 9.02228
      vertex 5.31018 2.8 9.02228
    endloop
  endfacet
  facet normal -0.382592 0 -0.923917
    outer loop
      vertex 7.02386 1.2 34.926
      vertex 7.34504 2.8 34.793
      vertex 7.34504 1.2 34.793
    endloop
  endfacet
  facet normal -0.382592 0 -0.923917
    outer loop
      vertex 7.34504 2.8 34.793
      vertex 7.02386 1.2 34.926
      vertex 7.02386 2.8 34.926
    endloop
  endfacet
  facet normal -0.48381 0 0.875173
    outer loop
      vertex 7.34504 2.8 29.207
      vertex 7.6493 1.2 29.3752
      vertex 7.6493 2.8 29.3752
    endloop
  endfacet
  facet normal -0.48381 0 0.875173
    outer loop
      vertex 7.6493 1.2 29.3752
      vertex 7.34504 2.8 29.207
      vertex 7.34504 1.2 29.207
    endloop
  endfacet
  facet normal -0.98587 0 0.167514
    outer loop
      vertex 9.02228 1.2 31.3102
      vertex 9.08051 2.8 31.6529
      vertex 9.02228 2.8 31.3102
    endloop
  endfacet
  facet normal -0.98587 0 0.167514
    outer loop
      vertex 9.08051 2.8 31.6529
      vertex 9.02228 1.2 31.3102
      vertex 9.08051 1.2 31.6529
    endloop
  endfacet
  facet normal -0.998427 0 0.0560627
    outer loop
      vertex 9.08051 1.2 31.6529
      vertex 9.1 2.8 32
      vertex 9.08051 2.8 31.6529
    endloop
  endfacet
  facet normal -0.998427 0 0.0560627
    outer loop
      vertex 9.1 2.8 32
      vertex 9.08051 1.2 31.6529
      vertex 9.1 1.2 32
    endloop
  endfacet
  facet normal -0.960927 0 0.276802
    outer loop
      vertex 8.92604 1.2 30.9761
      vertex 9.02228 2.8 31.3102
      vertex 8.92604 2.8 30.9761
    endloop
  endfacet
  facet normal -0.960927 0 0.276802
    outer loop
      vertex 9.02228 2.8 31.3102
      vertex 8.92604 1.2 30.9761
      vertex 9.02228 1.2 31.3102
    endloop
  endfacet
  facet normal -0.382592 0 0.923917
    outer loop
      vertex 7.02386 2.8 29.074
      vertex 7.34504 1.2 29.207
      vertex 7.34504 2.8 29.207
    endloop
  endfacet
  facet normal -0.382592 0 0.923917
    outer loop
      vertex 7.34504 1.2 29.207
      vertex 7.02386 2.8 29.074
      vertex 7.02386 1.2 29.074
    endloop
  endfacet
  facet normal 0.578541 0 -0.815653
    outer loop
      vertex 4.06718 1.2 34.4237
      vertex 4.3507 2.8 34.6248
      vertex 4.3507 1.2 34.6248
    endloop
  endfacet
  facet normal 0.578541 0 -0.815653
    outer loop
      vertex 4.3507 2.8 34.6248
      vertex 4.06718 1.2 34.4237
      vertex 4.06718 2.8 34.4237
    endloop
  endfacet
  facet normal 0.745621 0 -0.66637
    outer loop
      vertex 3.80797 1.2 34.192
      vertex 3.57632 2.8 33.9328
      vertex 3.80797 2.8 34.192
    endloop
  endfacet
  facet normal 0.745621 0 -0.66637
    outer loop
      vertex 3.57632 2.8 33.9328
      vertex 3.80797 1.2 34.192
      vertex 3.57632 1.2 33.9328
    endloop
  endfacet
  facet normal 0.875261 0 -0.483651
    outer loop
      vertex 3.37515 1.2 33.6493
      vertex 3.207 2.8 33.345
      vertex 3.37515 2.8 33.6493
    endloop
  endfacet
  facet normal 0.875261 0 -0.483651
    outer loop
      vertex 3.207 2.8 33.345
      vertex 3.37515 1.2 33.6493
      vertex 3.207 1.2 33.345
    endloop
  endfacet
  facet normal -0.277 0 -0.96087
    outer loop
      vertex 6.68981 1.2 35.0223
      vertex 7.02386 2.8 34.926
      vertex 7.02386 1.2 34.926
    endloop
  endfacet
  facet normal -0.277 0 -0.96087
    outer loop
      vertex 7.02386 2.8 34.926
      vertex 6.68981 1.2 35.0223
      vertex 6.68981 2.8 35.0223
    endloop
  endfacet
  facet normal 0.0560929 0 -0.998426
    outer loop
      vertex 5.65291 1.2 35.0805
      vertex 6 2.8 35.1
      vertex 6 1.2 35.1
    endloop
  endfacet
  facet normal 0.0560929 0 -0.998426
    outer loop
      vertex 6 2.8 35.1
      vertex 5.65291 1.2 35.0805
      vertex 5.65291 2.8 35.0805
    endloop
  endfacet
  facet normal 0.167416 0 -0.985886
    outer loop
      vertex 5.31018 1.2 35.0223
      vertex 5.65291 2.8 35.0805
      vertex 5.65291 1.2 35.0805
    endloop
  endfacet
  facet normal 0.167416 0 -0.985886
    outer loop
      vertex 5.65291 2.8 35.0805
      vertex 5.31018 1.2 35.0223
      vertex 5.31018 2.8 35.0223
    endloop
  endfacet
  facet normal -0.923843 0 0.382772
    outer loop
      vertex 8.793 1.2 30.655
      vertex 8.92604 2.8 30.9761
      vertex 8.793 2.8 30.655
    endloop
  endfacet
  facet normal -0.923843 0 0.382772
    outer loop
      vertex 8.92604 2.8 30.9761
      vertex 8.793 1.2 30.655
      vertex 8.92604 1.2 30.9761
    endloop
  endfacet
  facet normal 0.998427 -0 0.0560627
    outer loop
      vertex 2.9 1.2 32
      vertex 2.91949 2.8 31.6529
      vertex 2.9 2.8 32
    endloop
  endfacet
  facet normal 0.998427 0 0.0560627
    outer loop
      vertex 2.91949 2.8 31.6529
      vertex 2.9 1.2 32
      vertex 2.91949 1.2 31.6529
    endloop
  endfacet
  facet normal -0.277 0 0.96087
    outer loop
      vertex 6.68981 2.8 28.9777
      vertex 7.02386 1.2 29.074
      vertex 7.02386 2.8 29.074
    endloop
  endfacet
  facet normal -0.277 0 0.96087
    outer loop
      vertex 7.02386 1.2 29.074
      vertex 6.68981 2.8 28.9777
      vertex 6.68981 1.2 28.9777
    endloop
  endfacet
  facet normal -0.745621 0 -0.66637
    outer loop
      vertex 8.42368 1.2 33.9328
      vertex 8.19203 2.8 34.192
      vertex 8.42368 2.8 33.9328
    endloop
  endfacet
  facet normal -0.745621 -0 -0.66637
    outer loop
      vertex 8.19203 2.8 34.192
      vertex 8.42368 1.2 33.9328
      vertex 8.19203 1.2 34.192
    endloop
  endfacet
  facet normal 0.666436 0 0.745562
    outer loop
      vertex 3.80797 2.8 29.808
      vertex 4.06718 1.2 29.5763
      vertex 4.06718 2.8 29.5763
    endloop
  endfacet
  facet normal 0.666436 0 0.745562
    outer loop
      vertex 4.06718 1.2 29.5763
      vertex 3.80797 2.8 29.808
      vertex 3.80797 1.2 29.808
    endloop
  endfacet
  facet normal -0.745621 0 0.66637
    outer loop
      vertex 8.19203 1.2 29.808
      vertex 8.42368 2.8 30.0672
      vertex 8.19203 2.8 29.808
    endloop
  endfacet
  facet normal -0.745621 0 0.66637
    outer loop
      vertex 8.42368 2.8 30.0672
      vertex 8.19203 1.2 29.808
      vertex 8.42368 1.2 30.0672
    endloop
  endfacet
  facet normal -0.875249 0 -0.483673
    outer loop
      vertex 8.793 1.2 33.345
      vertex 8.62484 2.8 33.6493
      vertex 8.793 2.8 33.345
    endloop
  endfacet
  facet normal -0.875249 -0 -0.483673
    outer loop
      vertex 8.62484 2.8 33.6493
      vertex 8.793 1.2 33.345
      vertex 8.62484 1.2 33.6493
    endloop
  endfacet
  facet normal 0.382602 0 0.923913
    outer loop
      vertex 4.65496 2.8 29.207
      vertex 4.97613 1.2 29.074
      vertex 4.97613 2.8 29.074
    endloop
  endfacet
  facet normal 0.382602 0 0.923913
    outer loop
      vertex 4.97613 1.2 29.074
      vertex 4.65496 2.8 29.207
      vertex 4.65496 1.2 29.207
    endloop
  endfacet
  facet normal 0.48381 0 0.875173
    outer loop
      vertex 4.3507 2.8 29.3752
      vertex 4.65496 1.2 29.207
      vertex 4.65496 2.8 29.207
    endloop
  endfacet
  facet normal 0.48381 0 0.875173
    outer loop
      vertex 4.65496 1.2 29.207
      vertex 4.3507 2.8 29.3752
      vertex 4.3507 1.2 29.3752
    endloop
  endfacet
  facet normal 0.98587 0 -0.167514
    outer loop
      vertex 2.97772 1.2 32.6898
      vertex 2.91949 2.8 32.3471
      vertex 2.97772 2.8 32.6898
    endloop
  endfacet
  facet normal 0.98587 0 -0.167514
    outer loop
      vertex 2.91949 2.8 32.3471
      vertex 2.97772 1.2 32.6898
      vertex 2.91949 1.2 32.3471
    endloop
  endfacet
  facet normal 0.382602 0 -0.923913
    outer loop
      vertex 4.65496 1.2 34.793
      vertex 4.97613 2.8 34.926
      vertex 4.97613 1.2 34.926
    endloop
  endfacet
  facet normal 0.382602 0 -0.923913
    outer loop
      vertex 4.97613 2.8 34.926
      vertex 4.65496 1.2 34.793
      vertex 4.65496 2.8 34.793
    endloop
  endfacet
  facet normal -0.666436 0 0.745562
    outer loop
      vertex 7.93282 2.8 29.5763
      vertex 8.19203 1.2 29.808
      vertex 8.19203 2.8 29.808
    endloop
  endfacet
  facet normal -0.666436 0 0.745562
    outer loop
      vertex 8.19203 1.2 29.808
      vertex 7.93282 2.8 29.5763
      vertex 7.93282 1.2 29.5763
    endloop
  endfacet
  facet normal -0.48381 0 -0.875173
    outer loop
      vertex 7.34504 1.2 34.793
      vertex 7.6493 2.8 34.6248
      vertex 7.6493 1.2 34.6248
    endloop
  endfacet
  facet normal -0.48381 0 -0.875173
    outer loop
      vertex 7.6493 2.8 34.6248
      vertex 7.34504 1.2 34.793
      vertex 7.34504 2.8 34.793
    endloop
  endfacet
  facet normal -0.960927 0 -0.276802
    outer loop
      vertex 9.02228 1.2 32.6898
      vertex 8.92604 2.8 33.0239
      vertex 9.02228 2.8 32.6898
    endloop
  endfacet
  facet normal -0.960927 -0 -0.276802
    outer loop
      vertex 8.92604 2.8 33.0239
      vertex 9.02228 1.2 32.6898
      vertex 8.92604 1.2 33.0239
    endloop
  endfacet
  facet normal 0.875261 -0 0.483651
    outer loop
      vertex 3.207 1.2 30.655
      vertex 3.37515 2.8 30.3507
      vertex 3.207 2.8 30.655
    endloop
  endfacet
  facet normal 0.875261 0 0.483651
    outer loop
      vertex 3.37515 2.8 30.3507
      vertex 3.207 1.2 30.655
      vertex 3.37515 1.2 30.3507
    endloop
  endfacet
  facet normal 0.277 0 0.96087
    outer loop
      vertex 4.97613 2.8 29.074
      vertex 5.31018 1.2 28.9777
      vertex 5.31018 2.8 28.9777
    endloop
  endfacet
  facet normal 0.277 0 0.96087
    outer loop
      vertex 5.31018 1.2 28.9777
      vertex 4.97613 2.8 29.074
      vertex 4.97613 1.2 29.074
    endloop
  endfacet
  facet normal -0.998427 0 -0.0560627
    outer loop
      vertex 9.1 1.2 32
      vertex 9.08051 2.8 32.3471
      vertex 9.1 2.8 32
    endloop
  endfacet
  facet normal -0.998427 -0 -0.0560627
    outer loop
      vertex 9.08051 2.8 32.3471
      vertex 9.1 1.2 32
      vertex 9.08051 1.2 32.3471
    endloop
  endfacet
  facet normal -0.98587 0 -0.167514
    outer loop
      vertex 9.08051 1.2 32.3471
      vertex 9.02228 2.8 32.6898
      vertex 9.08051 2.8 32.3471
    endloop
  endfacet
  facet normal -0.98587 -0 -0.167514
    outer loop
      vertex 9.02228 2.8 32.6898
      vertex 9.08051 1.2 32.3471
      vertex 9.02228 1.2 32.6898
    endloop
  endfacet
  facet normal -0.666436 0 -0.745562
    outer loop
      vertex 7.93282 1.2 34.4237
      vertex 8.19203 2.8 34.192
      vertex 8.19203 1.2 34.192
    endloop
  endfacet
  facet normal -0.666436 0 -0.745562
    outer loop
      vertex 8.19203 2.8 34.192
      vertex 7.93282 1.2 34.4237
      vertex 7.93282 2.8 34.4237
    endloop
  endfacet
  facet normal -0.923843 0 -0.382772
    outer loop
      vertex 8.92604 1.2 33.0239
      vertex 8.793 2.8 33.345
      vertex 8.92604 2.8 33.0239
    endloop
  endfacet
  facet normal -0.923843 -0 -0.382772
    outer loop
      vertex 8.793 2.8 33.345
      vertex 8.92604 1.2 33.0239
      vertex 8.793 1.2 33.345
    endloop
  endfacet
  facet normal 0.815539 0 -0.578702
    outer loop
      vertex 3.57632 1.2 33.9328
      vertex 3.37515 2.8 33.6493
      vertex 3.57632 2.8 33.9328
    endloop
  endfacet
  facet normal 0.815539 0 -0.578702
    outer loop
      vertex 3.37515 2.8 33.6493
      vertex 3.57632 1.2 33.9328
      vertex 3.37515 1.2 33.6493
    endloop
  endfacet
  facet normal -0.815553 0 0.578683
    outer loop
      vertex 8.42368 1.2 30.0672
      vertex 8.62484 2.8 30.3507
      vertex 8.42368 2.8 30.0672
    endloop
  endfacet
  facet normal -0.815553 0 0.578683
    outer loop
      vertex 8.62484 2.8 30.3507
      vertex 8.42368 1.2 30.0672
      vertex 8.62484 1.2 30.3507
    endloop
  endfacet
  facet normal 0.578541 0 0.815653
    outer loop
      vertex 4.06718 2.8 29.5763
      vertex 4.3507 1.2 29.3752
      vertex 4.3507 2.8 29.3752
    endloop
  endfacet
  facet normal 0.578541 0 0.815653
    outer loop
      vertex 4.3507 1.2 29.3752
      vertex 4.06718 2.8 29.5763
      vertex 4.06718 1.2 29.5763
    endloop
  endfacet
  facet normal 0.745621 -0 0.66637
    outer loop
      vertex 3.57632 1.2 30.0672
      vertex 3.80797 2.8 29.808
      vertex 3.57632 2.8 30.0672
    endloop
  endfacet
  facet normal 0.745621 0 0.66637
    outer loop
      vertex 3.80797 2.8 29.808
      vertex 3.57632 1.2 30.0672
      vertex 3.80797 1.2 29.808
    endloop
  endfacet
  facet normal -0.167421 0 -0.985885
    outer loop
      vertex 6.34709 1.2 35.0805
      vertex 6.68981 2.8 35.0223
      vertex 6.68981 1.2 35.0223
    endloop
  endfacet
  facet normal -0.167421 0 -0.985885
    outer loop
      vertex 6.68981 2.8 35.0223
      vertex 6.34709 1.2 35.0805
      vertex 6.34709 2.8 35.0805
    endloop
  endfacet
  facet normal 0.167416 0 0.985886
    outer loop
      vertex 5.31018 2.8 28.9777
      vertex 5.65291 1.2 28.9195
      vertex 5.65291 2.8 28.9195
    endloop
  endfacet
  facet normal 0.167416 0 0.985886
    outer loop
      vertex 5.65291 1.2 28.9195
      vertex 5.31018 2.8 28.9777
      vertex 5.31018 1.2 28.9777
    endloop
  endfacet
  facet normal -0.578541 0 0.815653
    outer loop
      vertex 7.6493 2.8 29.3752
      vertex 7.93282 1.2 29.5763
      vertex 7.93282 2.8 29.5763
    endloop
  endfacet
  facet normal -0.578541 0 0.815653
    outer loop
      vertex 7.93282 1.2 29.5763
      vertex 7.6493 2.8 29.3752
      vertex 7.6493 1.2 29.3752
    endloop
  endfacet
  facet normal -0.578541 0 -0.815653
    outer loop
      vertex 7.6493 1.2 34.6248
      vertex 7.93282 2.8 34.4237
      vertex 7.93282 1.2 34.4237
    endloop
  endfacet
  facet normal -0.578541 0 -0.815653
    outer loop
      vertex 7.93282 2.8 34.4237
      vertex 7.6493 1.2 34.6248
      vertex 7.6493 2.8 34.6248
    endloop
  endfacet
  facet normal 0.0560929 0 0.998426
    outer loop
      vertex 5.65291 2.8 28.9195
      vertex 6 1.2 28.9
      vertex 6 2.8 28.9
    endloop
  endfacet
  facet normal 0.0560929 0 0.998426
    outer loop
      vertex 6 1.2 28.9
      vertex 5.65291 2.8 28.9195
      vertex 5.65291 1.2 28.9195
    endloop
  endfacet
  facet normal -0.875249 0 0.483673
    outer loop
      vertex 8.62484 1.2 30.3507
      vertex 8.793 2.8 30.655
      vertex 8.62484 2.8 30.3507
    endloop
  endfacet
  facet normal -0.875249 0 0.483673
    outer loop
      vertex 8.793 2.8 30.655
      vertex 8.62484 1.2 30.3507
      vertex 8.793 1.2 30.655
    endloop
  endfacet
  facet normal 0.923843 -0 0.382772
    outer loop
      vertex 3.07396 1.2 30.9761
      vertex 3.207 2.8 30.655
      vertex 3.07396 2.8 30.9761
    endloop
  endfacet
  facet normal 0.923843 0 0.382772
    outer loop
      vertex 3.207 2.8 30.655
      vertex 3.07396 1.2 30.9761
      vertex 3.207 1.2 30.655
    endloop
  endfacet
  facet normal -0.815553 0 -0.578683
    outer loop
      vertex 8.62484 1.2 33.6493
      vertex 8.42368 2.8 33.9328
      vertex 8.62484 2.8 33.6493
    endloop
  endfacet
  facet normal -0.815553 -0 -0.578683
    outer loop
      vertex 8.42368 2.8 33.9328
      vertex 8.62484 1.2 33.6493
      vertex 8.42368 1.2 33.9328
    endloop
  endfacet
  facet normal -0.0560929 0 -0.998426
    outer loop
      vertex 6 1.2 35.1
      vertex 6.34709 2.8 35.0805
      vertex 6.34709 1.2 35.0805
    endloop
  endfacet
  facet normal -0.0560929 0 -0.998426
    outer loop
      vertex 6.34709 2.8 35.0805
      vertex 6 1.2 35.1
      vertex 6 2.8 35.1
    endloop
  endfacet
  facet normal 0.960927 0 -0.276802
    outer loop
      vertex 3.07396 1.2 33.0239
      vertex 2.97772 2.8 32.6898
      vertex 3.07396 2.8 33.0239
    endloop
  endfacet
  facet normal 0.960927 0 -0.276802
    outer loop
      vertex 2.97772 2.8 32.6898
      vertex 3.07396 1.2 33.0239
      vertex 2.97772 1.2 32.6898
    endloop
  endfacet
  facet normal 0.923843 0 -0.382772
    outer loop
      vertex 3.207 1.2 33.345
      vertex 3.07396 2.8 33.0239
      vertex 3.207 2.8 33.345
    endloop
  endfacet
  facet normal 0.923843 0 -0.382772
    outer loop
      vertex 3.07396 2.8 33.0239
      vertex 3.207 1.2 33.345
      vertex 3.07396 1.2 33.0239
    endloop
  endfacet
  facet normal -0.0560929 0 0.998426
    outer loop
      vertex 6 2.8 28.9
      vertex 6.34709 1.2 28.9195
      vertex 6.34709 2.8 28.9195
    endloop
  endfacet
  facet normal -0.0560929 0 0.998426
    outer loop
      vertex 6.34709 1.2 28.9195
      vertex 6 2.8 28.9
      vertex 6 1.2 28.9
    endloop
  endfacet
  facet normal 0.48381 0 -0.875173
    outer loop
      vertex 4.3507 1.2 34.6248
      vertex 4.65496 2.8 34.793
      vertex 4.65496 1.2 34.793
    endloop
  endfacet
  facet normal 0.48381 0 -0.875173
    outer loop
      vertex 4.65496 2.8 34.793
      vertex 4.3507 1.2 34.6248
      vertex 4.3507 2.8 34.6248
    endloop
  endfacet
  facet normal 0.998427 0 -0.0560627
    outer loop
      vertex 2.91949 1.2 32.3471
      vertex 2.9 2.8 32
      vertex 2.91949 2.8 32.3471
    endloop
  endfacet
  facet normal 0.998427 0 -0.0560627
    outer loop
      vertex 2.9 2.8 32
      vertex 2.91949 1.2 32.3471
      vertex 2.9 1.2 32
    endloop
  endfacet
  facet normal 0.98587 -0 0.167514
    outer loop
      vertex 2.91949 1.2 31.6529
      vertex 2.97772 2.8 31.3102
      vertex 2.91949 2.8 31.6529
    endloop
  endfacet
  facet normal 0.98587 0 0.167514
    outer loop
      vertex 2.97772 2.8 31.3102
      vertex 2.91949 1.2 31.6529
      vertex 2.97772 1.2 31.3102
    endloop
  endfacet
  facet normal 0.815539 -0 0.578702
    outer loop
      vertex 3.37515 1.2 30.3507
      vertex 3.57632 2.8 30.0672
      vertex 3.37515 2.8 30.3507
    endloop
  endfacet
  facet normal 0.815539 0 0.578702
    outer loop
      vertex 3.57632 2.8 30.0672
      vertex 3.37515 1.2 30.3507
      vertex 3.57632 1.2 30.0672
    endloop
  endfacet
  facet normal -0.167421 0 0.985885
    outer loop
      vertex 6.34709 2.8 28.9195
      vertex 6.68981 1.2 28.9777
      vertex 6.68981 2.8 28.9777
    endloop
  endfacet
  facet normal -0.167421 0 0.985885
    outer loop
      vertex 6.68981 1.2 28.9777
      vertex 6.34709 2.8 28.9195
      vertex 6.34709 1.2 28.9195
    endloop
  endfacet
  facet normal 0.960927 -0 0.276802
    outer loop
      vertex 2.97772 1.2 31.3102
      vertex 3.07396 2.8 30.9761
      vertex 2.97772 2.8 31.3102
    endloop
  endfacet
  facet normal 0.960927 0 0.276802
    outer loop
      vertex 3.07396 2.8 30.9761
      vertex 2.97772 1.2 31.3102
      vertex 3.07396 1.2 30.9761
    endloop
  endfacet
  facet normal 0 1 0
    outer loop
      vertex 6 1.2 33.5
      vertex 6 1.2 35.1
      vertex 6.34709 1.2 35.0805
    endloop
  endfacet
  facet normal 0 1 0
    outer loop
      vertex 6.16794 1.2 33.4906
      vertex 6.34709 1.2 35.0805
      vertex 6.68981 1.2 35.0223
    endloop
  endfacet
  facet normal 0 1 0
    outer loop
      vertex 6 1.2 35.1
      vertex 6 1.2 33.5
      vertex 5.65291 1.2 35.0805
    endloop
  endfacet
  facet normal 0 1 0
    outer loop
      vertex 6.33377 1.2 33.4624
      vertex 6.68981 1.2 35.0223
      vertex 7.02386 1.2 34.926
    endloop
  endfacet
  facet normal 0 1 -0
    outer loop
      vertex 5.83205 1.2 33.4906
      vertex 5.65291 1.2 35.0805
      vertex 6 1.2 33.5
    endloop
  endfacet
  facet normal 0 1 0
    outer loop
      vertex 6.49541 1.2 33.4158
      vertex 7.02386 1.2 34.926
      vertex 7.34504 1.2 34.793
    endloop
  endfacet
  facet normal 0 1 0
    outer loop
      vertex 5.65291 1.2 35.0805
      vertex 5.83205 1.2 33.4906
      vertex 5.31018 1.2 35.0223
    endloop
  endfacet
  facet normal 0 1 0
    outer loop
      vertex 6.65082 1.2 33.3514
      vertex 7.34504 1.2 34.793
      vertex 7.6493 1.2 34.6248
    endloop
  endfacet
  facet normal 0 1 -0
    outer loop
      vertex 5.66621 1.2 33.4624
      vertex 5.31018 1.2 35.0223
      vertex 5.83205 1.2 33.4906
    endloop
  endfacet
  facet normal 0 1 0
    outer loop
      vertex 6.79803 1.2 33.2701
      vertex 7.6493 1.2 34.6248
      vertex 7.93282 1.2 34.4237
    endloop
  endfacet
  facet normal 0 1 0
    outer loop
      vertex 5.31018 1.2 35.0223
      vertex 5.66621 1.2 33.4624
      vertex 4.97613 1.2 34.926
    endloop
  endfacet
  facet normal 0 1 0
    outer loop
      vertex 6.93523 1.2 33.1727
      vertex 7.93282 1.2 34.4237
      vertex 8.19203 1.2 34.192
    endloop
  endfacet
  facet normal 0 1 -0
    outer loop
      vertex 5.50458 1.2 33.4158
      vertex 4.97613 1.2 34.926
      vertex 5.66621 1.2 33.4624
    endloop
  endfacet
  facet normal 0 1 0
    outer loop
      vertex 7.06065 1.2 33.0607
      vertex 8.19203 1.2 34.192
      vertex 8.42368 1.2 33.9328
    endloop
  endfacet
  facet normal 0 1 0
    outer loop
      vertex 4.97613 1.2 34.926
      vertex 5.50458 1.2 33.4158
      vertex 4.65496 1.2 34.793
    endloop
  endfacet
  facet normal 0 1 0
    outer loop
      vertex 7.17274 1.2 32.9352
      vertex 8.42368 1.2 33.9328
      vertex 8.62484 1.2 33.6493
    endloop
  endfacet
  facet normal 0 1 -0
    outer loop
      vertex 5.34917 1.2 33.3514
      vertex 4.65496 1.2 34.793
      vertex 5.50458 1.2 33.4158
    endloop
  endfacet
  facet normal 0 1 0
    outer loop
      vertex 4.65496 1.2 34.793
      vertex 5.34917 1.2 33.3514
      vertex 4.3507 1.2 34.6248
    endloop
  endfacet
  facet normal 0 1 0
    outer loop
      vertex 6.34709 1.2 35.0805
      vertex 6.16794 1.2 33.4906
      vertex 6 1.2 33.5
    endloop
  endfacet
  facet normal 0 1 0
    outer loop
      vertex 6.68981 1.2 35.0223
      vertex 6.33377 1.2 33.4624
      vertex 6.16794 1.2 33.4906
    endloop
  endfacet
  facet normal 0 1 0
    outer loop
      vertex 7.02386 1.2 34.926
      vertex 6.49541 1.2 33.4158
      vertex 6.33377 1.2 33.4624
    endloop
  endfacet
  facet normal 0 1 0
    outer loop
      vertex 7.34504 1.2 34.793
      vertex 6.65082 1.2 33.3514
      vertex 6.49541 1.2 33.4158
    endloop
  endfacet
  facet normal 0 1 0
    outer loop
      vertex 7.27008 1.2 32.798
      vertex 8.62484 1.2 33.6493
      vertex 8.793 1.2 33.345
    endloop
  endfacet
  facet normal 0 1 0
    outer loop
      vertex 7.6493 1.2 34.6248
      vertex 6.79803 1.2 33.2701
      vertex 6.65082 1.2 33.3514
    endloop
  endfacet
  facet normal 0 1 0
    outer loop
      vertex 7.93282 1.2 34.4237
      vertex 6.93523 1.2 33.1727
      vertex 6.79803 1.2 33.2701
    endloop
  endfacet
  facet normal 0 1 0
    outer loop
      vertex 8.19203 1.2 34.192
      vertex 7.06065 1.2 33.0607
      vertex 6.93523 1.2 33.1727
    endloop
  endfacet
  facet normal 0 1 0
    outer loop
      vertex 7.35144 1.2 32.6508
      vertex 8.793 1.2 33.345
      vertex 8.92604 1.2 33.0239
    endloop
  endfacet
  facet normal 0 1 0
    outer loop
      vertex 8.42368 1.2 33.9328
      vertex 7.17274 1.2 32.9352
      vertex 7.06065 1.2 33.0607
    endloop
  endfacet
  facet normal 0 1 0
    outer loop
      vertex 8.62484 1.2 33.6493
      vertex 7.27008 1.2 32.798
      vertex 7.17274 1.2 32.9352
    endloop
  endfacet
  facet normal 0 1 0
    outer loop
      vertex 7.41582 1.2 32.4954
      vertex 8.92604 1.2 33.0239
      vertex 9.02228 1.2 32.6898
    endloop
  endfacet
  facet normal 0 1 0
    outer loop
      vertex 8.793 1.2 33.345
      vertex 7.35144 1.2 32.6508
      vertex 7.27008 1.2 32.798
    endloop
  endfacet
  facet normal 0 1 0
    outer loop
      vertex 8.92604 1.2 33.0239
      vertex 7.41582 1.2 32.4954
      vertex 7.35144 1.2 32.6508
    endloop
  endfacet
  facet normal 0 1 0
    outer loop
      vertex 7.46239 1.2 32.3338
      vertex 9.02228 1.2 32.6898
      vertex 9.08051 1.2 32.3471
    endloop
  endfacet
  facet normal 0 1 0
    outer loop
      vertex 9.02228 1.2 32.6898
      vertex 7.46239 1.2 32.3338
      vertex 7.41582 1.2 32.4954
    endloop
  endfacet
  facet normal 0 1 0
    outer loop
      vertex 9.08051 1.2 32.3471
      vertex 7.49055 1.2 32.1679
      vertex 7.46239 1.2 32.3338
    endloop
  endfacet
  facet normal 0 1 0
    outer loop
      vertex 9.1 1.2 32
      vertex 7.49055 1.2 32.1679
      vertex 9.08051 1.2 32.3471
    endloop
  endfacet
  facet normal 0 1 0
    outer loop
      vertex 9.1 1.2 32
      vertex 7.5 1.2 32
      vertex 7.49055 1.2 32.1679
    endloop
  endfacet
  facet normal 0 1 0
    outer loop
      vertex 9.1 1.2 32
      vertex 7.49055 1.2 31.832
      vertex 7.5 1.2 32
    endloop
  endfacet
  facet normal 0 1 -0
    outer loop
      vertex 9.08051 1.2 31.6529
      vertex 7.49055 1.2 31.832
      vertex 9.1 1.2 32
    endloop
  endfacet
  facet normal 0 1 0
    outer loop
      vertex 7.49055 1.2 31.832
      vertex 9.08051 1.2 31.6529
      vertex 7.46239 1.2 31.6662
    endloop
  endfacet
  facet normal 0 1 -0
    outer loop
      vertex 9.02228 1.2 31.3102
      vertex 7.46239 1.2 31.6662
      vertex 9.08051 1.2 31.6529
    endloop
  endfacet
  facet normal 0 1 0
    outer loop
      vertex 7.46239 1.2 31.6662
      vertex 9.02228 1.2 31.3102
      vertex 7.41582 1.2 31.5046
    endloop
  endfacet
  facet normal 0 1 -0
    outer loop
      vertex 8.92604 1.2 30.9761
      vertex 7.41582 1.2 31.5046
      vertex 9.02228 1.2 31.3102
    endloop
  endfacet
  facet normal 0 1 0
    outer loop
      vertex 7.41582 1.2 31.5046
      vertex 8.92604 1.2 30.9761
      vertex 7.35144 1.2 31.3492
    endloop
  endfacet
  facet normal 0 1 -0
    outer loop
      vertex 8.793 1.2 30.655
      vertex 7.35144 1.2 31.3492
      vertex 8.92604 1.2 30.9761
    endloop
  endfacet
  facet normal 0 1 0
    outer loop
      vertex 7.35144 1.2 31.3492
      vertex 8.793 1.2 30.655
      vertex 7.27008 1.2 31.202
    endloop
  endfacet
  facet normal 0 1 -0
    outer loop
      vertex 8.62484 1.2 30.3507
      vertex 7.27008 1.2 31.202
      vertex 8.793 1.2 30.655
    endloop
  endfacet
  facet normal 0 1 0
    outer loop
      vertex 7.27008 1.2 31.202
      vertex 8.62484 1.2 30.3507
      vertex 7.17274 1.2 31.0648
    endloop
  endfacet
  facet normal 0 1 -0
    outer loop
      vertex 8.42368 1.2 30.0672
      vertex 7.17274 1.2 31.0648
      vertex 8.62484 1.2 30.3507
    endloop
  endfacet
  facet normal 0 1 0
    outer loop
      vertex 7.17274 1.2 31.0648
      vertex 8.42368 1.2 30.0672
      vertex 7.06065 1.2 30.9393
    endloop
  endfacet
  facet normal 0 1 -0
    outer loop
      vertex 8.19203 1.2 29.808
      vertex 7.06065 1.2 30.9393
      vertex 8.42368 1.2 30.0672
    endloop
  endfacet
  facet normal 0 1 0
    outer loop
      vertex 7.06065 1.2 30.9393
      vertex 8.19203 1.2 29.808
      vertex 6.93523 1.2 30.8272
    endloop
  endfacet
  facet normal 0 1 -0
    outer loop
      vertex 7.93282 1.2 29.5763
      vertex 6.93523 1.2 30.8272
      vertex 8.19203 1.2 29.808
    endloop
  endfacet
  facet normal 0 1 0
    outer loop
      vertex 6.93523 1.2 30.8272
      vertex 7.93282 1.2 29.5763
      vertex 6.79803 1.2 30.7299
    endloop
  endfacet
  facet normal 0 1 -0
    outer loop
      vertex 7.6493 1.2 29.3752
      vertex 6.79803 1.2 30.7299
      vertex 7.93282 1.2 29.5763
    endloop
  endfacet
  facet normal 0 1 0
    outer loop
      vertex 6.79803 1.2 30.7299
      vertex 7.6493 1.2 29.3752
      vertex 6.65082 1.2 30.6485
    endloop
  endfacet
  facet normal 0 1 -0
    outer loop
      vertex 5.20195 1.2 33.2701
      vertex 4.3507 1.2 34.6248
      vertex 5.34917 1.2 33.3514
    endloop
  endfacet
  facet normal 0 1 0
    outer loop
      vertex 4.3507 1.2 34.6248
      vertex 5.20195 1.2 33.2701
      vertex 4.06718 1.2 34.4237
    endloop
  endfacet
  facet normal 0 1 -0
    outer loop
      vertex 5.06476 1.2 33.1727
      vertex 4.06718 1.2 34.4237
      vertex 5.20195 1.2 33.2701
    endloop
  endfacet
  facet normal 0 1 0
    outer loop
      vertex 4.06718 1.2 34.4237
      vertex 5.06476 1.2 33.1727
      vertex 3.80797 1.2 34.192
    endloop
  endfacet
  facet normal 0 1 -0
    outer loop
      vertex 4.93933 1.2 33.0607
      vertex 3.80797 1.2 34.192
      vertex 5.06476 1.2 33.1727
    endloop
  endfacet
  facet normal 0 1 0
    outer loop
      vertex 3.80797 1.2 34.192
      vertex 4.93933 1.2 33.0607
      vertex 3.57632 1.2 33.9328
    endloop
  endfacet
  facet normal 0 1 -0
    outer loop
      vertex 4.82724 1.2 32.9352
      vertex 3.57632 1.2 33.9328
      vertex 4.93933 1.2 33.0607
    endloop
  endfacet
  facet normal 0 1 0
    outer loop
      vertex 3.57632 1.2 33.9328
      vertex 4.82724 1.2 32.9352
      vertex 3.37515 1.2 33.6493
    endloop
  endfacet
  facet normal 0 1 -0
    outer loop
      vertex 4.7299 1.2 32.798
      vertex 3.37515 1.2 33.6493
      vertex 4.82724 1.2 32.9352
    endloop
  endfacet
  facet normal 0 1 0
    outer loop
      vertex 3.37515 1.2 33.6493
      vertex 4.7299 1.2 32.798
      vertex 3.207 1.2 33.345
    endloop
  endfacet
  facet normal 0 1 -0
    outer loop
      vertex 4.64854 1.2 32.6508
      vertex 3.207 1.2 33.345
      vertex 4.7299 1.2 32.798
    endloop
  endfacet
  facet normal 0 1 0
    outer loop
      vertex 3.207 1.2 33.345
      vertex 4.64854 1.2 32.6508
      vertex 3.07396 1.2 33.0239
    endloop
  endfacet
  facet normal 0 1 -0
    outer loop
      vertex 4.58417 1.2 32.4954
      vertex 3.07396 1.2 33.0239
      vertex 4.64854 1.2 32.6508
    endloop
  endfacet
  facet normal 0 1 0
    outer loop
      vertex 3.07396 1.2 33.0239
      vertex 4.58417 1.2 32.4954
      vertex 2.97772 1.2 32.6898
    endloop
  endfacet
  facet normal 0 1 -0
    outer loop
      vertex 4.5376 1.2 32.3338
      vertex 2.97772 1.2 32.6898
      vertex 4.58417 1.2 32.4954
    endloop
  endfacet
  facet normal 0 1 0
    outer loop
      vertex 2.97772 1.2 32.6898
      vertex 4.5376 1.2 32.3338
      vertex 2.91949 1.2 32.3471
    endloop
  endfacet
  facet normal 0 1 -0
    outer loop
      vertex 4.50943 1.2 32.1679
      vertex 2.91949 1.2 32.3471
      vertex 4.5376 1.2 32.3338
    endloop
  endfacet
  facet normal 0 1 -0
    outer loop
      vertex 4.5 1.2 32
      vertex 2.91949 1.2 32.3471
      vertex 4.50943 1.2 32.1679
    endloop
  endfacet
  facet normal 0 1 0
    outer loop
      vertex 4.5 1.2 32
      vertex 2.9 1.2 32
      vertex 2.91949 1.2 32.3471
    endloop
  endfacet
  facet normal 0 1 0
    outer loop
      vertex 4.50943 1.2 31.832
      vertex 2.9 1.2 32
      vertex 4.5 1.2 32
    endloop
  endfacet
  facet normal 0 1 0
    outer loop
      vertex 2.91949 1.2 31.6529
      vertex 4.50943 1.2 31.832
      vertex 4.5376 1.2 31.6662
    endloop
  endfacet
  facet normal 0 1 0
    outer loop
      vertex 4.50943 1.2 31.832
      vertex 2.91949 1.2 31.6529
      vertex 2.9 1.2 32
    endloop
  endfacet
  facet normal 0 1 0
    outer loop
      vertex 2.97772 1.2 31.3102
      vertex 4.5376 1.2 31.6662
      vertex 4.58417 1.2 31.5046
    endloop
  endfacet
  facet normal 0 1 0
    outer loop
      vertex 3.07396 1.2 30.9761
      vertex 4.58417 1.2 31.5046
      vertex 4.64854 1.2 31.3492
    endloop
  endfacet
  facet normal 0 1 0
    outer loop
      vertex 4.5376 1.2 31.6662
      vertex 2.97772 1.2 31.3102
      vertex 2.91949 1.2 31.6529
    endloop
  endfacet
  facet normal 0 1 0
    outer loop
      vertex 3.207 1.2 30.655
      vertex 4.64854 1.2 31.3492
      vertex 4.7299 1.2 31.202
    endloop
  endfacet
  facet normal 0 1 0
    outer loop
      vertex 3.37515 1.2 30.3507
      vertex 4.7299 1.2 31.202
      vertex 4.82724 1.2 31.0648
    endloop
  endfacet
  facet normal 0 1 0
    outer loop
      vertex 4.58417 1.2 31.5046
      vertex 3.07396 1.2 30.9761
      vertex 2.97772 1.2 31.3102
    endloop
  endfacet
  facet normal 0 1 0
    outer loop
      vertex 3.57632 1.2 30.0672
      vertex 4.82724 1.2 31.0648
      vertex 4.93933 1.2 30.9393
    endloop
  endfacet
  facet normal 0 1 0
    outer loop
      vertex 3.80797 1.2 29.808
      vertex 4.93933 1.2 30.9393
      vertex 5.06476 1.2 30.8272
    endloop
  endfacet
  facet normal 0 1 0
    outer loop
      vertex 4.06718 1.2 29.5763
      vertex 5.06476 1.2 30.8272
      vertex 5.20195 1.2 30.7299
    endloop
  endfacet
  facet normal 0 1 0
    outer loop
      vertex 4.64854 1.2 31.3492
      vertex 3.207 1.2 30.655
      vertex 3.07396 1.2 30.9761
    endloop
  endfacet
  facet normal 0 1 0
    outer loop
      vertex 4.3507 1.2 29.3752
      vertex 5.20195 1.2 30.7299
      vertex 5.34917 1.2 30.6485
    endloop
  endfacet
  facet normal 0 1 0
    outer loop
      vertex 4.65496 1.2 29.207
      vertex 5.34917 1.2 30.6485
      vertex 5.50458 1.2 30.5842
    endloop
  endfacet
  facet normal 0 1 0
    outer loop
      vertex 4.97613 1.2 29.074
      vertex 5.50458 1.2 30.5842
      vertex 5.66621 1.2 30.5376
    endloop
  endfacet
  facet normal 0 1 0
    outer loop
      vertex 5.31018 1.2 28.9777
      vertex 5.66621 1.2 30.5376
      vertex 5.83205 1.2 30.5094
    endloop
  endfacet
  facet normal 0 1 0
    outer loop
      vertex 5.65291 1.2 28.9195
      vertex 5.83205 1.2 30.5094
      vertex 6 1.2 30.5
    endloop
  endfacet
  facet normal 0 1 -0
    outer loop
      vertex 7.34504 1.2 29.207
      vertex 6.65082 1.2 30.6485
      vertex 7.6493 1.2 29.3752
    endloop
  endfacet
  facet normal 0 1 0
    outer loop
      vertex 4.7299 1.2 31.202
      vertex 3.37515 1.2 30.3507
      vertex 3.207 1.2 30.655
    endloop
  endfacet
  facet normal 0 1 0
    outer loop
      vertex 6.65082 1.2 30.6485
      vertex 7.34504 1.2 29.207
      vertex 6.49541 1.2 30.5842
    endloop
  endfacet
  facet normal 0 1 0
    outer loop
      vertex 4.82724 1.2 31.0648
      vertex 3.57632 1.2 30.0672
      vertex 3.37515 1.2 30.3507
    endloop
  endfacet
  facet normal 0 1 -0
    outer loop
      vertex 7.02386 1.2 29.074
      vertex 6.49541 1.2 30.5842
      vertex 7.34504 1.2 29.207
    endloop
  endfacet
  facet normal 0 1 0
    outer loop
      vertex 4.93933 1.2 30.9393
      vertex 3.80797 1.2 29.808
      vertex 3.57632 1.2 30.0672
    endloop
  endfacet
  facet normal 0 1 0
    outer loop
      vertex 6.49541 1.2 30.5842
      vertex 7.02386 1.2 29.074
      vertex 6.33377 1.2 30.5376
    endloop
  endfacet
  facet normal 0 1 0
    outer loop
      vertex 5.06476 1.2 30.8272
      vertex 4.06718 1.2 29.5763
      vertex 3.80797 1.2 29.808
    endloop
  endfacet
  facet normal 0 1 -0
    outer loop
      vertex 6.68981 1.2 28.9777
      vertex 6.33377 1.2 30.5376
      vertex 7.02386 1.2 29.074
    endloop
  endfacet
  facet normal 0 1 0
    outer loop
      vertex 5.20195 1.2 30.7299
      vertex 4.3507 1.2 29.3752
      vertex 4.06718 1.2 29.5763
    endloop
  endfacet
  facet normal 0 1 0
    outer loop
      vertex 6.33377 1.2 30.5376
      vertex 6.68981 1.2 28.9777
      vertex 6.16794 1.2 30.5094
    endloop
  endfacet
  facet normal 0 1 0
    outer loop
      vertex 5.34917 1.2 30.6485
      vertex 4.65496 1.2 29.207
      vertex 4.3507 1.2 29.3752
    endloop
  endfacet
  facet normal 0 1 -0
    outer loop
      vertex 6.34709 1.2 28.9195
      vertex 6.16794 1.2 30.5094
      vertex 6.68981 1.2 28.9777
    endloop
  endfacet
  facet normal 0 1 0
    outer loop
      vertex 5.50458 1.2 30.5842
      vertex 4.97613 1.2 29.074
      vertex 4.65496 1.2 29.207
    endloop
  endfacet
  facet normal 0 1 0
    outer loop
      vertex 6.16794 1.2 30.5094
      vertex 6.34709 1.2 28.9195
      vertex 6 1.2 30.5
    endloop
  endfacet
  facet normal 0 1 0
    outer loop
      vertex 5.66621 1.2 30.5376
      vertex 5.31018 1.2 28.9777
      vertex 4.97613 1.2 29.074
    endloop
  endfacet
  facet normal 0 1 0
    outer loop
      vertex 6 1.2 28.9
      vertex 6 1.2 30.5
      vertex 6.34709 1.2 28.9195
    endloop
  endfacet
  facet normal 0 1 0
    outer loop
      vertex 5.83205 1.2 30.5094
      vertex 5.65291 1.2 28.9195
      vertex 5.31018 1.2 28.9777
    endloop
  endfacet
  facet normal 0 1 0
    outer loop
      vertex 6 1.2 30.5
      vertex 6 1.2 28.9
      vertex 5.65291 1.2 28.9195
    endloop
  endfacet
  facet normal 0.277 0 -0.96087
    outer loop
      vertex 4.97613 1.2 34.926
      vertex 5.31018 2.8 35.0223
      vertex 5.31018 1.2 35.0223
    endloop
  endfacet
  facet normal 0.277 0 -0.96087
    outer loop
      vertex 5.31018 2.8 35.0223
      vertex 4.97613 1.2 34.926
      vertex 4.97613 2.8 34.926
    endloop
  endfacet
  facet normal 0.666436 0 -0.745562
    outer loop
      vertex 3.80797 1.2 34.192
      vertex 4.06718 2.8 34.4237
      vertex 4.06718 1.2 34.4237
    endloop
  endfacet
  facet normal 0.666436 0 -0.745562
    outer loop
      vertex 4.06718 2.8 34.4237
      vertex 3.80797 1.2 34.192
      vertex 3.80797 2.8 34.192
    endloop
  endfacet
  facet normal -0.382772 0 -0.923843
    outer loop
      vertex 83.0239 1.2 8.92604
      vertex 83.345 2.8 8.793
      vertex 83.345 1.2 8.793
    endloop
  endfacet
  facet normal -0.382772 0 -0.923843
    outer loop
      vertex 83.345 2.8 8.793
      vertex 83.0239 1.2 8.92604
      vertex 83.0239 2.8 8.92604
    endloop
  endfacet
  facet normal -0.483651 0 0.875261
    outer loop
      vertex 83.345 2.8 3.207
      vertex 83.6493 1.2 3.37515
      vertex 83.6493 2.8 3.37515
    endloop
  endfacet
  facet normal -0.483651 0 0.875261
    outer loop
      vertex 83.6493 1.2 3.37515
      vertex 83.345 2.8 3.207
      vertex 83.345 1.2 3.207
    endloop
  endfacet
  facet normal -0.985886 0 0.167416
    outer loop
      vertex 85.0223 1.2 5.31018
      vertex 85.0805 2.8 5.65291
      vertex 85.0223 2.8 5.31018
    endloop
  endfacet
  facet normal -0.985886 0 0.167416
    outer loop
      vertex 85.0805 2.8 5.65291
      vertex 85.0223 1.2 5.31018
      vertex 85.0805 1.2 5.65291
    endloop
  endfacet
  facet normal -0.998426 0 0.0560929
    outer loop
      vertex 85.0805 1.2 5.65291
      vertex 85.1 2.8 6
      vertex 85.0805 2.8 5.65291
    endloop
  endfacet
  facet normal -0.998426 0 0.0560929
    outer loop
      vertex 85.1 2.8 6
      vertex 85.0805 1.2 5.65291
      vertex 85.1 1.2 6
    endloop
  endfacet
  facet normal -0.96087 0 0.277
    outer loop
      vertex 84.926 1.2 4.97613
      vertex 85.0223 2.8 5.31018
      vertex 84.926 2.8 4.97613
    endloop
  endfacet
  facet normal -0.96087 0 0.277
    outer loop
      vertex 85.0223 2.8 5.31018
      vertex 84.926 1.2 4.97613
      vertex 85.0223 1.2 5.31018
    endloop
  endfacet
  facet normal -0.382772 0 0.923843
    outer loop
      vertex 83.0239 2.8 3.07396
      vertex 83.345 1.2 3.207
      vertex 83.345 2.8 3.207
    endloop
  endfacet
  facet normal -0.382772 0 0.923843
    outer loop
      vertex 83.345 1.2 3.207
      vertex 83.0239 2.8 3.07396
      vertex 83.0239 1.2 3.07396
    endloop
  endfacet
  facet normal 0.578683 0 -0.815553
    outer loop
      vertex 80.0672 1.2 8.42368
      vertex 80.3507 2.8 8.62484
      vertex 80.3507 1.2 8.62484
    endloop
  endfacet
  facet normal 0.578683 0 -0.815553
    outer loop
      vertex 80.3507 2.8 8.62484
      vertex 80.0672 1.2 8.42368
      vertex 80.0672 2.8 8.42368
    endloop
  endfacet
  facet normal 0.745562 0 -0.666436
    outer loop
      vertex 79.808 1.2 8.19203
      vertex 79.5763 2.8 7.93282
      vertex 79.808 2.8 8.19203
    endloop
  endfacet
  facet normal 0.745562 0 -0.666436
    outer loop
      vertex 79.5763 2.8 7.93282
      vertex 79.808 1.2 8.19203
      vertex 79.5763 1.2 7.93282
    endloop
  endfacet
  facet normal 0.875173 0 -0.48381
    outer loop
      vertex 79.3752 1.2 7.6493
      vertex 79.207 2.8 7.34504
      vertex 79.3752 2.8 7.6493
    endloop
  endfacet
  facet normal 0.875173 0 -0.48381
    outer loop
      vertex 79.207 2.8 7.34504
      vertex 79.3752 1.2 7.6493
      vertex 79.207 1.2 7.34504
    endloop
  endfacet
  facet normal -0.276802 0 -0.960927
    outer loop
      vertex 82.6898 1.2 9.02228
      vertex 83.0239 2.8 8.92604
      vertex 83.0239 1.2 8.92604
    endloop
  endfacet
  facet normal -0.276802 0 -0.960927
    outer loop
      vertex 83.0239 2.8 8.92604
      vertex 82.6898 1.2 9.02228
      vertex 82.6898 2.8 9.02228
    endloop
  endfacet
  facet normal 0.0560627 0 -0.998427
    outer loop
      vertex 81.6529 1.2 9.08051
      vertex 82 2.8 9.1
      vertex 82 1.2 9.1
    endloop
  endfacet
  facet normal 0.0560627 0 -0.998427
    outer loop
      vertex 82 2.8 9.1
      vertex 81.6529 1.2 9.08051
      vertex 81.6529 2.8 9.08051
    endloop
  endfacet
  facet normal -0.923913 0 0.382602
    outer loop
      vertex 84.793 1.2 4.65496
      vertex 84.926 2.8 4.97613
      vertex 84.793 2.8 4.65496
    endloop
  endfacet
  facet normal -0.923913 0 0.382602
    outer loop
      vertex 84.926 2.8 4.97613
      vertex 84.793 1.2 4.65496
      vertex 84.926 1.2 4.97613
    endloop
  endfacet
  facet normal 0.998426 -0 0.0560929
    outer loop
      vertex 78.9 1.2 6
      vertex 78.9195 2.8 5.65291
      vertex 78.9 2.8 6
    endloop
  endfacet
  facet normal 0.998426 0 0.0560929
    outer loop
      vertex 78.9195 2.8 5.65291
      vertex 78.9 1.2 6
      vertex 78.9195 1.2 5.65291
    endloop
  endfacet
  facet normal -0.276802 0 0.960927
    outer loop
      vertex 82.6898 2.8 2.97772
      vertex 83.0239 1.2 3.07396
      vertex 83.0239 2.8 3.07396
    endloop
  endfacet
  facet normal -0.276802 0 0.960927
    outer loop
      vertex 83.0239 1.2 3.07396
      vertex 82.6898 2.8 2.97772
      vertex 82.6898 1.2 2.97772
    endloop
  endfacet
  facet normal -0.745562 0 -0.666436
    outer loop
      vertex 84.4237 1.2 7.93282
      vertex 84.192 2.8 8.19203
      vertex 84.4237 2.8 7.93282
    endloop
  endfacet
  facet normal -0.745562 -0 -0.666436
    outer loop
      vertex 84.192 2.8 8.19203
      vertex 84.4237 1.2 7.93282
      vertex 84.192 1.2 8.19203
    endloop
  endfacet
  facet normal 0.66637 0 0.745621
    outer loop
      vertex 79.808 2.8 3.80797
      vertex 80.0672 1.2 3.57632
      vertex 80.0672 2.8 3.57632
    endloop
  endfacet
  facet normal 0.66637 0 0.745621
    outer loop
      vertex 80.0672 1.2 3.57632
      vertex 79.808 2.8 3.80797
      vertex 79.808 1.2 3.80797
    endloop
  endfacet
  facet normal -0.745562 0 0.666436
    outer loop
      vertex 84.192 1.2 3.80797
      vertex 84.4237 2.8 4.06718
      vertex 84.192 2.8 3.80797
    endloop
  endfacet
  facet normal -0.745562 0 0.666436
    outer loop
      vertex 84.4237 2.8 4.06718
      vertex 84.192 1.2 3.80797
      vertex 84.4237 1.2 4.06718
    endloop
  endfacet
  facet normal -0.875173 0 -0.48381
    outer loop
      vertex 84.793 1.2 7.34504
      vertex 84.6248 2.8 7.6493
      vertex 84.793 2.8 7.34504
    endloop
  endfacet
  facet normal -0.875173 -0 -0.48381
    outer loop
      vertex 84.6248 2.8 7.6493
      vertex 84.793 1.2 7.34504
      vertex 84.6248 1.2 7.6493
    endloop
  endfacet
  facet normal 0.382772 0 0.923843
    outer loop
      vertex 80.655 2.8 3.207
      vertex 80.9761 1.2 3.07396
      vertex 80.9761 2.8 3.07396
    endloop
  endfacet
  facet normal 0.382772 0 0.923843
    outer loop
      vertex 80.9761 1.2 3.07396
      vertex 80.655 2.8 3.207
      vertex 80.655 1.2 3.207
    endloop
  endfacet
  facet normal 0.483651 0 0.875261
    outer loop
      vertex 80.3507 2.8 3.37515
      vertex 80.655 1.2 3.207
      vertex 80.655 2.8 3.207
    endloop
  endfacet
  facet normal 0.483651 0 0.875261
    outer loop
      vertex 80.655 1.2 3.207
      vertex 80.3507 2.8 3.37515
      vertex 80.3507 1.2 3.37515
    endloop
  endfacet
  facet normal 0.745562 -0 0.666436
    outer loop
      vertex 79.5763 1.2 4.06718
      vertex 79.808 2.8 3.80797
      vertex 79.5763 2.8 4.06718
    endloop
  endfacet
  facet normal 0.745562 0 0.666436
    outer loop
      vertex 79.808 2.8 3.80797
      vertex 79.5763 1.2 4.06718
      vertex 79.808 1.2 3.80797
    endloop
  endfacet
  facet normal 0.985885 0 -0.167421
    outer loop
      vertex 78.9777 1.2 6.68981
      vertex 78.9195 2.8 6.34709
      vertex 78.9777 2.8 6.68981
    endloop
  endfacet
  facet normal 0.985885 0 -0.167421
    outer loop
      vertex 78.9195 2.8 6.34709
      vertex 78.9777 1.2 6.68981
      vertex 78.9195 1.2 6.34709
    endloop
  endfacet
  facet normal 0.382772 0 -0.923843
    outer loop
      vertex 80.655 1.2 8.793
      vertex 80.9761 2.8 8.92604
      vertex 80.9761 1.2 8.92604
    endloop
  endfacet
  facet normal 0.382772 0 -0.923843
    outer loop
      vertex 80.9761 2.8 8.92604
      vertex 80.655 1.2 8.793
      vertex 80.655 2.8 8.793
    endloop
  endfacet
  facet normal -0.66637 0 0.745621
    outer loop
      vertex 83.9328 2.8 3.57632
      vertex 84.192 1.2 3.80797
      vertex 84.192 2.8 3.80797
    endloop
  endfacet
  facet normal -0.66637 0 0.745621
    outer loop
      vertex 84.192 1.2 3.80797
      vertex 83.9328 2.8 3.57632
      vertex 83.9328 1.2 3.57632
    endloop
  endfacet
  facet normal -0.483673 0 -0.875249
    outer loop
      vertex 83.345 1.2 8.793
      vertex 83.6493 2.8 8.62484
      vertex 83.6493 1.2 8.62484
    endloop
  endfacet
  facet normal -0.483673 0 -0.875249
    outer loop
      vertex 83.6493 2.8 8.62484
      vertex 83.345 1.2 8.793
      vertex 83.345 2.8 8.793
    endloop
  endfacet
  facet normal -0.96087 0 -0.277
    outer loop
      vertex 85.0223 1.2 6.68981
      vertex 84.926 2.8 7.02386
      vertex 85.0223 2.8 6.68981
    endloop
  endfacet
  facet normal -0.96087 -0 -0.277
    outer loop
      vertex 84.926 2.8 7.02386
      vertex 85.0223 1.2 6.68981
      vertex 84.926 1.2 7.02386
    endloop
  endfacet
  facet normal 0.875173 -0 0.48381
    outer loop
      vertex 79.207 1.2 4.65496
      vertex 79.3752 2.8 4.3507
      vertex 79.207 2.8 4.65496
    endloop
  endfacet
  facet normal 0.875173 0 0.48381
    outer loop
      vertex 79.3752 2.8 4.3507
      vertex 79.207 1.2 4.65496
      vertex 79.3752 1.2 4.3507
    endloop
  endfacet
  facet normal 0.276802 0 0.960927
    outer loop
      vertex 80.9761 2.8 3.07396
      vertex 81.3102 1.2 2.97772
      vertex 81.3102 2.8 2.97772
    endloop
  endfacet
  facet normal 0.276802 0 0.960927
    outer loop
      vertex 81.3102 1.2 2.97772
      vertex 80.9761 2.8 3.07396
      vertex 80.9761 1.2 3.07396
    endloop
  endfacet
  facet normal -0.998426 0 -0.0560929
    outer loop
      vertex 85.1 1.2 6
      vertex 85.0805 2.8 6.34709
      vertex 85.1 2.8 6
    endloop
  endfacet
  facet normal -0.998426 -0 -0.0560929
    outer loop
      vertex 85.0805 2.8 6.34709
      vertex 85.1 1.2 6
      vertex 85.0805 1.2 6.34709
    endloop
  endfacet
  facet normal -0.985885 0 -0.167421
    outer loop
      vertex 85.0805 1.2 6.34709
      vertex 85.0223 2.8 6.68981
      vertex 85.0805 2.8 6.34709
    endloop
  endfacet
  facet normal -0.985885 -0 -0.167421
    outer loop
      vertex 85.0223 2.8 6.68981
      vertex 85.0805 1.2 6.34709
      vertex 85.0223 1.2 6.68981
    endloop
  endfacet
  facet normal -0.66637 0 -0.745621
    outer loop
      vertex 83.9328 1.2 8.42368
      vertex 84.192 2.8 8.19203
      vertex 84.192 1.2 8.19203
    endloop
  endfacet
  facet normal -0.66637 0 -0.745621
    outer loop
      vertex 84.192 2.8 8.19203
      vertex 83.9328 1.2 8.42368
      vertex 83.9328 2.8 8.42368
    endloop
  endfacet
  facet normal -0.923917 0 -0.382592
    outer loop
      vertex 84.926 1.2 7.02386
      vertex 84.793 2.8 7.34504
      vertex 84.926 2.8 7.02386
    endloop
  endfacet
  facet normal -0.923917 -0 -0.382592
    outer loop
      vertex 84.793 2.8 7.34504
      vertex 84.926 1.2 7.02386
      vertex 84.793 1.2 7.34504
    endloop
  endfacet
  facet normal 0.815653 0 -0.578541
    outer loop
      vertex 79.5763 1.2 7.93282
      vertex 79.3752 2.8 7.6493
      vertex 79.5763 2.8 7.93282
    endloop
  endfacet
  facet normal 0.815653 0 -0.578541
    outer loop
      vertex 79.3752 2.8 7.6493
      vertex 79.5763 1.2 7.93282
      vertex 79.3752 1.2 7.6493
    endloop
  endfacet
  facet normal -0.815653 0 0.578541
    outer loop
      vertex 84.4237 1.2 4.06718
      vertex 84.6248 2.8 4.3507
      vertex 84.4237 2.8 4.06718
    endloop
  endfacet
  facet normal -0.815653 0 0.578541
    outer loop
      vertex 84.6248 2.8 4.3507
      vertex 84.4237 1.2 4.06718
      vertex 84.6248 1.2 4.3507
    endloop
  endfacet
  facet normal 0.578702 0 0.815539
    outer loop
      vertex 80.0672 2.8 3.57632
      vertex 80.3507 1.2 3.37515
      vertex 80.3507 2.8 3.37515
    endloop
  endfacet
  facet normal 0.578702 0 0.815539
    outer loop
      vertex 80.3507 1.2 3.37515
      vertex 80.0672 2.8 3.57632
      vertex 80.0672 1.2 3.57632
    endloop
  endfacet
  facet normal -0.167514 0 -0.98587
    outer loop
      vertex 82.3471 1.2 9.08051
      vertex 82.6898 2.8 9.02228
      vertex 82.6898 1.2 9.02228
    endloop
  endfacet
  facet normal -0.167514 0 -0.98587
    outer loop
      vertex 82.6898 2.8 9.02228
      vertex 82.3471 1.2 9.08051
      vertex 82.3471 2.8 9.08051
    endloop
  endfacet
  facet normal 0.167514 0 0.98587
    outer loop
      vertex 81.3102 2.8 2.97772
      vertex 81.6529 1.2 2.91949
      vertex 81.6529 2.8 2.91949
    endloop
  endfacet
  facet normal 0.167514 0 0.98587
    outer loop
      vertex 81.6529 1.2 2.91949
      vertex 81.3102 2.8 2.97772
      vertex 81.3102 1.2 2.97772
    endloop
  endfacet
  facet normal -0.578702 0 0.815539
    outer loop
      vertex 83.6493 2.8 3.37515
      vertex 83.9328 1.2 3.57632
      vertex 83.9328 2.8 3.57632
    endloop
  endfacet
  facet normal -0.578702 0 0.815539
    outer loop
      vertex 83.9328 1.2 3.57632
      vertex 83.6493 2.8 3.37515
      vertex 83.6493 1.2 3.37515
    endloop
  endfacet
  facet normal -0.578683 0 -0.815553
    outer loop
      vertex 83.6493 1.2 8.62484
      vertex 83.9328 2.8 8.42368
      vertex 83.9328 1.2 8.42368
    endloop
  endfacet
  facet normal -0.578683 0 -0.815553
    outer loop
      vertex 83.9328 2.8 8.42368
      vertex 83.6493 1.2 8.62484
      vertex 83.6493 2.8 8.62484
    endloop
  endfacet
  facet normal 0.0560627 0 0.998427
    outer loop
      vertex 81.6529 2.8 2.91949
      vertex 82 1.2 2.9
      vertex 82 2.8 2.9
    endloop
  endfacet
  facet normal 0.0560627 0 0.998427
    outer loop
      vertex 82 1.2 2.9
      vertex 81.6529 2.8 2.91949
      vertex 81.6529 1.2 2.91949
    endloop
  endfacet
  facet normal -0.875173 0 0.48381
    outer loop
      vertex 84.6248 1.2 4.3507
      vertex 84.793 2.8 4.65496
      vertex 84.6248 2.8 4.3507
    endloop
  endfacet
  facet normal -0.875173 0 0.48381
    outer loop
      vertex 84.793 2.8 4.65496
      vertex 84.6248 1.2 4.3507
      vertex 84.793 1.2 4.65496
    endloop
  endfacet
  facet normal 0.923913 -0 0.382602
    outer loop
      vertex 79.074 1.2 4.97613
      vertex 79.207 2.8 4.65496
      vertex 79.074 2.8 4.97613
    endloop
  endfacet
  facet normal 0.923913 0 0.382602
    outer loop
      vertex 79.207 2.8 4.65496
      vertex 79.074 1.2 4.97613
      vertex 79.207 1.2 4.65496
    endloop
  endfacet
  facet normal -0.815653 0 -0.578541
    outer loop
      vertex 84.6248 1.2 7.6493
      vertex 84.4237 2.8 7.93282
      vertex 84.6248 2.8 7.6493
    endloop
  endfacet
  facet normal -0.815653 -0 -0.578541
    outer loop
      vertex 84.4237 2.8 7.93282
      vertex 84.6248 1.2 7.6493
      vertex 84.4237 1.2 7.93282
    endloop
  endfacet
  facet normal -0.0560627 0 -0.998427
    outer loop
      vertex 82 1.2 9.1
      vertex 82.3471 2.8 9.08051
      vertex 82.3471 1.2 9.08051
    endloop
  endfacet
  facet normal -0.0560627 0 -0.998427
    outer loop
      vertex 82.3471 2.8 9.08051
      vertex 82 1.2 9.1
      vertex 82 2.8 9.1
    endloop
  endfacet
  facet normal 0.96087 0 -0.277
    outer loop
      vertex 79.074 1.2 7.02386
      vertex 78.9777 2.8 6.68981
      vertex 79.074 2.8 7.02386
    endloop
  endfacet
  facet normal 0.96087 0 -0.277
    outer loop
      vertex 78.9777 2.8 6.68981
      vertex 79.074 1.2 7.02386
      vertex 78.9777 1.2 6.68981
    endloop
  endfacet
  facet normal 0.923917 0 -0.382592
    outer loop
      vertex 79.207 1.2 7.34504
      vertex 79.074 2.8 7.02386
      vertex 79.207 2.8 7.34504
    endloop
  endfacet
  facet normal 0.923917 0 -0.382592
    outer loop
      vertex 79.074 2.8 7.02386
      vertex 79.207 1.2 7.34504
      vertex 79.074 1.2 7.02386
    endloop
  endfacet
  facet normal -0.0560627 0 0.998427
    outer loop
      vertex 82 2.8 2.9
      vertex 82.3471 1.2 2.91949
      vertex 82.3471 2.8 2.91949
    endloop
  endfacet
  facet normal -0.0560627 0 0.998427
    outer loop
      vertex 82.3471 1.2 2.91949
      vertex 82 2.8 2.9
      vertex 82 1.2 2.9
    endloop
  endfacet
  facet normal 0.483673 0 -0.875249
    outer loop
      vertex 80.3507 1.2 8.62484
      vertex 80.655 2.8 8.793
      vertex 80.655 1.2 8.793
    endloop
  endfacet
  facet normal 0.483673 0 -0.875249
    outer loop
      vertex 80.655 2.8 8.793
      vertex 80.3507 1.2 8.62484
      vertex 80.3507 2.8 8.62484
    endloop
  endfacet
  facet normal 0.998426 0 -0.0560929
    outer loop
      vertex 78.9195 1.2 6.34709
      vertex 78.9 2.8 6
      vertex 78.9195 2.8 6.34709
    endloop
  endfacet
  facet normal 0.998426 0 -0.0560929
    outer loop
      vertex 78.9 2.8 6
      vertex 78.9195 1.2 6.34709
      vertex 78.9 1.2 6
    endloop
  endfacet
  facet normal 0.985886 -0 0.167416
    outer loop
      vertex 78.9195 1.2 5.65291
      vertex 78.9777 2.8 5.31018
      vertex 78.9195 2.8 5.65291
    endloop
  endfacet
  facet normal 0.985886 0 0.167416
    outer loop
      vertex 78.9777 2.8 5.31018
      vertex 78.9195 1.2 5.65291
      vertex 78.9777 1.2 5.31018
    endloop
  endfacet
  facet normal 0.815653 -0 0.578541
    outer loop
      vertex 79.3752 1.2 4.3507
      vertex 79.5763 2.8 4.06718
      vertex 79.3752 2.8 4.3507
    endloop
  endfacet
  facet normal 0.815653 0 0.578541
    outer loop
      vertex 79.5763 2.8 4.06718
      vertex 79.3752 1.2 4.3507
      vertex 79.5763 1.2 4.06718
    endloop
  endfacet
  facet normal -0.167514 0 0.98587
    outer loop
      vertex 82.3471 2.8 2.91949
      vertex 82.6898 1.2 2.97772
      vertex 82.6898 2.8 2.97772
    endloop
  endfacet
  facet normal -0.167514 0 0.98587
    outer loop
      vertex 82.6898 1.2 2.97772
      vertex 82.3471 2.8 2.91949
      vertex 82.3471 1.2 2.91949
    endloop
  endfacet
  facet normal 0.96087 -0 0.277
    outer loop
      vertex 78.9777 1.2 5.31018
      vertex 79.074 2.8 4.97613
      vertex 78.9777 2.8 5.31018
    endloop
  endfacet
  facet normal 0.96087 0 0.277
    outer loop
      vertex 79.074 2.8 4.97613
      vertex 78.9777 1.2 5.31018
      vertex 79.074 1.2 4.97613
    endloop
  endfacet
  facet normal 0.276802 0 -0.960927
    outer loop
      vertex 80.9761 1.2 8.92604
      vertex 81.3102 2.8 9.02228
      vertex 81.3102 1.2 9.02228
    endloop
  endfacet
  facet normal 0.276802 0 -0.960927
    outer loop
      vertex 81.3102 2.8 9.02228
      vertex 80.9761 1.2 8.92604
      vertex 80.9761 2.8 8.92604
    endloop
  endfacet
  facet normal 0.66637 0 -0.745621
    outer loop
      vertex 79.808 1.2 8.19203
      vertex 80.0672 2.8 8.42368
      vertex 80.0672 1.2 8.42368
    endloop
  endfacet
  facet normal 0.66637 0 -0.745621
    outer loop
      vertex 80.0672 2.8 8.42368
      vertex 79.808 1.2 8.19203
      vertex 79.808 2.8 8.19203
    endloop
  endfacet
  facet normal 0 1 0
    outer loop
      vertex 82 1.2 7.5
      vertex 82 1.2 9.1
      vertex 82.3471 1.2 9.08051
    endloop
  endfacet
  facet normal 0 1 0
    outer loop
      vertex 82.1679 1.2 7.49055
      vertex 82.3471 1.2 9.08051
      vertex 82.6898 1.2 9.02228
    endloop
  endfacet
  facet normal 0 1 0
    outer loop
      vertex 82 1.2 9.1
      vertex 82 1.2 7.5
      vertex 81.6529 1.2 9.08051
    endloop
  endfacet
  facet normal 0 1 0
    outer loop
      vertex 82.3338 1.2 7.46239
      vertex 82.6898 1.2 9.02228
      vertex 83.0239 1.2 8.92604
    endloop
  endfacet
  facet normal 0 1 -0
    outer loop
      vertex 81.832 1.2 7.49055
      vertex 81.6529 1.2 9.08051
      vertex 82 1.2 7.5
    endloop
  endfacet
  facet normal 0 1 0
    outer loop
      vertex 82.4954 1.2 7.41582
      vertex 83.0239 1.2 8.92604
      vertex 83.345 1.2 8.793
    endloop
  endfacet
  facet normal 0 1 0
    outer loop
      vertex 81.6529 1.2 9.08051
      vertex 81.832 1.2 7.49055
      vertex 81.3102 1.2 9.02228
    endloop
  endfacet
  facet normal 0 1 0
    outer loop
      vertex 82.6508 1.2 7.35144
      vertex 83.345 1.2 8.793
      vertex 83.6493 1.2 8.62484
    endloop
  endfacet
  facet normal 0 1 -0
    outer loop
      vertex 81.6662 1.2 7.46239
      vertex 81.3102 1.2 9.02228
      vertex 81.832 1.2 7.49055
    endloop
  endfacet
  facet normal 0 1 0
    outer loop
      vertex 82.798 1.2 7.27008
      vertex 83.6493 1.2 8.62484
      vertex 83.9328 1.2 8.42368
    endloop
  endfacet
  facet normal 0 1 0
    outer loop
      vertex 81.3102 1.2 9.02228
      vertex 81.6662 1.2 7.46239
      vertex 80.9761 1.2 8.92604
    endloop
  endfacet
  facet normal 0 1 0
    outer loop
      vertex 82.9352 1.2 7.17274
      vertex 83.9328 1.2 8.42368
      vertex 84.192 1.2 8.19203
    endloop
  endfacet
  facet normal 0 1 -0
    outer loop
      vertex 81.5046 1.2 7.41582
      vertex 80.9761 1.2 8.92604
      vertex 81.6662 1.2 7.46239
    endloop
  endfacet
  facet normal 0 1 0
    outer loop
      vertex 83.0607 1.2 7.06065
      vertex 84.192 1.2 8.19203
      vertex 84.4237 1.2 7.93282
    endloop
  endfacet
  facet normal 0 1 0
    outer loop
      vertex 80.9761 1.2 8.92604
      vertex 81.5046 1.2 7.41582
      vertex 80.655 1.2 8.793
    endloop
  endfacet
  facet normal 0 1 0
    outer loop
      vertex 83.1727 1.2 6.93523
      vertex 84.4237 1.2 7.93282
      vertex 84.6248 1.2 7.6493
    endloop
  endfacet
  facet normal 0 1 -0
    outer loop
      vertex 81.3492 1.2 7.35144
      vertex 80.655 1.2 8.793
      vertex 81.5046 1.2 7.41582
    endloop
  endfacet
  facet normal 0 1 0
    outer loop
      vertex 80.655 1.2 8.793
      vertex 81.3492 1.2 7.35144
      vertex 80.3507 1.2 8.62484
    endloop
  endfacet
  facet normal 0 1 0
    outer loop
      vertex 82.3471 1.2 9.08051
      vertex 82.1679 1.2 7.49055
      vertex 82 1.2 7.5
    endloop
  endfacet
  facet normal 0 1 0
    outer loop
      vertex 82.6898 1.2 9.02228
      vertex 82.3338 1.2 7.46239
      vertex 82.1679 1.2 7.49055
    endloop
  endfacet
  facet normal 0 1 0
    outer loop
      vertex 83.0239 1.2 8.92604
      vertex 82.4954 1.2 7.41582
      vertex 82.3338 1.2 7.46239
    endloop
  endfacet
  facet normal 0 1 0
    outer loop
      vertex 83.345 1.2 8.793
      vertex 82.6508 1.2 7.35144
      vertex 82.4954 1.2 7.41582
    endloop
  endfacet
  facet normal 0 1 0
    outer loop
      vertex 83.2701 1.2 6.79803
      vertex 84.6248 1.2 7.6493
      vertex 84.793 1.2 7.34504
    endloop
  endfacet
  facet normal 0 1 0
    outer loop
      vertex 83.6493 1.2 8.62484
      vertex 82.798 1.2 7.27008
      vertex 82.6508 1.2 7.35144
    endloop
  endfacet
  facet normal 0 1 0
    outer loop
      vertex 83.9328 1.2 8.42368
      vertex 82.9352 1.2 7.17274
      vertex 82.798 1.2 7.27008
    endloop
  endfacet
  facet normal 0 1 0
    outer loop
      vertex 84.192 1.2 8.19203
      vertex 83.0607 1.2 7.06065
      vertex 82.9352 1.2 7.17274
    endloop
  endfacet
  facet normal 0 1 0
    outer loop
      vertex 83.3514 1.2 6.65082
      vertex 84.793 1.2 7.34504
      vertex 84.926 1.2 7.02386
    endloop
  endfacet
  facet normal 0 1 0
    outer loop
      vertex 84.4237 1.2 7.93282
      vertex 83.1727 1.2 6.93523
      vertex 83.0607 1.2 7.06065
    endloop
  endfacet
  facet normal 0 1 0
    outer loop
      vertex 84.6248 1.2 7.6493
      vertex 83.2701 1.2 6.79803
      vertex 83.1727 1.2 6.93523
    endloop
  endfacet
  facet normal 0 1 0
    outer loop
      vertex 83.4158 1.2 6.49541
      vertex 84.926 1.2 7.02386
      vertex 85.0223 1.2 6.68981
    endloop
  endfacet
  facet normal 0 1 0
    outer loop
      vertex 84.793 1.2 7.34504
      vertex 83.3514 1.2 6.65082
      vertex 83.2701 1.2 6.79803
    endloop
  endfacet
  facet normal 0 1 0
    outer loop
      vertex 84.926 1.2 7.02386
      vertex 83.4158 1.2 6.49541
      vertex 83.3514 1.2 6.65082
    endloop
  endfacet
  facet normal 0 1 0
    outer loop
      vertex 83.4624 1.2 6.33377
      vertex 85.0223 1.2 6.68981
      vertex 85.0805 1.2 6.34709
    endloop
  endfacet
  facet normal 0 1 0
    outer loop
      vertex 85.0223 1.2 6.68981
      vertex 83.4624 1.2 6.33377
      vertex 83.4158 1.2 6.49541
    endloop
  endfacet
  facet normal 0 1 0
    outer loop
      vertex 85.0805 1.2 6.34709
      vertex 83.4906 1.2 6.16794
      vertex 83.4624 1.2 6.33377
    endloop
  endfacet
  facet normal 0 1 0
    outer loop
      vertex 85.1 1.2 6
      vertex 83.4906 1.2 6.16794
      vertex 85.0805 1.2 6.34709
    endloop
  endfacet
  facet normal 0 1 0
    outer loop
      vertex 85.1 1.2 6
      vertex 83.5 1.2 6
      vertex 83.4906 1.2 6.16794
    endloop
  endfacet
  facet normal 0 1 0
    outer loop
      vertex 85.1 1.2 6
      vertex 83.4906 1.2 5.83205
      vertex 83.5 1.2 6
    endloop
  endfacet
  facet normal 0 1 -0
    outer loop
      vertex 85.0805 1.2 5.65291
      vertex 83.4906 1.2 5.83205
      vertex 85.1 1.2 6
    endloop
  endfacet
  facet normal 0 1 0
    outer loop
      vertex 83.4906 1.2 5.83205
      vertex 85.0805 1.2 5.65291
      vertex 83.4624 1.2 5.66621
    endloop
  endfacet
  facet normal 0 1 -0
    outer loop
      vertex 85.0223 1.2 5.31018
      vertex 83.4624 1.2 5.66621
      vertex 85.0805 1.2 5.65291
    endloop
  endfacet
  facet normal 0 1 0
    outer loop
      vertex 83.4624 1.2 5.66621
      vertex 85.0223 1.2 5.31018
      vertex 83.4158 1.2 5.50458
    endloop
  endfacet
  facet normal 0 1 -0
    outer loop
      vertex 84.926 1.2 4.97613
      vertex 83.4158 1.2 5.50458
      vertex 85.0223 1.2 5.31018
    endloop
  endfacet
  facet normal 0 1 0
    outer loop
      vertex 83.4158 1.2 5.50458
      vertex 84.926 1.2 4.97613
      vertex 83.3514 1.2 5.34917
    endloop
  endfacet
  facet normal 0 1 -0
    outer loop
      vertex 84.793 1.2 4.65496
      vertex 83.3514 1.2 5.34917
      vertex 84.926 1.2 4.97613
    endloop
  endfacet
  facet normal 0 1 0
    outer loop
      vertex 83.3514 1.2 5.34917
      vertex 84.793 1.2 4.65496
      vertex 83.2701 1.2 5.20195
    endloop
  endfacet
  facet normal 0 1 -0
    outer loop
      vertex 84.6248 1.2 4.3507
      vertex 83.2701 1.2 5.20195
      vertex 84.793 1.2 4.65496
    endloop
  endfacet
  facet normal 0 1 0
    outer loop
      vertex 83.2701 1.2 5.20195
      vertex 84.6248 1.2 4.3507
      vertex 83.1727 1.2 5.06476
    endloop
  endfacet
  facet normal 0 1 -0
    outer loop
      vertex 84.4237 1.2 4.06718
      vertex 83.1727 1.2 5.06476
      vertex 84.6248 1.2 4.3507
    endloop
  endfacet
  facet normal 0 1 0
    outer loop
      vertex 83.1727 1.2 5.06476
      vertex 84.4237 1.2 4.06718
      vertex 83.0607 1.2 4.93933
    endloop
  endfacet
  facet normal 0 1 -0
    outer loop
      vertex 84.192 1.2 3.80797
      vertex 83.0607 1.2 4.93933
      vertex 84.4237 1.2 4.06718
    endloop
  endfacet
  facet normal 0 1 0
    outer loop
      vertex 83.0607 1.2 4.93933
      vertex 84.192 1.2 3.80797
      vertex 82.9352 1.2 4.82724
    endloop
  endfacet
  facet normal 0 1 -0
    outer loop
      vertex 83.9328 1.2 3.57632
      vertex 82.9352 1.2 4.82724
      vertex 84.192 1.2 3.80797
    endloop
  endfacet
  facet normal 0 1 0
    outer loop
      vertex 82.9352 1.2 4.82724
      vertex 83.9328 1.2 3.57632
      vertex 82.798 1.2 4.7299
    endloop
  endfacet
  facet normal 0 1 -0
    outer loop
      vertex 83.6493 1.2 3.37515
      vertex 82.798 1.2 4.7299
      vertex 83.9328 1.2 3.57632
    endloop
  endfacet
  facet normal 0 1 0
    outer loop
      vertex 82.798 1.2 4.7299
      vertex 83.6493 1.2 3.37515
      vertex 82.6508 1.2 4.64854
    endloop
  endfacet
  facet normal 0 1 -0
    outer loop
      vertex 81.202 1.2 7.27008
      vertex 80.3507 1.2 8.62484
      vertex 81.3492 1.2 7.35144
    endloop
  endfacet
  facet normal 0 1 0
    outer loop
      vertex 80.3507 1.2 8.62484
      vertex 81.202 1.2 7.27008
      vertex 80.0672 1.2 8.42368
    endloop
  endfacet
  facet normal 0 1 -0
    outer loop
      vertex 81.0648 1.2 7.17274
      vertex 80.0672 1.2 8.42368
      vertex 81.202 1.2 7.27008
    endloop
  endfacet
  facet normal 0 1 0
    outer loop
      vertex 80.0672 1.2 8.42368
      vertex 81.0648 1.2 7.17274
      vertex 79.808 1.2 8.19203
    endloop
  endfacet
  facet normal 0 1 -0
    outer loop
      vertex 80.9393 1.2 7.06065
      vertex 79.808 1.2 8.19203
      vertex 81.0648 1.2 7.17274
    endloop
  endfacet
  facet normal 0 1 0
    outer loop
      vertex 79.808 1.2 8.19203
      vertex 80.9393 1.2 7.06065
      vertex 79.5763 1.2 7.93282
    endloop
  endfacet
  facet normal 0 1 -0
    outer loop
      vertex 80.8272 1.2 6.93523
      vertex 79.5763 1.2 7.93282
      vertex 80.9393 1.2 7.06065
    endloop
  endfacet
  facet normal 0 1 0
    outer loop
      vertex 79.5763 1.2 7.93282
      vertex 80.8272 1.2 6.93523
      vertex 79.3752 1.2 7.6493
    endloop
  endfacet
  facet normal 0 1 -0
    outer loop
      vertex 80.7299 1.2 6.79803
      vertex 79.3752 1.2 7.6493
      vertex 80.8272 1.2 6.93523
    endloop
  endfacet
  facet normal 0 1 0
    outer loop
      vertex 79.3752 1.2 7.6493
      vertex 80.7299 1.2 6.79803
      vertex 79.207 1.2 7.34504
    endloop
  endfacet
  facet normal 0 1 -0
    outer loop
      vertex 80.6485 1.2 6.65082
      vertex 79.207 1.2 7.34504
      vertex 80.7299 1.2 6.79803
    endloop
  endfacet
  facet normal 0 1 0
    outer loop
      vertex 79.207 1.2 7.34504
      vertex 80.6485 1.2 6.65082
      vertex 79.074 1.2 7.02386
    endloop
  endfacet
  facet normal 0 1 -0
    outer loop
      vertex 80.5842 1.2 6.49541
      vertex 79.074 1.2 7.02386
      vertex 80.6485 1.2 6.65082
    endloop
  endfacet
  facet normal 0 1 0
    outer loop
      vertex 79.074 1.2 7.02386
      vertex 80.5842 1.2 6.49541
      vertex 78.9777 1.2 6.68981
    endloop
  endfacet
  facet normal 0 1 -0
    outer loop
      vertex 80.5376 1.2 6.33377
      vertex 78.9777 1.2 6.68981
      vertex 80.5842 1.2 6.49541
    endloop
  endfacet
  facet normal 0 1 0
    outer loop
      vertex 78.9777 1.2 6.68981
      vertex 80.5376 1.2 6.33377
      vertex 78.9195 1.2 6.34709
    endloop
  endfacet
  facet normal 0 1 -0
    outer loop
      vertex 80.5094 1.2 6.16794
      vertex 78.9195 1.2 6.34709
      vertex 80.5376 1.2 6.33377
    endloop
  endfacet
  facet normal 0 1 -0
    outer loop
      vertex 80.5 1.2 6
      vertex 78.9195 1.2 6.34709
      vertex 80.5094 1.2 6.16794
    endloop
  endfacet
  facet normal 0 1 0
    outer loop
      vertex 80.5 1.2 6
      vertex 78.9 1.2 6
      vertex 78.9195 1.2 6.34709
    endloop
  endfacet
  facet normal 0 1 0
    outer loop
      vertex 80.5094 1.2 5.83205
      vertex 78.9 1.2 6
      vertex 80.5 1.2 6
    endloop
  endfacet
  facet normal 0 1 0
    outer loop
      vertex 78.9195 1.2 5.65291
      vertex 80.5094 1.2 5.83205
      vertex 80.5376 1.2 5.66621
    endloop
  endfacet
  facet normal 0 1 0
    outer loop
      vertex 80.5094 1.2 5.83205
      vertex 78.9195 1.2 5.65291
      vertex 78.9 1.2 6
    endloop
  endfacet
  facet normal 0 1 0
    outer loop
      vertex 78.9777 1.2 5.31018
      vertex 80.5376 1.2 5.66621
      vertex 80.5842 1.2 5.50458
    endloop
  endfacet
  facet normal 0 1 0
    outer loop
      vertex 79.074 1.2 4.97613
      vertex 80.5842 1.2 5.50458
      vertex 80.6485 1.2 5.34917
    endloop
  endfacet
  facet normal 0 1 0
    outer loop
      vertex 80.5376 1.2 5.66621
      vertex 78.9777 1.2 5.31018
      vertex 78.9195 1.2 5.65291
    endloop
  endfacet
  facet normal 0 1 0
    outer loop
      vertex 79.207 1.2 4.65496
      vertex 80.6485 1.2 5.34917
      vertex 80.7299 1.2 5.20195
    endloop
  endfacet
  facet normal 0 1 0
    outer loop
      vertex 79.3752 1.2 4.3507
      vertex 80.7299 1.2 5.20195
      vertex 80.8272 1.2 5.06476
    endloop
  endfacet
  facet normal 0 1 0
    outer loop
      vertex 80.5842 1.2 5.50458
      vertex 79.074 1.2 4.97613
      vertex 78.9777 1.2 5.31018
    endloop
  endfacet
  facet normal 0 1 0
    outer loop
      vertex 79.5763 1.2 4.06718
      vertex 80.8272 1.2 5.06476
      vertex 80.9393 1.2 4.93933
    endloop
  endfacet
  facet normal 0 1 0
    outer loop
      vertex 79.808 1.2 3.80797
      vertex 80.9393 1.2 4.93933
      vertex 81.0648 1.2 4.82724
    endloop
  endfacet
  facet normal 0 1 0
    outer loop
      vertex 80.0672 1.2 3.57632
      vertex 81.0648 1.2 4.82724
      vertex 81.202 1.2 4.7299
    endloop
  endfacet
  facet normal 0 1 0
    outer loop
      vertex 80.6485 1.2 5.34917
      vertex 79.207 1.2 4.65496
      vertex 79.074 1.2 4.97613
    endloop
  endfacet
  facet normal 0 1 0
    outer loop
      vertex 80.3507 1.2 3.37515
      vertex 81.202 1.2 4.7299
      vertex 81.3492 1.2 4.64854
    endloop
  endfacet
  facet normal 0 1 0
    outer loop
      vertex 80.655 1.2 3.207
      vertex 81.3492 1.2 4.64854
      vertex 81.5046 1.2 4.58417
    endloop
  endfacet
  facet normal 0 1 0
    outer loop
      vertex 80.9761 1.2 3.07396
      vertex 81.5046 1.2 4.58417
      vertex 81.6662 1.2 4.5376
    endloop
  endfacet
  facet normal 0 1 0
    outer loop
      vertex 81.3102 1.2 2.97772
      vertex 81.6662 1.2 4.5376
      vertex 81.832 1.2 4.50943
    endloop
  endfacet
  facet normal 0 1 0
    outer loop
      vertex 81.6529 1.2 2.91949
      vertex 81.832 1.2 4.50943
      vertex 82 1.2 4.5
    endloop
  endfacet
  facet normal 0 1 -0
    outer loop
      vertex 83.345 1.2 3.207
      vertex 82.6508 1.2 4.64854
      vertex 83.6493 1.2 3.37515
    endloop
  endfacet
  facet normal 0 1 0
    outer loop
      vertex 80.7299 1.2 5.20195
      vertex 79.3752 1.2 4.3507
      vertex 79.207 1.2 4.65496
    endloop
  endfacet
  facet normal 0 1 0
    outer loop
      vertex 82.6508 1.2 4.64854
      vertex 83.345 1.2 3.207
      vertex 82.4954 1.2 4.58417
    endloop
  endfacet
  facet normal 0 1 0
    outer loop
      vertex 80.8272 1.2 5.06476
      vertex 79.5763 1.2 4.06718
      vertex 79.3752 1.2 4.3507
    endloop
  endfacet
  facet normal 0 1 -0
    outer loop
      vertex 83.0239 1.2 3.07396
      vertex 82.4954 1.2 4.58417
      vertex 83.345 1.2 3.207
    endloop
  endfacet
  facet normal 0 1 0
    outer loop
      vertex 80.9393 1.2 4.93933
      vertex 79.808 1.2 3.80797
      vertex 79.5763 1.2 4.06718
    endloop
  endfacet
  facet normal 0 1 0
    outer loop
      vertex 82.4954 1.2 4.58417
      vertex 83.0239 1.2 3.07396
      vertex 82.3338 1.2 4.5376
    endloop
  endfacet
  facet normal 0 1 0
    outer loop
      vertex 81.0648 1.2 4.82724
      vertex 80.0672 1.2 3.57632
      vertex 79.808 1.2 3.80797
    endloop
  endfacet
  facet normal 0 1 -0
    outer loop
      vertex 82.6898 1.2 2.97772
      vertex 82.3338 1.2 4.5376
      vertex 83.0239 1.2 3.07396
    endloop
  endfacet
  facet normal 0 1 0
    outer loop
      vertex 81.202 1.2 4.7299
      vertex 80.3507 1.2 3.37515
      vertex 80.0672 1.2 3.57632
    endloop
  endfacet
  facet normal 0 1 0
    outer loop
      vertex 82.3338 1.2 4.5376
      vertex 82.6898 1.2 2.97772
      vertex 82.1679 1.2 4.50943
    endloop
  endfacet
  facet normal 0 1 0
    outer loop
      vertex 81.3492 1.2 4.64854
      vertex 80.655 1.2 3.207
      vertex 80.3507 1.2 3.37515
    endloop
  endfacet
  facet normal 0 1 -0
    outer loop
      vertex 82.3471 1.2 2.91949
      vertex 82.1679 1.2 4.50943
      vertex 82.6898 1.2 2.97772
    endloop
  endfacet
  facet normal 0 1 0
    outer loop
      vertex 81.5046 1.2 4.58417
      vertex 80.9761 1.2 3.07396
      vertex 80.655 1.2 3.207
    endloop
  endfacet
  facet normal 0 1 0
    outer loop
      vertex 82.1679 1.2 4.50943
      vertex 82.3471 1.2 2.91949
      vertex 82 1.2 4.5
    endloop
  endfacet
  facet normal 0 1 0
    outer loop
      vertex 81.6662 1.2 4.5376
      vertex 81.3102 1.2 2.97772
      vertex 80.9761 1.2 3.07396
    endloop
  endfacet
  facet normal 0 1 0
    outer loop
      vertex 82 1.2 2.9
      vertex 82 1.2 4.5
      vertex 82.3471 1.2 2.91949
    endloop
  endfacet
  facet normal 0 1 0
    outer loop
      vertex 81.832 1.2 4.50943
      vertex 81.6529 1.2 2.91949
      vertex 81.3102 1.2 2.97772
    endloop
  endfacet
  facet normal 0 1 0
    outer loop
      vertex 82 1.2 4.5
      vertex 82 1.2 2.9
      vertex 81.6529 1.2 2.91949
    endloop
  endfacet
  facet normal 0.167514 0 -0.98587
    outer loop
      vertex 81.3102 1.2 9.02228
      vertex 81.6529 2.8 9.08051
      vertex 81.6529 1.2 9.08051
    endloop
  endfacet
  facet normal 0.167514 0 -0.98587
    outer loop
      vertex 81.6529 2.8 9.08051
      vertex 81.3102 1.2 9.02228
      vertex 81.3102 2.8 9.02228
    endloop
  endfacet
  facet normal -0.382674 0 -0.923884
    outer loop
      vertex 83.0239 1.2 34.926
      vertex 83.345 2.8 34.793
      vertex 83.345 1.2 34.793
    endloop
  endfacet
  facet normal -0.382674 0 -0.923884
    outer loop
      vertex 83.345 2.8 34.793
      vertex 83.0239 1.2 34.926
      vertex 83.0239 2.8 34.926
    endloop
  endfacet
  facet normal -0.483761 0 0.8752
    outer loop
      vertex 83.345 2.8 29.207
      vertex 83.6493 1.2 29.3752
      vertex 83.6493 2.8 29.3752
    endloop
  endfacet
  facet normal -0.483761 0 0.8752
    outer loop
      vertex 83.6493 1.2 29.3752
      vertex 83.345 2.8 29.207
      vertex 83.345 1.2 29.207
    endloop
  endfacet
  facet normal -0.985884 0 0.167431
    outer loop
      vertex 85.0223 1.2 31.3102
      vertex 85.0805 2.8 31.6529
      vertex 85.0223 2.8 31.3102
    endloop
  endfacet
  facet normal -0.985884 0 0.167431
    outer loop
      vertex 85.0805 2.8 31.6529
      vertex 85.0223 1.2 31.3102
      vertex 85.0805 1.2 31.6529
    endloop
  endfacet
  facet normal -0.998426 0 0.0560913
    outer loop
      vertex 85.0805 1.2 31.6529
      vertex 85.1 2.8 32
      vertex 85.0805 2.8 31.6529
    endloop
  endfacet
  facet normal -0.998426 0 0.0560913
    outer loop
      vertex 85.1 2.8 32
      vertex 85.0805 1.2 31.6529
      vertex 85.1 1.2 32
    endloop
  endfacet
  facet normal -0.960881 0 0.276962
    outer loop
      vertex 84.926 1.2 30.9761
      vertex 85.0223 2.8 31.3102
      vertex 84.926 2.8 30.9761
    endloop
  endfacet
  facet normal -0.960881 0 0.276962
    outer loop
      vertex 85.0223 2.8 31.3102
      vertex 84.926 1.2 30.9761
      vertex 85.0223 1.2 31.3102
    endloop
  endfacet
  facet normal -0.382674 0 0.923884
    outer loop
      vertex 83.0239 2.8 29.074
      vertex 83.345 1.2 29.207
      vertex 83.345 2.8 29.207
    endloop
  endfacet
  facet normal -0.382674 0 0.923884
    outer loop
      vertex 83.345 1.2 29.207
      vertex 83.0239 2.8 29.074
      vertex 83.0239 1.2 29.074
    endloop
  endfacet
  facet normal 0.578568 0 -0.815634
    outer loop
      vertex 80.0672 1.2 34.4237
      vertex 80.3507 2.8 34.6248
      vertex 80.3507 1.2 34.6248
    endloop
  endfacet
  facet normal 0.578568 0 -0.815634
    outer loop
      vertex 80.3507 2.8 34.6248
      vertex 80.0672 1.2 34.4237
      vertex 80.0672 2.8 34.4237
    endloop
  endfacet
  facet normal 0.74555 0 -0.66645
    outer loop
      vertex 79.808 1.2 34.192
      vertex 79.5763 2.8 33.9328
      vertex 79.808 2.8 34.192
    endloop
  endfacet
  facet normal 0.74555 0 -0.66645
    outer loop
      vertex 79.5763 2.8 33.9328
      vertex 79.808 1.2 34.192
      vertex 79.5763 1.2 33.9328
    endloop
  endfacet
  facet normal 0.8752 0 -0.483761
    outer loop
      vertex 79.3752 1.2 33.6493
      vertex 79.207 2.8 33.345
      vertex 79.3752 2.8 33.6493
    endloop
  endfacet
  facet normal 0.8752 0 -0.483761
    outer loop
      vertex 79.207 2.8 33.345
      vertex 79.3752 1.2 33.6493
      vertex 79.207 1.2 33.345
    endloop
  endfacet
  facet normal -0.276962 0 -0.960881
    outer loop
      vertex 82.6898 1.2 35.0223
      vertex 83.0239 2.8 34.926
      vertex 83.0239 1.2 34.926
    endloop
  endfacet
  facet normal -0.276962 0 -0.960881
    outer loop
      vertex 83.0239 2.8 34.926
      vertex 82.6898 1.2 35.0223
      vertex 82.6898 2.8 35.0223
    endloop
  endfacet
  facet normal 0.0560913 0 -0.998426
    outer loop
      vertex 81.6529 1.2 35.0805
      vertex 82 2.8 35.1
      vertex 82 1.2 35.1
    endloop
  endfacet
  facet normal 0.0560913 0 -0.998426
    outer loop
      vertex 82 2.8 35.1
      vertex 81.6529 1.2 35.0805
      vertex 81.6529 2.8 35.0805
    endloop
  endfacet
  facet normal 0.167431 0 -0.985884
    outer loop
      vertex 81.3102 1.2 35.0223
      vertex 81.6529 2.8 35.0805
      vertex 81.6529 1.2 35.0805
    endloop
  endfacet
  facet normal 0.167431 0 -0.985884
    outer loop
      vertex 81.6529 2.8 35.0805
      vertex 81.3102 1.2 35.0223
      vertex 81.3102 2.8 35.0223
    endloop
  endfacet
  facet normal -0.923884 0 0.382674
    outer loop
      vertex 84.793 1.2 30.655
      vertex 84.926 2.8 30.9761
      vertex 84.793 2.8 30.655
    endloop
  endfacet
  facet normal -0.923884 0 0.382674
    outer loop
      vertex 84.926 2.8 30.9761
      vertex 84.793 1.2 30.655
      vertex 84.926 1.2 30.9761
    endloop
  endfacet
  facet normal 0.998426 -0 0.0560913
    outer loop
      vertex 78.9 1.2 32
      vertex 78.9195 2.8 31.6529
      vertex 78.9 2.8 32
    endloop
  endfacet
  facet normal 0.998426 0 0.0560913
    outer loop
      vertex 78.9195 2.8 31.6529
      vertex 78.9 1.2 32
      vertex 78.9195 1.2 31.6529
    endloop
  endfacet
  facet normal -0.276962 0 0.960881
    outer loop
      vertex 82.6898 2.8 28.9777
      vertex 83.0239 1.2 29.074
      vertex 83.0239 2.8 29.074
    endloop
  endfacet
  facet normal -0.276962 0 0.960881
    outer loop
      vertex 83.0239 1.2 29.074
      vertex 82.6898 2.8 28.9777
      vertex 82.6898 1.2 28.9777
    endloop
  endfacet
  facet normal -0.74555 0 -0.66645
    outer loop
      vertex 84.4237 1.2 33.9328
      vertex 84.192 2.8 34.192
      vertex 84.4237 2.8 33.9328
    endloop
  endfacet
  facet normal -0.74555 -0 -0.66645
    outer loop
      vertex 84.192 2.8 34.192
      vertex 84.4237 1.2 33.9328
      vertex 84.192 1.2 34.192
    endloop
  endfacet
  facet normal 0.66645 0 0.74555
    outer loop
      vertex 79.808 2.8 29.808
      vertex 80.0672 1.2 29.5763
      vertex 80.0672 2.8 29.5763
    endloop
  endfacet
  facet normal 0.66645 0 0.74555
    outer loop
      vertex 80.0672 1.2 29.5763
      vertex 79.808 2.8 29.808
      vertex 79.808 1.2 29.808
    endloop
  endfacet
  facet normal -0.74555 0 0.66645
    outer loop
      vertex 84.192 1.2 29.808
      vertex 84.4237 2.8 30.0672
      vertex 84.192 2.8 29.808
    endloop
  endfacet
  facet normal -0.74555 0 0.66645
    outer loop
      vertex 84.4237 2.8 30.0672
      vertex 84.192 1.2 29.808
      vertex 84.4237 1.2 30.0672
    endloop
  endfacet
  facet normal -0.8752 0 -0.483761
    outer loop
      vertex 84.793 1.2 33.345
      vertex 84.6248 2.8 33.6493
      vertex 84.793 2.8 33.345
    endloop
  endfacet
  facet normal -0.8752 -0 -0.483761
    outer loop
      vertex 84.6248 2.8 33.6493
      vertex 84.793 1.2 33.345
      vertex 84.6248 1.2 33.6493
    endloop
  endfacet
  facet normal 0.382674 0 0.923884
    outer loop
      vertex 80.655 2.8 29.207
      vertex 80.9761 1.2 29.074
      vertex 80.9761 2.8 29.074
    endloop
  endfacet
  facet normal 0.382674 0 0.923884
    outer loop
      vertex 80.9761 1.2 29.074
      vertex 80.655 2.8 29.207
      vertex 80.655 1.2 29.207
    endloop
  endfacet
  facet normal 0.483761 0 0.8752
    outer loop
      vertex 80.3507 2.8 29.3752
      vertex 80.655 1.2 29.207
      vertex 80.655 2.8 29.207
    endloop
  endfacet
  facet normal 0.483761 0 0.8752
    outer loop
      vertex 80.655 1.2 29.207
      vertex 80.3507 2.8 29.3752
      vertex 80.3507 1.2 29.3752
    endloop
  endfacet
  facet normal 0.985884 0 -0.167431
    outer loop
      vertex 78.9777 1.2 32.6898
      vertex 78.9195 2.8 32.3471
      vertex 78.9777 2.8 32.6898
    endloop
  endfacet
  facet normal 0.985884 0 -0.167431
    outer loop
      vertex 78.9195 2.8 32.3471
      vertex 78.9777 1.2 32.6898
      vertex 78.9195 1.2 32.3471
    endloop
  endfacet
  facet normal 0.382674 0 -0.923884
    outer loop
      vertex 80.655 1.2 34.793
      vertex 80.9761 2.8 34.926
      vertex 80.9761 1.2 34.926
    endloop
  endfacet
  facet normal 0.382674 0 -0.923884
    outer loop
      vertex 80.9761 2.8 34.926
      vertex 80.655 1.2 34.793
      vertex 80.655 2.8 34.793
    endloop
  endfacet
  facet normal -0.66645 0 0.74555
    outer loop
      vertex 83.9328 2.8 29.5763
      vertex 84.192 1.2 29.808
      vertex 84.192 2.8 29.808
    endloop
  endfacet
  facet normal -0.66645 0 0.74555
    outer loop
      vertex 84.192 1.2 29.808
      vertex 83.9328 2.8 29.5763
      vertex 83.9328 1.2 29.5763
    endloop
  endfacet
  facet normal -0.483761 0 -0.8752
    outer loop
      vertex 83.345 1.2 34.793
      vertex 83.6493 2.8 34.6248
      vertex 83.6493 1.2 34.6248
    endloop
  endfacet
  facet normal -0.483761 0 -0.8752
    outer loop
      vertex 83.6493 2.8 34.6248
      vertex 83.345 1.2 34.793
      vertex 83.345 2.8 34.793
    endloop
  endfacet
  facet normal -0.960881 0 -0.276962
    outer loop
      vertex 85.0223 1.2 32.6898
      vertex 84.926 2.8 33.0239
      vertex 85.0223 2.8 32.6898
    endloop
  endfacet
  facet normal -0.960881 -0 -0.276962
    outer loop
      vertex 84.926 2.8 33.0239
      vertex 85.0223 1.2 32.6898
      vertex 84.926 1.2 33.0239
    endloop
  endfacet
  facet normal 0.8752 -0 0.483761
    outer loop
      vertex 79.207 1.2 30.655
      vertex 79.3752 2.8 30.3507
      vertex 79.207 2.8 30.655
    endloop
  endfacet
  facet normal 0.8752 0 0.483761
    outer loop
      vertex 79.3752 2.8 30.3507
      vertex 79.207 1.2 30.655
      vertex 79.3752 1.2 30.3507
    endloop
  endfacet
  facet normal 0.276962 0 0.960881
    outer loop
      vertex 80.9761 2.8 29.074
      vertex 81.3102 1.2 28.9777
      vertex 81.3102 2.8 28.9777
    endloop
  endfacet
  facet normal 0.276962 0 0.960881
    outer loop
      vertex 81.3102 1.2 28.9777
      vertex 80.9761 2.8 29.074
      vertex 80.9761 1.2 29.074
    endloop
  endfacet
  facet normal -0.998426 0 -0.0560913
    outer loop
      vertex 85.1 1.2 32
      vertex 85.0805 2.8 32.3471
      vertex 85.1 2.8 32
    endloop
  endfacet
  facet normal -0.998426 -0 -0.0560913
    outer loop
      vertex 85.0805 2.8 32.3471
      vertex 85.1 1.2 32
      vertex 85.0805 1.2 32.3471
    endloop
  endfacet
  facet normal -0.985884 0 -0.167431
    outer loop
      vertex 85.0805 1.2 32.3471
      vertex 85.0223 2.8 32.6898
      vertex 85.0805 2.8 32.3471
    endloop
  endfacet
  facet normal -0.985884 -0 -0.167431
    outer loop
      vertex 85.0223 2.8 32.6898
      vertex 85.0805 1.2 32.3471
      vertex 85.0223 1.2 32.6898
    endloop
  endfacet
  facet normal -0.66645 0 -0.74555
    outer loop
      vertex 83.9328 1.2 34.4237
      vertex 84.192 2.8 34.192
      vertex 84.192 1.2 34.192
    endloop
  endfacet
  facet normal -0.66645 0 -0.74555
    outer loop
      vertex 84.192 2.8 34.192
      vertex 83.9328 1.2 34.4237
      vertex 83.9328 2.8 34.4237
    endloop
  endfacet
  facet normal -0.923884 0 -0.382674
    outer loop
      vertex 84.926 1.2 33.0239
      vertex 84.793 2.8 33.345
      vertex 84.926 2.8 33.0239
    endloop
  endfacet
  facet normal -0.923884 -0 -0.382674
    outer loop
      vertex 84.793 2.8 33.345
      vertex 84.926 1.2 33.0239
      vertex 84.793 1.2 33.345
    endloop
  endfacet
  facet normal 0.815634 0 -0.578568
    outer loop
      vertex 79.5763 1.2 33.9328
      vertex 79.3752 2.8 33.6493
      vertex 79.5763 2.8 33.9328
    endloop
  endfacet
  facet normal 0.815634 0 -0.578568
    outer loop
      vertex 79.3752 2.8 33.6493
      vertex 79.5763 1.2 33.9328
      vertex 79.3752 1.2 33.6493
    endloop
  endfacet
  facet normal -0.815634 0 0.578568
    outer loop
      vertex 84.4237 1.2 30.0672
      vertex 84.6248 2.8 30.3507
      vertex 84.4237 2.8 30.0672
    endloop
  endfacet
  facet normal -0.815634 0 0.578568
    outer loop
      vertex 84.6248 2.8 30.3507
      vertex 84.4237 1.2 30.0672
      vertex 84.6248 1.2 30.3507
    endloop
  endfacet
  facet normal 0.578568 0 0.815634
    outer loop
      vertex 80.0672 2.8 29.5763
      vertex 80.3507 1.2 29.3752
      vertex 80.3507 2.8 29.3752
    endloop
  endfacet
  facet normal 0.578568 0 0.815634
    outer loop
      vertex 80.3507 1.2 29.3752
      vertex 80.0672 2.8 29.5763
      vertex 80.0672 1.2 29.5763
    endloop
  endfacet
  facet normal 0.74555 -0 0.66645
    outer loop
      vertex 79.5763 1.2 30.0672
      vertex 79.808 2.8 29.808
      vertex 79.5763 2.8 30.0672
    endloop
  endfacet
  facet normal 0.74555 0 0.66645
    outer loop
      vertex 79.808 2.8 29.808
      vertex 79.5763 1.2 30.0672
      vertex 79.808 1.2 29.808
    endloop
  endfacet
  facet normal -0.167431 0 -0.985884
    outer loop
      vertex 82.3471 1.2 35.0805
      vertex 82.6898 2.8 35.0223
      vertex 82.6898 1.2 35.0223
    endloop
  endfacet
  facet normal -0.167431 0 -0.985884
    outer loop
      vertex 82.6898 2.8 35.0223
      vertex 82.3471 1.2 35.0805
      vertex 82.3471 2.8 35.0805
    endloop
  endfacet
  facet normal 0.167431 0 0.985884
    outer loop
      vertex 81.3102 2.8 28.9777
      vertex 81.6529 1.2 28.9195
      vertex 81.6529 2.8 28.9195
    endloop
  endfacet
  facet normal 0.167431 0 0.985884
    outer loop
      vertex 81.6529 1.2 28.9195
      vertex 81.3102 2.8 28.9777
      vertex 81.3102 1.2 28.9777
    endloop
  endfacet
  facet normal -0.578568 0 0.815634
    outer loop
      vertex 83.6493 2.8 29.3752
      vertex 83.9328 1.2 29.5763
      vertex 83.9328 2.8 29.5763
    endloop
  endfacet
  facet normal -0.578568 0 0.815634
    outer loop
      vertex 83.9328 1.2 29.5763
      vertex 83.6493 2.8 29.3752
      vertex 83.6493 1.2 29.3752
    endloop
  endfacet
  facet normal -0.578568 0 -0.815634
    outer loop
      vertex 83.6493 1.2 34.6248
      vertex 83.9328 2.8 34.4237
      vertex 83.9328 1.2 34.4237
    endloop
  endfacet
  facet normal -0.578568 0 -0.815634
    outer loop
      vertex 83.9328 2.8 34.4237
      vertex 83.6493 1.2 34.6248
      vertex 83.6493 2.8 34.6248
    endloop
  endfacet
  facet normal 0.0560913 0 0.998426
    outer loop
      vertex 81.6529 2.8 28.9195
      vertex 82 1.2 28.9
      vertex 82 2.8 28.9
    endloop
  endfacet
  facet normal 0.0560913 0 0.998426
    outer loop
      vertex 82 1.2 28.9
      vertex 81.6529 2.8 28.9195
      vertex 81.6529 1.2 28.9195
    endloop
  endfacet
  facet normal -0.8752 0 0.483761
    outer loop
      vertex 84.6248 1.2 30.3507
      vertex 84.793 2.8 30.655
      vertex 84.6248 2.8 30.3507
    endloop
  endfacet
  facet normal -0.8752 0 0.483761
    outer loop
      vertex 84.793 2.8 30.655
      vertex 84.6248 1.2 30.3507
      vertex 84.793 1.2 30.655
    endloop
  endfacet
  facet normal 0.923884 -0 0.382674
    outer loop
      vertex 79.074 1.2 30.9761
      vertex 79.207 2.8 30.655
      vertex 79.074 2.8 30.9761
    endloop
  endfacet
  facet normal 0.923884 0 0.382674
    outer loop
      vertex 79.207 2.8 30.655
      vertex 79.074 1.2 30.9761
      vertex 79.207 1.2 30.655
    endloop
  endfacet
  facet normal -0.815634 0 -0.578568
    outer loop
      vertex 84.6248 1.2 33.6493
      vertex 84.4237 2.8 33.9328
      vertex 84.6248 2.8 33.6493
    endloop
  endfacet
  facet normal -0.815634 -0 -0.578568
    outer loop
      vertex 84.4237 2.8 33.9328
      vertex 84.6248 1.2 33.6493
      vertex 84.4237 1.2 33.9328
    endloop
  endfacet
  facet normal -0.0560913 0 -0.998426
    outer loop
      vertex 82 1.2 35.1
      vertex 82.3471 2.8 35.0805
      vertex 82.3471 1.2 35.0805
    endloop
  endfacet
  facet normal -0.0560913 0 -0.998426
    outer loop
      vertex 82.3471 2.8 35.0805
      vertex 82 1.2 35.1
      vertex 82 2.8 35.1
    endloop
  endfacet
  facet normal 0.960881 0 -0.276962
    outer loop
      vertex 79.074 1.2 33.0239
      vertex 78.9777 2.8 32.6898
      vertex 79.074 2.8 33.0239
    endloop
  endfacet
  facet normal 0.960881 0 -0.276962
    outer loop
      vertex 78.9777 2.8 32.6898
      vertex 79.074 1.2 33.0239
      vertex 78.9777 1.2 32.6898
    endloop
  endfacet
  facet normal 0.923884 0 -0.382674
    outer loop
      vertex 79.207 1.2 33.345
      vertex 79.074 2.8 33.0239
      vertex 79.207 2.8 33.345
    endloop
  endfacet
  facet normal 0.923884 0 -0.382674
    outer loop
      vertex 79.074 2.8 33.0239
      vertex 79.207 1.2 33.345
      vertex 79.074 1.2 33.0239
    endloop
  endfacet
  facet normal -0.0560913 0 0.998426
    outer loop
      vertex 82 2.8 28.9
      vertex 82.3471 1.2 28.9195
      vertex 82.3471 2.8 28.9195
    endloop
  endfacet
  facet normal -0.0560913 0 0.998426
    outer loop
      vertex 82.3471 1.2 28.9195
      vertex 82 2.8 28.9
      vertex 82 1.2 28.9
    endloop
  endfacet
  facet normal 0.483761 0 -0.8752
    outer loop
      vertex 80.3507 1.2 34.6248
      vertex 80.655 2.8 34.793
      vertex 80.655 1.2 34.793
    endloop
  endfacet
  facet normal 0.483761 0 -0.8752
    outer loop
      vertex 80.655 2.8 34.793
      vertex 80.3507 1.2 34.6248
      vertex 80.3507 2.8 34.6248
    endloop
  endfacet
  facet normal 0.998426 0 -0.0560913
    outer loop
      vertex 78.9195 1.2 32.3471
      vertex 78.9 2.8 32
      vertex 78.9195 2.8 32.3471
    endloop
  endfacet
  facet normal 0.998426 0 -0.0560913
    outer loop
      vertex 78.9 2.8 32
      vertex 78.9195 1.2 32.3471
      vertex 78.9 1.2 32
    endloop
  endfacet
  facet normal 0.985884 -0 0.167431
    outer loop
      vertex 78.9195 1.2 31.6529
      vertex 78.9777 2.8 31.3102
      vertex 78.9195 2.8 31.6529
    endloop
  endfacet
  facet normal 0.985884 0 0.167431
    outer loop
      vertex 78.9777 2.8 31.3102
      vertex 78.9195 1.2 31.6529
      vertex 78.9777 1.2 31.3102
    endloop
  endfacet
  facet normal 0.815634 -0 0.578568
    outer loop
      vertex 79.3752 1.2 30.3507
      vertex 79.5763 2.8 30.0672
      vertex 79.3752 2.8 30.3507
    endloop
  endfacet
  facet normal 0.815634 0 0.578568
    outer loop
      vertex 79.5763 2.8 30.0672
      vertex 79.3752 1.2 30.3507
      vertex 79.5763 1.2 30.0672
    endloop
  endfacet
  facet normal -0.167431 0 0.985884
    outer loop
      vertex 82.3471 2.8 28.9195
      vertex 82.6898 1.2 28.9777
      vertex 82.6898 2.8 28.9777
    endloop
  endfacet
  facet normal -0.167431 0 0.985884
    outer loop
      vertex 82.6898 1.2 28.9777
      vertex 82.3471 2.8 28.9195
      vertex 82.3471 1.2 28.9195
    endloop
  endfacet
  facet normal 0.960881 -0 0.276962
    outer loop
      vertex 78.9777 1.2 31.3102
      vertex 79.074 2.8 30.9761
      vertex 78.9777 2.8 31.3102
    endloop
  endfacet
  facet normal 0.960881 0 0.276962
    outer loop
      vertex 79.074 2.8 30.9761
      vertex 78.9777 1.2 31.3102
      vertex 79.074 1.2 30.9761
    endloop
  endfacet
  facet normal 0.276962 0 -0.960881
    outer loop
      vertex 80.9761 1.2 34.926
      vertex 81.3102 2.8 35.0223
      vertex 81.3102 1.2 35.0223
    endloop
  endfacet
  facet normal 0.276962 0 -0.960881
    outer loop
      vertex 81.3102 2.8 35.0223
      vertex 80.9761 1.2 34.926
      vertex 80.9761 2.8 34.926
    endloop
  endfacet
  facet normal 0.66645 0 -0.74555
    outer loop
      vertex 79.808 1.2 34.192
      vertex 80.0672 2.8 34.4237
      vertex 80.0672 1.2 34.4237
    endloop
  endfacet
  facet normal 0.66645 0 -0.74555
    outer loop
      vertex 80.0672 2.8 34.4237
      vertex 79.808 1.2 34.192
      vertex 79.808 2.8 34.192
    endloop
  endfacet
  facet normal 0 1 0
    outer loop
      vertex 82 1.2 33.5
      vertex 82 1.2 35.1
      vertex 82.3471 1.2 35.0805
    endloop
  endfacet
  facet normal 0 1 0
    outer loop
      vertex 82.1679 1.2 33.4906
      vertex 82.3471 1.2 35.0805
      vertex 82.6898 1.2 35.0223
    endloop
  endfacet
  facet normal 0 1 0
    outer loop
      vertex 82 1.2 35.1
      vertex 82 1.2 33.5
      vertex 81.6529 1.2 35.0805
    endloop
  endfacet
  facet normal 0 1 0
    outer loop
      vertex 82.3338 1.2 33.4624
      vertex 82.6898 1.2 35.0223
      vertex 83.0239 1.2 34.926
    endloop
  endfacet
  facet normal 0 1 -0
    outer loop
      vertex 81.832 1.2 33.4906
      vertex 81.6529 1.2 35.0805
      vertex 82 1.2 33.5
    endloop
  endfacet
  facet normal 0 1 0
    outer loop
      vertex 82.4954 1.2 33.4158
      vertex 83.0239 1.2 34.926
      vertex 83.345 1.2 34.793
    endloop
  endfacet
  facet normal 0 1 0
    outer loop
      vertex 81.6529 1.2 35.0805
      vertex 81.832 1.2 33.4906
      vertex 81.3102 1.2 35.0223
    endloop
  endfacet
  facet normal 0 1 0
    outer loop
      vertex 82.6508 1.2 33.3514
      vertex 83.345 1.2 34.793
      vertex 83.6493 1.2 34.6248
    endloop
  endfacet
  facet normal 0 1 -0
    outer loop
      vertex 81.6662 1.2 33.4624
      vertex 81.3102 1.2 35.0223
      vertex 81.832 1.2 33.4906
    endloop
  endfacet
  facet normal 0 1 0
    outer loop
      vertex 82.798 1.2 33.2701
      vertex 83.6493 1.2 34.6248
      vertex 83.9328 1.2 34.4237
    endloop
  endfacet
  facet normal 0 1 0
    outer loop
      vertex 81.3102 1.2 35.0223
      vertex 81.6662 1.2 33.4624
      vertex 80.9761 1.2 34.926
    endloop
  endfacet
  facet normal 0 1 0
    outer loop
      vertex 82.9352 1.2 33.1727
      vertex 83.9328 1.2 34.4237
      vertex 84.192 1.2 34.192
    endloop
  endfacet
  facet normal 0 1 -0
    outer loop
      vertex 81.5046 1.2 33.4158
      vertex 80.9761 1.2 34.926
      vertex 81.6662 1.2 33.4624
    endloop
  endfacet
  facet normal 0 1 0
    outer loop
      vertex 83.0607 1.2 33.0607
      vertex 84.192 1.2 34.192
      vertex 84.4237 1.2 33.9328
    endloop
  endfacet
  facet normal 0 1 0
    outer loop
      vertex 80.9761 1.2 34.926
      vertex 81.5046 1.2 33.4158
      vertex 80.655 1.2 34.793
    endloop
  endfacet
  facet normal 0 1 0
    outer loop
      vertex 83.1727 1.2 32.9352
      vertex 84.4237 1.2 33.9328
      vertex 84.6248 1.2 33.6493
    endloop
  endfacet
  facet normal 0 1 -0
    outer loop
      vertex 81.3492 1.2 33.3514
      vertex 80.655 1.2 34.793
      vertex 81.5046 1.2 33.4158
    endloop
  endfacet
  facet normal 0 1 0
    outer loop
      vertex 80.655 1.2 34.793
      vertex 81.3492 1.2 33.3514
      vertex 80.3507 1.2 34.6248
    endloop
  endfacet
  facet normal 0 1 0
    outer loop
      vertex 82.3471 1.2 35.0805
      vertex 82.1679 1.2 33.4906
      vertex 82 1.2 33.5
    endloop
  endfacet
  facet normal 0 1 0
    outer loop
      vertex 82.6898 1.2 35.0223
      vertex 82.3338 1.2 33.4624
      vertex 82.1679 1.2 33.4906
    endloop
  endfacet
  facet normal 0 1 0
    outer loop
      vertex 83.0239 1.2 34.926
      vertex 82.4954 1.2 33.4158
      vertex 82.3338 1.2 33.4624
    endloop
  endfacet
  facet normal 0 1 0
    outer loop
      vertex 83.345 1.2 34.793
      vertex 82.6508 1.2 33.3514
      vertex 82.4954 1.2 33.4158
    endloop
  endfacet
  facet normal 0 1 0
    outer loop
      vertex 83.2701 1.2 32.798
      vertex 84.6248 1.2 33.6493
      vertex 84.793 1.2 33.345
    endloop
  endfacet
  facet normal 0 1 0
    outer loop
      vertex 83.6493 1.2 34.6248
      vertex 82.798 1.2 33.2701
      vertex 82.6508 1.2 33.3514
    endloop
  endfacet
  facet normal 0 1 0
    outer loop
      vertex 83.9328 1.2 34.4237
      vertex 82.9352 1.2 33.1727
      vertex 82.798 1.2 33.2701
    endloop
  endfacet
  facet normal 0 1 0
    outer loop
      vertex 84.192 1.2 34.192
      vertex 83.0607 1.2 33.0607
      vertex 82.9352 1.2 33.1727
    endloop
  endfacet
  facet normal 0 1 0
    outer loop
      vertex 83.3514 1.2 32.6508
      vertex 84.793 1.2 33.345
      vertex 84.926 1.2 33.0239
    endloop
  endfacet
  facet normal 0 1 0
    outer loop
      vertex 84.4237 1.2 33.9328
      vertex 83.1727 1.2 32.9352
      vertex 83.0607 1.2 33.0607
    endloop
  endfacet
  facet normal 0 1 0
    outer loop
      vertex 84.6248 1.2 33.6493
      vertex 83.2701 1.2 32.798
      vertex 83.1727 1.2 32.9352
    endloop
  endfacet
  facet normal 0 1 0
    outer loop
      vertex 83.4158 1.2 32.4954
      vertex 84.926 1.2 33.0239
      vertex 85.0223 1.2 32.6898
    endloop
  endfacet
  facet normal 0 1 0
    outer loop
      vertex 84.793 1.2 33.345
      vertex 83.3514 1.2 32.6508
      vertex 83.2701 1.2 32.798
    endloop
  endfacet
  facet normal 0 1 0
    outer loop
      vertex 84.926 1.2 33.0239
      vertex 83.4158 1.2 32.4954
      vertex 83.3514 1.2 32.6508
    endloop
  endfacet
  facet normal 0 1 0
    outer loop
      vertex 83.4624 1.2 32.3338
      vertex 85.0223 1.2 32.6898
      vertex 85.0805 1.2 32.3471
    endloop
  endfacet
  facet normal 0 1 0
    outer loop
      vertex 85.0223 1.2 32.6898
      vertex 83.4624 1.2 32.3338
      vertex 83.4158 1.2 32.4954
    endloop
  endfacet
  facet normal 0 1 0
    outer loop
      vertex 85.0805 1.2 32.3471
      vertex 83.4906 1.2 32.1679
      vertex 83.4624 1.2 32.3338
    endloop
  endfacet
  facet normal 0 1 0
    outer loop
      vertex 85.1 1.2 32
      vertex 83.4906 1.2 32.1679
      vertex 85.0805 1.2 32.3471
    endloop
  endfacet
  facet normal 0 1 0
    outer loop
      vertex 85.1 1.2 32
      vertex 83.5 1.2 32
      vertex 83.4906 1.2 32.1679
    endloop
  endfacet
  facet normal 0 1 0
    outer loop
      vertex 85.1 1.2 32
      vertex 83.4906 1.2 31.832
      vertex 83.5 1.2 32
    endloop
  endfacet
  facet normal 0 1 -0
    outer loop
      vertex 85.0805 1.2 31.6529
      vertex 83.4906 1.2 31.832
      vertex 85.1 1.2 32
    endloop
  endfacet
  facet normal 0 1 0
    outer loop
      vertex 83.4906 1.2 31.832
      vertex 85.0805 1.2 31.6529
      vertex 83.4624 1.2 31.6662
    endloop
  endfacet
  facet normal 0 1 -0
    outer loop
      vertex 85.0223 1.2 31.3102
      vertex 83.4624 1.2 31.6662
      vertex 85.0805 1.2 31.6529
    endloop
  endfacet
  facet normal 0 1 0
    outer loop
      vertex 83.4624 1.2 31.6662
      vertex 85.0223 1.2 31.3102
      vertex 83.4158 1.2 31.5046
    endloop
  endfacet
  facet normal 0 1 -0
    outer loop
      vertex 84.926 1.2 30.9761
      vertex 83.4158 1.2 31.5046
      vertex 85.0223 1.2 31.3102
    endloop
  endfacet
  facet normal 0 1 0
    outer loop
      vertex 83.4158 1.2 31.5046
      vertex 84.926 1.2 30.9761
      vertex 83.3514 1.2 31.3492
    endloop
  endfacet
  facet normal 0 1 -0
    outer loop
      vertex 84.793 1.2 30.655
      vertex 83.3514 1.2 31.3492
      vertex 84.926 1.2 30.9761
    endloop
  endfacet
  facet normal 0 1 0
    outer loop
      vertex 83.3514 1.2 31.3492
      vertex 84.793 1.2 30.655
      vertex 83.2701 1.2 31.202
    endloop
  endfacet
  facet normal 0 1 -0
    outer loop
      vertex 84.6248 1.2 30.3507
      vertex 83.2701 1.2 31.202
      vertex 84.793 1.2 30.655
    endloop
  endfacet
  facet normal 0 1 0
    outer loop
      vertex 83.2701 1.2 31.202
      vertex 84.6248 1.2 30.3507
      vertex 83.1727 1.2 31.0648
    endloop
  endfacet
  facet normal 0 1 -0
    outer loop
      vertex 84.4237 1.2 30.0672
      vertex 83.1727 1.2 31.0648
      vertex 84.6248 1.2 30.3507
    endloop
  endfacet
  facet normal 0 1 0
    outer loop
      vertex 83.1727 1.2 31.0648
      vertex 84.4237 1.2 30.0672
      vertex 83.0607 1.2 30.9393
    endloop
  endfacet
  facet normal 0 1 -0
    outer loop
      vertex 84.192 1.2 29.808
      vertex 83.0607 1.2 30.9393
      vertex 84.4237 1.2 30.0672
    endloop
  endfacet
  facet normal 0 1 0
    outer loop
      vertex 83.0607 1.2 30.9393
      vertex 84.192 1.2 29.808
      vertex 82.9352 1.2 30.8272
    endloop
  endfacet
  facet normal 0 1 -0
    outer loop
      vertex 83.9328 1.2 29.5763
      vertex 82.9352 1.2 30.8272
      vertex 84.192 1.2 29.808
    endloop
  endfacet
  facet normal 0 1 0
    outer loop
      vertex 82.9352 1.2 30.8272
      vertex 83.9328 1.2 29.5763
      vertex 82.798 1.2 30.7299
    endloop
  endfacet
  facet normal 0 1 -0
    outer loop
      vertex 83.6493 1.2 29.3752
      vertex 82.798 1.2 30.7299
      vertex 83.9328 1.2 29.5763
    endloop
  endfacet
  facet normal 0 1 0
    outer loop
      vertex 82.798 1.2 30.7299
      vertex 83.6493 1.2 29.3752
      vertex 82.6508 1.2 30.6485
    endloop
  endfacet
  facet normal 0 1 -0
    outer loop
      vertex 81.202 1.2 33.2701
      vertex 80.3507 1.2 34.6248
      vertex 81.3492 1.2 33.3514
    endloop
  endfacet
  facet normal 0 1 0
    outer loop
      vertex 80.3507 1.2 34.6248
      vertex 81.202 1.2 33.2701
      vertex 80.0672 1.2 34.4237
    endloop
  endfacet
  facet normal 0 1 -0
    outer loop
      vertex 81.0648 1.2 33.1727
      vertex 80.0672 1.2 34.4237
      vertex 81.202 1.2 33.2701
    endloop
  endfacet
  facet normal 0 1 0
    outer loop
      vertex 80.0672 1.2 34.4237
      vertex 81.0648 1.2 33.1727
      vertex 79.808 1.2 34.192
    endloop
  endfacet
  facet normal 0 1 -0
    outer loop
      vertex 80.9393 1.2 33.0607
      vertex 79.808 1.2 34.192
      vertex 81.0648 1.2 33.1727
    endloop
  endfacet
  facet normal 0 1 0
    outer loop
      vertex 79.808 1.2 34.192
      vertex 80.9393 1.2 33.0607
      vertex 79.5763 1.2 33.9328
    endloop
  endfacet
  facet normal 0 1 -0
    outer loop
      vertex 80.8272 1.2 32.9352
      vertex 79.5763 1.2 33.9328
      vertex 80.9393 1.2 33.0607
    endloop
  endfacet
  facet normal 0 1 0
    outer loop
      vertex 79.5763 1.2 33.9328
      vertex 80.8272 1.2 32.9352
      vertex 79.3752 1.2 33.6493
    endloop
  endfacet
  facet normal 0 1 -0
    outer loop
      vertex 80.7299 1.2 32.798
      vertex 79.3752 1.2 33.6493
      vertex 80.8272 1.2 32.9352
    endloop
  endfacet
  facet normal 0 1 0
    outer loop
      vertex 79.3752 1.2 33.6493
      vertex 80.7299 1.2 32.798
      vertex 79.207 1.2 33.345
    endloop
  endfacet
  facet normal 0 1 -0
    outer loop
      vertex 80.6485 1.2 32.6508
      vertex 79.207 1.2 33.345
      vertex 80.7299 1.2 32.798
    endloop
  endfacet
  facet normal 0 1 0
    outer loop
      vertex 79.207 1.2 33.345
      vertex 80.6485 1.2 32.6508
      vertex 79.074 1.2 33.0239
    endloop
  endfacet
  facet normal 0 1 -0
    outer loop
      vertex 80.5842 1.2 32.4954
      vertex 79.074 1.2 33.0239
      vertex 80.6485 1.2 32.6508
    endloop
  endfacet
  facet normal 0 1 0
    outer loop
      vertex 79.074 1.2 33.0239
      vertex 80.5842 1.2 32.4954
      vertex 78.9777 1.2 32.6898
    endloop
  endfacet
  facet normal 0 1 -0
    outer loop
      vertex 80.5376 1.2 32.3338
      vertex 78.9777 1.2 32.6898
      vertex 80.5842 1.2 32.4954
    endloop
  endfacet
  facet normal 0 1 0
    outer loop
      vertex 78.9777 1.2 32.6898
      vertex 80.5376 1.2 32.3338
      vertex 78.9195 1.2 32.3471
    endloop
  endfacet
  facet normal 0 1 -0
    outer loop
      vertex 80.5094 1.2 32.1679
      vertex 78.9195 1.2 32.3471
      vertex 80.5376 1.2 32.3338
    endloop
  endfacet
  facet normal 0 1 -0
    outer loop
      vertex 80.5 1.2 32
      vertex 78.9195 1.2 32.3471
      vertex 80.5094 1.2 32.1679
    endloop
  endfacet
  facet normal 0 1 0
    outer loop
      vertex 80.5 1.2 32
      vertex 78.9 1.2 32
      vertex 78.9195 1.2 32.3471
    endloop
  endfacet
  facet normal 0 1 0
    outer loop
      vertex 80.5094 1.2 31.832
      vertex 78.9 1.2 32
      vertex 80.5 1.2 32
    endloop
  endfacet
  facet normal 0 1 0
    outer loop
      vertex 78.9195 1.2 31.6529
      vertex 80.5094 1.2 31.832
      vertex 80.5376 1.2 31.6662
    endloop
  endfacet
  facet normal 0 1 0
    outer loop
      vertex 80.5094 1.2 31.832
      vertex 78.9195 1.2 31.6529
      vertex 78.9 1.2 32
    endloop
  endfacet
  facet normal 0 1 0
    outer loop
      vertex 78.9777 1.2 31.3102
      vertex 80.5376 1.2 31.6662
      vertex 80.5842 1.2 31.5046
    endloop
  endfacet
  facet normal 0 1 0
    outer loop
      vertex 79.074 1.2 30.9761
      vertex 80.5842 1.2 31.5046
      vertex 80.6485 1.2 31.3492
    endloop
  endfacet
  facet normal 0 1 0
    outer loop
      vertex 80.5376 1.2 31.6662
      vertex 78.9777 1.2 31.3102
      vertex 78.9195 1.2 31.6529
    endloop
  endfacet
  facet normal 0 1 0
    outer loop
      vertex 79.207 1.2 30.655
      vertex 80.6485 1.2 31.3492
      vertex 80.7299 1.2 31.202
    endloop
  endfacet
  facet normal 0 1 0
    outer loop
      vertex 79.3752 1.2 30.3507
      vertex 80.7299 1.2 31.202
      vertex 80.8272 1.2 31.0648
    endloop
  endfacet
  facet normal 0 1 0
    outer loop
      vertex 80.5842 1.2 31.5046
      vertex 79.074 1.2 30.9761
      vertex 78.9777 1.2 31.3102
    endloop
  endfacet
  facet normal 0 1 0
    outer loop
      vertex 79.5763 1.2 30.0672
      vertex 80.8272 1.2 31.0648
      vertex 80.9393 1.2 30.9393
    endloop
  endfacet
  facet normal 0 1 0
    outer loop
      vertex 79.808 1.2 29.808
      vertex 80.9393 1.2 30.9393
      vertex 81.0648 1.2 30.8272
    endloop
  endfacet
  facet normal 0 1 0
    outer loop
      vertex 80.0672 1.2 29.5763
      vertex 81.0648 1.2 30.8272
      vertex 81.202 1.2 30.7299
    endloop
  endfacet
  facet normal 0 1 0
    outer loop
      vertex 80.6485 1.2 31.3492
      vertex 79.207 1.2 30.655
      vertex 79.074 1.2 30.9761
    endloop
  endfacet
  facet normal 0 1 0
    outer loop
      vertex 80.3507 1.2 29.3752
      vertex 81.202 1.2 30.7299
      vertex 81.3492 1.2 30.6485
    endloop
  endfacet
  facet normal 0 1 0
    outer loop
      vertex 80.655 1.2 29.207
      vertex 81.3492 1.2 30.6485
      vertex 81.5046 1.2 30.5842
    endloop
  endfacet
  facet normal 0 1 0
    outer loop
      vertex 80.9761 1.2 29.074
      vertex 81.5046 1.2 30.5842
      vertex 81.6662 1.2 30.5376
    endloop
  endfacet
  facet normal 0 1 0
    outer loop
      vertex 81.3102 1.2 28.9777
      vertex 81.6662 1.2 30.5376
      vertex 81.832 1.2 30.5094
    endloop
  endfacet
  facet normal 0 1 0
    outer loop
      vertex 81.6529 1.2 28.9195
      vertex 81.832 1.2 30.5094
      vertex 82 1.2 30.5
    endloop
  endfacet
  facet normal 0 1 -0
    outer loop
      vertex 83.345 1.2 29.207
      vertex 82.6508 1.2 30.6485
      vertex 83.6493 1.2 29.3752
    endloop
  endfacet
  facet normal 0 1 0
    outer loop
      vertex 80.7299 1.2 31.202
      vertex 79.3752 1.2 30.3507
      vertex 79.207 1.2 30.655
    endloop
  endfacet
  facet normal 0 1 0
    outer loop
      vertex 82.6508 1.2 30.6485
      vertex 83.345 1.2 29.207
      vertex 82.4954 1.2 30.5842
    endloop
  endfacet
  facet normal 0 1 0
    outer loop
      vertex 80.8272 1.2 31.0648
      vertex 79.5763 1.2 30.0672
      vertex 79.3752 1.2 30.3507
    endloop
  endfacet
  facet normal 0 1 -0
    outer loop
      vertex 83.0239 1.2 29.074
      vertex 82.4954 1.2 30.5842
      vertex 83.345 1.2 29.207
    endloop
  endfacet
  facet normal 0 1 0
    outer loop
      vertex 80.9393 1.2 30.9393
      vertex 79.808 1.2 29.808
      vertex 79.5763 1.2 30.0672
    endloop
  endfacet
  facet normal 0 1 0
    outer loop
      vertex 82.4954 1.2 30.5842
      vertex 83.0239 1.2 29.074
      vertex 82.3338 1.2 30.5376
    endloop
  endfacet
  facet normal 0 1 0
    outer loop
      vertex 81.0648 1.2 30.8272
      vertex 80.0672 1.2 29.5763
      vertex 79.808 1.2 29.808
    endloop
  endfacet
  facet normal 0 1 -0
    outer loop
      vertex 82.6898 1.2 28.9777
      vertex 82.3338 1.2 30.5376
      vertex 83.0239 1.2 29.074
    endloop
  endfacet
  facet normal 0 1 0
    outer loop
      vertex 81.202 1.2 30.7299
      vertex 80.3507 1.2 29.3752
      vertex 80.0672 1.2 29.5763
    endloop
  endfacet
  facet normal 0 1 0
    outer loop
      vertex 82.3338 1.2 30.5376
      vertex 82.6898 1.2 28.9777
      vertex 82.1679 1.2 30.5094
    endloop
  endfacet
  facet normal 0 1 0
    outer loop
      vertex 81.3492 1.2 30.6485
      vertex 80.655 1.2 29.207
      vertex 80.3507 1.2 29.3752
    endloop
  endfacet
  facet normal 0 1 -0
    outer loop
      vertex 82.3471 1.2 28.9195
      vertex 82.1679 1.2 30.5094
      vertex 82.6898 1.2 28.9777
    endloop
  endfacet
  facet normal 0 1 0
    outer loop
      vertex 81.5046 1.2 30.5842
      vertex 80.9761 1.2 29.074
      vertex 80.655 1.2 29.207
    endloop
  endfacet
  facet normal 0 1 0
    outer loop
      vertex 82.1679 1.2 30.5094
      vertex 82.3471 1.2 28.9195
      vertex 82 1.2 30.5
    endloop
  endfacet
  facet normal 0 1 0
    outer loop
      vertex 81.6662 1.2 30.5376
      vertex 81.3102 1.2 28.9777
      vertex 80.9761 1.2 29.074
    endloop
  endfacet
  facet normal 0 1 0
    outer loop
      vertex 82 1.2 28.9
      vertex 82 1.2 30.5
      vertex 82.3471 1.2 28.9195
    endloop
  endfacet
  facet normal 0 1 0
    outer loop
      vertex 81.832 1.2 30.5094
      vertex 81.6529 1.2 28.9195
      vertex 81.3102 1.2 28.9777
    endloop
  endfacet
  facet normal 0 1 0
    outer loop
      vertex 82 1.2 30.5
      vertex 82 1.2 28.9
      vertex 81.6529 1.2 28.9195
    endloop
  endfacet
  facet normal 0.998431 0 -0.0560014
    outer loop
      vertex 88 0 5
      vertex 87.9686 2.8 4.44018
      vertex 88 2.8 5
    endloop
  endfacet
  facet normal 0.998431 0 -0.0560014
    outer loop
      vertex 87.9686 2.8 4.44018
      vertex 88 0 5
      vertex 87.9686 0 4.44018
    endloop
  endfacet
  facet normal 0.0560724 0 -0.998427
    outer loop
      vertex 83 0 0
      vertex 83.5598 2.8 0.0314388
      vertex 83.5598 0 0.0314388
    endloop
  endfacet
  facet normal 0.0560724 0 -0.998427
    outer loop
      vertex 83.5598 2.8 0.0314388
      vertex 83 0 0
      vertex 83 2.8 0
    endloop
  endfacet
  facet normal 0.960929 -0 0.276793
    outer loop
      vertex 87.7194 0 34.6514
      vertex 87.8746 2.8 34.1126
      vertex 87.7194 2.8 34.6514
    endloop
  endfacet
  facet normal 0.960929 0 0.276793
    outer loop
      vertex 87.8746 2.8 34.1126
      vertex 87.7194 0 34.6514
      vertex 87.8746 0 34.1126
    endloop
  endfacet
  facet normal -0.382687 0 -0.923878
    outer loop
      vertex 2.83058 0 0.495155
      vertex 3.3486 2.8 0.280582
      vertex 3.3486 0 0.280582
    endloop
  endfacet
  facet normal -0.382687 0 -0.923878
    outer loop
      vertex 3.3486 2.8 0.280582
      vertex 2.83058 0 0.495155
      vertex 2.83058 2.8 0.495155
    endloop
  endfacet
  facet normal 0.923861 0 -0.382728
    outer loop
      vertex 87.7194 0 3.3486
      vertex 87.5048 2.8 2.83058
      vertex 87.7194 2.8 3.3486
    endloop
  endfacet
  facet normal 0.923861 0 -0.382728
    outer loop
      vertex 87.5048 2.8 2.83058
      vertex 87.7194 0 3.3486
      vertex 87.5048 0 2.83058
    endloop
  endfacet
  facet normal -0.276798 0 0.960928
    outer loop
      vertex 3.3486 2.8 37.7194
      vertex 3.88739 0 37.8746
      vertex 3.88739 2.8 37.8746
    endloop
  endfacet
  facet normal -0.276798 0 0.960928
    outer loop
      vertex 3.88739 0 37.8746
      vertex 3.3486 2.8 37.7194
      vertex 3.3486 0 37.7194
    endloop
  endfacet
  facet normal 0 -1 0
    outer loop
      vertex 28.3 0 0
      vertex 29.2 0 4.7
      vertex 28.3 0 4.7
    endloop
  endfacet
  facet normal 0 -1 -0
    outer loop
      vertex 29.2 0 4.7
      vertex 28.3 0 0
      vertex 81.3492 0 4.64854
    endloop
  endfacet
  facet normal 0 -1 0
    outer loop
      vertex 83 0 0
      vertex 81.3492 0 4.64854
      vertex 28.3 0 0
    endloop
  endfacet
  facet normal 0 -1 0
    outer loop
      vertex 81.3492 0 4.64854
      vertex 83 0 0
      vertex 81.5046 0 4.58417
    endloop
  endfacet
  facet normal 0 -1 0
    outer loop
      vertex 81.5046 0 4.58417
      vertex 83 0 0
      vertex 81.6662 0 4.5376
    endloop
  endfacet
  facet normal 0 -1 0
    outer loop
      vertex 81.6662 0 4.5376
      vertex 83 0 0
      vertex 81.832 0 4.50943
    endloop
  endfacet
  facet normal -0 -1 0
    outer loop
      vertex 83.5598 0 0.0314388
      vertex 82 0 4.5
      vertex 83 0 0
    endloop
  endfacet
  facet normal 0 -1 0
    outer loop
      vertex 82 0 4.5
      vertex 87.8746 0 3.88739
      vertex 87.9686 0 4.44018
    endloop
  endfacet
  facet normal 0 -1 0
    outer loop
      vertex 82 0 4.5
      vertex 87.7194 0 3.3486
      vertex 87.8746 0 3.88739
    endloop
  endfacet
  facet normal 0 -1 0
    outer loop
      vertex 82 0 4.5
      vertex 87.5048 0 2.83058
      vertex 87.7194 0 3.3486
    endloop
  endfacet
  facet normal 0 -1 0
    outer loop
      vertex 82 0 4.5
      vertex 87.2336 0 2.33984
      vertex 87.5048 0 2.83058
    endloop
  endfacet
  facet normal 0 -1 0
    outer loop
      vertex 82 0 4.5
      vertex 86.9092 0 1.88255
      vertex 87.2336 0 2.33984
    endloop
  endfacet
  facet normal 0 -1 0
    outer loop
      vertex 82 0 4.5
      vertex 86.5355 0 1.46447
      vertex 86.9092 0 1.88255
    endloop
  endfacet
  facet normal 0 -1 0
    outer loop
      vertex 82 0 4.5
      vertex 86.1174 0 1.09084
      vertex 86.5355 0 1.46447
    endloop
  endfacet
  facet normal 0 -1 0
    outer loop
      vertex 82 0 4.5
      vertex 85.6602 0 0.766378
      vertex 86.1174 0 1.09084
    endloop
  endfacet
  facet normal 0 -1 0
    outer loop
      vertex 82 0 4.5
      vertex 85.1694 0 0.495155
      vertex 85.6602 0 0.766378
    endloop
  endfacet
  facet normal 0 -1 0
    outer loop
      vertex 82 0 4.5
      vertex 84.6514 0 0.280582
      vertex 85.1694 0 0.495155
    endloop
  endfacet
  facet normal 0 -1 0
    outer loop
      vertex 82 0 4.5
      vertex 84.1126 0 0.12536
      vertex 84.6514 0 0.280582
    endloop
  endfacet
  facet normal 0 -1 0
    outer loop
      vertex 81.832 0 4.50943
      vertex 83 0 0
      vertex 82 0 4.5
    endloop
  endfacet
  facet normal 0 -1 0
    outer loop
      vertex 82 0 4.5
      vertex 83.5598 0 0.0314388
      vertex 84.1126 0 0.12536
    endloop
  endfacet
  facet normal 0 -1 0
    outer loop
      vertex 79.6945 0 12.0271
      vertex 81.832 0 7.49055
      vertex 82 0 7.5
    endloop
  endfacet
  facet normal 0 -1 0
    outer loop
      vertex 51.4 0 11.5
      vertex 81.6662 0 7.46239
      vertex 81.832 0 7.49055
    endloop
  endfacet
  facet normal 0 -1 0
    outer loop
      vertex 51.4 0 11.5
      vertex 81.5046 0 7.41582
      vertex 81.6662 0 7.46239
    endloop
  endfacet
  facet normal 0 -1 0
    outer loop
      vertex 51.4 0 11.5
      vertex 81.3492 0 7.35144
      vertex 81.5046 0 7.41582
    endloop
  endfacet
  facet normal 0 -1 0
    outer loop
      vertex 51.4 0 11.5
      vertex 81.202 0 7.27008
      vertex 81.3492 0 7.35144
    endloop
  endfacet
  facet normal 0 -1 0
    outer loop
      vertex 51.4 0 11.5
      vertex 81.0648 0 7.17274
      vertex 81.202 0 7.27008
    endloop
  endfacet
  facet normal 0 -1 0
    outer loop
      vertex 51.4 0 11.5
      vertex 80.9393 0 7.06065
      vertex 81.0648 0 7.17274
    endloop
  endfacet
  facet normal 0 -1 0
    outer loop
      vertex 51.4 0 11.5
      vertex 80.8272 0 6.93523
      vertex 80.9393 0 7.06065
    endloop
  endfacet
  facet normal 0 -1 0
    outer loop
      vertex 51.4 0 11.5
      vertex 80.7299 0 6.79803
      vertex 80.8272 0 6.93523
    endloop
  endfacet
  facet normal 0 -1 0
    outer loop
      vertex 51.4 0 11.5
      vertex 80.6485 0 6.65082
      vertex 80.7299 0 6.79803
    endloop
  endfacet
  facet normal 0 -1 0
    outer loop
      vertex 51.4 0 11.5
      vertex 80.5842 0 6.49541
      vertex 80.6485 0 6.65082
    endloop
  endfacet
  facet normal 0 -1 0
    outer loop
      vertex 51.4 0 11.5
      vertex 80.5376 0 6.33377
      vertex 80.5842 0 6.49541
    endloop
  endfacet
  facet normal 0 -1 0
    outer loop
      vertex 30.5547 0 5.44873
      vertex 50.7926 0 11.6386
      vertex 30.6415 0 5.60577
    endloop
  endfacet
  facet normal 0 -1 0
    outer loop
      vertex 51.4 0 11.5
      vertex 80.5094 0 6.16794
      vertex 80.5376 0 6.33377
    endloop
  endfacet
  facet normal 0 -1 -0
    outer loop
      vertex 50.7926 0 11.6386
      vertex 30.5547 0 5.44873
      vertex 50.9376 0 11.5786
    endloop
  endfacet
  facet normal 0 -1 0
    outer loop
      vertex 51.4 0 11.5
      vertex 80.5 0 6
      vertex 80.5094 0 6.16794
    endloop
  endfacet
  facet normal 0 -1 0
    outer loop
      vertex 30.4509 0 5.3024
      vertex 50.9376 0 11.5786
      vertex 30.5547 0 5.44873
    endloop
  endfacet
  facet normal 0 -1 0
    outer loop
      vertex 51.4 0 11.5
      vertex 80.5094 0 5.83205
      vertex 80.5 0 6
    endloop
  endfacet
  facet normal 0 -1 -0
    outer loop
      vertex 50.9376 0 11.5786
      vertex 30.4509 0 5.3024
      vertex 51.0885 0 11.5351
    endloop
  endfacet
  facet normal 0 -1 0
    outer loop
      vertex 51.4 0 11.5
      vertex 80.5376 0 5.66621
      vertex 80.5094 0 5.83205
    endloop
  endfacet
  facet normal 0 -1 0
    outer loop
      vertex 30.3313 0 5.16862
      vertex 51.0885 0 11.5351
      vertex 30.4509 0 5.3024
    endloop
  endfacet
  facet normal 0 -1 0
    outer loop
      vertex 51.4 0 11.5
      vertex 80.5842 0 5.50458
      vertex 80.5376 0 5.66621
    endloop
  endfacet
  facet normal 0 -1 -0
    outer loop
      vertex 51.0885 0 11.5351
      vertex 30.3313 0 5.16862
      vertex 51.2432 0 11.5088
    endloop
  endfacet
  facet normal 0 -1 0
    outer loop
      vertex 51.4 0 11.5
      vertex 80.6485 0 5.34917
      vertex 80.5842 0 5.50458
    endloop
  endfacet
  facet normal 0 -1 0
    outer loop
      vertex 30.1976 0 5.04906
      vertex 51.2432 0 11.5088
      vertex 30.3313 0 5.16862
    endloop
  endfacet
  facet normal 0 -1 0
    outer loop
      vertex 51.4 0 11.5
      vertex 80.7299 0 5.20195
      vertex 80.6485 0 5.34917
    endloop
  endfacet
  facet normal 0 -1 -0
    outer loop
      vertex 51.2432 0 11.5088
      vertex 30.1976 0 5.04906
      vertex 51.4 0 11.5
    endloop
  endfacet
  facet normal 0 -1 0
    outer loop
      vertex 51.4 0 11.5
      vertex 80.8272 0 5.06476
      vertex 80.7299 0 5.20195
    endloop
  endfacet
  facet normal 0 -1 0
    outer loop
      vertex 30.0512 0 4.94524
      vertex 51.4 0 11.5
      vertex 30.1976 0 5.04906
    endloop
  endfacet
  facet normal 0 -1 0
    outer loop
      vertex 81.202 0 4.7299
      vertex 51.4 0 11.5
      vertex 30.0512 0 4.94524
    endloop
  endfacet
  facet normal 0 -1 0
    outer loop
      vertex 51.4 0 11.5
      vertex 80.9393 0 4.93933
      vertex 80.8272 0 5.06476
    endloop
  endfacet
  facet normal 0 -1 0
    outer loop
      vertex 81.202 0 4.7299
      vertex 30.0512 0 4.94524
      vertex 29.8942 0 4.85844
    endloop
  endfacet
  facet normal 0 -1 0
    outer loop
      vertex 51.4 0 11.5
      vertex 81.0648 0 4.82724
      vertex 80.9393 0 4.93933
    endloop
  endfacet
  facet normal 0 -1 0
    outer loop
      vertex 81.3492 0 4.64854
      vertex 29.8942 0 4.85844
      vertex 29.7284 0 4.78978
    endloop
  endfacet
  facet normal 0 -1 0
    outer loop
      vertex 81.3492 0 4.64854
      vertex 29.7284 0 4.78978
      vertex 29.556 0 4.7401
    endloop
  endfacet
  facet normal 0 -1 0
    outer loop
      vertex 51.4 0 11.5
      vertex 81.202 0 4.7299
      vertex 81.0648 0 4.82724
    endloop
  endfacet
  facet normal 0 -1 0
    outer loop
      vertex 81.3492 0 4.64854
      vertex 29.556 0 4.7401
      vertex 29.3791 0 4.71005
    endloop
  endfacet
  facet normal 0 -1 0
    outer loop
      vertex 81.3492 0 4.64854
      vertex 29.3791 0 4.71005
      vertex 29.2 0 4.7
    endloop
  endfacet
  facet normal 0 -1 0
    outer loop
      vertex 29.8942 0 4.85844
      vertex 81.3492 0 4.64854
      vertex 81.202 0 4.7299
    endloop
  endfacet
  facet normal 0 -1 0
    outer loop
      vertex 17.9584 0 11.7942
      vertex 6.65082 0 7.35144
      vertex 17.8898 0 11.6284
    endloop
  endfacet
  facet normal 0 -1 0
    outer loop
      vertex 6.79803 0 7.27008
      vertex 17.8898 0 11.6284
      vertex 6.65082 0 7.35144
    endloop
  endfacet
  facet normal 0 -1 0
    outer loop
      vertex 17.8898 0 11.6284
      vertex 6.79803 0 7.27008
      vertex 17.8401 0 11.456
    endloop
  endfacet
  facet normal 0 -1 0
    outer loop
      vertex 6.93523 0 7.17274
      vertex 17.8401 0 11.456
      vertex 6.79803 0 7.27008
    endloop
  endfacet
  facet normal 0 -1 0
    outer loop
      vertex 17.8401 0 11.456
      vertex 6.93523 0 7.17274
      vertex 17.81 0 11.2791
    endloop
  endfacet
  facet normal 0 -1 0
    outer loop
      vertex 7.06065 0 7.06065
      vertex 17.81 0 11.2791
      vertex 6.93523 0 7.17274
    endloop
  endfacet
  facet normal 0 -1 0
    outer loop
      vertex 17.81 0 11.2791
      vertex 7.06065 0 7.06065
      vertex 17.8 0 11.1
    endloop
  endfacet
  facet normal 0 -1 0
    outer loop
      vertex 7.17274 0 6.93523
      vertex 17.8 0 11.1
      vertex 7.06065 0 7.06065
    endloop
  endfacet
  facet normal 0 -1 0
    outer loop
      vertex 7.27008 0 6.79803
      vertex 17.8 0 11.1
      vertex 7.17274 0 6.93523
    endloop
  endfacet
  facet normal 0 -1 0
    outer loop
      vertex 7.35144 0 6.65082
      vertex 17.8 0 11.1
      vertex 7.27008 0 6.79803
    endloop
  endfacet
  facet normal 0 -1 0
    outer loop
      vertex 7.41582 0 6.49541
      vertex 17.8 0 11.1
      vertex 7.35144 0 6.65082
    endloop
  endfacet
  facet normal 0 -1 0
    outer loop
      vertex 17.8 0 6.29999
      vertex 7.41582 0 6.49541
      vertex 7.46239 0 6.33377
    endloop
  endfacet
  facet normal 0 -1 0
    outer loop
      vertex 7.41582 0 6.49541
      vertex 17.8 0 6.29999
      vertex 17.8 0 11.1
    endloop
  endfacet
  facet normal 0 -1 0
    outer loop
      vertex 7.49055 0 6.16794
      vertex 17.8 0 6.29999
      vertex 7.46239 0 6.33377
    endloop
  endfacet
  facet normal 0 -1 0
    outer loop
      vertex 7.5 0 6
      vertex 17.8 0 6.29999
      vertex 7.49055 0 6.16794
    endloop
  endfacet
  facet normal 0 -1 -0
    outer loop
      vertex 17.8 0 6.29999
      vertex 7.5 0 6
      vertex 17.81 0 6.12085
    endloop
  endfacet
  facet normal 0 -1 0
    outer loop
      vertex 7.49055 0 5.83205
      vertex 17.81 0 6.12085
      vertex 7.5 0 6
    endloop
  endfacet
  facet normal 0 -1 -0
    outer loop
      vertex 17.81 0 6.12085
      vertex 7.49055 0 5.83205
      vertex 17.8401 0 5.94395
    endloop
  endfacet
  facet normal 0 -1 0
    outer loop
      vertex 7.46239 0 5.66621
      vertex 17.8401 0 5.94395
      vertex 7.49055 0 5.83205
    endloop
  endfacet
  facet normal 0 -1 -0
    outer loop
      vertex 17.8401 0 5.94395
      vertex 7.46239 0 5.66621
      vertex 17.8898 0 5.77155
    endloop
  endfacet
  facet normal 0 -1 0
    outer loop
      vertex 7.41582 0 5.50458
      vertex 17.8898 0 5.77155
      vertex 7.46239 0 5.66621
    endloop
  endfacet
  facet normal 0 -1 -0
    outer loop
      vertex 17.8898 0 5.77155
      vertex 7.41582 0 5.50458
      vertex 17.9584 0 5.60577
    endloop
  endfacet
  facet normal 0 -1 0
    outer loop
      vertex 7.35144 0 5.34917
      vertex 17.9584 0 5.60577
      vertex 7.41582 0 5.50458
    endloop
  endfacet
  facet normal 0 -1 -0
    outer loop
      vertex 17.9584 0 5.60577
      vertex 7.35144 0 5.34917
      vertex 18.0452 0 5.44873
    endloop
  endfacet
  facet normal 0 -1 0
    outer loop
      vertex 7.27008 0 5.20195
      vertex 18.0452 0 5.44873
      vertex 7.35144 0 5.34917
    endloop
  endfacet
  facet normal 0 -1 -0
    outer loop
      vertex 18.0452 0 5.44873
      vertex 7.27008 0 5.20195
      vertex 18.149 0 5.3024
    endloop
  endfacet
  facet normal 0 -1 0
    outer loop
      vertex 7.17274 0 5.06476
      vertex 18.149 0 5.3024
      vertex 7.27008 0 5.20195
    endloop
  endfacet
  facet normal 0 -1 -0
    outer loop
      vertex 18.149 0 5.3024
      vertex 7.17274 0 5.06476
      vertex 18.2686 0 5.16862
    endloop
  endfacet
  facet normal 0 -1 0
    outer loop
      vertex 20.3 0 0
      vertex 18.2686 0 5.16862
      vertex 7.17274 0 5.06476
    endloop
  endfacet
  facet normal 0 -1 0
    outer loop
      vertex 18.2686 0 5.16862
      vertex 20.3 0 0
      vertex 18.4024 0 5.04906
    endloop
  endfacet
  facet normal 0 -1 0
    outer loop
      vertex 20.3 0 0
      vertex 7.17274 0 5.06476
      vertex 7.06065 0 4.93933
    endloop
  endfacet
  facet normal 0 -1 0
    outer loop
      vertex 18.4024 0 5.04906
      vertex 20.3 0 0
      vertex 18.5487 0 4.94524
    endloop
  endfacet
  facet normal 0 -1 0
    outer loop
      vertex 5 0 0
      vertex 7.06065 0 4.93933
      vertex 6.93523 0 4.82724
    endloop
  endfacet
  facet normal 0 -1 0
    outer loop
      vertex 18.5487 0 4.94524
      vertex 20.3 0 0
      vertex 18.7058 0 4.85844
    endloop
  endfacet
  facet normal 0 -1 0
    outer loop
      vertex 18.7058 0 4.85844
      vertex 20.3 0 0
      vertex 18.8715 0 4.78978
    endloop
  endfacet
  facet normal 0 -1 0
    outer loop
      vertex 5 0 0
      vertex 6.93523 0 4.82724
      vertex 6.79803 0 4.7299
    endloop
  endfacet
  facet normal 0 -1 0
    outer loop
      vertex 18.8715 0 4.78978
      vertex 20.3 0 0
      vertex 19.0439 0 4.7401
    endloop
  endfacet
  facet normal 0 -1 0
    outer loop
      vertex 19.0439 0 4.7401
      vertex 20.3 0 0
      vertex 19.2208 0 4.71005
    endloop
  endfacet
  facet normal 0 -1 0
    outer loop
      vertex 5 0 0
      vertex 6.79803 0 4.7299
      vertex 6.65082 0 4.64854
    endloop
  endfacet
  facet normal 0 -1 0
    outer loop
      vertex 19.2208 0 4.71005
      vertex 20.3 0 0
      vertex 19.4 0 4.7
    endloop
  endfacet
  facet normal 0 -1 0
    outer loop
      vertex 5 0 0
      vertex 6.65082 0 4.64854
      vertex 6.49541 0 4.58417
    endloop
  endfacet
  facet normal 0 -1 0
    outer loop
      vertex 5 0 0
      vertex 6.49541 0 4.58417
      vertex 6.33377 0 4.5376
    endloop
  endfacet
  facet normal 0 -1 0
    outer loop
      vertex 5 0 0
      vertex 6.33377 0 4.5376
      vertex 6.16794 0 4.50943
    endloop
  endfacet
  facet normal 0 -1 0
    outer loop
      vertex 5 0 0
      vertex 6.16794 0 4.50943
      vertex 6 0 4.5
    endloop
  endfacet
  facet normal 0 -1 -0
    outer loop
      vertex 4.93933 0 4.93933
      vertex 1.88255 0 1.09084
      vertex 5.06476 0 4.82724
    endloop
  endfacet
  facet normal 0 -1 0
    outer loop
      vertex 2.33984 0 0.766378
      vertex 5.06476 0 4.82724
      vertex 1.88255 0 1.09084
    endloop
  endfacet
  facet normal 0 -1 -0
    outer loop
      vertex 5.06476 0 4.82724
      vertex 2.33984 0 0.766378
      vertex 5.20195 0 4.7299
    endloop
  endfacet
  facet normal 0 -1 0
    outer loop
      vertex 2.83058 0 0.495155
      vertex 5.20195 0 4.7299
      vertex 2.33984 0 0.766378
    endloop
  endfacet
  facet normal 0 -1 0
    outer loop
      vertex 3.3486 0 0.280582
      vertex 5.20195 0 4.7299
      vertex 2.83058 0 0.495155
    endloop
  endfacet
  facet normal 0 -1 -0
    outer loop
      vertex 5.20195 0 4.7299
      vertex 3.3486 0 0.280582
      vertex 5.34917 0 4.64854
    endloop
  endfacet
  facet normal 0 -1 0
    outer loop
      vertex 3.88739 0 0.12536
      vertex 5.34917 0 4.64854
      vertex 3.3486 0 0.280582
    endloop
  endfacet
  facet normal 0 -1 -0
    outer loop
      vertex 5.34917 0 4.64854
      vertex 3.88739 0 0.12536
      vertex 5.50458 0 4.58417
    endloop
  endfacet
  facet normal 0 -1 0
    outer loop
      vertex 4.44018 0 0.0314388
      vertex 5.50458 0 4.58417
      vertex 3.88739 0 0.12536
    endloop
  endfacet
  facet normal 0 -1 0
    outer loop
      vertex 5 0 0
      vertex 5.50458 0 4.58417
      vertex 4.44018 0 0.0314388
    endloop
  endfacet
  facet normal 0 -1 -0
    outer loop
      vertex 5.50458 0 4.58417
      vertex 5 0 0
      vertex 5.66621 0 4.5376
    endloop
  endfacet
  facet normal 0 -1 -0
    outer loop
      vertex 5.66621 0 4.5376
      vertex 5 0 0
      vertex 5.83205 0 4.50943
    endloop
  endfacet
  facet normal 0 -1 -0
    outer loop
      vertex 5.83205 0 4.50943
      vertex 5 0 0
      vertex 6 0 4.5
    endloop
  endfacet
  facet normal 0 -1 -0
    outer loop
      vertex 7.06065 0 4.93933
      vertex 5 0 0
      vertex 20.3 0 0
    endloop
  endfacet
  facet normal 0 -1 0
    outer loop
      vertex 19.4 0 4.7
      vertex 20.3 0 0
      vertex 20.3 0 4.7
    endloop
  endfacet
  facet normal 0 -1 0
    outer loop
      vertex 63.2074 0 14.3613
      vertex 63.2074 0 18.6386
      vertex 63.0624 0 14.4214
    endloop
  endfacet
  facet normal 0 -1 0
    outer loop
      vertex 66.6552 0 18.7146
      vertex 67.2432 0 14.4912
      vertex 67.4 0 14.5
    endloop
  endfacet
  facet normal 0 -1 0
    outer loop
      vertex 63.2074 0 18.6386
      vertex 63.2074 0 14.3613
      vertex 63.3448 0 18.7146
    endloop
  endfacet
  facet normal 0 -1 0
    outer loop
      vertex 66.6552 0 18.7146
      vertex 67.0885 0 14.4649
      vertex 67.2432 0 14.4912
    endloop
  endfacet
  facet normal 0 -1 0
    outer loop
      vertex 63.3448 0 14.2854
      vertex 63.3448 0 18.7146
      vertex 63.2074 0 14.3613
    endloop
  endfacet
  facet normal 0 -1 0
    outer loop
      vertex 66.6552 0 18.7146
      vertex 66.9376 0 14.4214
      vertex 67.0885 0 14.4649
    endloop
  endfacet
  facet normal 0 -1 0
    outer loop
      vertex 63.3448 0 18.7146
      vertex 63.3448 0 14.2854
      vertex 66.6552 0 18.7146
    endloop
  endfacet
  facet normal 0 -1 0
    outer loop
      vertex 66.6552 0 18.7146
      vertex 66.7926 0 14.3613
      vertex 66.9376 0 14.4214
    endloop
  endfacet
  facet normal 0 -1 0
    outer loop
      vertex 66.6552 0 14.2854
      vertex 66.6552 0 18.7146
      vertex 63.3448 0 14.2854
    endloop
  endfacet
  facet normal 0 -1 0
    outer loop
      vertex 66.6552 0 18.7146
      vertex 66.6552 0 14.2854
      vertex 66.7926 0 14.3613
    endloop
  endfacet
  facet normal 0 -1 0
    outer loop
      vertex 63.4729 0 14.1945
      vertex 66.6552 0 14.2854
      vertex 63.3448 0 14.2854
    endloop
  endfacet
  facet normal 0 -1 0
    outer loop
      vertex 63.4729 0 14.1945
      vertex 66.5271 0 14.1945
      vertex 66.6552 0 14.2854
    endloop
  endfacet
  facet normal 0 -1 0
    outer loop
      vertex 63.5899 0 14.0899
      vertex 66.5271 0 14.1945
      vertex 63.4729 0 14.1945
    endloop
  endfacet
  facet normal 0 -1 0
    outer loop
      vertex 63.5899 0 14.0899
      vertex 66.41 0 14.0899
      vertex 66.5271 0 14.1945
    endloop
  endfacet
  facet normal 0 -1 0
    outer loop
      vertex 63.6945 0 13.9729
      vertex 66.41 0 14.0899
      vertex 63.5899 0 14.0899
    endloop
  endfacet
  facet normal 0 -1 0
    outer loop
      vertex 63.6945 0 13.9729
      vertex 66.3054 0 13.9729
      vertex 66.41 0 14.0899
    endloop
  endfacet
  facet normal 0 -1 0
    outer loop
      vertex 63.7854 0 13.8448
      vertex 66.3054 0 13.9729
      vertex 63.6945 0 13.9729
    endloop
  endfacet
  facet normal 0 -1 0
    outer loop
      vertex 63.7854 0 13.8448
      vertex 66.2146 0 13.8448
      vertex 66.3054 0 13.9729
    endloop
  endfacet
  facet normal 0 -1 0
    outer loop
      vertex 63.8613 0 13.7074
      vertex 66.2146 0 13.8448
      vertex 63.7854 0 13.8448
    endloop
  endfacet
  facet normal 0 -1 0
    outer loop
      vertex 63.8613 0 13.7074
      vertex 66.1386 0 13.7074
      vertex 66.2146 0 13.8448
    endloop
  endfacet
  facet normal 0 -1 0
    outer loop
      vertex 63.9214 0 13.5624
      vertex 66.1386 0 13.7074
      vertex 63.8613 0 13.7074
    endloop
  endfacet
  facet normal 0 -1 0
    outer loop
      vertex 63.9214 0 13.5624
      vertex 66.0786 0 13.5624
      vertex 66.1386 0 13.7074
    endloop
  endfacet
  facet normal 0 -1 0
    outer loop
      vertex 63.9649 0 13.4115
      vertex 66.0786 0 13.5624
      vertex 63.9214 0 13.5624
    endloop
  endfacet
  facet normal 0 -1 0
    outer loop
      vertex 63.9649 0 13.4115
      vertex 66.0351 0 13.4115
      vertex 66.0786 0 13.5624
    endloop
  endfacet
  facet normal 0 -1 0
    outer loop
      vertex 63.9912 0 13.2567
      vertex 66.0351 0 13.4115
      vertex 63.9649 0 13.4115
    endloop
  endfacet
  facet normal 0 -1 0
    outer loop
      vertex 63.9912 0 13.2567
      vertex 66.0088 0 13.2567
      vertex 66.0351 0 13.4115
    endloop
  endfacet
  facet normal 0 -1 0
    outer loop
      vertex 64 0 13.1
      vertex 66.0088 0 13.2567
      vertex 63.9912 0 13.2567
    endloop
  endfacet
  facet normal 0 -1 0
    outer loop
      vertex 64 0 13.1
      vertex 66 0 13.1
      vertex 66.0088 0 13.2567
    endloop
  endfacet
  facet normal 0 -1 0
    outer loop
      vertex 64 0 12.9
      vertex 66 0 13.1
      vertex 64 0 13.1
    endloop
  endfacet
  facet normal 0 -1 0
    outer loop
      vertex 64 0 12.9
      vertex 66 0 12.9
      vertex 66 0 13.1
    endloop
  endfacet
  facet normal 0 -1 0
    outer loop
      vertex 63.9912 0 12.7432
      vertex 66 0 12.9
      vertex 64 0 12.9
    endloop
  endfacet
  facet normal 0 -1 0
    outer loop
      vertex 63.9912 0 12.7432
      vertex 66.0088 0 12.7432
      vertex 66 0 12.9
    endloop
  endfacet
  facet normal 0 -1 0
    outer loop
      vertex 63.9649 0 12.5885
      vertex 66.0088 0 12.7432
      vertex 63.9912 0 12.7432
    endloop
  endfacet
  facet normal 0 -1 0
    outer loop
      vertex 63.9649 0 12.5885
      vertex 66.0351 0 12.5885
      vertex 66.0088 0 12.7432
    endloop
  endfacet
  facet normal 0 -1 0
    outer loop
      vertex 63.9214 0 12.4376
      vertex 66.0351 0 12.5885
      vertex 63.9649 0 12.5885
    endloop
  endfacet
  facet normal 0 -1 0
    outer loop
      vertex 63.9214 0 12.4376
      vertex 66.0786 0 12.4376
      vertex 66.0351 0 12.5885
    endloop
  endfacet
  facet normal 0 -1 0
    outer loop
      vertex 63.8613 0 12.2926
      vertex 66.0786 0 12.4376
      vertex 63.9214 0 12.4376
    endloop
  endfacet
  facet normal 0 -1 0
    outer loop
      vertex 63.8613 0 12.2926
      vertex 66.1386 0 12.2926
      vertex 66.0786 0 12.4376
    endloop
  endfacet
  facet normal 0 -1 0
    outer loop
      vertex 63.7854 0 12.1552
      vertex 66.1386 0 12.2926
      vertex 63.8613 0 12.2926
    endloop
  endfacet
  facet normal 0 -1 0
    outer loop
      vertex 63.7854 0 12.1552
      vertex 66.2146 0 12.1552
      vertex 66.1386 0 12.2926
    endloop
  endfacet
  facet normal 0 -1 0
    outer loop
      vertex 63.6945 0 12.0271
      vertex 66.2146 0 12.1552
      vertex 63.7854 0 12.1552
    endloop
  endfacet
  facet normal 0 -1 0
    outer loop
      vertex 63.6945 0 12.0271
      vertex 66.3054 0 12.0271
      vertex 66.2146 0 12.1552
    endloop
  endfacet
  facet normal 0 -1 0
    outer loop
      vertex 63.5899 0 11.91
      vertex 66.3054 0 12.0271
      vertex 63.6945 0 12.0271
    endloop
  endfacet
  facet normal 0 -1 0
    outer loop
      vertex 63.5899 0 11.91
      vertex 66.41 0 11.91
      vertex 66.3054 0 12.0271
    endloop
  endfacet
  facet normal 0 -1 0
    outer loop
      vertex 63.4729 0 11.8054
      vertex 66.41 0 11.91
      vertex 63.5899 0 11.91
    endloop
  endfacet
  facet normal 0 -1 0
    outer loop
      vertex 63.4729 0 11.8054
      vertex 66.5271 0 11.8054
      vertex 66.41 0 11.91
    endloop
  endfacet
  facet normal 0 -1 0
    outer loop
      vertex 63.3448 0 11.7146
      vertex 66.5271 0 11.8054
      vertex 63.4729 0 11.8054
    endloop
  endfacet
  facet normal 0 -1 0
    outer loop
      vertex 63.3448 0 11.7146
      vertex 66.6552 0 11.7146
      vertex 66.5271 0 11.8054
    endloop
  endfacet
  facet normal 0 -1 0
    outer loop
      vertex 63.2074 0 11.6386
      vertex 66.6552 0 11.7146
      vertex 63.3448 0 11.7146
    endloop
  endfacet
  facet normal 0 -1 0
    outer loop
      vertex 63.2074 0 11.6386
      vertex 66.7926 0 11.6386
      vertex 66.6552 0 11.7146
    endloop
  endfacet
  facet normal 0 -1 0
    outer loop
      vertex 63.0624 0 11.5786
      vertex 66.7926 0 11.6386
      vertex 63.2074 0 11.6386
    endloop
  endfacet
  facet normal 0 -1 0
    outer loop
      vertex 63.0624 0 11.5786
      vertex 66.9376 0 11.5786
      vertex 66.7926 0 11.6386
    endloop
  endfacet
  facet normal 0 -1 0
    outer loop
      vertex 62.9115 0 11.5351
      vertex 66.9376 0 11.5786
      vertex 63.0624 0 11.5786
    endloop
  endfacet
  facet normal 0 -1 0
    outer loop
      vertex 62.9115 0 11.5351
      vertex 67.0885 0 11.5351
      vertex 66.9376 0 11.5786
    endloop
  endfacet
  facet normal 0 -1 0
    outer loop
      vertex 62.7567 0 11.5088
      vertex 67.0885 0 11.5351
      vertex 62.9115 0 11.5351
    endloop
  endfacet
  facet normal 0 -1 0
    outer loop
      vertex 62.7567 0 11.5088
      vertex 67.2432 0 11.5088
      vertex 67.0885 0 11.5351
    endloop
  endfacet
  facet normal 0 -1 0
    outer loop
      vertex 62.6 0 11.5
      vertex 67.2432 0 11.5088
      vertex 62.7567 0 11.5088
    endloop
  endfacet
  facet normal 0 -1 -0
    outer loop
      vertex 67.2432 0 11.5088
      vertex 62.6 0 11.5
      vertex 67.4 0 11.5
    endloop
  endfacet
  facet normal 0 -1 0
    outer loop
      vertex 63.2074 0 21.3613
      vertex 63.2074 0 25.6386
      vertex 63.0624 0 21.4214
    endloop
  endfacet
  facet normal 0 -1 0
    outer loop
      vertex 66.6552 0 25.7146
      vertex 67.2432 0 21.4912
      vertex 67.4 0 21.5
    endloop
  endfacet
  facet normal 0 -1 0
    outer loop
      vertex 63.2074 0 25.6386
      vertex 63.2074 0 21.3613
      vertex 63.3448 0 25.7146
    endloop
  endfacet
  facet normal 0 -1 0
    outer loop
      vertex 66.6552 0 25.7146
      vertex 67.0885 0 21.4649
      vertex 67.2432 0 21.4912
    endloop
  endfacet
  facet normal 0 -1 0
    outer loop
      vertex 63.3448 0 21.2854
      vertex 63.3448 0 25.7146
      vertex 63.2074 0 21.3613
    endloop
  endfacet
  facet normal 0 -1 0
    outer loop
      vertex 66.6552 0 25.7146
      vertex 66.9376 0 21.4214
      vertex 67.0885 0 21.4649
    endloop
  endfacet
  facet normal 0 -1 0
    outer loop
      vertex 63.3448 0 25.7146
      vertex 63.3448 0 21.2854
      vertex 66.6552 0 25.7146
    endloop
  endfacet
  facet normal 0 -1 0
    outer loop
      vertex 66.6552 0 25.7146
      vertex 66.7926 0 21.3613
      vertex 66.9376 0 21.4214
    endloop
  endfacet
  facet normal 0 -1 0
    outer loop
      vertex 66.6552 0 21.2854
      vertex 66.6552 0 25.7146
      vertex 63.3448 0 21.2854
    endloop
  endfacet
  facet normal 0 -1 0
    outer loop
      vertex 66.6552 0 25.7146
      vertex 66.6552 0 21.2854
      vertex 66.7926 0 21.3613
    endloop
  endfacet
  facet normal 0 -1 0
    outer loop
      vertex 63.4729 0 21.1945
      vertex 66.6552 0 21.2854
      vertex 63.3448 0 21.2854
    endloop
  endfacet
  facet normal 0 -1 0
    outer loop
      vertex 63.4729 0 21.1945
      vertex 66.5271 0 21.1945
      vertex 66.6552 0 21.2854
    endloop
  endfacet
  facet normal 0 -1 0
    outer loop
      vertex 63.5899 0 21.0899
      vertex 66.5271 0 21.1945
      vertex 63.4729 0 21.1945
    endloop
  endfacet
  facet normal 0 -1 0
    outer loop
      vertex 63.5899 0 21.0899
      vertex 66.41 0 21.0899
      vertex 66.5271 0 21.1945
    endloop
  endfacet
  facet normal 0 -1 0
    outer loop
      vertex 63.6945 0 20.9729
      vertex 66.41 0 21.0899
      vertex 63.5899 0 21.0899
    endloop
  endfacet
  facet normal 0 -1 0
    outer loop
      vertex 63.6945 0 20.9729
      vertex 66.3054 0 20.9729
      vertex 66.41 0 21.0899
    endloop
  endfacet
  facet normal 0 -1 0
    outer loop
      vertex 63.7854 0 20.8448
      vertex 66.3054 0 20.9729
      vertex 63.6945 0 20.9729
    endloop
  endfacet
  facet normal 0 -1 0
    outer loop
      vertex 63.7854 0 20.8448
      vertex 66.2146 0 20.8448
      vertex 66.3054 0 20.9729
    endloop
  endfacet
  facet normal 0 -1 0
    outer loop
      vertex 63.8613 0 20.7074
      vertex 66.2146 0 20.8448
      vertex 63.7854 0 20.8448
    endloop
  endfacet
  facet normal 0 -1 0
    outer loop
      vertex 63.8613 0 20.7074
      vertex 66.1386 0 20.7074
      vertex 66.2146 0 20.8448
    endloop
  endfacet
  facet normal 0 -1 0
    outer loop
      vertex 63.9214 0 20.5624
      vertex 66.1386 0 20.7074
      vertex 63.8613 0 20.7074
    endloop
  endfacet
  facet normal 0 -1 0
    outer loop
      vertex 63.9214 0 20.5624
      vertex 66.0786 0 20.5624
      vertex 66.1386 0 20.7074
    endloop
  endfacet
  facet normal 0 -1 0
    outer loop
      vertex 63.9649 0 20.4115
      vertex 66.0786 0 20.5624
      vertex 63.9214 0 20.5624
    endloop
  endfacet
  facet normal 0 -1 0
    outer loop
      vertex 63.9649 0 20.4115
      vertex 66.0351 0 20.4115
      vertex 66.0786 0 20.5624
    endloop
  endfacet
  facet normal 0 -1 0
    outer loop
      vertex 63.9912 0 20.2567
      vertex 66.0351 0 20.4115
      vertex 63.9649 0 20.4115
    endloop
  endfacet
  facet normal 0 -1 0
    outer loop
      vertex 63.9912 0 20.2567
      vertex 66.0088 0 20.2567
      vertex 66.0351 0 20.4115
    endloop
  endfacet
  facet normal 0 -1 0
    outer loop
      vertex 64 0 20.1
      vertex 66.0088 0 20.2567
      vertex 63.9912 0 20.2567
    endloop
  endfacet
  facet normal 0 -1 0
    outer loop
      vertex 64 0 20.1
      vertex 66 0 20.1
      vertex 66.0088 0 20.2567
    endloop
  endfacet
  facet normal 0 -1 0
    outer loop
      vertex 64 0 19.9
      vertex 66 0 20.1
      vertex 64 0 20.1
    endloop
  endfacet
  facet normal 0 -1 0
    outer loop
      vertex 64 0 19.9
      vertex 66 0 19.9
      vertex 66 0 20.1
    endloop
  endfacet
  facet normal 0 -1 0
    outer loop
      vertex 63.9912 0 19.7432
      vertex 66 0 19.9
      vertex 64 0 19.9
    endloop
  endfacet
  facet normal 0 -1 0
    outer loop
      vertex 63.9912 0 19.7432
      vertex 66.0088 0 19.7432
      vertex 66 0 19.9
    endloop
  endfacet
  facet normal 0 -1 0
    outer loop
      vertex 63.9649 0 19.5885
      vertex 66.0088 0 19.7432
      vertex 63.9912 0 19.7432
    endloop
  endfacet
  facet normal 0 -1 0
    outer loop
      vertex 63.9649 0 19.5885
      vertex 66.0351 0 19.5885
      vertex 66.0088 0 19.7432
    endloop
  endfacet
  facet normal 0 -1 0
    outer loop
      vertex 63.9214 0 19.4376
      vertex 66.0351 0 19.5885
      vertex 63.9649 0 19.5885
    endloop
  endfacet
  facet normal 0 -1 0
    outer loop
      vertex 63.9214 0 19.4376
      vertex 66.0786 0 19.4376
      vertex 66.0351 0 19.5885
    endloop
  endfacet
  facet normal 0 -1 0
    outer loop
      vertex 63.8613 0 19.2926
      vertex 66.0786 0 19.4376
      vertex 63.9214 0 19.4376
    endloop
  endfacet
  facet normal 0 -1 0
    outer loop
      vertex 63.8613 0 19.2926
      vertex 66.1386 0 19.2926
      vertex 66.0786 0 19.4376
    endloop
  endfacet
  facet normal 0 -1 0
    outer loop
      vertex 63.7854 0 19.1552
      vertex 66.1386 0 19.2926
      vertex 63.8613 0 19.2926
    endloop
  endfacet
  facet normal 0 -1 0
    outer loop
      vertex 63.7854 0 19.1552
      vertex 66.2146 0 19.1552
      vertex 66.1386 0 19.2926
    endloop
  endfacet
  facet normal 0 -1 0
    outer loop
      vertex 63.6945 0 19.0271
      vertex 66.2146 0 19.1552
      vertex 63.7854 0 19.1552
    endloop
  endfacet
  facet normal 0 -1 0
    outer loop
      vertex 63.6945 0 19.0271
      vertex 66.3054 0 19.0271
      vertex 66.2146 0 19.1552
    endloop
  endfacet
  facet normal 0 -1 0
    outer loop
      vertex 63.5899 0 18.91
      vertex 66.3054 0 19.0271
      vertex 63.6945 0 19.0271
    endloop
  endfacet
  facet normal 0 -1 0
    outer loop
      vertex 63.5899 0 18.91
      vertex 66.41 0 18.91
      vertex 66.3054 0 19.0271
    endloop
  endfacet
  facet normal 0 -1 0
    outer loop
      vertex 63.4729 0 18.8054
      vertex 66.41 0 18.91
      vertex 63.5899 0 18.91
    endloop
  endfacet
  facet normal 0 -1 0
    outer loop
      vertex 63.4729 0 18.8054
      vertex 66.5271 0 18.8054
      vertex 66.41 0 18.91
    endloop
  endfacet
  facet normal 0 -1 0
    outer loop
      vertex 63.3448 0 18.7146
      vertex 66.5271 0 18.8054
      vertex 63.4729 0 18.8054
    endloop
  endfacet
  facet normal 0 -1 0
    outer loop
      vertex 63.3448 0 18.7146
      vertex 66.6552 0 18.7146
      vertex 66.5271 0 18.8054
    endloop
  endfacet
  facet normal 0 -1 0
    outer loop
      vertex 62.9115 0 18.5351
      vertex 62.9115 0 14.4649
      vertex 63.0624 0 18.5786
    endloop
  endfacet
  facet normal 0 -1 0
    outer loop
      vertex 63.0624 0 14.4214
      vertex 63.0624 0 18.5786
      vertex 62.9115 0 14.4649
    endloop
  endfacet
  facet normal 0 -1 0
    outer loop
      vertex 62.9115 0 14.4649
      vertex 62.9115 0 18.5351
      vertex 62.7567 0 14.4912
    endloop
  endfacet
  facet normal 0 -1 0
    outer loop
      vertex 63.0624 0 18.5786
      vertex 63.0624 0 14.4214
      vertex 63.2074 0 18.6386
    endloop
  endfacet
  facet normal 0 -1 0
    outer loop
      vertex 62.7567 0 18.5088
      vertex 62.7567 0 14.4912
      vertex 62.9115 0 18.5351
    endloop
  endfacet
  facet normal 0 -1 0
    outer loop
      vertex 66.6552 0 18.7146
      vertex 67.4 0 14.5
      vertex 66.7926 0 18.6386
    endloop
  endfacet
  facet normal 0 -1 0
    outer loop
      vertex 62.7567 0 14.4912
      vertex 62.7567 0 18.5088
      vertex 62.6 0 14.5
    endloop
  endfacet
  facet normal 0 -1 0
    outer loop
      vertex 66.7926 0 18.6386
      vertex 67.4 0 14.5
      vertex 66.9376 0 18.5786
    endloop
  endfacet
  facet normal 0 -1 0
    outer loop
      vertex 62.6 0 14.5
      vertex 62.7567 0 18.5088
      vertex 62.6 0 18.5
    endloop
  endfacet
  facet normal 0 -1 0
    outer loop
      vertex 66.9376 0 18.5786
      vertex 67.4 0 14.5
      vertex 67.0885 0 18.5351
    endloop
  endfacet
  facet normal 0 -1 0
    outer loop
      vertex 67.2432 0 28.4912
      vertex 83 0 38
      vertex 62.7567 0 28.4912
    endloop
  endfacet
  facet normal 0 -1 0
    outer loop
      vertex 83 0 38
      vertex 67.2432 0 28.4912
      vertex 67.4 0 28.5
    endloop
  endfacet
  facet normal 0 -1 0
    outer loop
      vertex 62.9115 0 28.4649
      vertex 67.2432 0 28.4912
      vertex 62.7567 0 28.4912
    endloop
  endfacet
  facet normal 0 -1 0
    outer loop
      vertex 62.9115 0 28.4649
      vertex 67.0885 0 28.4649
      vertex 67.2432 0 28.4912
    endloop
  endfacet
  facet normal 0 -1 0
    outer loop
      vertex 63.0624 0 28.4214
      vertex 67.0885 0 28.4649
      vertex 62.9115 0 28.4649
    endloop
  endfacet
  facet normal 0 -1 0
    outer loop
      vertex 63.0624 0 28.4214
      vertex 66.9376 0 28.4214
      vertex 67.0885 0 28.4649
    endloop
  endfacet
  facet normal 0 -1 0
    outer loop
      vertex 63.2074 0 28.3613
      vertex 66.9376 0 28.4214
      vertex 63.0624 0 28.4214
    endloop
  endfacet
  facet normal 0 -1 0
    outer loop
      vertex 63.2074 0 28.3613
      vertex 66.7926 0 28.3613
      vertex 66.9376 0 28.4214
    endloop
  endfacet
  facet normal 0 -1 0
    outer loop
      vertex 63.3448 0 28.2854
      vertex 66.7926 0 28.3613
      vertex 63.2074 0 28.3613
    endloop
  endfacet
  facet normal 0 -1 0
    outer loop
      vertex 63.3448 0 28.2854
      vertex 66.6552 0 28.2854
      vertex 66.7926 0 28.3613
    endloop
  endfacet
  facet normal 0 -1 0
    outer loop
      vertex 63.4729 0 28.1945
      vertex 66.6552 0 28.2854
      vertex 63.3448 0 28.2854
    endloop
  endfacet
  facet normal 0 -1 0
    outer loop
      vertex 63.4729 0 28.1945
      vertex 66.5271 0 28.1945
      vertex 66.6552 0 28.2854
    endloop
  endfacet
  facet normal 0 -1 0
    outer loop
      vertex 63.5899 0 28.0899
      vertex 66.5271 0 28.1945
      vertex 63.4729 0 28.1945
    endloop
  endfacet
  facet normal 0 -1 0
    outer loop
      vertex 63.5899 0 28.0899
      vertex 66.41 0 28.0899
      vertex 66.5271 0 28.1945
    endloop
  endfacet
  facet normal 0 -1 0
    outer loop
      vertex 63.6945 0 27.9729
      vertex 66.41 0 28.0899
      vertex 63.5899 0 28.0899
    endloop
  endfacet
  facet normal 0 -1 0
    outer loop
      vertex 63.6945 0 27.9729
      vertex 66.3054 0 27.9729
      vertex 66.41 0 28.0899
    endloop
  endfacet
  facet normal 0 -1 0
    outer loop
      vertex 63.7854 0 27.8448
      vertex 66.3054 0 27.9729
      vertex 63.6945 0 27.9729
    endloop
  endfacet
  facet normal 0 -1 0
    outer loop
      vertex 63.7854 0 27.8448
      vertex 66.2146 0 27.8448
      vertex 66.3054 0 27.9729
    endloop
  endfacet
  facet normal 0 -1 0
    outer loop
      vertex 63.8613 0 27.7074
      vertex 66.2146 0 27.8448
      vertex 63.7854 0 27.8448
    endloop
  endfacet
  facet normal 0 -1 0
    outer loop
      vertex 63.8613 0 27.7074
      vertex 66.1386 0 27.7074
      vertex 66.2146 0 27.8448
    endloop
  endfacet
  facet normal 0 -1 0
    outer loop
      vertex 63.9214 0 27.5624
      vertex 66.1386 0 27.7074
      vertex 63.8613 0 27.7074
    endloop
  endfacet
  facet normal 0 -1 0
    outer loop
      vertex 63.9214 0 27.5624
      vertex 66.0786 0 27.5624
      vertex 66.1386 0 27.7074
    endloop
  endfacet
  facet normal 0 -1 0
    outer loop
      vertex 63.9649 0 27.4115
      vertex 66.0786 0 27.5624
      vertex 63.9214 0 27.5624
    endloop
  endfacet
  facet normal 0 -1 0
    outer loop
      vertex 63.9649 0 27.4115
      vertex 66.0351 0 27.4115
      vertex 66.0786 0 27.5624
    endloop
  endfacet
  facet normal 0 -1 0
    outer loop
      vertex 63.9912 0 27.2567
      vertex 66.0351 0 27.4115
      vertex 63.9649 0 27.4115
    endloop
  endfacet
  facet normal 0 -1 0
    outer loop
      vertex 63.9912 0 27.2567
      vertex 66.0088 0 27.2567
      vertex 66.0351 0 27.4115
    endloop
  endfacet
  facet normal 0 -1 0
    outer loop
      vertex 64 0 27.1
      vertex 66.0088 0 27.2567
      vertex 63.9912 0 27.2567
    endloop
  endfacet
  facet normal 0 -1 0
    outer loop
      vertex 64 0 27.1
      vertex 66 0 27.1
      vertex 66.0088 0 27.2567
    endloop
  endfacet
  facet normal 0 -1 0
    outer loop
      vertex 64 0 26.9
      vertex 66 0 27.1
      vertex 64 0 27.1
    endloop
  endfacet
  facet normal 0 -1 0
    outer loop
      vertex 64 0 26.9
      vertex 66 0 26.9
      vertex 66 0 27.1
    endloop
  endfacet
  facet normal 0 -1 0
    outer loop
      vertex 63.9912 0 26.7432
      vertex 66 0 26.9
      vertex 64 0 26.9
    endloop
  endfacet
  facet normal 0 -1 0
    outer loop
      vertex 63.9912 0 26.7432
      vertex 66.0088 0 26.7432
      vertex 66 0 26.9
    endloop
  endfacet
  facet normal 0 -1 0
    outer loop
      vertex 63.9649 0 26.5885
      vertex 66.0088 0 26.7432
      vertex 63.9912 0 26.7432
    endloop
  endfacet
  facet normal 0 -1 0
    outer loop
      vertex 63.9649 0 26.5885
      vertex 66.0351 0 26.5885
      vertex 66.0088 0 26.7432
    endloop
  endfacet
  facet normal 0 -1 0
    outer loop
      vertex 63.9214 0 26.4376
      vertex 66.0351 0 26.5885
      vertex 63.9649 0 26.5885
    endloop
  endfacet
  facet normal 0 -1 0
    outer loop
      vertex 63.9214 0 26.4376
      vertex 66.0786 0 26.4376
      vertex 66.0351 0 26.5885
    endloop
  endfacet
  facet normal 0 -1 0
    outer loop
      vertex 63.8613 0 26.2926
      vertex 66.0786 0 26.4376
      vertex 63.9214 0 26.4376
    endloop
  endfacet
  facet normal 0 -1 0
    outer loop
      vertex 63.8613 0 26.2926
      vertex 66.1386 0 26.2926
      vertex 66.0786 0 26.4376
    endloop
  endfacet
  facet normal 0 -1 0
    outer loop
      vertex 63.7854 0 26.1552
      vertex 66.1386 0 26.2926
      vertex 63.8613 0 26.2926
    endloop
  endfacet
  facet normal 0 -1 0
    outer loop
      vertex 63.7854 0 26.1552
      vertex 66.2146 0 26.1552
      vertex 66.1386 0 26.2926
    endloop
  endfacet
  facet normal 0 -1 0
    outer loop
      vertex 63.6945 0 26.0271
      vertex 66.2146 0 26.1552
      vertex 63.7854 0 26.1552
    endloop
  endfacet
  facet normal 0 -1 0
    outer loop
      vertex 63.6945 0 26.0271
      vertex 66.3054 0 26.0271
      vertex 66.2146 0 26.1552
    endloop
  endfacet
  facet normal 0 -1 0
    outer loop
      vertex 63.5899 0 25.91
      vertex 66.3054 0 26.0271
      vertex 63.6945 0 26.0271
    endloop
  endfacet
  facet normal 0 -1 0
    outer loop
      vertex 63.5899 0 25.91
      vertex 66.41 0 25.91
      vertex 66.3054 0 26.0271
    endloop
  endfacet
  facet normal 0 -1 0
    outer loop
      vertex 63.4729 0 25.8054
      vertex 66.41 0 25.91
      vertex 63.5899 0 25.91
    endloop
  endfacet
  facet normal 0 -1 0
    outer loop
      vertex 63.4729 0 25.8054
      vertex 66.5271 0 25.8054
      vertex 66.41 0 25.91
    endloop
  endfacet
  facet normal 0 -1 0
    outer loop
      vertex 63.3448 0 25.7146
      vertex 66.5271 0 25.8054
      vertex 63.4729 0 25.8054
    endloop
  endfacet
  facet normal 0 -1 0
    outer loop
      vertex 63.3448 0 25.7146
      vertex 66.6552 0 25.7146
      vertex 66.5271 0 25.8054
    endloop
  endfacet
  facet normal 0 -1 0
    outer loop
      vertex 62.9115 0 25.5351
      vertex 62.9115 0 21.4649
      vertex 63.0624 0 25.5786
    endloop
  endfacet
  facet normal 0 -1 0
    outer loop
      vertex 63.0624 0 21.4214
      vertex 63.0624 0 25.5786
      vertex 62.9115 0 21.4649
    endloop
  endfacet
  facet normal 0 -1 0
    outer loop
      vertex 62.9115 0 21.4649
      vertex 62.9115 0 25.5351
      vertex 62.7567 0 21.4912
    endloop
  endfacet
  facet normal 0 -1 0
    outer loop
      vertex 63.0624 0 25.5786
      vertex 63.0624 0 21.4214
      vertex 63.2074 0 25.6386
    endloop
  endfacet
  facet normal 0 -1 0
    outer loop
      vertex 62.7567 0 25.5088
      vertex 62.7567 0 21.4912
      vertex 62.9115 0 25.5351
    endloop
  endfacet
  facet normal 0 -1 0
    outer loop
      vertex 66.6552 0 25.7146
      vertex 67.4 0 21.5
      vertex 66.7926 0 25.6386
    endloop
  endfacet
  facet normal 0 -1 0
    outer loop
      vertex 62.7567 0 21.4912
      vertex 62.7567 0 25.5088
      vertex 62.6 0 21.5
    endloop
  endfacet
  facet normal 0 -1 0
    outer loop
      vertex 66.7926 0 25.6386
      vertex 67.4 0 21.5
      vertex 66.9376 0 25.5786
    endloop
  endfacet
  facet normal 0 -1 0
    outer loop
      vertex 62.6 0 21.5
      vertex 62.7567 0 25.5088
      vertex 62.6 0 25.5
    endloop
  endfacet
  facet normal 0 -1 0
    outer loop
      vertex 66.9376 0 25.5786
      vertex 67.4 0 21.5
      vertex 67.0885 0 25.5351
    endloop
  endfacet
  facet normal 0 -1 0
    outer loop
      vertex 6.49541 0 33.4158
      vertex 5 0 38
      vertex 6.33377 0 33.4624
    endloop
  endfacet
  facet normal 0 -1 0
    outer loop
      vertex 83 0 38
      vertex 81.832 0 33.4906
      vertex 82 0 33.5
    endloop
  endfacet
  facet normal 0 -1 0
    outer loop
      vertex 6.65082 0 33.3514
      vertex 5 0 38
      vertex 6.49541 0 33.4158
    endloop
  endfacet
  facet normal 0 -1 0
    outer loop
      vertex 83 0 38
      vertex 81.6662 0 33.4624
      vertex 81.832 0 33.4906
    endloop
  endfacet
  facet normal 0 -1 0
    outer loop
      vertex 5 0 38
      vertex 51.2432 0 28.4912
      vertex 83 0 38
    endloop
  endfacet
  facet normal 0 -1 0
    outer loop
      vertex 83 0 38
      vertex 81.5046 0 33.4158
      vertex 81.6662 0 33.4624
    endloop
  endfacet
  facet normal 0 -1 0
    outer loop
      vertex 6.79803 0 33.2701
      vertex 5 0 38
      vertex 6.65082 0 33.3514
    endloop
  endfacet
  facet normal 0 -1 0
    outer loop
      vertex 62.6 0 28.5
      vertex 83 0 38
      vertex 51.4 0 28.5
    endloop
  endfacet
  facet normal 0 -1 0
    outer loop
      vertex 6.93523 0 33.1727
      vertex 5 0 38
      vertex 6.79803 0 33.2701
    endloop
  endfacet
  facet normal 0 -1 0
    outer loop
      vertex 83 0 38
      vertex 81.3492 0 33.3514
      vertex 81.5046 0 33.4158
    endloop
  endfacet
  facet normal 0 -1 0
    outer loop
      vertex 7.06065 0 33.0607
      vertex 5 0 38
      vertex 6.93523 0 33.1727
    endloop
  endfacet
  facet normal 0 -1 0
    outer loop
      vertex 62.7567 0 28.4912
      vertex 83 0 38
      vertex 62.6 0 28.5
    endloop
  endfacet
  facet normal 0 -1 0
    outer loop
      vertex 7.17274 0 32.9352
      vertex 5 0 38
      vertex 7.06065 0 33.0607
    endloop
  endfacet
  facet normal 0 -1 0
    outer loop
      vertex 83 0 38
      vertex 81.202 0 33.2701
      vertex 81.3492 0 33.3514
    endloop
  endfacet
  facet normal 0 -1 0
    outer loop
      vertex 7.27008 0 32.798
      vertex 5 0 38
      vertex 7.17274 0 32.9352
    endloop
  endfacet
  facet normal -0 -1 0
    outer loop
      vertex 80.8272 0 32.9352
      vertex 83 0 38
      vertex 67.4 0 28.5
    endloop
  endfacet
  facet normal 0 -1 0
    outer loop
      vertex 50.41 0 28.0899
      vertex 5 0 38
      vertex 7.27008 0 32.798
    endloop
  endfacet
  facet normal 0 -1 0
    outer loop
      vertex 83 0 38
      vertex 81.0648 0 33.1727
      vertex 81.202 0 33.2701
    endloop
  endfacet
  facet normal 0 -1 0
    outer loop
      vertex 50.41 0 28.0899
      vertex 7.27008 0 32.798
      vertex 7.35144 0 32.6508
    endloop
  endfacet
  facet normal 0 -1 0
    outer loop
      vertex 83 0 38
      vertex 80.9393 0 33.0607
      vertex 81.0648 0 33.1727
    endloop
  endfacet
  facet normal 0 -1 0
    outer loop
      vertex 50.3054 0 27.9729
      vertex 7.35144 0 32.6508
      vertex 7.41582 0 32.4954
    endloop
  endfacet
  facet normal 0 -1 0
    outer loop
      vertex 83 0 38
      vertex 80.8272 0 32.9352
      vertex 80.9393 0 33.0607
    endloop
  endfacet
  facet normal 0 -1 0
    outer loop
      vertex 50.2146 0 27.8448
      vertex 7.41582 0 32.4954
      vertex 7.46239 0 32.3338
    endloop
  endfacet
  facet normal 0 -1 0
    outer loop
      vertex 80.8272 0 32.9352
      vertex 67.4 0 28.5
      vertex 80.7299 0 32.798
    endloop
  endfacet
  facet normal 0 -1 0
    outer loop
      vertex 50.1386 0 27.7074
      vertex 7.46239 0 32.3338
      vertex 7.49055 0 32.1679
    endloop
  endfacet
  facet normal 0 -1 0
    outer loop
      vertex 80.7299 0 32.798
      vertex 67.4 0 28.5
      vertex 80.6485 0 32.6508
    endloop
  endfacet
  facet normal 0 -1 0
    outer loop
      vertex 29.2 0 12.7
      vertex 7.49055 0 32.1679
      vertex 7.5 0 32
    endloop
  endfacet
  facet normal 0 -1 0
    outer loop
      vertex 80.6485 0 32.6508
      vertex 67.4 0 28.5
      vertex 80.5842 0 32.4954
    endloop
  endfacet
  facet normal 0 -1 0
    outer loop
      vertex 29.2 0 12.7
      vertex 7.5 0 32
      vertex 7.49055 0 31.832
    endloop
  endfacet
  facet normal 0 -1 0
    outer loop
      vertex 80.5842 0 32.4954
      vertex 67.4 0 28.5
      vertex 80.5376 0 32.3338
    endloop
  endfacet
  facet normal 0 -1 0
    outer loop
      vertex 29.2 0 12.7
      vertex 7.49055 0 31.832
      vertex 7.46239 0 31.6662
    endloop
  endfacet
  facet normal 0 -1 0
    outer loop
      vertex 78.6 0 28.5
      vertex 80.5376 0 32.3338
      vertex 67.4 0 28.5
    endloop
  endfacet
  facet normal 0 -1 0
    outer loop
      vertex 19.4 0 12.7
      vertex 7.46239 0 31.6662
      vertex 7.41582 0 31.5046
    endloop
  endfacet
  facet normal 0 -1 0
    outer loop
      vertex 80.5376 0 32.3338
      vertex 78.6 0 28.5
      vertex 80.5094 0 32.1679
    endloop
  endfacet
  facet normal 0 -1 0
    outer loop
      vertex 19.4 0 12.7
      vertex 7.41582 0 31.5046
      vertex 7.35144 0 31.3492
    endloop
  endfacet
  facet normal 0 -1 0
    outer loop
      vertex 80.5094 0 32.1679
      vertex 78.6 0 28.5
      vertex 80.5 0 32
    endloop
  endfacet
  facet normal 0 -1 0
    outer loop
      vertex 19.2208 0 12.6899
      vertex 7.35144 0 31.3492
      vertex 7.27008 0 31.202
    endloop
  endfacet
  facet normal 0 -1 -0
    outer loop
      vertex 80.5 0 32
      vertex 78.6 0 28.5
      vertex 80.5094 0 31.832
    endloop
  endfacet
  facet normal 0 -1 0
    outer loop
      vertex 19.0439 0 12.6599
      vertex 7.27008 0 31.202
      vertex 7.17274 0 31.0648
    endloop
  endfacet
  facet normal 0 -1 -0
    outer loop
      vertex 80.5094 0 31.832
      vertex 78.6 0 28.5
      vertex 80.5376 0 31.6662
    endloop
  endfacet
  facet normal 0 -1 0
    outer loop
      vertex 18.8715 0 12.6102
      vertex 7.17274 0 31.0648
      vertex 7.06065 0 30.9393
    endloop
  endfacet
  facet normal 0 -1 -0
    outer loop
      vertex 80.5376 0 31.6662
      vertex 78.6 0 28.5
      vertex 80.5842 0 31.5046
    endloop
  endfacet
  facet normal 0 -1 0
    outer loop
      vertex 18.7058 0 12.5415
      vertex 7.06065 0 30.9393
      vertex 6.93523 0 30.8272
    endloop
  endfacet
  facet normal 0 -1 -0
    outer loop
      vertex 80.5842 0 31.5046
      vertex 78.6 0 28.5
      vertex 80.6485 0 31.3492
    endloop
  endfacet
  facet normal 0 -1 0
    outer loop
      vertex 18.5487 0 12.4547
      vertex 6.93523 0 30.8272
      vertex 6.79803 0 30.7299
    endloop
  endfacet
  facet normal 0 -1 0
    outer loop
      vertex 78.7567 0 28.4912
      vertex 80.6485 0 31.3492
      vertex 78.6 0 28.5
    endloop
  endfacet
  facet normal 0 -1 0
    outer loop
      vertex 18.4024 0 12.3509
      vertex 6.79803 0 30.7299
      vertex 6.65082 0 30.6485
    endloop
  endfacet
  facet normal 0 -1 -0
    outer loop
      vertex 80.6485 0 31.3492
      vertex 78.7567 0 28.4912
      vertex 80.7299 0 31.202
    endloop
  endfacet
  facet normal 0 -1 0
    outer loop
      vertex 18.2686 0 12.2314
      vertex 6.65082 0 30.6485
      vertex 6.49541 0 30.5842
    endloop
  endfacet
  facet normal 0 -1 0
    outer loop
      vertex 78.9115 0 28.4649
      vertex 80.7299 0 31.202
      vertex 78.7567 0 28.4912
    endloop
  endfacet
  facet normal 0 -1 0
    outer loop
      vertex 18.149 0 12.0976
      vertex 6.49541 0 30.5842
      vertex 6.33377 0 30.5376
    endloop
  endfacet
  facet normal 0 -1 -0
    outer loop
      vertex 80.7299 0 31.202
      vertex 78.9115 0 28.4649
      vertex 80.8272 0 31.0648
    endloop
  endfacet
  facet normal 0 -1 0
    outer loop
      vertex 6.16794 0 7.49055
      vertex 6.16794 0 30.5094
      vertex 6 0 7.5
    endloop
  endfacet
  facet normal 0 -1 0
    outer loop
      vertex 79.0624 0 28.4214
      vertex 80.8272 0 31.0648
      vertex 78.9115 0 28.4649
    endloop
  endfacet
  facet normal 0 -1 0
    outer loop
      vertex 6 0 7.5
      vertex 6.16794 0 30.5094
      vertex 6 0 30.5
    endloop
  endfacet
  facet normal 0 -1 -0
    outer loop
      vertex 80.8272 0 31.0648
      vertex 79.0624 0 28.4214
      vertex 80.9393 0 30.9393
    endloop
  endfacet
  facet normal 0 -1 0
    outer loop
      vertex 5.50458 0 33.4158
      vertex 5 0 38
      vertex 4.44018 0 37.9686
    endloop
  endfacet
  facet normal 0 -1 0
    outer loop
      vertex 6.16794 0 33.4906
      vertex 5 0 38
      vertex 6 0 33.5
    endloop
  endfacet
  facet normal 0 -1 0
    outer loop
      vertex 5.50458 0 33.4158
      vertex 4.44018 0 37.9686
      vertex 3.88739 0 37.8746
    endloop
  endfacet
  facet normal 0 -1 0
    outer loop
      vertex 6.33377 0 33.4624
      vertex 5 0 38
      vertex 6.16794 0 33.4906
    endloop
  endfacet
  facet normal 0 -1 0
    outer loop
      vertex 5.34917 0 33.3514
      vertex 3.88739 0 37.8746
      vertex 3.3486 0 37.7194
    endloop
  endfacet
  facet normal 0 -1 0
    outer loop
      vertex 82.1679 0 33.4906
      vertex 83 0 38
      vertex 82 0 33.5
    endloop
  endfacet
  facet normal 0 -1 0
    outer loop
      vertex 5.20195 0 33.2701
      vertex 3.3486 0 37.7194
      vertex 2.83058 0 37.5048
    endloop
  endfacet
  facet normal 0 -1 0
    outer loop
      vertex 82.3338 0 33.4624
      vertex 83 0 38
      vertex 82.1679 0 33.4906
    endloop
  endfacet
  facet normal 0 -1 0
    outer loop
      vertex 5.20195 0 33.2701
      vertex 2.83058 0 37.5048
      vertex 2.33984 0 37.2336
    endloop
  endfacet
  facet normal 0 -1 0
    outer loop
      vertex 82.4954 0 33.4158
      vertex 83 0 38
      vertex 82.3338 0 33.4624
    endloop
  endfacet
  facet normal 0 -1 0
    outer loop
      vertex 5.06476 0 33.1727
      vertex 2.33984 0 37.2336
      vertex 1.88255 0 36.9092
    endloop
  endfacet
  facet normal 0 -1 -0
    outer loop
      vertex 83 0 38
      vertex 82.4954 0 33.4158
      vertex 83.5598 0 37.9686
    endloop
  endfacet
  facet normal 0 -1 0
    outer loop
      vertex 4.93933 0 33.0607
      vertex 1.88255 0 36.9092
      vertex 1.46447 0 36.5355
    endloop
  endfacet
  facet normal 0 -1 -0
    outer loop
      vertex 83.5598 0 37.9686
      vertex 82.4954 0 33.4158
      vertex 84.1126 0 37.8746
    endloop
  endfacet
  facet normal 0 -1 0
    outer loop
      vertex 4.93933 0 33.0607
      vertex 1.46447 0 36.5355
      vertex 1.09084 0 36.1174
    endloop
  endfacet
  facet normal 0 -1 0
    outer loop
      vertex 82.6508 0 33.3514
      vertex 84.1126 0 37.8746
      vertex 82.4954 0 33.4158
    endloop
  endfacet
  facet normal 0 -1 0
    outer loop
      vertex 4.82724 0 32.9352
      vertex 1.09084 0 36.1174
      vertex 0.766378 0 35.6602
    endloop
  endfacet
  facet normal 0 -1 -0
    outer loop
      vertex 84.1126 0 37.8746
      vertex 82.6508 0 33.3514
      vertex 84.6514 0 37.7194
    endloop
  endfacet
  facet normal 0 -1 0
    outer loop
      vertex 4.7299 0 32.798
      vertex 0.766378 0 35.6602
      vertex 0.495155 0 35.1694
    endloop
  endfacet
  facet normal 0 -1 0
    outer loop
      vertex 82.798 0 33.2701
      vertex 84.6514 0 37.7194
      vertex 82.6508 0 33.3514
    endloop
  endfacet
  facet normal 0 -1 0
    outer loop
      vertex 4.7299 0 32.798
      vertex 0.495155 0 35.1694
      vertex 0.280582 0 34.6514
    endloop
  endfacet
  facet normal 0 -1 -0
    outer loop
      vertex 84.6514 0 37.7194
      vertex 82.798 0 33.2701
      vertex 85.1694 0 37.5048
    endloop
  endfacet
  facet normal 0 -1 0
    outer loop
      vertex 4.64854 0 32.6508
      vertex 0.280582 0 34.6514
      vertex 0.12536 0 34.1126
    endloop
  endfacet
  facet normal 0 -1 -0
    outer loop
      vertex 85.1694 0 37.5048
      vertex 82.798 0 33.2701
      vertex 85.6602 0 37.2336
    endloop
  endfacet
  facet normal 0 -1 0
    outer loop
      vertex 4.58417 0 32.4954
      vertex 0.12536 0 34.1126
      vertex 0.0314388 0 33.5598
    endloop
  endfacet
  facet normal 0 -1 0
    outer loop
      vertex 82.9352 0 33.1727
      vertex 85.6602 0 37.2336
      vertex 82.798 0 33.2701
    endloop
  endfacet
  facet normal 0 -1 -0
    outer loop
      vertex 85.6602 0 37.2336
      vertex 82.9352 0 33.1727
      vertex 86.1174 0 36.9092
    endloop
  endfacet
  facet normal 0 -1 0
    outer loop
      vertex 5 0 38
      vertex 5.83205 0 33.4906
      vertex 6 0 33.5
    endloop
  endfacet
  facet normal 0 -1 0
    outer loop
      vertex 5 0 38
      vertex 5.66621 0 33.4624
      vertex 5.83205 0 33.4906
    endloop
  endfacet
  facet normal 0 -1 0
    outer loop
      vertex 5 0 38
      vertex 5.50458 0 33.4158
      vertex 5.66621 0 33.4624
    endloop
  endfacet
  facet normal 0 -1 0
    outer loop
      vertex 3.88739 0 37.8746
      vertex 5.34917 0 33.3514
      vertex 5.50458 0 33.4158
    endloop
  endfacet
  facet normal 0 -1 0
    outer loop
      vertex 3.3486 0 37.7194
      vertex 5.20195 0 33.2701
      vertex 5.34917 0 33.3514
    endloop
  endfacet
  facet normal 0 -1 0
    outer loop
      vertex 2.33984 0 37.2336
      vertex 5.06476 0 33.1727
      vertex 5.20195 0 33.2701
    endloop
  endfacet
  facet normal 0 -1 0
    outer loop
      vertex 1.88255 0 36.9092
      vertex 4.93933 0 33.0607
      vertex 5.06476 0 33.1727
    endloop
  endfacet
  facet normal 0 -1 0
    outer loop
      vertex 4.58417 0 32.4954
      vertex 0.0314388 0 33.5598
      vertex 0 0 33
    endloop
  endfacet
  facet normal 0 -1 0
    outer loop
      vertex 1.09084 0 36.1174
      vertex 4.82724 0 32.9352
      vertex 4.93933 0 33.0607
    endloop
  endfacet
  facet normal 0 -1 0
    outer loop
      vertex 0.766378 0 35.6602
      vertex 4.7299 0 32.798
      vertex 4.82724 0 32.9352
    endloop
  endfacet
  facet normal 0 -1 0
    outer loop
      vertex 0.280582 0 34.6514
      vertex 4.64854 0 32.6508
      vertex 4.7299 0 32.798
    endloop
  endfacet
  facet normal 0 -1 0
    outer loop
      vertex 0.12536 0 34.1126
      vertex 4.58417 0 32.4954
      vertex 4.64854 0 32.6508
    endloop
  endfacet
  facet normal 0 -1 0
    outer loop
      vertex 0 0 33
      vertex 4.5376 0 32.3338
      vertex 4.58417 0 32.4954
    endloop
  endfacet
  facet normal 0 -1 0
    outer loop
      vertex 0 0 33
      vertex 4.50943 0 32.1679
      vertex 4.5376 0 32.3338
    endloop
  endfacet
  facet normal 0 -1 0
    outer loop
      vertex 0 0 33
      vertex 4.5 0 32
      vertex 4.50943 0 32.1679
    endloop
  endfacet
  facet normal 0 -1 0
    outer loop
      vertex 0 0 33
      vertex 4.50943 0 31.832
      vertex 4.5 0 32
    endloop
  endfacet
  facet normal 0 -1 0
    outer loop
      vertex 0 0 33
      vertex 4.5376 0 31.6662
      vertex 4.50943 0 31.832
    endloop
  endfacet
  facet normal 0 -1 0
    outer loop
      vertex 0 0 33
      vertex 4.58417 0 31.5046
      vertex 4.5376 0 31.6662
    endloop
  endfacet
  facet normal 0 -1 0
    outer loop
      vertex 0 0 33
      vertex 4.64854 0 31.3492
      vertex 4.58417 0 31.5046
    endloop
  endfacet
  facet normal 0 -1 0
    outer loop
      vertex 0 0 33
      vertex 4.7299 0 31.202
      vertex 4.64854 0 31.3492
    endloop
  endfacet
  facet normal 0 -1 0
    outer loop
      vertex 0 0 33
      vertex 4.82724 0 31.0648
      vertex 4.7299 0 31.202
    endloop
  endfacet
  facet normal 0 -1 0
    outer loop
      vertex 0 0 33
      vertex 4.93933 0 30.9393
      vertex 4.82724 0 31.0648
    endloop
  endfacet
  facet normal 0 -1 0
    outer loop
      vertex 0 0 33
      vertex 5.06476 0 30.8272
      vertex 4.93933 0 30.9393
    endloop
  endfacet
  facet normal 0 -1 0
    outer loop
      vertex 0 0 33
      vertex 5.20195 0 30.7299
      vertex 5.06476 0 30.8272
    endloop
  endfacet
  facet normal 0 -1 0
    outer loop
      vertex 5.20195 0 7.27008
      vertex 5.20195 0 30.7299
      vertex 0 0 33
    endloop
  endfacet
  facet normal 0 -1 0
    outer loop
      vertex 79.2074 0 28.3613
      vertex 80.9393 0 30.9393
      vertex 79.0624 0 28.4214
    endloop
  endfacet
  facet normal 0 -1 0
    outer loop
      vertex 83 0 38
      vertex 51.2432 0 28.4912
      vertex 51.4 0 28.5
    endloop
  endfacet
  facet normal 0 -1 0
    outer loop
      vertex 5 0 38
      vertex 51.0885 0 28.4649
      vertex 51.2432 0 28.4912
    endloop
  endfacet
  facet normal 0 -1 0
    outer loop
      vertex 5 0 38
      vertex 50.9376 0 28.4214
      vertex 51.0885 0 28.4649
    endloop
  endfacet
  facet normal 0 -1 0
    outer loop
      vertex 5 0 38
      vertex 50.7926 0 28.3613
      vertex 50.9376 0 28.4214
    endloop
  endfacet
  facet normal 0 -1 0
    outer loop
      vertex 5 0 38
      vertex 50.6552 0 28.2854
      vertex 50.7926 0 28.3613
    endloop
  endfacet
  facet normal 0 -1 0
    outer loop
      vertex 5 0 38
      vertex 50.5271 0 28.1945
      vertex 50.6552 0 28.2854
    endloop
  endfacet
  facet normal 0 -1 0
    outer loop
      vertex 5 0 38
      vertex 50.41 0 28.0899
      vertex 50.5271 0 28.1945
    endloop
  endfacet
  facet normal 0 -1 0
    outer loop
      vertex 7.35144 0 32.6508
      vertex 50.3054 0 27.9729
      vertex 50.41 0 28.0899
    endloop
  endfacet
  facet normal 0 -1 0
    outer loop
      vertex 6 0 7.5
      vertex 6 0 30.5
      vertex 5.83205 0 30.5094
    endloop
  endfacet
  facet normal 0 -1 0
    outer loop
      vertex 7.41582 0 32.4954
      vertex 50.2146 0 27.8448
      vertex 50.3054 0 27.9729
    endloop
  endfacet
  facet normal 0 -1 0
    outer loop
      vertex 7.46239 0 32.3338
      vertex 50.1386 0 27.7074
      vertex 50.2146 0 27.8448
    endloop
  endfacet
  facet normal 0 -1 0
    outer loop
      vertex 7.49055 0 32.1679
      vertex 50.0786 0 27.5624
      vertex 50.1386 0 27.7074
    endloop
  endfacet
  facet normal 0 -1 0
    outer loop
      vertex 7.49055 0 32.1679
      vertex 29.2 0 12.7
      vertex 50.0786 0 27.5624
    endloop
  endfacet
  facet normal 0 -1 0
    outer loop
      vertex 50.0786 0 27.5624
      vertex 29.2 0 12.7
      vertex 50.0351 0 27.4115
    endloop
  endfacet
  facet normal 0 -1 0
    outer loop
      vertex 29.3791 0 12.6899
      vertex 50.0351 0 27.4115
      vertex 29.2 0 12.7
    endloop
  endfacet
  facet normal 0 -1 0
    outer loop
      vertex 50.0351 0 27.4115
      vertex 29.3791 0 12.6899
      vertex 50.0088 0 27.2567
    endloop
  endfacet
  facet normal 0 -1 0
    outer loop
      vertex 29.556 0 12.6599
      vertex 50.0088 0 27.2567
      vertex 29.3791 0 12.6899
    endloop
  endfacet
  facet normal 0 -1 0
    outer loop
      vertex 50.0088 0 27.2567
      vertex 29.556 0 12.6599
      vertex 50 0 27.1
    endloop
  endfacet
  facet normal 0 -1 0
    outer loop
      vertex 29.7284 0 12.6102
      vertex 50 0 27.1
      vertex 29.556 0 12.6599
    endloop
  endfacet
  facet normal 0 -1 -0
    outer loop
      vertex 50 0 27.1
      vertex 29.7284 0 12.6102
      vertex 50 0 26.9
    endloop
  endfacet
  facet normal 0 -1 -0
    outer loop
      vertex 50 0 26.9
      vertex 29.7284 0 12.6102
      vertex 50.0088 0 26.7432
    endloop
  endfacet
  facet normal 0 -1 0
    outer loop
      vertex 29.8942 0 12.5415
      vertex 50.0088 0 26.7432
      vertex 29.7284 0 12.6102
    endloop
  endfacet
  facet normal 0 -1 -0
    outer loop
      vertex 50.0088 0 26.7432
      vertex 29.8942 0 12.5415
      vertex 50.0351 0 26.5885
    endloop
  endfacet
  facet normal 0 -1 0
    outer loop
      vertex 30.0512 0 12.4547
      vertex 50.0351 0 26.5885
      vertex 29.8942 0 12.5415
    endloop
  endfacet
  facet normal -0 -1 0
    outer loop
      vertex 50.0351 0 20.4115
      vertex 50.0351 0 26.5885
      vertex 30.0512 0 12.4547
    endloop
  endfacet
  facet normal 0 -1 0
    outer loop
      vertex 50.0351 0 26.5885
      vertex 50.0351 0 20.4115
      vertex 50.0786 0 26.4376
    endloop
  endfacet
  facet normal -0 -1 0
    outer loop
      vertex 50.0786 0 20.5624
      vertex 50.0786 0 26.4376
      vertex 50.0351 0 20.4115
    endloop
  endfacet
  facet normal 0 -1 0
    outer loop
      vertex 50.0786 0 26.4376
      vertex 50.0786 0 20.5624
      vertex 50.1386 0 26.2926
    endloop
  endfacet
  facet normal -0 -1 0
    outer loop
      vertex 50.1386 0 20.7074
      vertex 50.1386 0 26.2926
      vertex 50.0786 0 20.5624
    endloop
  endfacet
  facet normal 0 -1 0
    outer loop
      vertex 62.6 0 21.5
      vertex 62.6 0 25.5
      vertex 51.4 0 25.5
    endloop
  endfacet
  facet normal 0 -1 0
    outer loop
      vertex 67.0885 0 25.5351
      vertex 67.4 0 21.5
      vertex 67.2432 0 25.5088
    endloop
  endfacet
  facet normal 0 -1 0
    outer loop
      vertex 62.6 0 21.5
      vertex 51.4 0 25.5
      vertex 51.4 0 21.5
    endloop
  endfacet
  facet normal 0 -1 0
    outer loop
      vertex 51.2432 0 25.5088
      vertex 51.4 0 21.5
      vertex 51.4 0 25.5
    endloop
  endfacet
  facet normal 0 -1 0
    outer loop
      vertex 50.1386 0 26.2926
      vertex 50.1386 0 20.7074
      vertex 50.2146 0 26.1552
    endloop
  endfacet
  facet normal 0 -1 0
    outer loop
      vertex 5.83205 0 7.49055
      vertex 5.83205 0 30.5094
      vertex 5.66621 0 30.5376
    endloop
  endfacet
  facet normal 0 -1 0
    outer loop
      vertex 51.2432 0 25.5088
      vertex 51.2432 0 21.4912
      vertex 51.4 0 21.5
    endloop
  endfacet
  facet normal 0 -1 -0
    outer loop
      vertex 51.2432 0 25.5088
      vertex 51.0885 0 21.4649
      vertex 51.2432 0 21.4912
    endloop
  endfacet
  facet normal 0 -1 0
    outer loop
      vertex 51.0885 0 25.5351
      vertex 51.0885 0 21.4649
      vertex 51.2432 0 25.5088
    endloop
  endfacet
  facet normal -0 -1 0
    outer loop
      vertex 51.0885 0 21.4649
      vertex 51.0885 0 25.5351
      vertex 50.9376 0 21.4214
    endloop
  endfacet
  facet normal 0 -1 0
    outer loop
      vertex 50.9376 0 25.5786
      vertex 50.9376 0 21.4214
      vertex 51.0885 0 25.5351
    endloop
  endfacet
  facet normal -0 -1 0
    outer loop
      vertex 50.9376 0 21.4214
      vertex 50.9376 0 25.5786
      vertex 50.7926 0 21.3613
    endloop
  endfacet
  facet normal 0 -1 0
    outer loop
      vertex 50.7926 0 25.6386
      vertex 50.7926 0 21.3613
      vertex 50.9376 0 25.5786
    endloop
  endfacet
  facet normal 0 -1 0
    outer loop
      vertex 50.3054 0 26.0271
      vertex 50.3054 0 20.9729
      vertex 50.41 0 25.91
    endloop
  endfacet
  facet normal -0 -1 0
    outer loop
      vertex 50.7926 0 21.3613
      vertex 50.7926 0 25.6386
      vertex 50.6552 0 21.2854
    endloop
  endfacet
  facet normal -0 -1 0
    outer loop
      vertex 50.41 0 21.0899
      vertex 50.41 0 25.91
      vertex 50.3054 0 20.9729
    endloop
  endfacet
  facet normal 0 -1 0
    outer loop
      vertex 50.6552 0 25.7146
      vertex 50.6552 0 21.2854
      vertex 50.7926 0 25.6386
    endloop
  endfacet
  facet normal 0 -1 0
    outer loop
      vertex 50.41 0 25.91
      vertex 50.41 0 21.0899
      vertex 50.5271 0 25.8054
    endloop
  endfacet
  facet normal -0 -1 0
    outer loop
      vertex 50.6552 0 21.2854
      vertex 50.6552 0 25.7146
      vertex 50.5271 0 21.1945
    endloop
  endfacet
  facet normal 0 -1 0
    outer loop
      vertex 50.5271 0 25.8054
      vertex 50.5271 0 21.1945
      vertex 50.6552 0 25.7146
    endloop
  endfacet
  facet normal -0 -1 0
    outer loop
      vertex 50.5271 0 21.1945
      vertex 50.5271 0 25.8054
      vertex 50.41 0 21.0899
    endloop
  endfacet
  facet normal 0 -1 0
    outer loop
      vertex 50.2146 0 26.1552
      vertex 50.2146 0 20.8448
      vertex 50.3054 0 26.0271
    endloop
  endfacet
  facet normal -0 -1 0
    outer loop
      vertex 50.2146 0 20.8448
      vertex 50.2146 0 26.1552
      vertex 50.1386 0 20.7074
    endloop
  endfacet
  facet normal 0 -1 0
    outer loop
      vertex 30.1976 0 12.3509
      vertex 50.0351 0 20.4115
      vertex 30.0512 0 12.4547
    endloop
  endfacet
  facet normal 0 -1 0
    outer loop
      vertex 50.0351 0 20.4115
      vertex 30.1976 0 12.3509
      vertex 50.0088 0 20.2567
    endloop
  endfacet
  facet normal 0 -1 0
    outer loop
      vertex 30.3313 0 12.2314
      vertex 50.0088 0 20.2567
      vertex 30.1976 0 12.3509
    endloop
  endfacet
  facet normal 0 -1 0
    outer loop
      vertex 50.0088 0 20.2567
      vertex 30.3313 0 12.2314
      vertex 50 0 20.1
    endloop
  endfacet
  facet normal 0 -1 -0
    outer loop
      vertex 50 0 20.1
      vertex 30.3313 0 12.2314
      vertex 50 0 19.9
    endloop
  endfacet
  facet normal 0 -1 0
    outer loop
      vertex 30.4509 0 12.0976
      vertex 50 0 19.9
      vertex 30.3313 0 12.2314
    endloop
  endfacet
  facet normal 0 -1 -0
    outer loop
      vertex 50 0 19.9
      vertex 30.4509 0 12.0976
      vertex 50.0088 0 19.7432
    endloop
  endfacet
  facet normal 0 -1 0
    outer loop
      vertex 30.5547 0 11.9512
      vertex 50.0088 0 19.7432
      vertex 30.4509 0 12.0976
    endloop
  endfacet
  facet normal 0 -1 -0
    outer loop
      vertex 50.0088 0 19.7432
      vertex 30.5547 0 11.9512
      vertex 50.0351 0 19.5885
    endloop
  endfacet
  facet normal 0 -1 0
    outer loop
      vertex 30.6415 0 11.7942
      vertex 50.0351 0 19.5885
      vertex 30.5547 0 11.9512
    endloop
  endfacet
  facet normal 0 -1 0
    outer loop
      vertex 62.6 0 14.5
      vertex 62.6 0 18.5
      vertex 51.4 0 18.5
    endloop
  endfacet
  facet normal 0 -1 0
    outer loop
      vertex 67.0885 0 18.5351
      vertex 67.4 0 14.5
      vertex 67.2432 0 18.5088
    endloop
  endfacet
  facet normal 0 -1 0
    outer loop
      vertex 62.6 0 14.5
      vertex 51.4 0 18.5
      vertex 51.4 0 14.5
    endloop
  endfacet
  facet normal 0 -1 0
    outer loop
      vertex 51.2432 0 18.5088
      vertex 51.4 0 14.5
      vertex 51.4 0 18.5
    endloop
  endfacet
  facet normal 0 -1 0
    outer loop
      vertex 51.2432 0 14.4912
      vertex 51.2432 0 18.5088
      vertex 51.0885 0 18.5351
    endloop
  endfacet
  facet normal 0 -1 -0
    outer loop
      vertex 50.0351 0 19.5885
      vertex 30.6415 0 11.7942
      vertex 50.0786 0 19.4376
    endloop
  endfacet
  facet normal 0 -1 0
    outer loop
      vertex 5.66621 0 7.46239
      vertex 5.66621 0 30.5376
      vertex 5.50458 0 30.5842
    endloop
  endfacet
  facet normal 0 -1 0
    outer loop
      vertex 51.2432 0 18.5088
      vertex 51.2432 0 14.4912
      vertex 51.4 0 14.5
    endloop
  endfacet
  facet normal 0 -1 0
    outer loop
      vertex 51.0885 0 18.5351
      vertex 51.0885 0 14.4649
      vertex 51.2432 0 14.4912
    endloop
  endfacet
  facet normal 0 -1 -0
    outer loop
      vertex 51.0885 0 18.5351
      vertex 50.9376 0 14.4214
      vertex 51.0885 0 14.4649
    endloop
  endfacet
  facet normal 0 -1 0
    outer loop
      vertex 50.0786 0 19.4376
      vertex 50.0786 0 13.5624
      vertex 50.1386 0 19.2926
    endloop
  endfacet
  facet normal 0 -1 0
    outer loop
      vertex 50.9376 0 18.5786
      vertex 50.9376 0 14.4214
      vertex 51.0885 0 18.5351
    endloop
  endfacet
  facet normal -0 -1 0
    outer loop
      vertex 50.1386 0 13.7074
      vertex 50.1386 0 19.2926
      vertex 50.0786 0 13.5624
    endloop
  endfacet
  facet normal -0 -1 0
    outer loop
      vertex 50.9376 0 14.4214
      vertex 50.9376 0 18.5786
      vertex 50.7926 0 14.3613
    endloop
  endfacet
  facet normal 0 -1 0
    outer loop
      vertex 50.1386 0 19.2926
      vertex 50.1386 0 13.7074
      vertex 50.2146 0 19.1552
    endloop
  endfacet
  facet normal 0 -1 0
    outer loop
      vertex 50.7926 0 18.6386
      vertex 50.7926 0 14.3613
      vertex 50.9376 0 18.5786
    endloop
  endfacet
  facet normal 0 -1 0
    outer loop
      vertex 50.2146 0 19.1552
      vertex 50.2146 0 13.8448
      vertex 50.3054 0 19.0271
    endloop
  endfacet
  facet normal -0 -1 0
    outer loop
      vertex 50.7926 0 14.3613
      vertex 50.7926 0 18.6386
      vertex 50.6552 0 14.2854
    endloop
  endfacet
  facet normal -0 -1 0
    outer loop
      vertex 50.3054 0 13.9729
      vertex 50.3054 0 19.0271
      vertex 50.2146 0 13.8448
    endloop
  endfacet
  facet normal 0 -1 0
    outer loop
      vertex 50.6552 0 18.7146
      vertex 50.6552 0 14.2854
      vertex 50.7926 0 18.6386
    endloop
  endfacet
  facet normal 0 -1 0
    outer loop
      vertex 50.3054 0 19.0271
      vertex 50.3054 0 13.9729
      vertex 50.41 0 18.91
    endloop
  endfacet
  facet normal -0 -1 0
    outer loop
      vertex 50.6552 0 14.2854
      vertex 50.6552 0 18.7146
      vertex 50.5271 0 14.1945
    endloop
  endfacet
  facet normal 0 -1 0
    outer loop
      vertex 50.41 0 18.91
      vertex 50.41 0 14.0899
      vertex 50.5271 0 18.8054
    endloop
  endfacet
  facet normal 0 -1 0
    outer loop
      vertex 7.46239 0 31.6662
      vertex 19.4 0 12.7
      vertex 29.2 0 12.7
    endloop
  endfacet
  facet normal 0 -1 0
    outer loop
      vertex 5.50458 0 7.41582
      vertex 5.50458 0 30.5842
      vertex 5.34917 0 30.6485
    endloop
  endfacet
  facet normal 0 -1 0
    outer loop
      vertex 5.20195 0 30.7299
      vertex 5.20195 0 7.27008
      vertex 5.34917 0 30.6485
    endloop
  endfacet
  facet normal 0 -1 0
    outer loop
      vertex 7.35144 0 31.3492
      vertex 19.2208 0 12.6899
      vertex 19.4 0 12.7
    endloop
  endfacet
  facet normal 0 -1 0
    outer loop
      vertex 7.27008 0 31.202
      vertex 19.0439 0 12.6599
      vertex 19.2208 0 12.6899
    endloop
  endfacet
  facet normal 0 -1 0
    outer loop
      vertex 7.17274 0 31.0648
      vertex 18.8715 0 12.6102
      vertex 19.0439 0 12.6599
    endloop
  endfacet
  facet normal 0 -1 0
    outer loop
      vertex 7.06065 0 30.9393
      vertex 18.7058 0 12.5415
      vertex 18.8715 0 12.6102
    endloop
  endfacet
  facet normal 0 -1 0
    outer loop
      vertex 6.93523 0 30.8272
      vertex 18.5487 0 12.4547
      vertex 18.7058 0 12.5415
    endloop
  endfacet
  facet normal 0 -1 0
    outer loop
      vertex 6.79803 0 30.7299
      vertex 18.4024 0 12.3509
      vertex 18.5487 0 12.4547
    endloop
  endfacet
  facet normal 0 -1 0
    outer loop
      vertex 6.65082 0 30.6485
      vertex 18.2686 0 12.2314
      vertex 18.4024 0 12.3509
    endloop
  endfacet
  facet normal 0 -1 0
    outer loop
      vertex 6.49541 0 30.5842
      vertex 18.149 0 12.0976
      vertex 18.2686 0 12.2314
    endloop
  endfacet
  facet normal 0 -1 0
    outer loop
      vertex 6.16794 0 30.5094
      vertex 6.16794 0 7.49055
      vertex 6.33377 0 30.5376
    endloop
  endfacet
  facet normal 0 -1 0
    outer loop
      vertex 6.33377 0 7.46239
      vertex 6.33377 0 30.5376
      vertex 6.16794 0 7.49055
    endloop
  endfacet
  facet normal 0 -1 0
    outer loop
      vertex 6.33377 0 30.5376
      vertex 6.33377 0 7.46239
      vertex 18.149 0 12.0976
    endloop
  endfacet
  facet normal 0 -1 0
    outer loop
      vertex 18.149 0 12.0976
      vertex 6.33377 0 7.46239
      vertex 18.0452 0 11.9512
    endloop
  endfacet
  facet normal 0 -1 0
    outer loop
      vertex 6.49541 0 7.41582
      vertex 18.0452 0 11.9512
      vertex 6.33377 0 7.46239
    endloop
  endfacet
  facet normal 0 -1 0
    outer loop
      vertex 18.0452 0 11.9512
      vertex 6.49541 0 7.41582
      vertex 17.9584 0 11.7942
    endloop
  endfacet
  facet normal 0 -1 0
    outer loop
      vertex 6.65082 0 7.35144
      vertex 17.9584 0 11.7942
      vertex 6.49541 0 7.41582
    endloop
  endfacet
  facet normal 0 -1 0
    outer loop
      vertex 5.83205 0 30.5094
      vertex 5.83205 0 7.49055
      vertex 6 0 7.5
    endloop
  endfacet
  facet normal 0 -1 0
    outer loop
      vertex 5.66621 0 30.5376
      vertex 5.66621 0 7.46239
      vertex 5.83205 0 7.49055
    endloop
  endfacet
  facet normal 0 -1 0
    outer loop
      vertex 5.50458 0 30.5842
      vertex 5.50458 0 7.41582
      vertex 5.66621 0 7.46239
    endloop
  endfacet
  facet normal 0 -1 0
    outer loop
      vertex 5.34917 0 30.6485
      vertex 5.34917 0 7.35144
      vertex 5.50458 0 7.41582
    endloop
  endfacet
  facet normal 0 -1 -0
    outer loop
      vertex 5.34917 0 30.6485
      vertex 5.20195 0 7.27008
      vertex 5.34917 0 7.35144
    endloop
  endfacet
  facet normal 0 -1 0
    outer loop
      vertex 0 0 5
      vertex 5.20195 0 7.27008
      vertex 0 0 33
    endloop
  endfacet
  facet normal 0 -1 0
    outer loop
      vertex 5.20195 0 7.27008
      vertex 0 0 5
      vertex 5.06476 0 7.17274
    endloop
  endfacet
  facet normal 0 -1 0
    outer loop
      vertex 5.06476 0 7.17274
      vertex 0 0 5
      vertex 4.93933 0 7.06065
    endloop
  endfacet
  facet normal 0 -1 0
    outer loop
      vertex 4.93933 0 7.06065
      vertex 0 0 5
      vertex 4.82724 0 6.93523
    endloop
  endfacet
  facet normal 0 -1 0
    outer loop
      vertex 4.82724 0 6.93523
      vertex 0 0 5
      vertex 4.7299 0 6.79803
    endloop
  endfacet
  facet normal 0 -1 0
    outer loop
      vertex 4.7299 0 6.79803
      vertex 0 0 5
      vertex 4.64854 0 6.65082
    endloop
  endfacet
  facet normal 0 -1 0
    outer loop
      vertex 4.64854 0 6.65082
      vertex 0 0 5
      vertex 4.58417 0 6.49541
    endloop
  endfacet
  facet normal 0 -1 0
    outer loop
      vertex 4.58417 0 6.49541
      vertex 0 0 5
      vertex 4.5376 0 6.33377
    endloop
  endfacet
  facet normal 0 -1 0
    outer loop
      vertex 4.5376 0 6.33377
      vertex 0 0 5
      vertex 4.50943 0 6.16794
    endloop
  endfacet
  facet normal 0 -1 0
    outer loop
      vertex 4.50943 0 6.16794
      vertex 0 0 5
      vertex 4.5 0 6
    endloop
  endfacet
  facet normal 0 -1 -0
    outer loop
      vertex 4.5 0 6
      vertex 0 0 5
      vertex 4.50943 0 5.83205
    endloop
  endfacet
  facet normal 0 -1 0
    outer loop
      vertex 0 0 5
      vertex 4.5376 0 5.66621
      vertex 4.50943 0 5.83205
    endloop
  endfacet
  facet normal 0 -1 0
    outer loop
      vertex 0 0 5
      vertex 4.58417 0 5.50458
      vertex 4.5376 0 5.66621
    endloop
  endfacet
  facet normal 0 -1 0
    outer loop
      vertex 0.0314388 0 4.44018
      vertex 4.58417 0 5.50458
      vertex 0 0 5
    endloop
  endfacet
  facet normal 0 -1 0
    outer loop
      vertex 0.12536 0 3.88739
      vertex 4.58417 0 5.50458
      vertex 0.0314388 0 4.44018
    endloop
  endfacet
  facet normal 0 -1 -0
    outer loop
      vertex 4.58417 0 5.50458
      vertex 0.12536 0 3.88739
      vertex 4.64854 0 5.34917
    endloop
  endfacet
  facet normal 0 -1 0
    outer loop
      vertex 0.280582 0 3.3486
      vertex 4.64854 0 5.34917
      vertex 0.12536 0 3.88739
    endloop
  endfacet
  facet normal 0 -1 -0
    outer loop
      vertex 4.64854 0 5.34917
      vertex 0.280582 0 3.3486
      vertex 4.7299 0 5.20195
    endloop
  endfacet
  facet normal 0 -1 0
    outer loop
      vertex 0.495155 0 2.83058
      vertex 4.7299 0 5.20195
      vertex 0.280582 0 3.3486
    endloop
  endfacet
  facet normal 0 -1 0
    outer loop
      vertex 0.766378 0 2.33984
      vertex 4.7299 0 5.20195
      vertex 0.495155 0 2.83058
    endloop
  endfacet
  facet normal 0 -1 -0
    outer loop
      vertex 4.7299 0 5.20195
      vertex 0.766378 0 2.33984
      vertex 4.82724 0 5.06476
    endloop
  endfacet
  facet normal 0 -1 0
    outer loop
      vertex 1.09084 0 1.88255
      vertex 4.82724 0 5.06476
      vertex 0.766378 0 2.33984
    endloop
  endfacet
  facet normal 0 -1 -0
    outer loop
      vertex 4.82724 0 5.06476
      vertex 1.09084 0 1.88255
      vertex 4.93933 0 4.93933
    endloop
  endfacet
  facet normal 0 -1 0
    outer loop
      vertex 1.88255 0 1.09084
      vertex 4.93933 0 4.93933
      vertex 1.46447 0 1.46447
    endloop
  endfacet
  facet normal 0 -1 0
    outer loop
      vertex 1.46447 0 1.46447
      vertex 4.93933 0 4.93933
      vertex 1.09084 0 1.88255
    endloop
  endfacet
  facet normal 0 -1 0
    outer loop
      vertex 83.0607 0 33.0607
      vertex 86.1174 0 36.9092
      vertex 82.9352 0 33.1727
    endloop
  endfacet
  facet normal 0 -1 -0
    outer loop
      vertex 86.1174 0 36.9092
      vertex 83.0607 0 33.0607
      vertex 86.5355 0 36.5355
    endloop
  endfacet
  facet normal 0 -1 -0
    outer loop
      vertex 86.5355 0 36.5355
      vertex 83.0607 0 33.0607
      vertex 86.9092 0 36.1174
    endloop
  endfacet
  facet normal 0 -1 0
    outer loop
      vertex 83.1727 0 32.9352
      vertex 86.9092 0 36.1174
      vertex 83.0607 0 33.0607
    endloop
  endfacet
  facet normal 0 -1 -0
    outer loop
      vertex 86.9092 0 36.1174
      vertex 83.1727 0 32.9352
      vertex 87.2336 0 35.6602
    endloop
  endfacet
  facet normal 0 -1 0
    outer loop
      vertex 83.2701 0 32.798
      vertex 87.2336 0 35.6602
      vertex 83.1727 0 32.9352
    endloop
  endfacet
  facet normal 0 -1 -0
    outer loop
      vertex 87.2336 0 35.6602
      vertex 83.2701 0 32.798
      vertex 87.5048 0 35.1694
    endloop
  endfacet
  facet normal 0 -1 -0
    outer loop
      vertex 87.5048 0 35.1694
      vertex 83.2701 0 32.798
      vertex 87.7194 0 34.6514
    endloop
  endfacet
  facet normal 0 -1 0
    outer loop
      vertex 83.3514 0 32.6508
      vertex 87.7194 0 34.6514
      vertex 83.2701 0 32.798
    endloop
  endfacet
  facet normal 0 -1 -0
    outer loop
      vertex 87.7194 0 34.6514
      vertex 83.3514 0 32.6508
      vertex 87.8746 0 34.1126
    endloop
  endfacet
  facet normal 0 -1 0
    outer loop
      vertex 83.4158 0 32.4954
      vertex 87.8746 0 34.1126
      vertex 83.3514 0 32.6508
    endloop
  endfacet
  facet normal 0 -1 -0
    outer loop
      vertex 87.8746 0 34.1126
      vertex 83.4158 0 32.4954
      vertex 87.9686 0 33.5598
    endloop
  endfacet
  facet normal 0 -1 -0
    outer loop
      vertex 87.9686 0 33.5598
      vertex 83.4158 0 32.4954
      vertex 88 0 33
    endloop
  endfacet
  facet normal 0 -1 0
    outer loop
      vertex 83.4624 0 32.3338
      vertex 88 0 33
      vertex 83.4158 0 32.4954
    endloop
  endfacet
  facet normal 0 -1 0
    outer loop
      vertex 83.4906 0 32.1679
      vertex 88 0 33
      vertex 83.4624 0 32.3338
    endloop
  endfacet
  facet normal 0 -1 0
    outer loop
      vertex 83.5 0 32
      vertex 88 0 33
      vertex 83.4906 0 32.1679
    endloop
  endfacet
  facet normal 0 -1 0
    outer loop
      vertex 83.4906 0 31.832
      vertex 88 0 33
      vertex 83.5 0 32
    endloop
  endfacet
  facet normal 0 -1 0
    outer loop
      vertex 83.4624 0 31.6662
      vertex 88 0 33
      vertex 83.4906 0 31.832
    endloop
  endfacet
  facet normal 0 -1 0
    outer loop
      vertex 83.4158 0 31.5046
      vertex 88 0 33
      vertex 83.4624 0 31.6662
    endloop
  endfacet
  facet normal 0 -1 0
    outer loop
      vertex 83.3514 0 31.3492
      vertex 88 0 33
      vertex 83.4158 0 31.5046
    endloop
  endfacet
  facet normal 0 -1 0
    outer loop
      vertex 83.2701 0 31.202
      vertex 88 0 33
      vertex 83.3514 0 31.3492
    endloop
  endfacet
  facet normal 0 -1 0
    outer loop
      vertex 83.1727 0 31.0648
      vertex 88 0 33
      vertex 83.2701 0 31.202
    endloop
  endfacet
  facet normal 0 -1 0
    outer loop
      vertex 83.0607 0 30.9393
      vertex 88 0 33
      vertex 83.1727 0 31.0648
    endloop
  endfacet
  facet normal 0 -1 0
    outer loop
      vertex 82.9352 0 30.8272
      vertex 88 0 33
      vertex 83.0607 0 30.9393
    endloop
  endfacet
  facet normal 0 -1 0
    outer loop
      vertex 79.9649 0 26.5885
      vertex 82.9352 0 30.8272
      vertex 82.798 0 30.7299
    endloop
  endfacet
  facet normal 0 -1 0
    outer loop
      vertex 79.9912 0 26.7432
      vertex 82.798 0 30.7299
      vertex 82.6508 0 30.6485
    endloop
  endfacet
  facet normal 0 -1 -0
    outer loop
      vertex 80.9393 0 30.9393
      vertex 79.2074 0 28.3613
      vertex 81.0648 0 30.8272
    endloop
  endfacet
  facet normal 0 -1 0
    outer loop
      vertex 79.3448 0 28.2854
      vertex 81.0648 0 30.8272
      vertex 79.2074 0 28.3613
    endloop
  endfacet
  facet normal 0 -1 -0
    outer loop
      vertex 81.0648 0 30.8272
      vertex 79.3448 0 28.2854
      vertex 81.202 0 30.7299
    endloop
  endfacet
  facet normal 0 -1 0
    outer loop
      vertex 79.4729 0 28.1945
      vertex 81.202 0 30.7299
      vertex 79.3448 0 28.2854
    endloop
  endfacet
  facet normal 0 -1 -0
    outer loop
      vertex 81.202 0 30.7299
      vertex 79.4729 0 28.1945
      vertex 81.3492 0 30.6485
    endloop
  endfacet
  facet normal 0 -1 0
    outer loop
      vertex 79.5899 0 28.0899
      vertex 81.3492 0 30.6485
      vertex 79.4729 0 28.1945
    endloop
  endfacet
  facet normal 0 -1 -0
    outer loop
      vertex 81.3492 0 30.6485
      vertex 79.5899 0 28.0899
      vertex 81.5046 0 30.5842
    endloop
  endfacet
  facet normal 0 -1 0
    outer loop
      vertex 79.6945 0 27.9729
      vertex 81.5046 0 30.5842
      vertex 79.5899 0 28.0899
    endloop
  endfacet
  facet normal 0 -1 -0
    outer loop
      vertex 81.5046 0 30.5842
      vertex 79.6945 0 27.9729
      vertex 81.6662 0 30.5376
    endloop
  endfacet
  facet normal 0 -1 0
    outer loop
      vertex 79.7854 0 27.8448
      vertex 81.6662 0 30.5376
      vertex 79.6945 0 27.9729
    endloop
  endfacet
  facet normal 0 -1 -0
    outer loop
      vertex 81.6662 0 30.5376
      vertex 79.7854 0 27.8448
      vertex 81.832 0 30.5094
    endloop
  endfacet
  facet normal 0 -1 0
    outer loop
      vertex 79.8613 0 27.7074
      vertex 81.832 0 30.5094
      vertex 79.7854 0 27.8448
    endloop
  endfacet
  facet normal 0 -1 -0
    outer loop
      vertex 81.832 0 30.5094
      vertex 79.8613 0 27.7074
      vertex 82 0 30.5
    endloop
  endfacet
  facet normal 0 -1 0
    outer loop
      vertex 79.9214 0 27.5624
      vertex 82 0 30.5
      vertex 79.8613 0 27.7074
    endloop
  endfacet
  facet normal 0 -1 -0
    outer loop
      vertex 82 0 30.5
      vertex 79.9214 0 27.5624
      vertex 82.1679 0 30.5094
    endloop
  endfacet
  facet normal 0 -1 0
    outer loop
      vertex 79.9649 0 27.4115
      vertex 82.1679 0 30.5094
      vertex 79.9214 0 27.5624
    endloop
  endfacet
  facet normal 0 -1 -0
    outer loop
      vertex 82.1679 0 30.5094
      vertex 79.9649 0 27.4115
      vertex 82.3338 0 30.5376
    endloop
  endfacet
  facet normal 0 -1 0
    outer loop
      vertex 79.9912 0 27.2567
      vertex 82.3338 0 30.5376
      vertex 79.9649 0 27.4115
    endloop
  endfacet
  facet normal 0 -1 -0
    outer loop
      vertex 82.3338 0 30.5376
      vertex 79.9912 0 27.2567
      vertex 82.4954 0 30.5842
    endloop
  endfacet
  facet normal 0 -1 0
    outer loop
      vertex 80 0 27.1
      vertex 82.4954 0 30.5842
      vertex 79.9912 0 27.2567
    endloop
  endfacet
  facet normal 0 -1 0
    outer loop
      vertex 80 0 26.9
      vertex 82.4954 0 30.5842
      vertex 80 0 27.1
    endloop
  endfacet
  facet normal 0 -1 -0
    outer loop
      vertex 82.4954 0 30.5842
      vertex 80 0 26.9
      vertex 82.6508 0 30.6485
    endloop
  endfacet
  facet normal 0 -1 0
    outer loop
      vertex 79.9912 0 26.7432
      vertex 82.6508 0 30.6485
      vertex 80 0 26.9
    endloop
  endfacet
  facet normal 0 -1 0
    outer loop
      vertex 82.798 0 30.7299
      vertex 79.9912 0 26.7432
      vertex 79.9649 0 26.5885
    endloop
  endfacet
  facet normal 0 -1 0
    outer loop
      vertex 82.9352 0 30.8272
      vertex 79.9649 0 26.5885
      vertex 79.9214 0 26.4376
    endloop
  endfacet
  facet normal 0 -1 0
    outer loop
      vertex 79.9214 0 20.5624
      vertex 82.9352 0 30.8272
      vertex 79.9214 0 26.4376
    endloop
  endfacet
  facet normal 0 -1 0
    outer loop
      vertex 79.9214 0 20.5624
      vertex 79.9214 0 26.4376
      vertex 79.8613 0 26.2926
    endloop
  endfacet
  facet normal 0 -1 0
    outer loop
      vertex 79.8613 0 20.7074
      vertex 79.8613 0 26.2926
      vertex 79.7854 0 26.1552
    endloop
  endfacet
  facet normal 0 -1 0
    outer loop
      vertex 79.7854 0 20.8448
      vertex 79.7854 0 26.1552
      vertex 79.6945 0 26.0271
    endloop
  endfacet
  facet normal 0 -1 0
    outer loop
      vertex 79.6945 0 20.9729
      vertex 79.6945 0 26.0271
      vertex 79.5899 0 25.91
    endloop
  endfacet
  facet normal 0 -1 0
    outer loop
      vertex 79.5899 0 21.0899
      vertex 79.5899 0 25.91
      vertex 79.4729 0 25.8054
    endloop
  endfacet
  facet normal 0 -1 0
    outer loop
      vertex 67.2432 0 25.5088
      vertex 67.4 0 21.5
      vertex 67.4 0 25.5
    endloop
  endfacet
  facet normal 0 -1 0
    outer loop
      vertex 67.4 0 25.5
      vertex 67.4 0 21.5
      vertex 78.6 0 25.5
    endloop
  endfacet
  facet normal 0 -1 0
    outer loop
      vertex 78.6 0 21.5
      vertex 78.6 0 25.5
      vertex 67.4 0 21.5
    endloop
  endfacet
  facet normal 0 -1 0
    outer loop
      vertex 78.6 0 25.5
      vertex 78.6 0 21.5
      vertex 78.7567 0 25.5088
    endloop
  endfacet
  facet normal 0 -1 0
    outer loop
      vertex 78.7567 0 21.4912
      vertex 78.7567 0 25.5088
      vertex 78.6 0 21.5
    endloop
  endfacet
  facet normal 0 -1 0
    outer loop
      vertex 78.7567 0 25.5088
      vertex 78.7567 0 21.4912
      vertex 78.9115 0 25.5351
    endloop
  endfacet
  facet normal 0 -1 0
    outer loop
      vertex 78.9115 0 21.4649
      vertex 78.9115 0 25.5351
      vertex 78.7567 0 21.4912
    endloop
  endfacet
  facet normal 0 -1 0
    outer loop
      vertex 78.9115 0 25.5351
      vertex 78.9115 0 21.4649
      vertex 79.0624 0 25.5786
    endloop
  endfacet
  facet normal 0 -1 0
    outer loop
      vertex 79.0624 0 21.4214
      vertex 79.0624 0 25.5786
      vertex 78.9115 0 21.4649
    endloop
  endfacet
  facet normal 0 -1 0
    outer loop
      vertex 79.0624 0 25.5786
      vertex 79.0624 0 21.4214
      vertex 79.2074 0 25.6386
    endloop
  endfacet
  facet normal 0 -1 0
    outer loop
      vertex 79.2074 0 21.3613
      vertex 79.2074 0 25.6386
      vertex 79.0624 0 21.4214
    endloop
  endfacet
  facet normal 0 -1 0
    outer loop
      vertex 79.2074 0 25.6386
      vertex 79.2074 0 21.3613
      vertex 79.3448 0 25.7146
    endloop
  endfacet
  facet normal 0 -1 0
    outer loop
      vertex 79.3448 0 21.2854
      vertex 79.3448 0 25.7146
      vertex 79.2074 0 21.3613
    endloop
  endfacet
  facet normal 0 -1 0
    outer loop
      vertex 79.3448 0 25.7146
      vertex 79.3448 0 21.2854
      vertex 79.4729 0 25.8054
    endloop
  endfacet
  facet normal 0 -1 0
    outer loop
      vertex 79.4729 0 21.1945
      vertex 79.4729 0 25.8054
      vertex 79.3448 0 21.2854
    endloop
  endfacet
  facet normal 0 -1 0
    outer loop
      vertex 79.5899 0 21.0899
      vertex 79.4729 0 25.8054
      vertex 79.4729 0 21.1945
    endloop
  endfacet
  facet normal 0 -1 0
    outer loop
      vertex 79.5899 0 25.91
      vertex 79.5899 0 21.0899
      vertex 79.6945 0 20.9729
    endloop
  endfacet
  facet normal 0 -1 0
    outer loop
      vertex 79.6945 0 26.0271
      vertex 79.6945 0 20.9729
      vertex 79.7854 0 20.8448
    endloop
  endfacet
  facet normal 0 -1 0
    outer loop
      vertex 79.7854 0 26.1552
      vertex 79.7854 0 20.8448
      vertex 79.8613 0 20.7074
    endloop
  endfacet
  facet normal 0 -1 0
    outer loop
      vertex 79.8613 0 26.2926
      vertex 79.8613 0 20.7074
      vertex 79.9214 0 20.5624
    endloop
  endfacet
  facet normal 0 -1 -0
    outer loop
      vertex 82.9352 0 30.8272
      vertex 79.9214 0 20.5624
      vertex 88 0 33
    endloop
  endfacet
  facet normal 0 -1 0
    outer loop
      vertex 79.9649 0 20.4115
      vertex 88 0 33
      vertex 79.9214 0 20.5624
    endloop
  endfacet
  facet normal 0 -1 0
    outer loop
      vertex 79.9912 0 20.2567
      vertex 88 0 33
      vertex 79.9649 0 20.4115
    endloop
  endfacet
  facet normal 0 -1 0
    outer loop
      vertex 80 0 20.1
      vertex 88 0 33
      vertex 79.9912 0 20.2567
    endloop
  endfacet
  facet normal 0 -1 0
    outer loop
      vertex 80 0 19.9
      vertex 88 0 33
      vertex 80 0 20.1
    endloop
  endfacet
  facet normal 0 -1 0
    outer loop
      vertex 79.9912 0 19.7432
      vertex 88 0 33
      vertex 80 0 19.9
    endloop
  endfacet
  facet normal 0 -1 0
    outer loop
      vertex 88 0 5
      vertex 79.9912 0 19.7432
      vertex 79.9649 0 19.5885
    endloop
  endfacet
  facet normal 0 -1 0
    outer loop
      vertex 79.9649 0 13.4115
      vertex 79.9649 0 19.5885
      vertex 79.9214 0 19.4376
    endloop
  endfacet
  facet normal 0 -1 0
    outer loop
      vertex 79.9214 0 13.5624
      vertex 79.9214 0 19.4376
      vertex 79.8613 0 19.2926
    endloop
  endfacet
  facet normal 0 -1 0
    outer loop
      vertex 79.8613 0 13.7074
      vertex 79.8613 0 19.2926
      vertex 79.7854 0 19.1552
    endloop
  endfacet
  facet normal 0 -1 0
    outer loop
      vertex 67.2432 0 18.5088
      vertex 67.4 0 14.5
      vertex 67.4 0 18.5
    endloop
  endfacet
  facet normal 0 -1 0
    outer loop
      vertex 67.4 0 18.5
      vertex 67.4 0 14.5
      vertex 78.6 0 18.5
    endloop
  endfacet
  facet normal 0 -1 0
    outer loop
      vertex 78.6 0 14.5
      vertex 78.6 0 18.5
      vertex 67.4 0 14.5
    endloop
  endfacet
  facet normal 0 -1 0
    outer loop
      vertex 78.6 0 18.5
      vertex 78.6 0 14.5
      vertex 78.7567 0 18.5088
    endloop
  endfacet
  facet normal 0 -1 0
    outer loop
      vertex 78.7567 0 14.4912
      vertex 78.7567 0 18.5088
      vertex 78.6 0 14.5
    endloop
  endfacet
  facet normal 0 -1 0
    outer loop
      vertex 78.7567 0 18.5088
      vertex 78.7567 0 14.4912
      vertex 78.9115 0 18.5351
    endloop
  endfacet
  facet normal 0 -1 0
    outer loop
      vertex 78.9115 0 14.4649
      vertex 78.9115 0 18.5351
      vertex 78.7567 0 14.4912
    endloop
  endfacet
  facet normal 0 -1 0
    outer loop
      vertex 78.9115 0 18.5351
      vertex 78.9115 0 14.4649
      vertex 79.0624 0 18.5786
    endloop
  endfacet
  facet normal 0 -1 0
    outer loop
      vertex 79.0624 0 14.4214
      vertex 79.0624 0 18.5786
      vertex 78.9115 0 14.4649
    endloop
  endfacet
  facet normal 0 -1 0
    outer loop
      vertex 79.0624 0 18.5786
      vertex 79.0624 0 14.4214
      vertex 79.2074 0 18.6386
    endloop
  endfacet
  facet normal 0 -1 0
    outer loop
      vertex 79.2074 0 14.3613
      vertex 79.2074 0 18.6386
      vertex 79.0624 0 14.4214
    endloop
  endfacet
  facet normal 0 -1 0
    outer loop
      vertex 79.2074 0 18.6386
      vertex 79.2074 0 14.3613
      vertex 79.3448 0 18.7146
    endloop
  endfacet
  facet normal 0 -1 0
    outer loop
      vertex 79.3448 0 14.2854
      vertex 79.3448 0 18.7146
      vertex 79.2074 0 14.3613
    endloop
  endfacet
  facet normal 0 -1 0
    outer loop
      vertex 79.3448 0 18.7146
      vertex 79.3448 0 14.2854
      vertex 79.4729 0 18.8054
    endloop
  endfacet
  facet normal 0 -1 0
    outer loop
      vertex 79.4729 0 14.1945
      vertex 79.4729 0 18.8054
      vertex 79.3448 0 14.2854
    endloop
  endfacet
  facet normal 0 -1 0
    outer loop
      vertex 79.4729 0 18.8054
      vertex 79.4729 0 14.1945
      vertex 79.5899 0 18.91
    endloop
  endfacet
  facet normal 0 -1 0
    outer loop
      vertex 79.5899 0 14.0899
      vertex 79.5899 0 18.91
      vertex 79.4729 0 14.1945
    endloop
  endfacet
  facet normal 0 -1 0
    outer loop
      vertex 79.5899 0 18.91
      vertex 79.5899 0 14.0899
      vertex 79.6945 0 19.0271
    endloop
  endfacet
  facet normal 0 -1 0
    outer loop
      vertex 79.6945 0 13.9729
      vertex 79.6945 0 19.0271
      vertex 79.5899 0 14.0899
    endloop
  endfacet
  facet normal 0 -1 0
    outer loop
      vertex 79.6945 0 19.0271
      vertex 79.6945 0 13.9729
      vertex 79.7854 0 19.1552
    endloop
  endfacet
  facet normal 0 -1 0
    outer loop
      vertex 79.7854 0 13.8448
      vertex 79.7854 0 19.1552
      vertex 79.6945 0 13.9729
    endloop
  endfacet
  facet normal 0 -1 0
    outer loop
      vertex 79.8613 0 13.7074
      vertex 79.7854 0 19.1552
      vertex 79.7854 0 13.8448
    endloop
  endfacet
  facet normal 0 -1 0
    outer loop
      vertex 79.8613 0 19.2926
      vertex 79.8613 0 13.7074
      vertex 79.9214 0 13.5624
    endloop
  endfacet
  facet normal 0 -1 0
    outer loop
      vertex 79.9214 0 19.4376
      vertex 79.9214 0 13.5624
      vertex 79.9649 0 13.4115
    endloop
  endfacet
  facet normal 0 -1 0
    outer loop
      vertex 79.9649 0 19.5885
      vertex 79.9649 0 13.4115
      vertex 88 0 5
    endloop
  endfacet
  facet normal 0 -1 0
    outer loop
      vertex 88 0 5
      vertex 79.9649 0 13.4115
      vertex 79.9912 0 13.2567
    endloop
  endfacet
  facet normal 0 -1 0
    outer loop
      vertex 88 0 5
      vertex 79.9912 0 13.2567
      vertex 80 0 13.1
    endloop
  endfacet
  facet normal 0 -1 0
    outer loop
      vertex 82.9352 0 7.17274
      vertex 80 0 13.1
      vertex 80 0 12.9
    endloop
  endfacet
  facet normal 0 -1 0
    outer loop
      vertex 82.798 0 7.27008
      vertex 80 0 12.9
      vertex 79.9912 0 12.7432
    endloop
  endfacet
  facet normal 0 -1 0
    outer loop
      vertex 82.6508 0 7.35144
      vertex 79.9912 0 12.7432
      vertex 79.9649 0 12.5885
    endloop
  endfacet
  facet normal 0 -1 0
    outer loop
      vertex 82.4954 0 7.41582
      vertex 79.9649 0 12.5885
      vertex 79.9214 0 12.4376
    endloop
  endfacet
  facet normal 0 -1 0
    outer loop
      vertex 30.6415 0 5.60577
      vertex 50.6552 0 11.7146
      vertex 30.7102 0 5.77155
    endloop
  endfacet
  facet normal 0 -1 -0
    outer loop
      vertex 50.6552 0 11.7146
      vertex 30.6415 0 5.60577
      vertex 50.7926 0 11.6386
    endloop
  endfacet
  facet normal 0 -1 0
    outer loop
      vertex 67.4 0 11.5
      vertex 81.832 0 7.49055
      vertex 78.6 0 11.5
    endloop
  endfacet
  facet normal 0 -1 0
    outer loop
      vertex 81.832 0 7.49055
      vertex 78.7567 0 11.5088
      vertex 78.6 0 11.5
    endloop
  endfacet
  facet normal 0 -1 0
    outer loop
      vertex 81.832 0 7.49055
      vertex 78.9115 0 11.5351
      vertex 78.7567 0 11.5088
    endloop
  endfacet
  facet normal 0 -1 0
    outer loop
      vertex 81.832 0 7.49055
      vertex 79.0624 0 11.5786
      vertex 78.9115 0 11.5351
    endloop
  endfacet
  facet normal 0 -1 0
    outer loop
      vertex 81.832 0 7.49055
      vertex 79.2074 0 11.6386
      vertex 79.0624 0 11.5786
    endloop
  endfacet
  facet normal 0 -1 0
    outer loop
      vertex 81.832 0 7.49055
      vertex 79.3448 0 11.7146
      vertex 79.2074 0 11.6386
    endloop
  endfacet
  facet normal 0 -1 0
    outer loop
      vertex 81.832 0 7.49055
      vertex 79.4729 0 11.8054
      vertex 79.3448 0 11.7146
    endloop
  endfacet
  facet normal 0 -1 0
    outer loop
      vertex 81.832 0 7.49055
      vertex 79.5899 0 11.91
      vertex 79.4729 0 11.8054
    endloop
  endfacet
  facet normal 0 -1 0
    outer loop
      vertex 81.832 0 7.49055
      vertex 79.6945 0 12.0271
      vertex 79.5899 0 11.91
    endloop
  endfacet
  facet normal 0 -1 0
    outer loop
      vertex 82 0 7.5
      vertex 79.7854 0 12.1552
      vertex 79.6945 0 12.0271
    endloop
  endfacet
  facet normal 0 -1 0
    outer loop
      vertex 82.1679 0 7.49055
      vertex 79.7854 0 12.1552
      vertex 82 0 7.5
    endloop
  endfacet
  facet normal 0 -1 0
    outer loop
      vertex 79.7854 0 12.1552
      vertex 82.1679 0 7.49055
      vertex 79.8613 0 12.2926
    endloop
  endfacet
  facet normal 0 -1 0
    outer loop
      vertex 82.3338 0 7.46239
      vertex 79.8613 0 12.2926
      vertex 82.1679 0 7.49055
    endloop
  endfacet
  facet normal 0 -1 0
    outer loop
      vertex 79.8613 0 12.2926
      vertex 82.3338 0 7.46239
      vertex 79.9214 0 12.4376
    endloop
  endfacet
  facet normal 0 -1 0
    outer loop
      vertex 82.4954 0 7.41582
      vertex 79.9214 0 12.4376
      vertex 82.3338 0 7.46239
    endloop
  endfacet
  facet normal 0 -1 0
    outer loop
      vertex 79.9649 0 12.5885
      vertex 82.4954 0 7.41582
      vertex 82.6508 0 7.35144
    endloop
  endfacet
  facet normal 0 -1 0
    outer loop
      vertex 79.9912 0 12.7432
      vertex 82.6508 0 7.35144
      vertex 82.798 0 7.27008
    endloop
  endfacet
  facet normal 0 -1 0
    outer loop
      vertex 80 0 12.9
      vertex 82.798 0 7.27008
      vertex 82.9352 0 7.17274
    endloop
  endfacet
  facet normal 0 -1 0
    outer loop
      vertex 80 0 13.1
      vertex 82.9352 0 7.17274
      vertex 88 0 5
    endloop
  endfacet
  facet normal 0 -1 0
    outer loop
      vertex 88 0 5
      vertex 82.9352 0 7.17274
      vertex 83.0607 0 7.06065
    endloop
  endfacet
  facet normal 0 -1 0
    outer loop
      vertex 88 0 5
      vertex 83.0607 0 7.06065
      vertex 83.1727 0 6.93523
    endloop
  endfacet
  facet normal 0 -1 0
    outer loop
      vertex 88 0 5
      vertex 83.1727 0 6.93523
      vertex 83.2701 0 6.79803
    endloop
  endfacet
  facet normal 0 -1 0
    outer loop
      vertex 88 0 5
      vertex 83.2701 0 6.79803
      vertex 83.3514 0 6.65082
    endloop
  endfacet
  facet normal 0 -1 0
    outer loop
      vertex 88 0 5
      vertex 83.3514 0 6.65082
      vertex 83.4158 0 6.49541
    endloop
  endfacet
  facet normal 0 -1 0
    outer loop
      vertex 88 0 5
      vertex 83.4158 0 6.49541
      vertex 83.4624 0 6.33377
    endloop
  endfacet
  facet normal 0 -1 0
    outer loop
      vertex 88 0 5
      vertex 83.4624 0 6.33377
      vertex 83.4906 0 6.16794
    endloop
  endfacet
  facet normal 0 -1 0
    outer loop
      vertex 88 0 5
      vertex 83.4906 0 6.16794
      vertex 83.5 0 6
    endloop
  endfacet
  facet normal 0 -1 0
    outer loop
      vertex 88 0 5
      vertex 83.5 0 6
      vertex 83.4906 0 5.83205
    endloop
  endfacet
  facet normal 0 -1 0
    outer loop
      vertex 79.9912 0 19.7432
      vertex 88 0 5
      vertex 88 0 33
    endloop
  endfacet
  facet normal 0 -1 0
    outer loop
      vertex 83.4624 0 5.66621
      vertex 88 0 5
      vertex 83.4906 0 5.83205
    endloop
  endfacet
  facet normal 0 -1 0
    outer loop
      vertex 83.4158 0 5.50458
      vertex 88 0 5
      vertex 83.4624 0 5.66621
    endloop
  endfacet
  facet normal 0 -1 0
    outer loop
      vertex 87.9686 0 4.44018
      vertex 83.4158 0 5.50458
      vertex 83.3514 0 5.34917
    endloop
  endfacet
  facet normal 0 -1 0
    outer loop
      vertex 87.9686 0 4.44018
      vertex 83.3514 0 5.34917
      vertex 83.2701 0 5.20195
    endloop
  endfacet
  facet normal 0 -1 0
    outer loop
      vertex 87.9686 0 4.44018
      vertex 83.2701 0 5.20195
      vertex 83.1727 0 5.06476
    endloop
  endfacet
  facet normal 0 -1 0
    outer loop
      vertex 87.9686 0 4.44018
      vertex 83.1727 0 5.06476
      vertex 83.0607 0 4.93933
    endloop
  endfacet
  facet normal 0 -1 0
    outer loop
      vertex 87.9686 0 4.44018
      vertex 83.0607 0 4.93933
      vertex 82.9352 0 4.82724
    endloop
  endfacet
  facet normal 0 -1 0
    outer loop
      vertex 87.9686 0 4.44018
      vertex 82.9352 0 4.82724
      vertex 82.798 0 4.7299
    endloop
  endfacet
  facet normal 0 -1 0
    outer loop
      vertex 87.9686 0 4.44018
      vertex 82.798 0 4.7299
      vertex 82.6508 0 4.64854
    endloop
  endfacet
  facet normal 0 -1 0
    outer loop
      vertex 87.9686 0 4.44018
      vertex 82.6508 0 4.64854
      vertex 82.4954 0 4.58417
    endloop
  endfacet
  facet normal 0 -1 0
    outer loop
      vertex 87.9686 0 4.44018
      vertex 82.4954 0 4.58417
      vertex 82.3338 0 4.5376
    endloop
  endfacet
  facet normal 0 -1 0
    outer loop
      vertex 87.9686 0 4.44018
      vertex 82.3338 0 4.5376
      vertex 82.1679 0 4.50943
    endloop
  endfacet
  facet normal 0 -1 0
    outer loop
      vertex 83.4158 0 5.50458
      vertex 87.9686 0 4.44018
      vertex 88 0 5
    endloop
  endfacet
  facet normal 0 -1 0
    outer loop
      vertex 87.9686 0 4.44018
      vertex 82.1679 0 4.50943
      vertex 82 0 4.5
    endloop
  endfacet
  facet normal -0 -1 0
    outer loop
      vertex 50.3054 0 20.9729
      vertex 50.3054 0 26.0271
      vertex 50.2146 0 20.8448
    endloop
  endfacet
  facet normal -0 -1 0
    outer loop
      vertex 50.0786 0 13.5624
      vertex 50.0786 0 19.4376
      vertex 30.6415 0 11.7942
    endloop
  endfacet
  facet normal 0 -1 0
    outer loop
      vertex 50.5271 0 18.8054
      vertex 50.5271 0 14.1945
      vertex 50.6552 0 18.7146
    endloop
  endfacet
  facet normal -0 -1 0
    outer loop
      vertex 50.5271 0 14.1945
      vertex 50.5271 0 18.8054
      vertex 50.41 0 14.0899
    endloop
  endfacet
  facet normal -0 -1 0
    outer loop
      vertex 50.41 0 14.0899
      vertex 50.41 0 18.91
      vertex 50.3054 0 13.9729
    endloop
  endfacet
  facet normal -0 -1 0
    outer loop
      vertex 50.2146 0 13.8448
      vertex 50.2146 0 19.1552
      vertex 50.1386 0 13.7074
    endloop
  endfacet
  facet normal 0 -1 0
    outer loop
      vertex 50.0786 0 13.5624
      vertex 30.6415 0 11.7942
      vertex 50.0351 0 13.4115
    endloop
  endfacet
  facet normal 0 -1 0
    outer loop
      vertex 30.7102 0 11.6284
      vertex 50.0351 0 13.4115
      vertex 30.6415 0 11.7942
    endloop
  endfacet
  facet normal 0 -1 0
    outer loop
      vertex 50.0351 0 13.4115
      vertex 30.7102 0 11.6284
      vertex 50.0088 0 13.2567
    endloop
  endfacet
  facet normal 0 -1 0
    outer loop
      vertex 30.7599 0 11.456
      vertex 50.0088 0 13.2567
      vertex 30.7102 0 11.6284
    endloop
  endfacet
  facet normal 0 -1 0
    outer loop
      vertex 50.0088 0 13.2567
      vertex 30.7599 0 11.456
      vertex 50 0 13.1
    endloop
  endfacet
  facet normal 0 -1 -0
    outer loop
      vertex 50 0 13.1
      vertex 30.7599 0 11.456
      vertex 50 0 12.9
    endloop
  endfacet
  facet normal 0 -1 0
    outer loop
      vertex 30.7899 0 11.2791
      vertex 50 0 12.9
      vertex 30.7599 0 11.456
    endloop
  endfacet
  facet normal 0 -1 -0
    outer loop
      vertex 50 0 12.9
      vertex 30.7899 0 11.2791
      vertex 50.0088 0 12.7432
    endloop
  endfacet
  facet normal 0 -1 0
    outer loop
      vertex 30.8 0 11.1
      vertex 50.0088 0 12.7432
      vertex 30.7899 0 11.2791
    endloop
  endfacet
  facet normal 0 -1 -0
    outer loop
      vertex 50.0088 0 12.7432
      vertex 30.8 0 11.1
      vertex 50.0351 0 12.5885
    endloop
  endfacet
  facet normal 0 -1 -0
    outer loop
      vertex 50.0351 0 12.5885
      vertex 30.8 0 11.1
      vertex 50.0786 0 12.4376
    endloop
  endfacet
  facet normal 0 -1 0
    outer loop
      vertex 30.8 0 6.29999
      vertex 50.0786 0 12.4376
      vertex 30.8 0 11.1
    endloop
  endfacet
  facet normal 0 -1 -0
    outer loop
      vertex 50.0786 0 12.4376
      vertex 30.8 0 6.29999
      vertex 50.1386 0 12.2926
    endloop
  endfacet
  facet normal 0 -1 -0
    outer loop
      vertex 50.1386 0 12.2926
      vertex 30.8 0 6.29999
      vertex 50.2146 0 12.1552
    endloop
  endfacet
  facet normal 0 -1 -0
    outer loop
      vertex 50.2146 0 12.1552
      vertex 30.8 0 6.29999
      vertex 50.3054 0 12.0271
    endloop
  endfacet
  facet normal 0 -1 0
    outer loop
      vertex 30.7899 0 6.12085
      vertex 50.3054 0 12.0271
      vertex 30.8 0 6.29999
    endloop
  endfacet
  facet normal 0 -1 -0
    outer loop
      vertex 50.3054 0 12.0271
      vertex 30.7899 0 6.12085
      vertex 50.41 0 11.91
    endloop
  endfacet
  facet normal 0 -1 0
    outer loop
      vertex 30.7599 0 5.94395
      vertex 50.41 0 11.91
      vertex 30.7899 0 6.12085
    endloop
  endfacet
  facet normal 0 -1 -0
    outer loop
      vertex 50.41 0 11.91
      vertex 30.7599 0 5.94395
      vertex 50.5271 0 11.8054
    endloop
  endfacet
  facet normal 0 -1 0
    outer loop
      vertex 81.832 0 7.49055
      vertex 62.6 0 11.5
      vertex 51.4 0 11.5
    endloop
  endfacet
  facet normal 0 -1 0
    outer loop
      vertex 62.6 0 11.5
      vertex 81.832 0 7.49055
      vertex 67.4 0 11.5
    endloop
  endfacet
  facet normal 0 -1 -0
    outer loop
      vertex 50.5271 0 11.8054
      vertex 30.7102 0 5.77155
      vertex 50.6552 0 11.7146
    endloop
  endfacet
  facet normal 0 -1 0
    outer loop
      vertex 30.7102 0 5.77155
      vertex 50.5271 0 11.8054
      vertex 30.7599 0 5.94395
    endloop
  endfacet
  facet normal -1 0 0
    outer loop
      vertex 0 0 5
      vertex 0 2.8 33
      vertex 0 2.8 5
    endloop
  endfacet
  facet normal -1 -0 0
    outer loop
      vertex 0 2.8 33
      vertex 0 0 5
      vertex 0 0 33
    endloop
  endfacet
  facet normal 0.382699 0 -0.923873
    outer loop
      vertex 84.6514 0 0.280582
      vertex 85.1694 2.8 0.495155
      vertex 85.1694 0 0.495155
    endloop
  endfacet
  facet normal 0.382699 0 -0.923873
    outer loop
      vertex 85.1694 2.8 0.495155
      vertex 84.6514 0 0.280582
      vertex 84.6514 2.8 0.280582
    endloop
  endfacet
  facet normal 1 -0 0
    outer loop
      vertex 88 0 33
      vertex 88 2.8 5
      vertex 88 2.8 33
    endloop
  endfacet
  facet normal 1 0 0
    outer loop
      vertex 88 2.8 5
      vertex 88 0 33
      vertex 88 0 5
    endloop
  endfacet
  facet normal -0.276834 0 -0.960918
    outer loop
      vertex 3.3486 0 0.280582
      vertex 3.88739 2.8 0.12536
      vertex 3.88739 0 0.12536
    endloop
  endfacet
  facet normal -0.276834 0 -0.960918
    outer loop
      vertex 3.88739 2.8 0.12536
      vertex 3.3486 0 0.280582
      vertex 3.3486 2.8 0.280582
    endloop
  endfacet
  facet normal 0 0 -1
    outer loop
      vertex 28.3 0 0
      vertex 83 2.8 0
      vertex 83 0 0
    endloop
  endfacet
  facet normal -0 0 -1
    outer loop
      vertex 83 2.8 0
      vertex 28.3 0 0
      vertex 28.3 2.8 0
    endloop
  endfacet
  facet normal 0 0 -1
    outer loop
      vertex 5 0 0
      vertex 20.3 2.8 0
      vertex 20.3 0 0
    endloop
  endfacet
  facet normal -0 0 -1
    outer loop
      vertex 20.3 2.8 0
      vertex 5 0 0
      vertex 5 2.8 0
    endloop
  endfacet
  facet normal 0.998431 -0 0.0560034
    outer loop
      vertex 87.9686 0 33.5598
      vertex 88 2.8 33
      vertex 87.9686 2.8 33.5598
    endloop
  endfacet
  facet normal 0.998431 0 0.0560034
    outer loop
      vertex 88 2.8 33
      vertex 87.9686 0 33.5598
      vertex 88 0 33
    endloop
  endfacet
  facet normal -0 0 1
    outer loop
      vertex 5 2.8 38
      vertex 83 0 38
      vertex 83 2.8 38
    endloop
  endfacet
  facet normal 0 0 1
    outer loop
      vertex 83 0 38
      vertex 5 2.8 38
      vertex 5 0 38
    endloop
  endfacet
  facet normal -0.578668 0 -0.815563
    outer loop
      vertex 1.88255 0 1.09084
      vertex 2.33984 2.8 0.766378
      vertex 2.33984 0 0.766378
    endloop
  endfacet
  facet normal -0.578668 0 -0.815563
    outer loop
      vertex 2.33984 2.8 0.766378
      vertex 1.88255 0 1.09084
      vertex 1.88255 2.8 1.09084
    endloop
  endfacet
  facet normal -0.483688 0 0.87524
    outer loop
      vertex 2.33984 2.8 37.2336
      vertex 2.83058 0 37.5048
      vertex 2.83058 2.8 37.5048
    endloop
  endfacet
  facet normal -0.483688 0 0.87524
    outer loop
      vertex 2.83058 0 37.5048
      vertex 2.33984 2.8 37.2336
      vertex 2.33984 0 37.2336
    endloop
  endfacet
  facet normal 0.87524 0 -0.483688
    outer loop
      vertex 87.5048 0 2.83058
      vertex 87.2336 2.8 2.33984
      vertex 87.5048 2.8 2.83058
    endloop
  endfacet
  facet normal 0.87524 0 -0.483688
    outer loop
      vertex 87.2336 2.8 2.33984
      vertex 87.5048 0 2.83058
      vertex 87.2336 0 2.33984
    endloop
  endfacet
  facet normal 0.875265 -0 0.483643
    outer loop
      vertex 87.2336 0 35.6602
      vertex 87.5048 2.8 35.1694
      vertex 87.2336 2.8 35.6602
    endloop
  endfacet
  facet normal 0.875265 0 0.483643
    outer loop
      vertex 87.5048 2.8 35.1694
      vertex 87.2336 0 35.6602
      vertex 87.5048 0 35.1694
    endloop
  endfacet
  facet normal -0.985872 0 0.167501
    outer loop
      vertex 0.0314388 0 33.5598
      vertex 0.12536 2.8 34.1126
      vertex 0.0314388 2.8 33.5598
    endloop
  endfacet
  facet normal -0.985872 0 0.167501
    outer loop
      vertex 0.12536 2.8 34.1126
      vertex 0.0314388 0 33.5598
      vertex 0.12536 0 34.1126
    endloop
  endfacet
  facet normal 0.745571 0 -0.666427
    outer loop
      vertex 86.9092 0 1.88255
      vertex 86.5355 2.8 1.46447
      vertex 86.9092 2.8 1.88255
    endloop
  endfacet
  facet normal 0.745571 0 -0.666427
    outer loop
      vertex 86.5355 2.8 1.46447
      vertex 86.9092 0 1.88255
      vertex 86.5355 0 1.46447
    endloop
  endfacet
  facet normal 0.960928 0 -0.276798
    outer loop
      vertex 87.8746 0 3.88739
      vertex 87.7194 2.8 3.3486
      vertex 87.8746 2.8 3.88739
    endloop
  endfacet
  facet normal 0.960928 0 -0.276798
    outer loop
      vertex 87.7194 2.8 3.3486
      vertex 87.8746 0 3.88739
      vertex 87.7194 0 3.3486
    endloop
  endfacet
  facet normal 0.923856 -0 0.38274
    outer loop
      vertex 87.5048 0 35.1694
      vertex 87.7194 2.8 34.6514
      vertex 87.5048 2.8 35.1694
    endloop
  endfacet
  facet normal 0.923856 0 0.38274
    outer loop
      vertex 87.7194 2.8 34.6514
      vertex 87.5048 0 35.1694
      vertex 87.7194 0 34.6514
    endloop
  endfacet
  facet normal -0.960918 0 -0.276834
    outer loop
      vertex 0.280582 0 3.3486
      vertex 0.12536 2.8 3.88739
      vertex 0.280582 2.8 3.3486
    endloop
  endfacet
  facet normal -0.960918 -0 -0.276834
    outer loop
      vertex 0.12536 2.8 3.88739
      vertex 0.280582 0 3.3486
      vertex 0.12536 0 3.88739
    endloop
  endfacet
  facet normal 0 1 -0
    outer loop
      vertex 20.3 2.8 0
      vertex 19.4 2.8 4.7
      vertex 20.3 2.8 4.7
    endloop
  endfacet
  facet normal -0 1 0
    outer loop
      vertex 8.62484 2.8 4.3507
      vertex 19.4 2.8 4.7
      vertex 20.3 2.8 0
    endloop
  endfacet
  facet normal 0 1 0
    outer loop
      vertex 19.4 2.8 4.7
      vertex 8.62484 2.8 4.3507
      vertex 8.793 2.8 4.65496
    endloop
  endfacet
  facet normal 0 1 0
    outer loop
      vertex 8.62484 2.8 4.3507
      vertex 20.3 2.8 0
      vertex 8.42368 2.8 4.06718
    endloop
  endfacet
  facet normal 0 1 0
    outer loop
      vertex 8.42368 2.8 4.06718
      vertex 20.3 2.8 0
      vertex 8.19203 2.8 3.80797
    endloop
  endfacet
  facet normal 0 1 0
    outer loop
      vertex 8.19203 2.8 3.80797
      vertex 20.3 2.8 0
      vertex 7.93282 2.8 3.57632
    endloop
  endfacet
  facet normal 0 1 0
    outer loop
      vertex 7.93282 2.8 3.57632
      vertex 20.3 2.8 0
      vertex 7.6493 2.8 3.37515
    endloop
  endfacet
  facet normal 0 1 0
    outer loop
      vertex 5 2.8 0
      vertex 7.6493 2.8 3.37515
      vertex 20.3 2.8 0
    endloop
  endfacet
  facet normal 0 1 0
    outer loop
      vertex 7.6493 2.8 3.37515
      vertex 5 2.8 0
      vertex 7.34504 2.8 3.207
    endloop
  endfacet
  facet normal 0 1 0
    outer loop
      vertex 7.34504 2.8 3.207
      vertex 5 2.8 0
      vertex 7.02386 2.8 3.07396
    endloop
  endfacet
  facet normal 0 1 0
    outer loop
      vertex 3.37515 2.8 4.3507
      vertex 0.766378 2.8 2.33984
      vertex 0.495155 2.8 2.83058
    endloop
  endfacet
  facet normal 0 1 0
    outer loop
      vertex 5 2.8 0
      vertex 6 2.8 2.9
      vertex 6.34709 2.8 2.91949
    endloop
  endfacet
  facet normal 0 1 0
    outer loop
      vertex 5.65291 2.8 2.91949
      vertex 1.09084 2.8 1.88255
      vertex 0.766378 2.8 2.33984
    endloop
  endfacet
  facet normal 0 1 0
    outer loop
      vertex 7.02386 2.8 3.07396
      vertex 5 2.8 0
      vertex 6.68981 2.8 2.97772
    endloop
  endfacet
  facet normal 0 1 0
    outer loop
      vertex 5.65291 2.8 2.91949
      vertex 5 2.8 0
      vertex 4.44018 2.8 0.0314388
    endloop
  endfacet
  facet normal 0 1 0
    outer loop
      vertex 5.65291 2.8 2.91949
      vertex 1.46447 2.8 1.46447
      vertex 1.09084 2.8 1.88255
    endloop
  endfacet
  facet normal 0 1 0
    outer loop
      vertex 5.65291 2.8 2.91949
      vertex 1.88255 2.8 1.09084
      vertex 1.46447 2.8 1.46447
    endloop
  endfacet
  facet normal 0 1 0
    outer loop
      vertex 5.65291 2.8 2.91949
      vertex 2.33984 2.8 0.766378
      vertex 1.88255 2.8 1.09084
    endloop
  endfacet
  facet normal 0 1 0
    outer loop
      vertex 5.65291 2.8 2.91949
      vertex 2.83058 2.8 0.495155
      vertex 2.33984 2.8 0.766378
    endloop
  endfacet
  facet normal 0 1 0
    outer loop
      vertex 5.65291 2.8 2.91949
      vertex 3.3486 2.8 0.280582
      vertex 2.83058 2.8 0.495155
    endloop
  endfacet
  facet normal 0 1 0
    outer loop
      vertex 5.65291 2.8 2.91949
      vertex 3.88739 2.8 0.12536
      vertex 3.3486 2.8 0.280582
    endloop
  endfacet
  facet normal 0 1 0
    outer loop
      vertex 6.68981 2.8 2.97772
      vertex 5 2.8 0
      vertex 6.34709 2.8 2.91949
    endloop
  endfacet
  facet normal 0 1 0
    outer loop
      vertex 5.65291 2.8 2.91949
      vertex 4.44018 2.8 0.0314388
      vertex 3.88739 2.8 0.12536
    endloop
  endfacet
  facet normal 0 1 0
    outer loop
      vertex 6.34709 2.8 28.9195
      vertex 6.34709 2.8 9.08051
      vertex 6 2.8 9.1
    endloop
  endfacet
  facet normal 0 1 0
    outer loop
      vertex 17.81 2.8 11.2791
      vertex 6.68981 2.8 9.02228
      vertex 6.34709 2.8 9.08051
    endloop
  endfacet
  facet normal 0 1 0
    outer loop
      vertex 17.81 2.8 11.2791
      vertex 7.02386 2.8 8.92604
      vertex 6.68981 2.8 9.02228
    endloop
  endfacet
  facet normal 0 1 0
    outer loop
      vertex 17.81 2.8 11.2791
      vertex 7.34504 2.8 8.793
      vertex 7.02386 2.8 8.92604
    endloop
  endfacet
  facet normal 0 1 0
    outer loop
      vertex 17.81 2.8 11.2791
      vertex 7.6493 2.8 8.62484
      vertex 7.34504 2.8 8.793
    endloop
  endfacet
  facet normal 0 1 0
    outer loop
      vertex 17.81 2.8 11.2791
      vertex 7.93282 2.8 8.42368
      vertex 7.6493 2.8 8.62484
    endloop
  endfacet
  facet normal 0 1 0
    outer loop
      vertex 17.81 2.8 11.2791
      vertex 8.19203 2.8 8.19203
      vertex 7.93282 2.8 8.42368
    endloop
  endfacet
  facet normal 0 1 0
    outer loop
      vertex 17.81 2.8 11.2791
      vertex 8.42368 2.8 7.93282
      vertex 8.19203 2.8 8.19203
    endloop
  endfacet
  facet normal 0 1 0
    outer loop
      vertex 17.8 2.8 11.1
      vertex 8.62484 2.8 7.6493
      vertex 8.42368 2.8 7.93282
    endloop
  endfacet
  facet normal 0 1 0
    outer loop
      vertex 17.8 2.8 11.1
      vertex 8.793 2.8 7.34504
      vertex 8.62484 2.8 7.6493
    endloop
  endfacet
  facet normal 0 1 0
    outer loop
      vertex 17.8 2.8 11.1
      vertex 8.92604 2.8 7.02386
      vertex 8.793 2.8 7.34504
    endloop
  endfacet
  facet normal 0 1 -0
    outer loop
      vertex 17.8 2.8 6.29999
      vertex 8.92604 2.8 7.02386
      vertex 17.8 2.8 11.1
    endloop
  endfacet
  facet normal 0 1 0
    outer loop
      vertex 8.92604 2.8 7.02386
      vertex 17.8 2.8 6.29999
      vertex 9.02228 2.8 6.68981
    endloop
  endfacet
  facet normal 0 1 0
    outer loop
      vertex 9.02228 2.8 6.68981
      vertex 17.8 2.8 6.29999
      vertex 9.08051 2.8 6.34709
    endloop
  endfacet
  facet normal 0 1 0
    outer loop
      vertex 9.1 2.8 6
      vertex 17.8 2.8 6.29999
      vertex 17.81 2.8 6.12085
    endloop
  endfacet
  facet normal 0 1 0
    outer loop
      vertex 17.8 2.8 6.29999
      vertex 9.1 2.8 6
      vertex 9.08051 2.8 6.34709
    endloop
  endfacet
  facet normal 0 1 0
    outer loop
      vertex 9.08051 2.8 5.65291
      vertex 17.81 2.8 6.12085
      vertex 17.8401 2.8 5.94395
    endloop
  endfacet
  facet normal 0 1 0
    outer loop
      vertex 9.02228 2.8 5.31018
      vertex 17.8401 2.8 5.94395
      vertex 17.8898 2.8 5.77155
    endloop
  endfacet
  facet normal 0 1 0
    outer loop
      vertex 17.81 2.8 6.12085
      vertex 9.08051 2.8 5.65291
      vertex 9.1 2.8 6
    endloop
  endfacet
  facet normal 0 1 0
    outer loop
      vertex 9.02228 2.8 5.31018
      vertex 17.8898 2.8 5.77155
      vertex 17.9584 2.8 5.60577
    endloop
  endfacet
  facet normal 0 1 0
    outer loop
      vertex 8.92604 2.8 4.97613
      vertex 17.9584 2.8 5.60577
      vertex 18.0452 2.8 5.44873
    endloop
  endfacet
  facet normal 0 1 0
    outer loop
      vertex 17.8401 2.8 5.94395
      vertex 9.02228 2.8 5.31018
      vertex 9.08051 2.8 5.65291
    endloop
  endfacet
  facet normal 0 1 0
    outer loop
      vertex 8.793 2.8 4.65496
      vertex 18.0452 2.8 5.44873
      vertex 18.149 2.8 5.3024
    endloop
  endfacet
  facet normal 0 1 0
    outer loop
      vertex 8.793 2.8 4.65496
      vertex 18.149 2.8 5.3024
      vertex 18.2686 2.8 5.16862
    endloop
  endfacet
  facet normal 0 1 0
    outer loop
      vertex 8.793 2.8 4.65496
      vertex 18.2686 2.8 5.16862
      vertex 18.4024 2.8 5.04906
    endloop
  endfacet
  facet normal 0 1 0
    outer loop
      vertex 17.9584 2.8 5.60577
      vertex 8.92604 2.8 4.97613
      vertex 9.02228 2.8 5.31018
    endloop
  endfacet
  facet normal 0 1 0
    outer loop
      vertex 8.793 2.8 4.65496
      vertex 18.4024 2.8 5.04906
      vertex 18.5487 2.8 4.94524
    endloop
  endfacet
  facet normal 0 1 0
    outer loop
      vertex 8.793 2.8 4.65496
      vertex 18.5487 2.8 4.94524
      vertex 18.7058 2.8 4.85844
    endloop
  endfacet
  facet normal 0 1 0
    outer loop
      vertex 8.793 2.8 4.65496
      vertex 18.7058 2.8 4.85844
      vertex 18.8715 2.8 4.78978
    endloop
  endfacet
  facet normal 0 1 0
    outer loop
      vertex 8.793 2.8 4.65496
      vertex 18.8715 2.8 4.78978
      vertex 19.0439 2.8 4.7401
    endloop
  endfacet
  facet normal 0 1 0
    outer loop
      vertex 8.793 2.8 4.65496
      vertex 19.0439 2.8 4.7401
      vertex 19.2208 2.8 4.71005
    endloop
  endfacet
  facet normal 0 1 0
    outer loop
      vertex 8.793 2.8 4.65496
      vertex 19.2208 2.8 4.71005
      vertex 19.4 2.8 4.7
    endloop
  endfacet
  facet normal 0 1 0
    outer loop
      vertex 18.0452 2.8 5.44873
      vertex 8.793 2.8 4.65496
      vertex 8.92604 2.8 4.97613
    endloop
  endfacet
  facet normal 0 1 0
    outer loop
      vertex 50.0351 2.8 27.4115
      vertex 29.3791 2.8 12.6899
      vertex 29.2 2.8 12.7
    endloop
  endfacet
  facet normal 0 1 0
    outer loop
      vertex 50 2.8 12.9
      vertex 29.556 2.8 12.6599
      vertex 29.3791 2.8 12.6899
    endloop
  endfacet
  facet normal 0 1 0
    outer loop
      vertex 50 2.8 12.9
      vertex 29.7284 2.8 12.6102
      vertex 29.556 2.8 12.6599
    endloop
  endfacet
  facet normal 0 1 0
    outer loop
      vertex 30.8 2.8 11.1
      vertex 50.0088 2.8 12.7432
      vertex 50.0351 2.8 12.5885
    endloop
  endfacet
  facet normal 0 1 0
    outer loop
      vertex 50 2.8 12.9
      vertex 29.8942 2.8 12.5415
      vertex 29.7284 2.8 12.6102
    endloop
  endfacet
  facet normal 0 1 0
    outer loop
      vertex 50 2.8 12.9
      vertex 30.0512 2.8 12.4547
      vertex 29.8942 2.8 12.5415
    endloop
  endfacet
  facet normal 0 1 0
    outer loop
      vertex 30.8 2.8 11.1
      vertex 50.0351 2.8 12.5885
      vertex 50.0786 2.8 12.4376
    endloop
  endfacet
  facet normal 0 1 0
    outer loop
      vertex 50 2.8 12.9
      vertex 30.1976 2.8 12.3509
      vertex 30.0512 2.8 12.4547
    endloop
  endfacet
  facet normal 0 1 0
    outer loop
      vertex 30.8 2.8 6.29999
      vertex 50.0786 2.8 12.4376
      vertex 50.1386 2.8 12.2926
    endloop
  endfacet
  facet normal 0 1 0
    outer loop
      vertex 50 2.8 12.9
      vertex 30.3313 2.8 12.2314
      vertex 30.1976 2.8 12.3509
    endloop
  endfacet
  facet normal 0 1 0
    outer loop
      vertex 30.8 2.8 6.29999
      vertex 50.1386 2.8 12.2926
      vertex 50.2146 2.8 12.1552
    endloop
  endfacet
  facet normal 0 1 0
    outer loop
      vertex 50 2.8 12.9
      vertex 30.4509 2.8 12.0976
      vertex 30.3313 2.8 12.2314
    endloop
  endfacet
  facet normal 0 1 0
    outer loop
      vertex 30.8 2.8 6.29999
      vertex 50.2146 2.8 12.1552
      vertex 50.3054 2.8 12.0271
    endloop
  endfacet
  facet normal 0 1 0
    outer loop
      vertex 50 2.8 12.9
      vertex 30.5547 2.8 11.9512
      vertex 30.4509 2.8 12.0976
    endloop
  endfacet
  facet normal 0 1 0
    outer loop
      vertex 30.7899 2.8 6.12085
      vertex 50.3054 2.8 12.0271
      vertex 50.41 2.8 11.91
    endloop
  endfacet
  facet normal 0 1 0
    outer loop
      vertex 30.7599 2.8 5.94395
      vertex 50.41 2.8 11.91
      vertex 50.5271 2.8 11.8054
    endloop
  endfacet
  facet normal 0 1 0
    outer loop
      vertex 50 2.8 12.9
      vertex 30.6415 2.8 11.7942
      vertex 30.5547 2.8 11.9512
    endloop
  endfacet
  facet normal 0 1 0
    outer loop
      vertex 30.7102 2.8 5.77155
      vertex 50.5271 2.8 11.8054
      vertex 50.6552 2.8 11.7146
    endloop
  endfacet
  facet normal 0 1 0
    outer loop
      vertex 30.6415 2.8 5.60577
      vertex 50.6552 2.8 11.7146
      vertex 50.7926 2.8 11.6386
    endloop
  endfacet
  facet normal 0 1 0
    outer loop
      vertex 50 2.8 12.9
      vertex 30.7102 2.8 11.6284
      vertex 30.6415 2.8 11.7942
    endloop
  endfacet
  facet normal 0 1 0
    outer loop
      vertex 28.3 2.8 0
      vertex 50.7926 2.8 11.6386
      vertex 50.9376 2.8 11.5786
    endloop
  endfacet
  facet normal 0 1 0
    outer loop
      vertex 28.3 2.8 0
      vertex 50.9376 2.8 11.5786
      vertex 51.0885 2.8 11.5351
    endloop
  endfacet
  facet normal 0 1 0
    outer loop
      vertex 28.3 2.8 0
      vertex 51.0885 2.8 11.5351
      vertex 51.2432 2.8 11.5088
    endloop
  endfacet
  facet normal 0 1 0
    outer loop
      vertex 28.3 2.8 0
      vertex 51.2432 2.8 11.5088
      vertex 51.4 2.8 11.5
    endloop
  endfacet
  facet normal 0 1 0
    outer loop
      vertex 50 2.8 12.9
      vertex 30.7599 2.8 11.456
      vertex 30.7102 2.8 11.6284
    endloop
  endfacet
  facet normal 0 1 0
    outer loop
      vertex 66.7926 2.8 14.3613
      vertex 66.7926 2.8 18.6386
      vertex 66.9376 2.8 14.4214
    endloop
  endfacet
  facet normal 0 1 0
    outer loop
      vertex 63.3448 2.8 18.7146
      vertex 62.7567 2.8 14.4912
      vertex 62.6 2.8 14.5
    endloop
  endfacet
  facet normal 0 1 0
    outer loop
      vertex 66.7926 2.8 18.6386
      vertex 66.7926 2.8 14.3613
      vertex 66.6552 2.8 18.7146
    endloop
  endfacet
  facet normal 0 1 0
    outer loop
      vertex 63.3448 2.8 18.7146
      vertex 62.9115 2.8 14.4649
      vertex 62.7567 2.8 14.4912
    endloop
  endfacet
  facet normal 0 1 0
    outer loop
      vertex 66.6552 2.8 14.2854
      vertex 66.6552 2.8 18.7146
      vertex 66.7926 2.8 14.3613
    endloop
  endfacet
  facet normal 0 1 0
    outer loop
      vertex 63.3448 2.8 18.7146
      vertex 63.0624 2.8 14.4214
      vertex 62.9115 2.8 14.4649
    endloop
  endfacet
  facet normal 0 1 0
    outer loop
      vertex 66.6552 2.8 18.7146
      vertex 66.6552 2.8 14.2854
      vertex 63.3448 2.8 18.7146
    endloop
  endfacet
  facet normal 0 1 0
    outer loop
      vertex 63.3448 2.8 18.7146
      vertex 63.2074 2.8 14.3613
      vertex 63.0624 2.8 14.4214
    endloop
  endfacet
  facet normal 0 1 0
    outer loop
      vertex 63.3448 2.8 14.2854
      vertex 63.3448 2.8 18.7146
      vertex 66.6552 2.8 14.2854
    endloop
  endfacet
  facet normal 0 1 0
    outer loop
      vertex 63.3448 2.8 18.7146
      vertex 63.3448 2.8 14.2854
      vertex 63.2074 2.8 14.3613
    endloop
  endfacet
  facet normal 0 1 -0
    outer loop
      vertex 66.5271 2.8 14.1945
      vertex 63.3448 2.8 14.2854
      vertex 66.6552 2.8 14.2854
    endloop
  endfacet
  facet normal 0 1 0
    outer loop
      vertex 66.5271 2.8 14.1945
      vertex 63.4729 2.8 14.1945
      vertex 63.3448 2.8 14.2854
    endloop
  endfacet
  facet normal 0 1 -0
    outer loop
      vertex 66.41 2.8 14.0899
      vertex 63.4729 2.8 14.1945
      vertex 66.5271 2.8 14.1945
    endloop
  endfacet
  facet normal 0 1 0
    outer loop
      vertex 66.41 2.8 14.0899
      vertex 63.5899 2.8 14.0899
      vertex 63.4729 2.8 14.1945
    endloop
  endfacet
  facet normal 0 1 -0
    outer loop
      vertex 66.3054 2.8 13.9729
      vertex 63.5899 2.8 14.0899
      vertex 66.41 2.8 14.0899
    endloop
  endfacet
  facet normal 0 1 0
    outer loop
      vertex 66.3054 2.8 13.9729
      vertex 63.6945 2.8 13.9729
      vertex 63.5899 2.8 14.0899
    endloop
  endfacet
  facet normal 0 1 -0
    outer loop
      vertex 66.2146 2.8 13.8448
      vertex 63.6945 2.8 13.9729
      vertex 66.3054 2.8 13.9729
    endloop
  endfacet
  facet normal 0 1 0
    outer loop
      vertex 66.2146 2.8 13.8448
      vertex 63.7854 2.8 13.8448
      vertex 63.6945 2.8 13.9729
    endloop
  endfacet
  facet normal 0 1 -0
    outer loop
      vertex 66.1386 2.8 13.7074
      vertex 63.7854 2.8 13.8448
      vertex 66.2146 2.8 13.8448
    endloop
  endfacet
  facet normal 0 1 0
    outer loop
      vertex 66.1386 2.8 13.7074
      vertex 63.8613 2.8 13.7074
      vertex 63.7854 2.8 13.8448
    endloop
  endfacet
  facet normal 0 1 -0
    outer loop
      vertex 66.0786 2.8 13.5624
      vertex 63.8613 2.8 13.7074
      vertex 66.1386 2.8 13.7074
    endloop
  endfacet
  facet normal 0 1 0
    outer loop
      vertex 66.0786 2.8 13.5624
      vertex 63.9214 2.8 13.5624
      vertex 63.8613 2.8 13.7074
    endloop
  endfacet
  facet normal 0 1 -0
    outer loop
      vertex 66.0351 2.8 13.4115
      vertex 63.9214 2.8 13.5624
      vertex 66.0786 2.8 13.5624
    endloop
  endfacet
  facet normal 0 1 0
    outer loop
      vertex 66.0351 2.8 13.4115
      vertex 63.9649 2.8 13.4115
      vertex 63.9214 2.8 13.5624
    endloop
  endfacet
  facet normal 0 1 -0
    outer loop
      vertex 66.0088 2.8 13.2567
      vertex 63.9649 2.8 13.4115
      vertex 66.0351 2.8 13.4115
    endloop
  endfacet
  facet normal 0 1 0
    outer loop
      vertex 66.0088 2.8 13.2567
      vertex 63.9912 2.8 13.2567
      vertex 63.9649 2.8 13.4115
    endloop
  endfacet
  facet normal 0 1 -0
    outer loop
      vertex 66 2.8 13.1
      vertex 63.9912 2.8 13.2567
      vertex 66.0088 2.8 13.2567
    endloop
  endfacet
  facet normal 0 1 0
    outer loop
      vertex 66 2.8 13.1
      vertex 64 2.8 13.1
      vertex 63.9912 2.8 13.2567
    endloop
  endfacet
  facet normal 0 1 -0
    outer loop
      vertex 66 2.8 12.9
      vertex 64 2.8 13.1
      vertex 66 2.8 13.1
    endloop
  endfacet
  facet normal 0 1 0
    outer loop
      vertex 66 2.8 12.9
      vertex 64 2.8 12.9
      vertex 64 2.8 13.1
    endloop
  endfacet
  facet normal 0 1 0
    outer loop
      vertex 66.0088 2.8 12.7432
      vertex 64 2.8 12.9
      vertex 66 2.8 12.9
    endloop
  endfacet
  facet normal 0 1 0
    outer loop
      vertex 66.0088 2.8 12.7432
      vertex 63.9912 2.8 12.7432
      vertex 64 2.8 12.9
    endloop
  endfacet
  facet normal 0 1 0
    outer loop
      vertex 66.0351 2.8 12.5885
      vertex 63.9912 2.8 12.7432
      vertex 66.0088 2.8 12.7432
    endloop
  endfacet
  facet normal 0 1 0
    outer loop
      vertex 66.0351 2.8 12.5885
      vertex 63.9649 2.8 12.5885
      vertex 63.9912 2.8 12.7432
    endloop
  endfacet
  facet normal 0 1 0
    outer loop
      vertex 66.0786 2.8 12.4376
      vertex 63.9649 2.8 12.5885
      vertex 66.0351 2.8 12.5885
    endloop
  endfacet
  facet normal 0 1 0
    outer loop
      vertex 66.0786 2.8 12.4376
      vertex 63.9214 2.8 12.4376
      vertex 63.9649 2.8 12.5885
    endloop
  endfacet
  facet normal 0 1 0
    outer loop
      vertex 66.1386 2.8 12.2926
      vertex 63.9214 2.8 12.4376
      vertex 66.0786 2.8 12.4376
    endloop
  endfacet
  facet normal 0 1 0
    outer loop
      vertex 66.1386 2.8 12.2926
      vertex 63.8613 2.8 12.2926
      vertex 63.9214 2.8 12.4376
    endloop
  endfacet
  facet normal 0 1 0
    outer loop
      vertex 66.2146 2.8 12.1552
      vertex 63.8613 2.8 12.2926
      vertex 66.1386 2.8 12.2926
    endloop
  endfacet
  facet normal 0 1 0
    outer loop
      vertex 66.2146 2.8 12.1552
      vertex 63.7854 2.8 12.1552
      vertex 63.8613 2.8 12.2926
    endloop
  endfacet
  facet normal 0 1 0
    outer loop
      vertex 66.3054 2.8 12.0271
      vertex 63.7854 2.8 12.1552
      vertex 66.2146 2.8 12.1552
    endloop
  endfacet
  facet normal 0 1 0
    outer loop
      vertex 66.3054 2.8 12.0271
      vertex 63.6945 2.8 12.0271
      vertex 63.7854 2.8 12.1552
    endloop
  endfacet
  facet normal 0 1 0
    outer loop
      vertex 66.41 2.8 11.91
      vertex 63.6945 2.8 12.0271
      vertex 66.3054 2.8 12.0271
    endloop
  endfacet
  facet normal 0 1 0
    outer loop
      vertex 66.41 2.8 11.91
      vertex 63.5899 2.8 11.91
      vertex 63.6945 2.8 12.0271
    endloop
  endfacet
  facet normal 0 1 0
    outer loop
      vertex 66.5271 2.8 11.8054
      vertex 63.5899 2.8 11.91
      vertex 66.41 2.8 11.91
    endloop
  endfacet
  facet normal 0 1 0
    outer loop
      vertex 66.5271 2.8 11.8054
      vertex 63.4729 2.8 11.8054
      vertex 63.5899 2.8 11.91
    endloop
  endfacet
  facet normal 0 1 0
    outer loop
      vertex 66.6552 2.8 11.7146
      vertex 63.4729 2.8 11.8054
      vertex 66.5271 2.8 11.8054
    endloop
  endfacet
  facet normal 0 1 0
    outer loop
      vertex 66.6552 2.8 11.7146
      vertex 63.3448 2.8 11.7146
      vertex 63.4729 2.8 11.8054
    endloop
  endfacet
  facet normal 0 1 0
    outer loop
      vertex 66.7926 2.8 11.6386
      vertex 63.3448 2.8 11.7146
      vertex 66.6552 2.8 11.7146
    endloop
  endfacet
  facet normal 0 1 0
    outer loop
      vertex 66.7926 2.8 11.6386
      vertex 63.2074 2.8 11.6386
      vertex 63.3448 2.8 11.7146
    endloop
  endfacet
  facet normal 0 1 0
    outer loop
      vertex 66.9376 2.8 11.5786
      vertex 63.2074 2.8 11.6386
      vertex 66.7926 2.8 11.6386
    endloop
  endfacet
  facet normal 0 1 0
    outer loop
      vertex 66.9376 2.8 11.5786
      vertex 63.0624 2.8 11.5786
      vertex 63.2074 2.8 11.6386
    endloop
  endfacet
  facet normal 0 1 0
    outer loop
      vertex 67.0885 2.8 11.5351
      vertex 63.0624 2.8 11.5786
      vertex 66.9376 2.8 11.5786
    endloop
  endfacet
  facet normal 0 1 0
    outer loop
      vertex 67.0885 2.8 11.5351
      vertex 62.9115 2.8 11.5351
      vertex 63.0624 2.8 11.5786
    endloop
  endfacet
  facet normal 0 1 0
    outer loop
      vertex 67.2432 2.8 11.5088
      vertex 62.9115 2.8 11.5351
      vertex 67.0885 2.8 11.5351
    endloop
  endfacet
  facet normal 0 1 0
    outer loop
      vertex 67.2432 2.8 11.5088
      vertex 62.7567 2.8 11.5088
      vertex 62.9115 2.8 11.5351
    endloop
  endfacet
  facet normal 0 1 0
    outer loop
      vertex 79.3752 2.8 4.3507
      vertex 67.2432 2.8 11.5088
      vertex 67.4 2.8 11.5
    endloop
  endfacet
  facet normal 0 1 0
    outer loop
      vertex 67.2432 2.8 11.5088
      vertex 79.3752 2.8 4.3507
      vertex 62.7567 2.8 11.5088
    endloop
  endfacet
  facet normal 0 1 0
    outer loop
      vertex 66.7926 2.8 21.3613
      vertex 66.7926 2.8 25.6386
      vertex 66.9376 2.8 21.4214
    endloop
  endfacet
  facet normal 0 1 0
    outer loop
      vertex 63.3448 2.8 25.7146
      vertex 62.7567 2.8 21.4912
      vertex 62.6 2.8 21.5
    endloop
  endfacet
  facet normal 0 1 0
    outer loop
      vertex 66.7926 2.8 25.6386
      vertex 66.7926 2.8 21.3613
      vertex 66.6552 2.8 25.7146
    endloop
  endfacet
  facet normal 0 1 0
    outer loop
      vertex 63.3448 2.8 25.7146
      vertex 62.9115 2.8 21.4649
      vertex 62.7567 2.8 21.4912
    endloop
  endfacet
  facet normal 0 1 0
    outer loop
      vertex 66.6552 2.8 21.2854
      vertex 66.6552 2.8 25.7146
      vertex 66.7926 2.8 21.3613
    endloop
  endfacet
  facet normal 0 1 0
    outer loop
      vertex 63.3448 2.8 25.7146
      vertex 63.0624 2.8 21.4214
      vertex 62.9115 2.8 21.4649
    endloop
  endfacet
  facet normal 0 1 0
    outer loop
      vertex 66.6552 2.8 25.7146
      vertex 66.6552 2.8 21.2854
      vertex 63.3448 2.8 25.7146
    endloop
  endfacet
  facet normal 0 1 0
    outer loop
      vertex 63.3448 2.8 25.7146
      vertex 63.2074 2.8 21.3613
      vertex 63.0624 2.8 21.4214
    endloop
  endfacet
  facet normal 0 1 0
    outer loop
      vertex 63.3448 2.8 21.2854
      vertex 63.3448 2.8 25.7146
      vertex 66.6552 2.8 21.2854
    endloop
  endfacet
  facet normal 0 1 0
    outer loop
      vertex 63.3448 2.8 25.7146
      vertex 63.3448 2.8 21.2854
      vertex 63.2074 2.8 21.3613
    endloop
  endfacet
  facet normal 0 1 -0
    outer loop
      vertex 66.5271 2.8 21.1945
      vertex 63.3448 2.8 21.2854
      vertex 66.6552 2.8 21.2854
    endloop
  endfacet
  facet normal 0 1 0
    outer loop
      vertex 66.5271 2.8 21.1945
      vertex 63.4729 2.8 21.1945
      vertex 63.3448 2.8 21.2854
    endloop
  endfacet
  facet normal 0 1 -0
    outer loop
      vertex 66.41 2.8 21.0899
      vertex 63.4729 2.8 21.1945
      vertex 66.5271 2.8 21.1945
    endloop
  endfacet
  facet normal 0 1 0
    outer loop
      vertex 66.41 2.8 21.0899
      vertex 63.5899 2.8 21.0899
      vertex 63.4729 2.8 21.1945
    endloop
  endfacet
  facet normal 0 1 -0
    outer loop
      vertex 66.3054 2.8 20.9729
      vertex 63.5899 2.8 21.0899
      vertex 66.41 2.8 21.0899
    endloop
  endfacet
  facet normal 0 1 0
    outer loop
      vertex 66.3054 2.8 20.9729
      vertex 63.6945 2.8 20.9729
      vertex 63.5899 2.8 21.0899
    endloop
  endfacet
  facet normal 0 1 -0
    outer loop
      vertex 66.2146 2.8 20.8448
      vertex 63.6945 2.8 20.9729
      vertex 66.3054 2.8 20.9729
    endloop
  endfacet
  facet normal 0 1 0
    outer loop
      vertex 66.2146 2.8 20.8448
      vertex 63.7854 2.8 20.8448
      vertex 63.6945 2.8 20.9729
    endloop
  endfacet
  facet normal 0 1 -0
    outer loop
      vertex 66.1386 2.8 20.7074
      vertex 63.7854 2.8 20.8448
      vertex 66.2146 2.8 20.8448
    endloop
  endfacet
  facet normal 0 1 0
    outer loop
      vertex 66.1386 2.8 20.7074
      vertex 63.8613 2.8 20.7074
      vertex 63.7854 2.8 20.8448
    endloop
  endfacet
  facet normal 0 1 -0
    outer loop
      vertex 66.0786 2.8 20.5624
      vertex 63.8613 2.8 20.7074
      vertex 66.1386 2.8 20.7074
    endloop
  endfacet
  facet normal 0 1 0
    outer loop
      vertex 66.0786 2.8 20.5624
      vertex 63.9214 2.8 20.5624
      vertex 63.8613 2.8 20.7074
    endloop
  endfacet
  facet normal 0 1 -0
    outer loop
      vertex 66.0351 2.8 20.4115
      vertex 63.9214 2.8 20.5624
      vertex 66.0786 2.8 20.5624
    endloop
  endfacet
  facet normal 0 1 0
    outer loop
      vertex 66.0351 2.8 20.4115
      vertex 63.9649 2.8 20.4115
      vertex 63.9214 2.8 20.5624
    endloop
  endfacet
  facet normal 0 1 -0
    outer loop
      vertex 66.0088 2.8 20.2567
      vertex 63.9649 2.8 20.4115
      vertex 66.0351 2.8 20.4115
    endloop
  endfacet
  facet normal 0 1 0
    outer loop
      vertex 66.0088 2.8 20.2567
      vertex 63.9912 2.8 20.2567
      vertex 63.9649 2.8 20.4115
    endloop
  endfacet
  facet normal 0 1 -0
    outer loop
      vertex 66 2.8 20.1
      vertex 63.9912 2.8 20.2567
      vertex 66.0088 2.8 20.2567
    endloop
  endfacet
  facet normal 0 1 0
    outer loop
      vertex 66 2.8 20.1
      vertex 64 2.8 20.1
      vertex 63.9912 2.8 20.2567
    endloop
  endfacet
  facet normal 0 1 -0
    outer loop
      vertex 66 2.8 19.9
      vertex 64 2.8 20.1
      vertex 66 2.8 20.1
    endloop
  endfacet
  facet normal 0 1 0
    outer loop
      vertex 66 2.8 19.9
      vertex 64 2.8 19.9
      vertex 64 2.8 20.1
    endloop
  endfacet
  facet normal 0 1 0
    outer loop
      vertex 66.0088 2.8 19.7432
      vertex 64 2.8 19.9
      vertex 66 2.8 19.9
    endloop
  endfacet
  facet normal 0 1 0
    outer loop
      vertex 66.0088 2.8 19.7432
      vertex 63.9912 2.8 19.7432
      vertex 64 2.8 19.9
    endloop
  endfacet
  facet normal 0 1 0
    outer loop
      vertex 66.0351 2.8 19.5885
      vertex 63.9912 2.8 19.7432
      vertex 66.0088 2.8 19.7432
    endloop
  endfacet
  facet normal 0 1 0
    outer loop
      vertex 66.0351 2.8 19.5885
      vertex 63.9649 2.8 19.5885
      vertex 63.9912 2.8 19.7432
    endloop
  endfacet
  facet normal 0 1 0
    outer loop
      vertex 66.0786 2.8 19.4376
      vertex 63.9649 2.8 19.5885
      vertex 66.0351 2.8 19.5885
    endloop
  endfacet
  facet normal 0 1 0
    outer loop
      vertex 66.0786 2.8 19.4376
      vertex 63.9214 2.8 19.4376
      vertex 63.9649 2.8 19.5885
    endloop
  endfacet
  facet normal 0 1 0
    outer loop
      vertex 66.1386 2.8 19.2926
      vertex 63.9214 2.8 19.4376
      vertex 66.0786 2.8 19.4376
    endloop
  endfacet
  facet normal 0 1 0
    outer loop
      vertex 66.1386 2.8 19.2926
      vertex 63.8613 2.8 19.2926
      vertex 63.9214 2.8 19.4376
    endloop
  endfacet
  facet normal 0 1 0
    outer loop
      vertex 66.2146 2.8 19.1552
      vertex 63.8613 2.8 19.2926
      vertex 66.1386 2.8 19.2926
    endloop
  endfacet
  facet normal 0 1 0
    outer loop
      vertex 66.2146 2.8 19.1552
      vertex 63.7854 2.8 19.1552
      vertex 63.8613 2.8 19.2926
    endloop
  endfacet
  facet normal 0 1 0
    outer loop
      vertex 66.3054 2.8 19.0271
      vertex 63.7854 2.8 19.1552
      vertex 66.2146 2.8 19.1552
    endloop
  endfacet
  facet normal 0 1 0
    outer loop
      vertex 66.3054 2.8 19.0271
      vertex 63.6945 2.8 19.0271
      vertex 63.7854 2.8 19.1552
    endloop
  endfacet
  facet normal 0 1 0
    outer loop
      vertex 66.41 2.8 18.91
      vertex 63.6945 2.8 19.0271
      vertex 66.3054 2.8 19.0271
    endloop
  endfacet
  facet normal 0 1 0
    outer loop
      vertex 66.41 2.8 18.91
      vertex 63.5899 2.8 18.91
      vertex 63.6945 2.8 19.0271
    endloop
  endfacet
  facet normal 0 1 0
    outer loop
      vertex 66.5271 2.8 18.8054
      vertex 63.5899 2.8 18.91
      vertex 66.41 2.8 18.91
    endloop
  endfacet
  facet normal 0 1 0
    outer loop
      vertex 66.5271 2.8 18.8054
      vertex 63.4729 2.8 18.8054
      vertex 63.5899 2.8 18.91
    endloop
  endfacet
  facet normal 0 1 0
    outer loop
      vertex 66.6552 2.8 18.7146
      vertex 63.4729 2.8 18.8054
      vertex 66.5271 2.8 18.8054
    endloop
  endfacet
  facet normal 0 1 0
    outer loop
      vertex 66.6552 2.8 18.7146
      vertex 63.3448 2.8 18.7146
      vertex 63.4729 2.8 18.8054
    endloop
  endfacet
  facet normal 0 1 0
    outer loop
      vertex 67.0885 2.8 18.5351
      vertex 67.0885 2.8 14.4649
      vertex 66.9376 2.8 18.5786
    endloop
  endfacet
  facet normal 0 1 0
    outer loop
      vertex 66.9376 2.8 14.4214
      vertex 66.9376 2.8 18.5786
      vertex 67.0885 2.8 14.4649
    endloop
  endfacet
  facet normal 0 1 0
    outer loop
      vertex 67.0885 2.8 14.4649
      vertex 67.0885 2.8 18.5351
      vertex 67.2432 2.8 14.4912
    endloop
  endfacet
  facet normal 0 1 0
    outer loop
      vertex 66.9376 2.8 18.5786
      vertex 66.9376 2.8 14.4214
      vertex 66.7926 2.8 18.6386
    endloop
  endfacet
  facet normal 0 1 0
    outer loop
      vertex 67.2432 2.8 18.5088
      vertex 67.2432 2.8 14.4912
      vertex 67.0885 2.8 18.5351
    endloop
  endfacet
  facet normal 0 1 0
    outer loop
      vertex 63.3448 2.8 18.7146
      vertex 62.6 2.8 14.5
      vertex 63.2074 2.8 18.6386
    endloop
  endfacet
  facet normal 0 1 0
    outer loop
      vertex 67.2432 2.8 14.4912
      vertex 67.2432 2.8 18.5088
      vertex 67.4 2.8 14.5
    endloop
  endfacet
  facet normal 0 1 0
    outer loop
      vertex 63.2074 2.8 18.6386
      vertex 62.6 2.8 14.5
      vertex 63.0624 2.8 18.5786
    endloop
  endfacet
  facet normal 0 1 -0
    outer loop
      vertex 67.4 2.8 14.5
      vertex 67.2432 2.8 18.5088
      vertex 67.4 2.8 18.5
    endloop
  endfacet
  facet normal 0 1 0
    outer loop
      vertex 63.0624 2.8 18.5786
      vertex 62.6 2.8 14.5
      vertex 62.9115 2.8 18.5351
    endloop
  endfacet
  facet normal 0 1 0
    outer loop
      vertex 62.7567 2.8 28.4912
      vertex 79.808 2.8 34.192
      vertex 67.2432 2.8 28.4912
    endloop
  endfacet
  facet normal 0 1 0
    outer loop
      vertex 79.808 2.8 34.192
      vertex 62.7567 2.8 28.4912
      vertex 62.6 2.8 28.5
    endloop
  endfacet
  facet normal 0 1 -0
    outer loop
      vertex 67.0885 2.8 28.4649
      vertex 62.7567 2.8 28.4912
      vertex 67.2432 2.8 28.4912
    endloop
  endfacet
  facet normal 0 1 0
    outer loop
      vertex 67.0885 2.8 28.4649
      vertex 62.9115 2.8 28.4649
      vertex 62.7567 2.8 28.4912
    endloop
  endfacet
  facet normal 0 1 -0
    outer loop
      vertex 66.9376 2.8 28.4214
      vertex 62.9115 2.8 28.4649
      vertex 67.0885 2.8 28.4649
    endloop
  endfacet
  facet normal 0 1 0
    outer loop
      vertex 66.9376 2.8 28.4214
      vertex 63.0624 2.8 28.4214
      vertex 62.9115 2.8 28.4649
    endloop
  endfacet
  facet normal 0 1 -0
    outer loop
      vertex 66.7926 2.8 28.3613
      vertex 63.0624 2.8 28.4214
      vertex 66.9376 2.8 28.4214
    endloop
  endfacet
  facet normal 0 1 0
    outer loop
      vertex 66.7926 2.8 28.3613
      vertex 63.2074 2.8 28.3613
      vertex 63.0624 2.8 28.4214
    endloop
  endfacet
  facet normal 0 1 -0
    outer loop
      vertex 66.6552 2.8 28.2854
      vertex 63.2074 2.8 28.3613
      vertex 66.7926 2.8 28.3613
    endloop
  endfacet
  facet normal 0 1 0
    outer loop
      vertex 66.6552 2.8 28.2854
      vertex 63.3448 2.8 28.2854
      vertex 63.2074 2.8 28.3613
    endloop
  endfacet
  facet normal 0 1 -0
    outer loop
      vertex 66.5271 2.8 28.1945
      vertex 63.3448 2.8 28.2854
      vertex 66.6552 2.8 28.2854
    endloop
  endfacet
  facet normal 0 1 0
    outer loop
      vertex 66.5271 2.8 28.1945
      vertex 63.4729 2.8 28.1945
      vertex 63.3448 2.8 28.2854
    endloop
  endfacet
  facet normal 0 1 -0
    outer loop
      vertex 66.41 2.8 28.0899
      vertex 63.4729 2.8 28.1945
      vertex 66.5271 2.8 28.1945
    endloop
  endfacet
  facet normal 0 1 0
    outer loop
      vertex 66.41 2.8 28.0899
      vertex 63.5899 2.8 28.0899
      vertex 63.4729 2.8 28.1945
    endloop
  endfacet
  facet normal 0 1 -0
    outer loop
      vertex 66.3054 2.8 27.9729
      vertex 63.5899 2.8 28.0899
      vertex 66.41 2.8 28.0899
    endloop
  endfacet
  facet normal 0 1 0
    outer loop
      vertex 66.3054 2.8 27.9729
      vertex 63.6945 2.8 27.9729
      vertex 63.5899 2.8 28.0899
    endloop
  endfacet
  facet normal 0 1 -0
    outer loop
      vertex 66.2146 2.8 27.8448
      vertex 63.6945 2.8 27.9729
      vertex 66.3054 2.8 27.9729
    endloop
  endfacet
  facet normal 0 1 0
    outer loop
      vertex 66.2146 2.8 27.8448
      vertex 63.7854 2.8 27.8448
      vertex 63.6945 2.8 27.9729
    endloop
  endfacet
  facet normal 0 1 -0
    outer loop
      vertex 66.1386 2.8 27.7074
      vertex 63.7854 2.8 27.8448
      vertex 66.2146 2.8 27.8448
    endloop
  endfacet
  facet normal 0 1 0
    outer loop
      vertex 66.1386 2.8 27.7074
      vertex 63.8613 2.8 27.7074
      vertex 63.7854 2.8 27.8448
    endloop
  endfacet
  facet normal 0 1 -0
    outer loop
      vertex 66.0786 2.8 27.5624
      vertex 63.8613 2.8 27.7074
      vertex 66.1386 2.8 27.7074
    endloop
  endfacet
  facet normal 0 1 0
    outer loop
      vertex 66.0786 2.8 27.5624
      vertex 63.9214 2.8 27.5624
      vertex 63.8613 2.8 27.7074
    endloop
  endfacet
  facet normal 0 1 -0
    outer loop
      vertex 66.0351 2.8 27.4115
      vertex 63.9214 2.8 27.5624
      vertex 66.0786 2.8 27.5624
    endloop
  endfacet
  facet normal 0 1 0
    outer loop
      vertex 66.0351 2.8 27.4115
      vertex 63.9649 2.8 27.4115
      vertex 63.9214 2.8 27.5624
    endloop
  endfacet
  facet normal 0 1 -0
    outer loop
      vertex 66.0088 2.8 27.2567
      vertex 63.9649 2.8 27.4115
      vertex 66.0351 2.8 27.4115
    endloop
  endfacet
  facet normal 0 1 0
    outer loop
      vertex 66.0088 2.8 27.2567
      vertex 63.9912 2.8 27.2567
      vertex 63.9649 2.8 27.4115
    endloop
  endfacet
  facet normal 0 1 -0
    outer loop
      vertex 66 2.8 27.1
      vertex 63.9912 2.8 27.2567
      vertex 66.0088 2.8 27.2567
    endloop
  endfacet
  facet normal 0 1 0
    outer loop
      vertex 66 2.8 27.1
      vertex 64 2.8 27.1
      vertex 63.9912 2.8 27.2567
    endloop
  endfacet
  facet normal 0 1 -0
    outer loop
      vertex 66 2.8 26.9
      vertex 64 2.8 27.1
      vertex 66 2.8 27.1
    endloop
  endfacet
  facet normal 0 1 0
    outer loop
      vertex 66 2.8 26.9
      vertex 64 2.8 26.9
      vertex 64 2.8 27.1
    endloop
  endfacet
  facet normal 0 1 0
    outer loop
      vertex 66.0088 2.8 26.7432
      vertex 64 2.8 26.9
      vertex 66 2.8 26.9
    endloop
  endfacet
  facet normal 0 1 0
    outer loop
      vertex 66.0088 2.8 26.7432
      vertex 63.9912 2.8 26.7432
      vertex 64 2.8 26.9
    endloop
  endfacet
  facet normal 0 1 0
    outer loop
      vertex 66.0351 2.8 26.5885
      vertex 63.9912 2.8 26.7432
      vertex 66.0088 2.8 26.7432
    endloop
  endfacet
  facet normal 0 1 0
    outer loop
      vertex 66.0351 2.8 26.5885
      vertex 63.9649 2.8 26.5885
      vertex 63.9912 2.8 26.7432
    endloop
  endfacet
  facet normal 0 1 0
    outer loop
      vertex 66.0786 2.8 26.4376
      vertex 63.9649 2.8 26.5885
      vertex 66.0351 2.8 26.5885
    endloop
  endfacet
  facet normal 0 1 0
    outer loop
      vertex 66.0786 2.8 26.4376
      vertex 63.9214 2.8 26.4376
      vertex 63.9649 2.8 26.5885
    endloop
  endfacet
  facet normal 0 1 0
    outer loop
      vertex 66.1386 2.8 26.2926
      vertex 63.9214 2.8 26.4376
      vertex 66.0786 2.8 26.4376
    endloop
  endfacet
  facet normal 0 1 0
    outer loop
      vertex 66.1386 2.8 26.2926
      vertex 63.8613 2.8 26.2926
      vertex 63.9214 2.8 26.4376
    endloop
  endfacet
  facet normal 0 1 0
    outer loop
      vertex 66.2146 2.8 26.1552
      vertex 63.8613 2.8 26.2926
      vertex 66.1386 2.8 26.2926
    endloop
  endfacet
  facet normal 0 1 0
    outer loop
      vertex 66.2146 2.8 26.1552
      vertex 63.7854 2.8 26.1552
      vertex 63.8613 2.8 26.2926
    endloop
  endfacet
  facet normal 0 1 0
    outer loop
      vertex 66.3054 2.8 26.0271
      vertex 63.7854 2.8 26.1552
      vertex 66.2146 2.8 26.1552
    endloop
  endfacet
  facet normal 0 1 0
    outer loop
      vertex 66.3054 2.8 26.0271
      vertex 63.6945 2.8 26.0271
      vertex 63.7854 2.8 26.1552
    endloop
  endfacet
  facet normal 0 1 0
    outer loop
      vertex 66.41 2.8 25.91
      vertex 63.6945 2.8 26.0271
      vertex 66.3054 2.8 26.0271
    endloop
  endfacet
  facet normal 0 1 0
    outer loop
      vertex 66.41 2.8 25.91
      vertex 63.5899 2.8 25.91
      vertex 63.6945 2.8 26.0271
    endloop
  endfacet
  facet normal 0 1 0
    outer loop
      vertex 66.5271 2.8 25.8054
      vertex 63.5899 2.8 25.91
      vertex 66.41 2.8 25.91
    endloop
  endfacet
  facet normal 0 1 0
    outer loop
      vertex 66.5271 2.8 25.8054
      vertex 63.4729 2.8 25.8054
      vertex 63.5899 2.8 25.91
    endloop
  endfacet
  facet normal 0 1 0
    outer loop
      vertex 66.6552 2.8 25.7146
      vertex 63.4729 2.8 25.8054
      vertex 66.5271 2.8 25.8054
    endloop
  endfacet
  facet normal 0 1 0
    outer loop
      vertex 66.6552 2.8 25.7146
      vertex 63.3448 2.8 25.7146
      vertex 63.4729 2.8 25.8054
    endloop
  endfacet
  facet normal 0 1 0
    outer loop
      vertex 67.0885 2.8 25.5351
      vertex 67.0885 2.8 21.4649
      vertex 66.9376 2.8 25.5786
    endloop
  endfacet
  facet normal 0 1 0
    outer loop
      vertex 66.9376 2.8 21.4214
      vertex 66.9376 2.8 25.5786
      vertex 67.0885 2.8 21.4649
    endloop
  endfacet
  facet normal 0 1 0
    outer loop
      vertex 67.0885 2.8 21.4649
      vertex 67.0885 2.8 25.5351
      vertex 67.2432 2.8 21.4912
    endloop
  endfacet
  facet normal 0 1 0
    outer loop
      vertex 66.9376 2.8 25.5786
      vertex 66.9376 2.8 21.4214
      vertex 66.7926 2.8 25.6386
    endloop
  endfacet
  facet normal 0 1 0
    outer loop
      vertex 67.2432 2.8 25.5088
      vertex 67.2432 2.8 21.4912
      vertex 67.0885 2.8 25.5351
    endloop
  endfacet
  facet normal 0 1 0
    outer loop
      vertex 63.3448 2.8 25.7146
      vertex 62.6 2.8 21.5
      vertex 63.2074 2.8 25.6386
    endloop
  endfacet
  facet normal 0 1 0
    outer loop
      vertex 67.2432 2.8 21.4912
      vertex 67.2432 2.8 25.5088
      vertex 67.4 2.8 21.5
    endloop
  endfacet
  facet normal 0 1 0
    outer loop
      vertex 63.2074 2.8 25.6386
      vertex 62.6 2.8 21.5
      vertex 63.0624 2.8 25.5786
    endloop
  endfacet
  facet normal 0 1 -0
    outer loop
      vertex 67.4 2.8 21.5
      vertex 67.2432 2.8 25.5088
      vertex 67.4 2.8 25.5
    endloop
  endfacet
  facet normal 0 1 0
    outer loop
      vertex 63.0624 2.8 25.5786
      vertex 62.6 2.8 21.5
      vertex 62.9115 2.8 25.5351
    endloop
  endfacet
  facet normal 0 1 0
    outer loop
      vertex 80.9761 2.8 34.926
      vertex 83 2.8 38
      vertex 81.3102 2.8 35.0223
    endloop
  endfacet
  facet normal 0 1 0
    outer loop
      vertex 5 2.8 38
      vertex 6.34709 2.8 35.0805
      vertex 6 2.8 35.1
    endloop
  endfacet
  facet normal 0 1 0
    outer loop
      vertex 80.655 2.8 34.793
      vertex 83 2.8 38
      vertex 80.9761 2.8 34.926
    endloop
  endfacet
  facet normal 0 1 0
    outer loop
      vertex 5 2.8 38
      vertex 6.68981 2.8 35.0223
      vertex 6.34709 2.8 35.0805
    endloop
  endfacet
  facet normal 0 1 0
    outer loop
      vertex 83 2.8 38
      vertex 51.2432 2.8 28.4912
      vertex 5 2.8 38
    endloop
  endfacet
  facet normal 0 1 0
    outer loop
      vertex 5 2.8 38
      vertex 7.02386 2.8 34.926
      vertex 6.68981 2.8 35.0223
    endloop
  endfacet
  facet normal 0 1 0
    outer loop
      vertex 80.3507 2.8 34.6248
      vertex 83 2.8 38
      vertex 80.655 2.8 34.793
    endloop
  endfacet
  facet normal 0 1 -0
    outer loop
      vertex 51.0885 2.8 28.4649
      vertex 5 2.8 38
      vertex 51.2432 2.8 28.4912
    endloop
  endfacet
  facet normal 0 1 0
    outer loop
      vertex 80.0672 2.8 34.4237
      vertex 83 2.8 38
      vertex 80.3507 2.8 34.6248
    endloop
  endfacet
  facet normal 0 1 0
    outer loop
      vertex 5 2.8 38
      vertex 7.34504 2.8 34.793
      vertex 7.02386 2.8 34.926
    endloop
  endfacet
  facet normal 0 1 0
    outer loop
      vertex 79.808 2.8 34.192
      vertex 83 2.8 38
      vertex 80.0672 2.8 34.4237
    endloop
  endfacet
  facet normal 0 1 -0
    outer loop
      vertex 50.9376 2.8 28.4214
      vertex 5 2.8 38
      vertex 51.0885 2.8 28.4649
    endloop
  endfacet
  facet normal 0 1 0
    outer loop
      vertex 83 2.8 38
      vertex 79.808 2.8 34.192
      vertex 62.6 2.8 28.5
    endloop
  endfacet
  facet normal 0 1 0
    outer loop
      vertex 83 2.8 38
      vertex 51.4 2.8 28.5
      vertex 51.2432 2.8 28.4912
    endloop
  endfacet
  facet normal 0 1 0
    outer loop
      vertex 67.4 2.8 28.5
      vertex 79.808 2.8 34.192
      vertex 79.5763 2.8 33.9328
    endloop
  endfacet
  facet normal 0 1 0
    outer loop
      vertex 5 2.8 38
      vertex 7.6493 2.8 34.6248
      vertex 7.34504 2.8 34.793
    endloop
  endfacet
  facet normal 0 1 0
    outer loop
      vertex 67.4 2.8 28.5
      vertex 79.5763 2.8 33.9328
      vertex 79.3752 2.8 33.6493
    endloop
  endfacet
  facet normal 0 1 -0
    outer loop
      vertex 50.7926 2.8 28.3613
      vertex 5 2.8 38
      vertex 50.9376 2.8 28.4214
    endloop
  endfacet
  facet normal 0 1 0
    outer loop
      vertex 67.4 2.8 28.5
      vertex 79.3752 2.8 33.6493
      vertex 79.207 2.8 33.345
    endloop
  endfacet
  facet normal 0 1 0
    outer loop
      vertex 5 2.8 38
      vertex 7.93282 2.8 34.4237
      vertex 7.6493 2.8 34.6248
    endloop
  endfacet
  facet normal 0 1 0
    outer loop
      vertex 67.4 2.8 28.5
      vertex 79.207 2.8 33.345
      vertex 79.074 2.8 33.0239
    endloop
  endfacet
  facet normal 0 1 -0
    outer loop
      vertex 50.6552 2.8 28.2854
      vertex 5 2.8 38
      vertex 50.7926 2.8 28.3613
    endloop
  endfacet
  facet normal 0 1 0
    outer loop
      vertex 67.4 2.8 28.5
      vertex 79.074 2.8 33.0239
      vertex 78.9777 2.8 32.6898
    endloop
  endfacet
  facet normal 0 1 0
    outer loop
      vertex 5 2.8 38
      vertex 8.19203 2.8 34.192
      vertex 7.93282 2.8 34.4237
    endloop
  endfacet
  facet normal 0 1 0
    outer loop
      vertex 67.4 2.8 28.5
      vertex 78.9777 2.8 32.6898
      vertex 78.9195 2.8 32.3471
    endloop
  endfacet
  facet normal 0 1 0
    outer loop
      vertex 5 2.8 38
      vertex 50.6552 2.8 28.2854
      vertex 8.19203 2.8 34.192
    endloop
  endfacet
  facet normal 0 1 0
    outer loop
      vertex 67.4 2.8 28.5
      vertex 78.9195 2.8 32.3471
      vertex 78.9 2.8 32
    endloop
  endfacet
  facet normal 0 1 0
    outer loop
      vertex 8.19203 2.8 34.192
      vertex 50.6552 2.8 28.2854
      vertex 8.42368 2.8 33.9328
    endloop
  endfacet
  facet normal 0 1 0
    outer loop
      vertex 67.4 2.8 28.5
      vertex 78.9 2.8 32
      vertex 78.9195 2.8 31.6529
    endloop
  endfacet
  facet normal 0 1 -0
    outer loop
      vertex 50.5271 2.8 28.1945
      vertex 8.42368 2.8 33.9328
      vertex 50.6552 2.8 28.2854
    endloop
  endfacet
  facet normal 0 1 0
    outer loop
      vertex 78.6 2.8 28.5
      vertex 78.9195 2.8 31.6529
      vertex 78.9777 2.8 31.3102
    endloop
  endfacet
  facet normal 0 1 0
    outer loop
      vertex 8.42368 2.8 33.9328
      vertex 50.5271 2.8 28.1945
      vertex 8.62484 2.8 33.6493
    endloop
  endfacet
  facet normal 0 1 0
    outer loop
      vertex 78.6 2.8 28.5
      vertex 78.9777 2.8 31.3102
      vertex 79.074 2.8 30.9761
    endloop
  endfacet
  facet normal 0 1 -0
    outer loop
      vertex 50.41 2.8 28.0899
      vertex 8.62484 2.8 33.6493
      vertex 50.5271 2.8 28.1945
    endloop
  endfacet
  facet normal 0 1 0
    outer loop
      vertex 78.6 2.8 28.5
      vertex 79.074 2.8 30.9761
      vertex 79.207 2.8 30.655
    endloop
  endfacet
  facet normal 0 1 0
    outer loop
      vertex 8.62484 2.8 33.6493
      vertex 50.41 2.8 28.0899
      vertex 8.793 2.8 33.345
    endloop
  endfacet
  facet normal 0 1 0
    outer loop
      vertex 78.6 2.8 28.5
      vertex 79.207 2.8 30.655
      vertex 79.3752 2.8 30.3507
    endloop
  endfacet
  facet normal 0 1 -0
    outer loop
      vertex 50.3054 2.8 27.9729
      vertex 8.793 2.8 33.345
      vertex 50.41 2.8 28.0899
    endloop
  endfacet
  facet normal 0 1 0
    outer loop
      vertex 78.6 2.8 28.5
      vertex 79.3752 2.8 30.3507
      vertex 79.5763 2.8 30.0672
    endloop
  endfacet
  facet normal 0 1 0
    outer loop
      vertex 8.793 2.8 33.345
      vertex 50.3054 2.8 27.9729
      vertex 8.92604 2.8 33.0239
    endloop
  endfacet
  facet normal 0 1 0
    outer loop
      vertex 78.9115 2.8 28.4649
      vertex 79.5763 2.8 30.0672
      vertex 79.808 2.8 29.808
    endloop
  endfacet
  facet normal 0 1 -0
    outer loop
      vertex 50.2146 2.8 27.8448
      vertex 8.92604 2.8 33.0239
      vertex 50.3054 2.8 27.9729
    endloop
  endfacet
  facet normal 0 1 0
    outer loop
      vertex 79.0624 2.8 28.4214
      vertex 79.808 2.8 29.808
      vertex 80.0672 2.8 29.5763
    endloop
  endfacet
  facet normal 0 1 0
    outer loop
      vertex 8.92604 2.8 33.0239
      vertex 50.2146 2.8 27.8448
      vertex 9.02228 2.8 32.6898
    endloop
  endfacet
  facet normal 0 1 0
    outer loop
      vertex 79.3448 2.8 28.2854
      vertex 80.0672 2.8 29.5763
      vertex 80.3507 2.8 29.3752
    endloop
  endfacet
  facet normal 0 1 -0
    outer loop
      vertex 50.1386 2.8 27.7074
      vertex 9.02228 2.8 32.6898
      vertex 50.2146 2.8 27.8448
    endloop
  endfacet
  facet normal 0 1 0
    outer loop
      vertex 79.5899 2.8 28.0899
      vertex 80.3507 2.8 29.3752
      vertex 80.655 2.8 29.207
    endloop
  endfacet
  facet normal 0 1 0
    outer loop
      vertex 9.02228 2.8 32.6898
      vertex 50.1386 2.8 27.7074
      vertex 9.08051 2.8 32.3471
    endloop
  endfacet
  facet normal 0 1 0
    outer loop
      vertex 79.7854 2.8 27.8448
      vertex 80.655 2.8 29.207
      vertex 80.9761 2.8 29.074
    endloop
  endfacet
  facet normal 0 1 -0
    outer loop
      vertex 50.0786 2.8 27.5624
      vertex 9.08051 2.8 32.3471
      vertex 50.1386 2.8 27.7074
    endloop
  endfacet
  facet normal 0 1 0
    outer loop
      vertex 79.8613 2.8 27.7074
      vertex 80.9761 2.8 29.074
      vertex 81.3102 2.8 28.9777
    endloop
  endfacet
  facet normal 0 1 -0
    outer loop
      vertex 29.2 2.8 12.7
      vertex 9.08051 2.8 32.3471
      vertex 50.0786 2.8 27.5624
    endloop
  endfacet
  facet normal 0 1 0
    outer loop
      vertex 79.9649 2.8 27.4115
      vertex 81.3102 2.8 28.9777
      vertex 81.6529 2.8 28.9195
    endloop
  endfacet
  facet normal 0 1 0
    outer loop
      vertex 9.08051 2.8 32.3471
      vertex 29.2 2.8 12.7
      vertex 9.1 2.8 32
    endloop
  endfacet
  facet normal 0 1 0
    outer loop
      vertex 80 2.8 27.1
      vertex 81.6529 2.8 28.9195
      vertex 82 2.8 28.9
    endloop
  endfacet
  facet normal 0 1 0
    outer loop
      vertex 9.1 2.8 32
      vertex 29.2 2.8 12.7
      vertex 9.08051 2.8 31.6529
    endloop
  endfacet
  facet normal 0 1 0
    outer loop
      vertex 82.6898 2.8 35.0223
      vertex 83 2.8 38
      vertex 83.5598 2.8 37.9686
    endloop
  endfacet
  facet normal 0 1 0
    outer loop
      vertex 81.6529 2.8 35.0805
      vertex 83 2.8 38
      vertex 82 2.8 35.1
    endloop
  endfacet
  facet normal 0 1 0
    outer loop
      vertex 83.0239 2.8 34.926
      vertex 83.5598 2.8 37.9686
      vertex 84.1126 2.8 37.8746
    endloop
  endfacet
  facet normal 0 1 0
    outer loop
      vertex 81.3102 2.8 35.0223
      vertex 83 2.8 38
      vertex 81.6529 2.8 35.0805
    endloop
  endfacet
  facet normal 0 1 0
    outer loop
      vertex 83.345 2.8 34.793
      vertex 84.1126 2.8 37.8746
      vertex 84.6514 2.8 37.7194
    endloop
  endfacet
  facet normal 0 1 -0
    outer loop
      vertex 5.65291 2.8 35.0805
      vertex 5 2.8 38
      vertex 6 2.8 35.1
    endloop
  endfacet
  facet normal 0 1 0
    outer loop
      vertex 83.345 2.8 34.793
      vertex 84.6514 2.8 37.7194
      vertex 85.1694 2.8 37.5048
    endloop
  endfacet
  facet normal 0 1 -0
    outer loop
      vertex 5.31018 2.8 35.0223
      vertex 5 2.8 38
      vertex 5.65291 2.8 35.0805
    endloop
  endfacet
  facet normal 0 1 0
    outer loop
      vertex 83.6493 2.8 34.6248
      vertex 85.1694 2.8 37.5048
      vertex 85.6602 2.8 37.2336
    endloop
  endfacet
  facet normal 0 1 0
    outer loop
      vertex 5 2.8 38
      vertex 5.31018 2.8 35.0223
      vertex 4.44018 2.8 37.9686
    endloop
  endfacet
  facet normal 0 1 0
    outer loop
      vertex 83.9328 2.8 34.4237
      vertex 85.6602 2.8 37.2336
      vertex 86.1174 2.8 36.9092
    endloop
  endfacet
  facet normal 0 1 -0
    outer loop
      vertex 4.97613 2.8 34.926
      vertex 4.44018 2.8 37.9686
      vertex 5.31018 2.8 35.0223
    endloop
  endfacet
  facet normal 0 1 0
    outer loop
      vertex 84.192 2.8 34.192
      vertex 86.1174 2.8 36.9092
      vertex 86.5355 2.8 36.5355
    endloop
  endfacet
  facet normal 0 1 0
    outer loop
      vertex 4.44018 2.8 37.9686
      vertex 4.97613 2.8 34.926
      vertex 3.88739 2.8 37.8746
    endloop
  endfacet
  facet normal 0 1 0
    outer loop
      vertex 84.192 2.8 34.192
      vertex 86.5355 2.8 36.5355
      vertex 86.9092 2.8 36.1174
    endloop
  endfacet
  facet normal 0 1 -0
    outer loop
      vertex 4.65496 2.8 34.793
      vertex 3.88739 2.8 37.8746
      vertex 4.97613 2.8 34.926
    endloop
  endfacet
  facet normal 0 1 0
    outer loop
      vertex 84.4237 2.8 33.9328
      vertex 86.9092 2.8 36.1174
      vertex 87.2336 2.8 35.6602
    endloop
  endfacet
  facet normal 0 1 0
    outer loop
      vertex 3.88739 2.8 37.8746
      vertex 4.65496 2.8 34.793
      vertex 3.3486 2.8 37.7194
    endloop
  endfacet
  facet normal 0 1 0
    outer loop
      vertex 84.6248 2.8 33.6493
      vertex 87.2336 2.8 35.6602
      vertex 87.5048 2.8 35.1694
    endloop
  endfacet
  facet normal 0 1 0
    outer loop
      vertex 3.3486 2.8 37.7194
      vertex 4.65496 2.8 34.793
      vertex 2.83058 2.8 37.5048
    endloop
  endfacet
  facet normal 0 1 -0
    outer loop
      vertex 4.3507 2.8 34.6248
      vertex 2.83058 2.8 37.5048
      vertex 4.65496 2.8 34.793
    endloop
  endfacet
  facet normal 0 1 0
    outer loop
      vertex 83 2.8 38
      vertex 82.3471 2.8 35.0805
      vertex 82 2.8 35.1
    endloop
  endfacet
  facet normal 0 1 0
    outer loop
      vertex 83 2.8 38
      vertex 82.6898 2.8 35.0223
      vertex 82.3471 2.8 35.0805
    endloop
  endfacet
  facet normal 0 1 0
    outer loop
      vertex 83.5598 2.8 37.9686
      vertex 83.0239 2.8 34.926
      vertex 82.6898 2.8 35.0223
    endloop
  endfacet
  facet normal 0 1 0
    outer loop
      vertex 84.1126 2.8 37.8746
      vertex 83.345 2.8 34.793
      vertex 83.0239 2.8 34.926
    endloop
  endfacet
  facet normal 0 1 0
    outer loop
      vertex 84.6248 2.8 33.6493
      vertex 87.5048 2.8 35.1694
      vertex 87.7194 2.8 34.6514
    endloop
  endfacet
  facet normal 0 1 0
    outer loop
      vertex 85.1694 2.8 37.5048
      vertex 83.6493 2.8 34.6248
      vertex 83.345 2.8 34.793
    endloop
  endfacet
  facet normal 0 1 0
    outer loop
      vertex 85.6602 2.8 37.2336
      vertex 83.9328 2.8 34.4237
      vertex 83.6493 2.8 34.6248
    endloop
  endfacet
  facet normal 0 1 0
    outer loop
      vertex 86.1174 2.8 36.9092
      vertex 84.192 2.8 34.192
      vertex 83.9328 2.8 34.4237
    endloop
  endfacet
  facet normal 0 1 0
    outer loop
      vertex 84.793 2.8 33.345
      vertex 87.7194 2.8 34.6514
      vertex 87.8746 2.8 34.1126
    endloop
  endfacet
  facet normal 0 1 0
    outer loop
      vertex 86.9092 2.8 36.1174
      vertex 84.4237 2.8 33.9328
      vertex 84.192 2.8 34.192
    endloop
  endfacet
  facet normal 0 1 0
    outer loop
      vertex 87.2336 2.8 35.6602
      vertex 84.6248 2.8 33.6493
      vertex 84.4237 2.8 33.9328
    endloop
  endfacet
  facet normal 0 1 0
    outer loop
      vertex 84.926 2.8 33.0239
      vertex 87.8746 2.8 34.1126
      vertex 87.9686 2.8 33.5598
    endloop
  endfacet
  facet normal 0 1 0
    outer loop
      vertex 87.7194 2.8 34.6514
      vertex 84.793 2.8 33.345
      vertex 84.6248 2.8 33.6493
    endloop
  endfacet
  facet normal 0 1 0
    outer loop
      vertex 87.8746 2.8 34.1126
      vertex 84.926 2.8 33.0239
      vertex 84.793 2.8 33.345
    endloop
  endfacet
  facet normal 0 1 0
    outer loop
      vertex 85.0223 2.8 32.6898
      vertex 87.9686 2.8 33.5598
      vertex 88 2.8 33
    endloop
  endfacet
  facet normal 0 1 0
    outer loop
      vertex 87.9686 2.8 33.5598
      vertex 85.0223 2.8 32.6898
      vertex 84.926 2.8 33.0239
    endloop
  endfacet
  facet normal 0 1 0
    outer loop
      vertex 88 2.8 33
      vertex 85.0805 2.8 32.3471
      vertex 85.0223 2.8 32.6898
    endloop
  endfacet
  facet normal 0 1 0
    outer loop
      vertex 88 2.8 33
      vertex 85.1 2.8 32
      vertex 85.0805 2.8 32.3471
    endloop
  endfacet
  facet normal 0 1 0
    outer loop
      vertex 88 2.8 33
      vertex 85.0805 2.8 31.6529
      vertex 85.1 2.8 32
    endloop
  endfacet
  facet normal 0 1 0
    outer loop
      vertex 88 2.8 33
      vertex 85.0223 2.8 31.3102
      vertex 85.0805 2.8 31.6529
    endloop
  endfacet
  facet normal 0 1 0
    outer loop
      vertex 88 2.8 33
      vertex 84.926 2.8 30.9761
      vertex 85.0223 2.8 31.3102
    endloop
  endfacet
  facet normal 0 1 0
    outer loop
      vertex 88 2.8 33
      vertex 84.793 2.8 30.655
      vertex 84.926 2.8 30.9761
    endloop
  endfacet
  facet normal 0 1 0
    outer loop
      vertex 88 2.8 33
      vertex 84.6248 2.8 30.3507
      vertex 84.793 2.8 30.655
    endloop
  endfacet
  facet normal 0 1 0
    outer loop
      vertex 88 2.8 33
      vertex 84.4237 2.8 30.0672
      vertex 84.6248 2.8 30.3507
    endloop
  endfacet
  facet normal 0 1 0
    outer loop
      vertex 88 2.8 33
      vertex 84.192 2.8 29.808
      vertex 84.4237 2.8 30.0672
    endloop
  endfacet
  facet normal 0 1 0
    outer loop
      vertex 84.192 2.8 8.19203
      vertex 84.192 2.8 29.808
      vertex 88 2.8 33
    endloop
  endfacet
  facet normal 0 1 0
    outer loop
      vertex 78.9195 2.8 31.6529
      vertex 78.6 2.8 28.5
      vertex 67.4 2.8 28.5
    endloop
  endfacet
  facet normal 0 1 0
    outer loop
      vertex 79.9912 2.8 26.7432
      vertex 82 2.8 28.9
      vertex 82.3471 2.8 28.9195
    endloop
  endfacet
  facet normal 0 1 0
    outer loop
      vertex 79.5763 2.8 30.0672
      vertex 78.7567 2.8 28.4912
      vertex 78.6 2.8 28.5
    endloop
  endfacet
  facet normal 0 1 0
    outer loop
      vertex 79.5763 2.8 30.0672
      vertex 78.9115 2.8 28.4649
      vertex 78.7567 2.8 28.4912
    endloop
  endfacet
  facet normal 0 1 0
    outer loop
      vertex 79.808 2.8 29.808
      vertex 79.0624 2.8 28.4214
      vertex 78.9115 2.8 28.4649
    endloop
  endfacet
  facet normal 0 1 0
    outer loop
      vertex 80.0672 2.8 29.5763
      vertex 79.2074 2.8 28.3613
      vertex 79.0624 2.8 28.4214
    endloop
  endfacet
  facet normal 0 1 0
    outer loop
      vertex 79.9649 2.8 26.5885
      vertex 82.3471 2.8 28.9195
      vertex 82.6898 2.8 28.9777
    endloop
  endfacet
  facet normal 0 1 0
    outer loop
      vertex 80.0672 2.8 29.5763
      vertex 79.3448 2.8 28.2854
      vertex 79.2074 2.8 28.3613
    endloop
  endfacet
  facet normal 0 1 0
    outer loop
      vertex 80.3507 2.8 29.3752
      vertex 79.4729 2.8 28.1945
      vertex 79.3448 2.8 28.2854
    endloop
  endfacet
  facet normal 0 1 0
    outer loop
      vertex 80.3507 2.8 29.3752
      vertex 79.5899 2.8 28.0899
      vertex 79.4729 2.8 28.1945
    endloop
  endfacet
  facet normal 0 1 0
    outer loop
      vertex 80.655 2.8 29.207
      vertex 79.6945 2.8 27.9729
      vertex 79.5899 2.8 28.0899
    endloop
  endfacet
  facet normal 0 1 0
    outer loop
      vertex 79.9214 2.8 26.4376
      vertex 82.6898 2.8 28.9777
      vertex 83.0239 2.8 29.074
    endloop
  endfacet
  facet normal 0 1 0
    outer loop
      vertex 80.655 2.8 29.207
      vertex 79.7854 2.8 27.8448
      vertex 79.6945 2.8 27.9729
    endloop
  endfacet
  facet normal 0 1 0
    outer loop
      vertex 80.9761 2.8 29.074
      vertex 79.8613 2.8 27.7074
      vertex 79.7854 2.8 27.8448
    endloop
  endfacet
  facet normal 0 1 0
    outer loop
      vertex 79.8613 2.8 20.7074
      vertex 83.0239 2.8 29.074
      vertex 83.345 2.8 29.207
    endloop
  endfacet
  facet normal 0 1 0
    outer loop
      vertex 81.3102 2.8 28.9777
      vertex 79.9214 2.8 27.5624
      vertex 79.8613 2.8 27.7074
    endloop
  endfacet
  facet normal 0 1 0
    outer loop
      vertex 81.3102 2.8 28.9777
      vertex 79.9649 2.8 27.4115
      vertex 79.9214 2.8 27.5624
    endloop
  endfacet
  facet normal 0 1 0
    outer loop
      vertex 81.6529 2.8 28.9195
      vertex 79.9912 2.8 27.2567
      vertex 79.9649 2.8 27.4115
    endloop
  endfacet
  facet normal 0 1 0
    outer loop
      vertex 79.9214 2.8 20.5624
      vertex 83.345 2.8 29.207
      vertex 83.6493 2.8 29.3752
    endloop
  endfacet
  facet normal 0 1 0
    outer loop
      vertex 81.6529 2.8 28.9195
      vertex 80 2.8 27.1
      vertex 79.9912 2.8 27.2567
    endloop
  endfacet
  facet normal 0 1 0
    outer loop
      vertex 82 2.8 28.9
      vertex 80 2.8 26.9
      vertex 80 2.8 27.1
    endloop
  endfacet
  facet normal 0 1 0
    outer loop
      vertex 82 2.8 28.9
      vertex 79.9912 2.8 26.7432
      vertex 80 2.8 26.9
    endloop
  endfacet
  facet normal 0 1 0
    outer loop
      vertex 79.9649 2.8 20.4115
      vertex 83.6493 2.8 29.3752
      vertex 83.9328 2.8 29.5763
    endloop
  endfacet
  facet normal 0 1 0
    outer loop
      vertex 82.3471 2.8 28.9195
      vertex 79.9649 2.8 26.5885
      vertex 79.9912 2.8 26.7432
    endloop
  endfacet
  facet normal 0 1 0
    outer loop
      vertex 82.6898 2.8 28.9777
      vertex 79.9214 2.8 26.4376
      vertex 79.9649 2.8 26.5885
    endloop
  endfacet
  facet normal 0 1 0
    outer loop
      vertex 83.0239 2.8 29.074
      vertex 79.8613 2.8 26.2926
      vertex 79.9214 2.8 26.4376
    endloop
  endfacet
  facet normal 0 1 0
    outer loop
      vertex 83.0239 2.8 29.074
      vertex 79.8613 2.8 20.7074
      vertex 79.8613 2.8 26.2926
    endloop
  endfacet
  facet normal 0 1 0
    outer loop
      vertex 79.8613 2.8 26.2926
      vertex 79.8613 2.8 20.7074
      vertex 79.7854 2.8 26.1552
    endloop
  endfacet
  facet normal -0 1 0
    outer loop
      vertex 79.7854 2.8 20.8448
      vertex 79.7854 2.8 26.1552
      vertex 79.8613 2.8 20.7074
    endloop
  endfacet
  facet normal -0 1 0
    outer loop
      vertex 80 2.8 20.1
      vertex 84.192 2.8 29.808
      vertex 80 2.8 19.9
    endloop
  endfacet
  facet normal 0 1 0
    outer loop
      vertex 83.345 2.8 29.207
      vertex 79.9214 2.8 20.5624
      vertex 79.8613 2.8 20.7074
    endloop
  endfacet
  facet normal 0 1 0
    outer loop
      vertex 67.4 2.8 21.5
      vertex 67.4 2.8 25.5
      vertex 78.6 2.8 25.5
    endloop
  endfacet
  facet normal 0 1 0
    outer loop
      vertex 62.9115 2.8 25.5351
      vertex 62.6 2.8 21.5
      vertex 62.7567 2.8 25.5088
    endloop
  endfacet
  facet normal 0 1 0
    outer loop
      vertex 67.4 2.8 21.5
      vertex 78.6 2.8 25.5
      vertex 78.6 2.8 21.5
    endloop
  endfacet
  facet normal 0 1 0
    outer loop
      vertex 78.7567 2.8 25.5088
      vertex 78.6 2.8 21.5
      vertex 78.6 2.8 25.5
    endloop
  endfacet
  facet normal 0 1 0
    outer loop
      vertex 78.7567 2.8 21.4912
      vertex 78.7567 2.8 25.5088
      vertex 78.9115 2.8 25.5351
    endloop
  endfacet
  facet normal 0 1 0
    outer loop
      vertex 78.9115 2.8 21.4649
      vertex 78.9115 2.8 25.5351
      vertex 79.0624 2.8 25.5786
    endloop
  endfacet
  facet normal 0 1 0
    outer loop
      vertex 79.0624 2.8 21.4214
      vertex 79.0624 2.8 25.5786
      vertex 79.2074 2.8 25.6386
    endloop
  endfacet
  facet normal 0 1 0
    outer loop
      vertex 79.2074 2.8 21.3613
      vertex 79.2074 2.8 25.6386
      vertex 79.3448 2.8 25.7146
    endloop
  endfacet
  facet normal 0 1 0
    outer loop
      vertex 79.3448 2.8 21.2854
      vertex 79.3448 2.8 25.7146
      vertex 79.4729 2.8 25.8054
    endloop
  endfacet
  facet normal 0 1 0
    outer loop
      vertex 79.7854 2.8 26.1552
      vertex 79.7854 2.8 20.8448
      vertex 79.6945 2.8 26.0271
    endloop
  endfacet
  facet normal 0 1 0
    outer loop
      vertex 78.7567 2.8 25.5088
      vertex 78.7567 2.8 21.4912
      vertex 78.6 2.8 21.5
    endloop
  endfacet
  facet normal 0 1 0
    outer loop
      vertex 78.9115 2.8 25.5351
      vertex 78.9115 2.8 21.4649
      vertex 78.7567 2.8 21.4912
    endloop
  endfacet
  facet normal 0 1 0
    outer loop
      vertex 79.0624 2.8 25.5786
      vertex 79.0624 2.8 21.4214
      vertex 78.9115 2.8 21.4649
    endloop
  endfacet
  facet normal 0 1 0
    outer loop
      vertex 79.2074 2.8 25.6386
      vertex 79.2074 2.8 21.3613
      vertex 79.0624 2.8 21.4214
    endloop
  endfacet
  facet normal 0 1 0
    outer loop
      vertex 79.3448 2.8 25.7146
      vertex 79.3448 2.8 21.2854
      vertex 79.2074 2.8 21.3613
    endloop
  endfacet
  facet normal 0 1 0
    outer loop
      vertex 79.4729 2.8 25.8054
      vertex 79.4729 2.8 21.1945
      vertex 79.3448 2.8 21.2854
    endloop
  endfacet
  facet normal 0 1 0
    outer loop
      vertex 79.4729 2.8 25.8054
      vertex 79.5899 2.8 21.0899
      vertex 79.4729 2.8 21.1945
    endloop
  endfacet
  facet normal 0 1 0
    outer loop
      vertex 79.5899 2.8 25.91
      vertex 79.5899 2.8 21.0899
      vertex 79.4729 2.8 25.8054
    endloop
  endfacet
  facet normal -0 1 0
    outer loop
      vertex 79.5899 2.8 21.0899
      vertex 79.5899 2.8 25.91
      vertex 79.6945 2.8 20.9729
    endloop
  endfacet
  facet normal 0 1 0
    outer loop
      vertex 79.6945 2.8 26.0271
      vertex 79.6945 2.8 20.9729
      vertex 79.5899 2.8 25.91
    endloop
  endfacet
  facet normal -0 1 0
    outer loop
      vertex 79.6945 2.8 20.9729
      vertex 79.6945 2.8 26.0271
      vertex 79.7854 2.8 20.8448
    endloop
  endfacet
  facet normal 0 1 0
    outer loop
      vertex 83.6493 2.8 29.3752
      vertex 79.9649 2.8 20.4115
      vertex 79.9214 2.8 20.5624
    endloop
  endfacet
  facet normal 0 1 0
    outer loop
      vertex 83.9328 2.8 29.5763
      vertex 79.9912 2.8 20.2567
      vertex 79.9649 2.8 20.4115
    endloop
  endfacet
  facet normal 0 1 0
    outer loop
      vertex 83.9328 2.8 29.5763
      vertex 80 2.8 20.1
      vertex 79.9912 2.8 20.2567
    endloop
  endfacet
  facet normal 0 1 0
    outer loop
      vertex 84.192 2.8 29.808
      vertex 80 2.8 20.1
      vertex 83.9328 2.8 29.5763
    endloop
  endfacet
  facet normal 0 1 0
    outer loop
      vertex 84.192 2.8 29.808
      vertex 79.9912 2.8 19.7432
      vertex 80 2.8 19.9
    endloop
  endfacet
  facet normal 0 1 0
    outer loop
      vertex 84.192 2.8 29.808
      vertex 84.192 2.8 8.19203
      vertex 79.9912 2.8 19.7432
    endloop
  endfacet
  facet normal -0 1 -0
    outer loop
      vertex 83.9328 2.8 8.42368
      vertex 79.9912 2.8 19.7432
      vertex 84.192 2.8 8.19203
    endloop
  endfacet
  facet normal 0 1 0
    outer loop
      vertex 79.9912 2.8 19.7432
      vertex 83.9328 2.8 8.42368
      vertex 79.9649 2.8 19.5885
    endloop
  endfacet
  facet normal 0 1 0
    outer loop
      vertex 79.9649 2.8 19.5885
      vertex 83.9328 2.8 8.42368
      vertex 79.9214 2.8 19.4376
    endloop
  endfacet
  facet normal 0 1 0
    outer loop
      vertex 67.4 2.8 14.5
      vertex 67.4 2.8 18.5
      vertex 78.6 2.8 18.5
    endloop
  endfacet
  facet normal 0 1 0
    outer loop
      vertex 62.9115 2.8 18.5351
      vertex 62.6 2.8 14.5
      vertex 62.7567 2.8 18.5088
    endloop
  endfacet
  facet normal 0 1 0
    outer loop
      vertex 67.4 2.8 14.5
      vertex 78.6 2.8 18.5
      vertex 78.6 2.8 14.5
    endloop
  endfacet
  facet normal 0 1 0
    outer loop
      vertex 78.7567 2.8 18.5088
      vertex 78.6 2.8 14.5
      vertex 78.6 2.8 18.5
    endloop
  endfacet
  facet normal 0 1 0
    outer loop
      vertex 78.7567 2.8 14.4912
      vertex 78.7567 2.8 18.5088
      vertex 78.9115 2.8 18.5351
    endloop
  endfacet
  facet normal 0 1 0
    outer loop
      vertex 78.9115 2.8 14.4649
      vertex 78.9115 2.8 18.5351
      vertex 79.0624 2.8 18.5786
    endloop
  endfacet
  facet normal 0 1 0
    outer loop
      vertex 79.0624 2.8 14.4214
      vertex 79.0624 2.8 18.5786
      vertex 79.2074 2.8 18.6386
    endloop
  endfacet
  facet normal 0 1 0
    outer loop
      vertex 79.2074 2.8 14.3613
      vertex 79.2074 2.8 18.6386
      vertex 79.3448 2.8 18.7146
    endloop
  endfacet
  facet normal 0 1 0
    outer loop
      vertex 79.3448 2.8 14.2854
      vertex 79.3448 2.8 18.7146
      vertex 79.4729 2.8 18.8054
    endloop
  endfacet
  facet normal 0 1 0
    outer loop
      vertex 79.4729 2.8 14.1945
      vertex 79.4729 2.8 18.8054
      vertex 79.5899 2.8 18.91
    endloop
  endfacet
  facet normal 0 1 0
    outer loop
      vertex 79.5899 2.8 14.0899
      vertex 79.5899 2.8 18.91
      vertex 79.6945 2.8 19.0271
    endloop
  endfacet
  facet normal 0 1 0
    outer loop
      vertex 79.6945 2.8 13.9729
      vertex 79.6945 2.8 19.0271
      vertex 79.7854 2.8 19.1552
    endloop
  endfacet
  facet normal -0 1 -0
    outer loop
      vertex 83.6493 2.8 8.62484
      vertex 79.9214 2.8 19.4376
      vertex 83.9328 2.8 8.42368
    endloop
  endfacet
  facet normal 0 1 0
    outer loop
      vertex 78.7567 2.8 18.5088
      vertex 78.7567 2.8 14.4912
      vertex 78.6 2.8 14.5
    endloop
  endfacet
  facet normal 0 1 0
    outer loop
      vertex 78.9115 2.8 18.5351
      vertex 78.9115 2.8 14.4649
      vertex 78.7567 2.8 14.4912
    endloop
  endfacet
  facet normal 0 1 0
    outer loop
      vertex 79.0624 2.8 18.5786
      vertex 79.0624 2.8 14.4214
      vertex 78.9115 2.8 14.4649
    endloop
  endfacet
  facet normal 0 1 0
    outer loop
      vertex 79.2074 2.8 18.6386
      vertex 79.2074 2.8 14.3613
      vertex 79.0624 2.8 14.4214
    endloop
  endfacet
  facet normal 0 1 0
    outer loop
      vertex 79.3448 2.8 18.7146
      vertex 79.3448 2.8 14.2854
      vertex 79.2074 2.8 14.3613
    endloop
  endfacet
  facet normal 0 1 0
    outer loop
      vertex 79.4729 2.8 18.8054
      vertex 79.4729 2.8 14.1945
      vertex 79.3448 2.8 14.2854
    endloop
  endfacet
  facet normal 0 1 0
    outer loop
      vertex 79.5899 2.8 18.91
      vertex 79.5899 2.8 14.0899
      vertex 79.4729 2.8 14.1945
    endloop
  endfacet
  facet normal 0 1 0
    outer loop
      vertex 79.6945 2.8 19.0271
      vertex 79.6945 2.8 13.9729
      vertex 79.5899 2.8 14.0899
    endloop
  endfacet
  facet normal 0 1 0
    outer loop
      vertex 79.7854 2.8 19.1552
      vertex 79.7854 2.8 13.8448
      vertex 79.6945 2.8 13.9729
    endloop
  endfacet
  facet normal 0 1 0
    outer loop
      vertex 79.7854 2.8 19.1552
      vertex 79.8613 2.8 13.7074
      vertex 79.7854 2.8 13.8448
    endloop
  endfacet
  facet normal 0 1 0
    outer loop
      vertex 79.9214 2.8 19.4376
      vertex 79.9214 2.8 13.5624
      vertex 79.8613 2.8 19.2926
    endloop
  endfacet
  facet normal 0 1 0
    outer loop
      vertex 79.8613 2.8 19.2926
      vertex 79.8613 2.8 13.7074
      vertex 79.7854 2.8 19.1552
    endloop
  endfacet
  facet normal -0 1 0
    outer loop
      vertex 79.8613 2.8 13.7074
      vertex 79.8613 2.8 19.2926
      vertex 79.9214 2.8 13.5624
    endloop
  endfacet
  facet normal 0 1 0
    outer loop
      vertex 79.9214 2.8 13.5624
      vertex 83.6493 2.8 8.62484
      vertex 79.9649 2.8 13.4115
    endloop
  endfacet
  facet normal -0 1 -0
    outer loop
      vertex 83.345 2.8 8.793
      vertex 79.9649 2.8 13.4115
      vertex 83.6493 2.8 8.62484
    endloop
  endfacet
  facet normal 0 1 0
    outer loop
      vertex 79.9649 2.8 13.4115
      vertex 83.345 2.8 8.793
      vertex 79.9912 2.8 13.2567
    endloop
  endfacet
  facet normal -0 1 -0
    outer loop
      vertex 83.0239 2.8 8.92604
      vertex 79.9912 2.8 13.2567
      vertex 83.345 2.8 8.793
    endloop
  endfacet
  facet normal 0 1 0
    outer loop
      vertex 80 2.8 13.1
      vertex 83.0239 2.8 8.92604
      vertex 80 2.8 12.9
    endloop
  endfacet
  facet normal 0 1 0
    outer loop
      vertex 78.9777 2.8 6.68981
      vertex 67.4 2.8 11.5
      vertex 78.6 2.8 11.5
    endloop
  endfacet
  facet normal 0 1 -0
    outer loop
      vertex 78.9195 2.8 6.34709
      vertex 67.4 2.8 11.5
      vertex 78.9777 2.8 6.68981
    endloop
  endfacet
  facet normal 0 1 0
    outer loop
      vertex 78.9195 2.8 5.65291
      vertex 67.4 2.8 11.5
      vertex 78.9 2.8 6
    endloop
  endfacet
  facet normal 0 1 0
    outer loop
      vertex 50 2.8 12.9
      vertex 30.7899 2.8 11.2791
      vertex 30.7599 2.8 11.456
    endloop
  endfacet
  facet normal 0 1 0
    outer loop
      vertex 50.0088 2.8 12.7432
      vertex 30.8 2.8 11.1
      vertex 30.7899 2.8 11.2791
    endloop
  endfacet
  facet normal 0 1 0
    outer loop
      vertex 79.2074 2.8 11.6386
      vertex 80.655 2.8 8.793
      vertex 79.0624 2.8 11.5786
    endloop
  endfacet
  facet normal 0 1 0
    outer loop
      vertex 79.3448 2.8 11.7146
      vertex 80.655 2.8 8.793
      vertex 79.2074 2.8 11.6386
    endloop
  endfacet
  facet normal 0 1 -0
    outer loop
      vertex 80.655 2.8 8.793
      vertex 79.3448 2.8 11.7146
      vertex 80.9761 2.8 8.92604
    endloop
  endfacet
  facet normal 0 1 0
    outer loop
      vertex 79.4729 2.8 11.8054
      vertex 80.9761 2.8 8.92604
      vertex 79.3448 2.8 11.7146
    endloop
  endfacet
  facet normal 0 1 -0
    outer loop
      vertex 80.9761 2.8 8.92604
      vertex 79.4729 2.8 11.8054
      vertex 81.3102 2.8 9.02228
    endloop
  endfacet
  facet normal 0 1 0
    outer loop
      vertex 79.5899 2.8 11.91
      vertex 81.3102 2.8 9.02228
      vertex 79.4729 2.8 11.8054
    endloop
  endfacet
  facet normal 0 1 0
    outer loop
      vertex 79.6945 2.8 12.0271
      vertex 81.3102 2.8 9.02228
      vertex 79.5899 2.8 11.91
    endloop
  endfacet
  facet normal 0 1 -0
    outer loop
      vertex 81.3102 2.8 9.02228
      vertex 79.6945 2.8 12.0271
      vertex 81.6529 2.8 9.08051
    endloop
  endfacet
  facet normal 0 1 0
    outer loop
      vertex 79.7854 2.8 12.1552
      vertex 81.6529 2.8 9.08051
      vertex 79.6945 2.8 12.0271
    endloop
  endfacet
  facet normal 0 1 0
    outer loop
      vertex 79.8613 2.8 12.2926
      vertex 81.6529 2.8 9.08051
      vertex 79.7854 2.8 12.1552
    endloop
  endfacet
  facet normal 0 1 -0
    outer loop
      vertex 81.6529 2.8 9.08051
      vertex 79.8613 2.8 12.2926
      vertex 82 2.8 9.1
    endloop
  endfacet
  facet normal 0 1 0
    outer loop
      vertex 79.9214 2.8 12.4376
      vertex 82 2.8 9.1
      vertex 79.8613 2.8 12.2926
    endloop
  endfacet
  facet normal -0 1 -0
    outer loop
      vertex 82.6898 2.8 9.02228
      vertex 80 2.8 12.9
      vertex 83.0239 2.8 8.92604
    endloop
  endfacet
  facet normal 0 1 0
    outer loop
      vertex 79.9214 2.8 12.4376
      vertex 82.3471 2.8 9.08051
      vertex 82 2.8 9.1
    endloop
  endfacet
  facet normal 0 1 0
    outer loop
      vertex 79.9649 2.8 12.5885
      vertex 82.3471 2.8 9.08051
      vertex 79.9214 2.8 12.4376
    endloop
  endfacet
  facet normal -0 1 -0
    outer loop
      vertex 82.3471 2.8 9.08051
      vertex 79.9649 2.8 12.5885
      vertex 82.6898 2.8 9.02228
    endloop
  endfacet
  facet normal 0 1 0
    outer loop
      vertex 79.9912 2.8 12.7432
      vertex 82.6898 2.8 9.02228
      vertex 79.9649 2.8 12.5885
    endloop
  endfacet
  facet normal 0 1 0
    outer loop
      vertex 80 2.8 12.9
      vertex 82.6898 2.8 9.02228
      vertex 79.9912 2.8 12.7432
    endloop
  endfacet
  facet normal 0 1 0
    outer loop
      vertex 79.9912 2.8 13.2567
      vertex 83.0239 2.8 8.92604
      vertex 80 2.8 13.1
    endloop
  endfacet
  facet normal -0 1 0
    outer loop
      vertex 79.9214 2.8 13.5624
      vertex 79.9214 2.8 19.4376
      vertex 83.6493 2.8 8.62484
    endloop
  endfacet
  facet normal 0 1 0
    outer loop
      vertex 88 2.8 33
      vertex 84.4237 2.8 7.93282
      vertex 84.192 2.8 8.19203
    endloop
  endfacet
  facet normal 0 1 -0
    outer loop
      vertex 88 2.8 5
      vertex 84.4237 2.8 7.93282
      vertex 88 2.8 33
    endloop
  endfacet
  facet normal 0 1 0
    outer loop
      vertex 84.4237 2.8 7.93282
      vertex 88 2.8 5
      vertex 84.6248 2.8 7.6493
    endloop
  endfacet
  facet normal 0 1 0
    outer loop
      vertex 84.6248 2.8 7.6493
      vertex 88 2.8 5
      vertex 84.793 2.8 7.34504
    endloop
  endfacet
  facet normal 0 1 0
    outer loop
      vertex 84.793 2.8 7.34504
      vertex 88 2.8 5
      vertex 84.926 2.8 7.02386
    endloop
  endfacet
  facet normal 0 1 0
    outer loop
      vertex 84.926 2.8 7.02386
      vertex 88 2.8 5
      vertex 85.0223 2.8 6.68981
    endloop
  endfacet
  facet normal 0 1 0
    outer loop
      vertex 85.0223 2.8 6.68981
      vertex 88 2.8 5
      vertex 85.0805 2.8 6.34709
    endloop
  endfacet
  facet normal 0 1 0
    outer loop
      vertex 85.0805 2.8 6.34709
      vertex 88 2.8 5
      vertex 85.1 2.8 6
    endloop
  endfacet
  facet normal 0 1 0
    outer loop
      vertex 85.1 2.8 6
      vertex 88 2.8 5
      vertex 85.0805 2.8 5.65291
    endloop
  endfacet
  facet normal 0 1 0
    outer loop
      vertex 88 2.8 5
      vertex 85.0223 2.8 5.31018
      vertex 85.0805 2.8 5.65291
    endloop
  endfacet
  facet normal 0 1 -0
    outer loop
      vertex 87.9686 2.8 4.44018
      vertex 85.0223 2.8 5.31018
      vertex 88 2.8 5
    endloop
  endfacet
  facet normal 0 1 0
    outer loop
      vertex 85.0223 2.8 5.31018
      vertex 87.9686 2.8 4.44018
      vertex 84.926 2.8 4.97613
    endloop
  endfacet
  facet normal 0 1 -0
    outer loop
      vertex 87.8746 2.8 3.88739
      vertex 84.926 2.8 4.97613
      vertex 87.9686 2.8 4.44018
    endloop
  endfacet
  facet normal 0 1 0
    outer loop
      vertex 84.926 2.8 4.97613
      vertex 87.8746 2.8 3.88739
      vertex 84.793 2.8 4.65496
    endloop
  endfacet
  facet normal 0 1 -0
    outer loop
      vertex 87.7194 2.8 3.3486
      vertex 84.793 2.8 4.65496
      vertex 87.8746 2.8 3.88739
    endloop
  endfacet
  facet normal 0 1 0
    outer loop
      vertex 84.793 2.8 4.65496
      vertex 87.7194 2.8 3.3486
      vertex 84.6248 2.8 4.3507
    endloop
  endfacet
  facet normal 0 1 -0
    outer loop
      vertex 87.5048 2.8 2.83058
      vertex 84.6248 2.8 4.3507
      vertex 87.7194 2.8 3.3486
    endloop
  endfacet
  facet normal 0 1 -0
    outer loop
      vertex 87.2336 2.8 2.33984
      vertex 84.6248 2.8 4.3507
      vertex 87.5048 2.8 2.83058
    endloop
  endfacet
  facet normal 0 1 0
    outer loop
      vertex 84.6248 2.8 4.3507
      vertex 87.2336 2.8 2.33984
      vertex 84.4237 2.8 4.06718
    endloop
  endfacet
  facet normal 0 1 -0
    outer loop
      vertex 86.9092 2.8 1.88255
      vertex 84.4237 2.8 4.06718
      vertex 87.2336 2.8 2.33984
    endloop
  endfacet
  facet normal 0 1 0
    outer loop
      vertex 84.4237 2.8 4.06718
      vertex 86.9092 2.8 1.88255
      vertex 84.192 2.8 3.80797
    endloop
  endfacet
  facet normal 0 1 -0
    outer loop
      vertex 86.5355 2.8 1.46447
      vertex 84.192 2.8 3.80797
      vertex 86.9092 2.8 1.88255
    endloop
  endfacet
  facet normal 0 1 -0
    outer loop
      vertex 86.1174 2.8 1.09084
      vertex 84.192 2.8 3.80797
      vertex 86.5355 2.8 1.46447
    endloop
  endfacet
  facet normal 0 1 0
    outer loop
      vertex 84.192 2.8 3.80797
      vertex 86.1174 2.8 1.09084
      vertex 83.9328 2.8 3.57632
    endloop
  endfacet
  facet normal 0 1 0
    outer loop
      vertex 83.9328 2.8 3.57632
      vertex 85.6602 2.8 0.766378
      vertex 83.6493 2.8 3.37515
    endloop
  endfacet
  facet normal 0 1 -0
    outer loop
      vertex 85.6602 2.8 0.766378
      vertex 83.9328 2.8 3.57632
      vertex 86.1174 2.8 1.09084
    endloop
  endfacet
  facet normal 0 1 0
    outer loop
      vertex 2.83058 2.8 37.5048
      vertex 4.3507 2.8 34.6248
      vertex 2.33984 2.8 37.2336
    endloop
  endfacet
  facet normal 0 1 -0
    outer loop
      vertex 4.06718 2.8 34.4237
      vertex 2.33984 2.8 37.2336
      vertex 4.3507 2.8 34.6248
    endloop
  endfacet
  facet normal 0 1 0
    outer loop
      vertex 2.33984 2.8 37.2336
      vertex 4.06718 2.8 34.4237
      vertex 1.88255 2.8 36.9092
    endloop
  endfacet
  facet normal 0 1 -0
    outer loop
      vertex 3.80797 2.8 34.192
      vertex 1.88255 2.8 36.9092
      vertex 4.06718 2.8 34.4237
    endloop
  endfacet
  facet normal 0 1 0
    outer loop
      vertex 1.88255 2.8 36.9092
      vertex 3.80797 2.8 34.192
      vertex 1.46447 2.8 36.5355
    endloop
  endfacet
  facet normal 0 1 0
    outer loop
      vertex 1.46447 2.8 36.5355
      vertex 3.80797 2.8 34.192
      vertex 1.09084 2.8 36.1174
    endloop
  endfacet
  facet normal 0 1 -0
    outer loop
      vertex 3.57632 2.8 33.9328
      vertex 1.09084 2.8 36.1174
      vertex 3.80797 2.8 34.192
    endloop
  endfacet
  facet normal 0 1 0
    outer loop
      vertex 1.09084 2.8 36.1174
      vertex 3.57632 2.8 33.9328
      vertex 0.766378 2.8 35.6602
    endloop
  endfacet
  facet normal 0 1 -0
    outer loop
      vertex 3.37515 2.8 33.6493
      vertex 0.766378 2.8 35.6602
      vertex 3.57632 2.8 33.9328
    endloop
  endfacet
  facet normal 0 1 0
    outer loop
      vertex 0.766378 2.8 35.6602
      vertex 3.37515 2.8 33.6493
      vertex 0.495155 2.8 35.1694
    endloop
  endfacet
  facet normal 0 1 0
    outer loop
      vertex 0.495155 2.8 35.1694
      vertex 3.37515 2.8 33.6493
      vertex 0.280582 2.8 34.6514
    endloop
  endfacet
  facet normal 0 1 -0
    outer loop
      vertex 3.207 2.8 33.345
      vertex 0.280582 2.8 34.6514
      vertex 3.37515 2.8 33.6493
    endloop
  endfacet
  facet normal 0 1 0
    outer loop
      vertex 0.280582 2.8 34.6514
      vertex 3.207 2.8 33.345
      vertex 0.12536 2.8 34.1126
    endloop
  endfacet
  facet normal 0 1 -0
    outer loop
      vertex 3.07396 2.8 33.0239
      vertex 0.12536 2.8 34.1126
      vertex 3.207 2.8 33.345
    endloop
  endfacet
  facet normal 0 1 0
    outer loop
      vertex 0.12536 2.8 34.1126
      vertex 3.07396 2.8 33.0239
      vertex 0.0314388 2.8 33.5598
    endloop
  endfacet
  facet normal 0 1 -0
    outer loop
      vertex 2.97772 2.8 32.6898
      vertex 0.0314388 2.8 33.5598
      vertex 3.07396 2.8 33.0239
    endloop
  endfacet
  facet normal 0 1 0
    outer loop
      vertex 0.0314388 2.8 33.5598
      vertex 2.97772 2.8 32.6898
      vertex 0 2.8 33
    endloop
  endfacet
  facet normal 0 1 -0
    outer loop
      vertex 2.91949 2.8 32.3471
      vertex 0 2.8 33
      vertex 2.97772 2.8 32.6898
    endloop
  endfacet
  facet normal 0 1 -0
    outer loop
      vertex 2.9 2.8 32
      vertex 0 2.8 33
      vertex 2.91949 2.8 32.3471
    endloop
  endfacet
  facet normal 0 1 0
    outer loop
      vertex 2.91949 2.8 31.6529
      vertex 0 2.8 33
      vertex 2.9 2.8 32
    endloop
  endfacet
  facet normal 0 1 0
    outer loop
      vertex 2.97772 2.8 31.3102
      vertex 0 2.8 33
      vertex 2.91949 2.8 31.6529
    endloop
  endfacet
  facet normal 0 1 0
    outer loop
      vertex 3.07396 2.8 30.9761
      vertex 0 2.8 33
      vertex 2.97772 2.8 31.3102
    endloop
  endfacet
  facet normal 0 1 0
    outer loop
      vertex 3.207 2.8 30.655
      vertex 0 2.8 33
      vertex 3.07396 2.8 30.9761
    endloop
  endfacet
  facet normal 0 1 0
    outer loop
      vertex 3.37515 2.8 30.3507
      vertex 0 2.8 33
      vertex 3.207 2.8 30.655
    endloop
  endfacet
  facet normal 0 1 0
    outer loop
      vertex 3.57632 2.8 30.0672
      vertex 0 2.8 33
      vertex 3.37515 2.8 30.3507
    endloop
  endfacet
  facet normal 0 1 0
    outer loop
      vertex 3.80797 2.8 29.808
      vertex 0 2.8 33
      vertex 3.57632 2.8 30.0672
    endloop
  endfacet
  facet normal 0 1 0
    outer loop
      vertex 3.80797 2.8 8.19203
      vertex 3.80797 2.8 29.808
      vertex 4.06718 2.8 29.5763
    endloop
  endfacet
  facet normal 0 1 0
    outer loop
      vertex 67.2432 2.8 28.4912
      vertex 79.808 2.8 34.192
      vertex 67.4 2.8 28.5
    endloop
  endfacet
  facet normal 0 1 0
    outer loop
      vertex 83 2.8 38
      vertex 62.6 2.8 28.5
      vertex 51.4 2.8 28.5
    endloop
  endfacet
  facet normal 0 1 0
    outer loop
      vertex 9.08051 2.8 31.6529
      vertex 29.2 2.8 12.7
      vertex 9.02228 2.8 31.3102
    endloop
  endfacet
  facet normal 0 1 -0
    outer loop
      vertex 19.4 2.8 12.7
      vertex 9.02228 2.8 31.3102
      vertex 29.2 2.8 12.7
    endloop
  endfacet
  facet normal 0 1 0
    outer loop
      vertex 9.02228 2.8 31.3102
      vertex 19.4 2.8 12.7
      vertex 8.92604 2.8 30.9761
    endloop
  endfacet
  facet normal 0 1 0
    outer loop
      vertex 8.92604 2.8 30.9761
      vertex 19.4 2.8 12.7
      vertex 8.793 2.8 30.655
    endloop
  endfacet
  facet normal 0 1 0
    outer loop
      vertex 8.793 2.8 30.655
      vertex 19.4 2.8 12.7
      vertex 8.62484 2.8 30.3507
    endloop
  endfacet
  facet normal 0 1 -0
    outer loop
      vertex 19.2208 2.8 12.6899
      vertex 8.62484 2.8 30.3507
      vertex 19.4 2.8 12.7
    endloop
  endfacet
  facet normal 0 1 0
    outer loop
      vertex 8.62484 2.8 30.3507
      vertex 19.2208 2.8 12.6899
      vertex 8.42368 2.8 30.0672
    endloop
  endfacet
  facet normal 0 1 -0
    outer loop
      vertex 19.0439 2.8 12.6599
      vertex 8.42368 2.8 30.0672
      vertex 19.2208 2.8 12.6899
    endloop
  endfacet
  facet normal 0 1 0
    outer loop
      vertex 8.42368 2.8 30.0672
      vertex 19.0439 2.8 12.6599
      vertex 8.19203 2.8 29.808
    endloop
  endfacet
  facet normal 0 1 -0
    outer loop
      vertex 18.8715 2.8 12.6102
      vertex 8.19203 2.8 29.808
      vertex 19.0439 2.8 12.6599
    endloop
  endfacet
  facet normal 0 1 0
    outer loop
      vertex 8.19203 2.8 29.808
      vertex 18.8715 2.8 12.6102
      vertex 7.93282 2.8 29.5763
    endloop
  endfacet
  facet normal 0 1 -0
    outer loop
      vertex 18.7058 2.8 12.5415
      vertex 7.93282 2.8 29.5763
      vertex 18.8715 2.8 12.6102
    endloop
  endfacet
  facet normal 0 1 0
    outer loop
      vertex 29.2 2.8 12.7
      vertex 50.0786 2.8 27.5624
      vertex 50.0351 2.8 27.4115
    endloop
  endfacet
  facet normal 0 1 0
    outer loop
      vertex 29.3791 2.8 12.6899
      vertex 50.0351 2.8 27.4115
      vertex 50.0088 2.8 27.2567
    endloop
  endfacet
  facet normal 0 1 0
    outer loop
      vertex 29.3791 2.8 12.6899
      vertex 50.0088 2.8 27.2567
      vertex 50 2.8 27.1
    endloop
  endfacet
  facet normal 0 1 0
    outer loop
      vertex 29.3791 2.8 12.6899
      vertex 50 2.8 27.1
      vertex 50 2.8 26.9
    endloop
  endfacet
  facet normal 0 1 0
    outer loop
      vertex 29.3791 2.8 12.6899
      vertex 50 2.8 26.9
      vertex 50.0088 2.8 26.7432
    endloop
  endfacet
  facet normal 0 1 0
    outer loop
      vertex 29.3791 2.8 12.6899
      vertex 50.0088 2.8 26.7432
      vertex 50.0351 2.8 26.5885
    endloop
  endfacet
  facet normal 0 1 0
    outer loop
      vertex 50.0351 2.8 20.4115
      vertex 50.0351 2.8 26.5885
      vertex 50.0786 2.8 26.4376
    endloop
  endfacet
  facet normal 0 1 0
    outer loop
      vertex 50.0786 2.8 20.5624
      vertex 50.0786 2.8 26.4376
      vertex 50.1386 2.8 26.2926
    endloop
  endfacet
  facet normal 0 1 -0
    outer loop
      vertex 18.5487 2.8 12.4547
      vertex 7.93282 2.8 29.5763
      vertex 18.7058 2.8 12.5415
    endloop
  endfacet
  facet normal 0 1 0
    outer loop
      vertex 50.1386 2.8 20.7074
      vertex 50.1386 2.8 26.2926
      vertex 50.2146 2.8 26.1552
    endloop
  endfacet
  facet normal 0 1 0
    outer loop
      vertex 50.2146 2.8 20.8448
      vertex 50.2146 2.8 26.1552
      vertex 50.3054 2.8 26.0271
    endloop
  endfacet
  facet normal 0 1 0
    outer loop
      vertex 50.3054 2.8 20.9729
      vertex 50.3054 2.8 26.0271
      vertex 50.41 2.8 25.91
    endloop
  endfacet
  facet normal 0 1 0
    outer loop
      vertex 50.41 2.8 21.0899
      vertex 50.41 2.8 25.91
      vertex 50.5271 2.8 25.8054
    endloop
  endfacet
  facet normal 0 1 0
    outer loop
      vertex 50.5271 2.8 21.1945
      vertex 50.5271 2.8 25.8054
      vertex 50.6552 2.8 25.7146
    endloop
  endfacet
  facet normal 0 1 0
    outer loop
      vertex 50.6552 2.8 21.2854
      vertex 50.6552 2.8 25.7146
      vertex 50.7926 2.8 25.6386
    endloop
  endfacet
  facet normal 0 1 0
    outer loop
      vertex 50.7926 2.8 21.3613
      vertex 50.7926 2.8 25.6386
      vertex 50.9376 2.8 25.5786
    endloop
  endfacet
  facet normal 0 1 0
    outer loop
      vertex 50.9376 2.8 21.4214
      vertex 50.9376 2.8 25.5786
      vertex 51.0885 2.8 25.5351
    endloop
  endfacet
  facet normal 0 1 0
    outer loop
      vertex 51.0885 2.8 21.4649
      vertex 51.0885 2.8 25.5351
      vertex 51.2432 2.8 25.5088
    endloop
  endfacet
  facet normal 0 1 0
    outer loop
      vertex 62.7567 2.8 25.5088
      vertex 62.6 2.8 21.5
      vertex 62.6 2.8 25.5
    endloop
  endfacet
  facet normal 0 1 0
    outer loop
      vertex 62.6 2.8 25.5
      vertex 62.6 2.8 21.5
      vertex 51.4 2.8 25.5
    endloop
  endfacet
  facet normal 0 1 0
    outer loop
      vertex 51.4 2.8 21.5
      vertex 51.4 2.8 25.5
      vertex 62.6 2.8 21.5
    endloop
  endfacet
  facet normal 0 1 0
    outer loop
      vertex 51.4 2.8 25.5
      vertex 51.4 2.8 21.5
      vertex 51.2432 2.8 25.5088
    endloop
  endfacet
  facet normal 0 1 0
    outer loop
      vertex 51.2432 2.8 21.4912
      vertex 51.2432 2.8 25.5088
      vertex 51.4 2.8 21.5
    endloop
  endfacet
  facet normal 0 1 0
    outer loop
      vertex 51.0885 2.8 21.4649
      vertex 51.2432 2.8 25.5088
      vertex 51.2432 2.8 21.4912
    endloop
  endfacet
  facet normal 0 1 0
    outer loop
      vertex 51.0885 2.8 25.5351
      vertex 51.0885 2.8 21.4649
      vertex 50.9376 2.8 21.4214
    endloop
  endfacet
  facet normal 0 1 0
    outer loop
      vertex 50.9376 2.8 25.5786
      vertex 50.9376 2.8 21.4214
      vertex 50.7926 2.8 21.3613
    endloop
  endfacet
  facet normal 0 1 0
    outer loop
      vertex 50.7926 2.8 25.6386
      vertex 50.7926 2.8 21.3613
      vertex 50.6552 2.8 21.2854
    endloop
  endfacet
  facet normal 0 1 0
    outer loop
      vertex 50.6552 2.8 25.7146
      vertex 50.6552 2.8 21.2854
      vertex 50.5271 2.8 21.1945
    endloop
  endfacet
  facet normal 0 1 0
    outer loop
      vertex 50.5271 2.8 25.8054
      vertex 50.5271 2.8 21.1945
      vertex 50.41 2.8 21.0899
    endloop
  endfacet
  facet normal 0 1 0
    outer loop
      vertex 50.41 2.8 25.91
      vertex 50.41 2.8 21.0899
      vertex 50.3054 2.8 20.9729
    endloop
  endfacet
  facet normal 0 1 0
    outer loop
      vertex 7.93282 2.8 29.5763
      vertex 18.5487 2.8 12.4547
      vertex 7.6493 2.8 29.3752
    endloop
  endfacet
  facet normal 0 1 0
    outer loop
      vertex 50.3054 2.8 26.0271
      vertex 50.3054 2.8 20.9729
      vertex 50.2146 2.8 20.8448
    endloop
  endfacet
  facet normal 0 1 0
    outer loop
      vertex 50.2146 2.8 26.1552
      vertex 50.2146 2.8 20.8448
      vertex 50.1386 2.8 20.7074
    endloop
  endfacet
  facet normal 0 1 0
    outer loop
      vertex 50.1386 2.8 26.2926
      vertex 50.1386 2.8 20.7074
      vertex 50.0786 2.8 20.5624
    endloop
  endfacet
  facet normal 0 1 0
    outer loop
      vertex 50.0786 2.8 26.4376
      vertex 50.0786 2.8 20.5624
      vertex 50.0351 2.8 20.4115
    endloop
  endfacet
  facet normal 0 1 0
    outer loop
      vertex 29.3791 2.8 12.6899
      vertex 50.0351 2.8 26.5885
      vertex 50.0351 2.8 20.4115
    endloop
  endfacet
  facet normal 0 1 0
    outer loop
      vertex 29.3791 2.8 12.6899
      vertex 50.0351 2.8 20.4115
      vertex 50.0088 2.8 20.2567
    endloop
  endfacet
  facet normal 0 1 0
    outer loop
      vertex 29.3791 2.8 12.6899
      vertex 50.0088 2.8 20.2567
      vertex 50 2.8 20.1
    endloop
  endfacet
  facet normal 0 1 0
    outer loop
      vertex 29.3791 2.8 12.6899
      vertex 50 2.8 20.1
      vertex 50 2.8 19.9
    endloop
  endfacet
  facet normal 0 1 0
    outer loop
      vertex 29.3791 2.8 12.6899
      vertex 50 2.8 19.9
      vertex 50.0088 2.8 19.7432
    endloop
  endfacet
  facet normal 0 1 0
    outer loop
      vertex 29.3791 2.8 12.6899
      vertex 50.0088 2.8 19.7432
      vertex 50.0351 2.8 19.5885
    endloop
  endfacet
  facet normal 0 1 0
    outer loop
      vertex 29.3791 2.8 12.6899
      vertex 50.0351 2.8 19.5885
      vertex 50.0786 2.8 19.4376
    endloop
  endfacet
  facet normal 0 1 0
    outer loop
      vertex 50.0786 2.8 13.5624
      vertex 50.0786 2.8 19.4376
      vertex 50.1386 2.8 19.2926
    endloop
  endfacet
  facet normal 0 1 0
    outer loop
      vertex 50.1386 2.8 13.7074
      vertex 50.1386 2.8 19.2926
      vertex 50.2146 2.8 19.1552
    endloop
  endfacet
  facet normal 0 1 0
    outer loop
      vertex 50.2146 2.8 13.8448
      vertex 50.2146 2.8 19.1552
      vertex 50.3054 2.8 19.0271
    endloop
  endfacet
  facet normal 0 1 0
    outer loop
      vertex 50.3054 2.8 13.9729
      vertex 50.3054 2.8 19.0271
      vertex 50.41 2.8 18.91
    endloop
  endfacet
  facet normal 0 1 0
    outer loop
      vertex 50.41 2.8 14.0899
      vertex 50.41 2.8 18.91
      vertex 50.5271 2.8 18.8054
    endloop
  endfacet
  facet normal 0 1 0
    outer loop
      vertex 50.5271 2.8 14.1945
      vertex 50.5271 2.8 18.8054
      vertex 50.6552 2.8 18.7146
    endloop
  endfacet
  facet normal 0 1 0
    outer loop
      vertex 50.6552 2.8 14.2854
      vertex 50.6552 2.8 18.7146
      vertex 50.7926 2.8 18.6386
    endloop
  endfacet
  facet normal 0 1 0
    outer loop
      vertex 50.7926 2.8 14.3613
      vertex 50.7926 2.8 18.6386
      vertex 50.9376 2.8 18.5786
    endloop
  endfacet
  facet normal 0 1 0
    outer loop
      vertex 50.9376 2.8 14.4214
      vertex 50.9376 2.8 18.5786
      vertex 51.0885 2.8 18.5351
    endloop
  endfacet
  facet normal 0 1 0
    outer loop
      vertex 62.7567 2.8 18.5088
      vertex 62.6 2.8 14.5
      vertex 62.6 2.8 18.5
    endloop
  endfacet
  facet normal 0 1 0
    outer loop
      vertex 62.6 2.8 18.5
      vertex 62.6 2.8 14.5
      vertex 51.4 2.8 18.5
    endloop
  endfacet
  facet normal 0 1 0
    outer loop
      vertex 51.4 2.8 14.5
      vertex 51.4 2.8 18.5
      vertex 62.6 2.8 14.5
    endloop
  endfacet
  facet normal 0 1 0
    outer loop
      vertex 51.4 2.8 18.5
      vertex 51.4 2.8 14.5
      vertex 51.2432 2.8 18.5088
    endloop
  endfacet
  facet normal 0 1 0
    outer loop
      vertex 51.2432 2.8 14.4912
      vertex 51.2432 2.8 18.5088
      vertex 51.4 2.8 14.5
    endloop
  endfacet
  facet normal 0 1 0
    outer loop
      vertex 51.2432 2.8 18.5088
      vertex 51.2432 2.8 14.4912
      vertex 51.0885 2.8 18.5351
    endloop
  endfacet
  facet normal 0 1 0
    outer loop
      vertex 51.0885 2.8 14.4649
      vertex 51.0885 2.8 18.5351
      vertex 51.2432 2.8 14.4912
    endloop
  endfacet
  facet normal 0 1 0
    outer loop
      vertex 50.9376 2.8 14.4214
      vertex 51.0885 2.8 18.5351
      vertex 51.0885 2.8 14.4649
    endloop
  endfacet
  facet normal 0 1 0
    outer loop
      vertex 50.9376 2.8 18.5786
      vertex 50.9376 2.8 14.4214
      vertex 50.7926 2.8 14.3613
    endloop
  endfacet
  facet normal 0 1 -0
    outer loop
      vertex 18.4024 2.8 12.3509
      vertex 7.6493 2.8 29.3752
      vertex 18.5487 2.8 12.4547
    endloop
  endfacet
  facet normal 0 1 0
    outer loop
      vertex 50.7926 2.8 18.6386
      vertex 50.7926 2.8 14.3613
      vertex 50.6552 2.8 14.2854
    endloop
  endfacet
  facet normal 0 1 0
    outer loop
      vertex 50.6552 2.8 18.7146
      vertex 50.6552 2.8 14.2854
      vertex 50.5271 2.8 14.1945
    endloop
  endfacet
  facet normal 0 1 0
    outer loop
      vertex 50.5271 2.8 18.8054
      vertex 50.5271 2.8 14.1945
      vertex 50.41 2.8 14.0899
    endloop
  endfacet
  facet normal 0 1 0
    outer loop
      vertex 50.41 2.8 18.91
      vertex 50.41 2.8 14.0899
      vertex 50.3054 2.8 13.9729
    endloop
  endfacet
  facet normal 0 1 0
    outer loop
      vertex 50.3054 2.8 19.0271
      vertex 50.3054 2.8 13.9729
      vertex 50.2146 2.8 13.8448
    endloop
  endfacet
  facet normal 0 1 0
    outer loop
      vertex 50.2146 2.8 19.1552
      vertex 50.2146 2.8 13.8448
      vertex 50.1386 2.8 13.7074
    endloop
  endfacet
  facet normal 0 1 0
    outer loop
      vertex 50.1386 2.8 19.2926
      vertex 50.1386 2.8 13.7074
      vertex 50.0786 2.8 13.5624
    endloop
  endfacet
  facet normal 0 1 0
    outer loop
      vertex 29.3791 2.8 12.6899
      vertex 50.0786 2.8 19.4376
      vertex 50.0786 2.8 13.5624
    endloop
  endfacet
  facet normal 0 1 0
    outer loop
      vertex 29.3791 2.8 12.6899
      vertex 50.0786 2.8 13.5624
      vertex 50.0351 2.8 13.4115
    endloop
  endfacet
  facet normal 0 1 0
    outer loop
      vertex 29.3791 2.8 12.6899
      vertex 50.0351 2.8 13.4115
      vertex 50.0088 2.8 13.2567
    endloop
  endfacet
  facet normal 0 1 0
    outer loop
      vertex 29.3791 2.8 12.6899
      vertex 50.0088 2.8 13.2567
      vertex 50 2.8 13.1
    endloop
  endfacet
  facet normal 0 1 0
    outer loop
      vertex 29.3791 2.8 12.6899
      vertex 50 2.8 13.1
      vertex 50 2.8 12.9
    endloop
  endfacet
  facet normal 0 1 0
    outer loop
      vertex 30.7899 2.8 11.2791
      vertex 50 2.8 12.9
      vertex 50.0088 2.8 12.7432
    endloop
  endfacet
  facet normal 0 1 0
    outer loop
      vertex 7.6493 2.8 29.3752
      vertex 18.4024 2.8 12.3509
      vertex 7.34504 2.8 29.207
    endloop
  endfacet
  facet normal 0 1 -0
    outer loop
      vertex 18.2686 2.8 12.2314
      vertex 7.34504 2.8 29.207
      vertex 18.4024 2.8 12.3509
    endloop
  endfacet
  facet normal 0 1 0
    outer loop
      vertex 7.34504 2.8 29.207
      vertex 18.2686 2.8 12.2314
      vertex 7.02386 2.8 29.074
    endloop
  endfacet
  facet normal 0 1 -0
    outer loop
      vertex 18.149 2.8 12.0976
      vertex 7.02386 2.8 29.074
      vertex 18.2686 2.8 12.2314
    endloop
  endfacet
  facet normal 0 1 0
    outer loop
      vertex 6.34709 2.8 9.08051
      vertex 7.02386 2.8 29.074
      vertex 18.149 2.8 12.0976
    endloop
  endfacet
  facet normal 0 1 0
    outer loop
      vertex 6.34709 2.8 9.08051
      vertex 6.68981 2.8 28.9777
      vertex 7.02386 2.8 29.074
    endloop
  endfacet
  facet normal 0 1 0
    outer loop
      vertex 6.34709 2.8 9.08051
      vertex 6.34709 2.8 28.9195
      vertex 6.68981 2.8 28.9777
    endloop
  endfacet
  facet normal 0 1 0
    outer loop
      vertex 6.34709 2.8 28.9195
      vertex 6 2.8 9.1
      vertex 6 2.8 28.9
    endloop
  endfacet
  facet normal 0 1 0
    outer loop
      vertex 6 2.8 28.9
      vertex 6 2.8 9.1
      vertex 5.65291 2.8 28.9195
    endloop
  endfacet
  facet normal 0 1 0
    outer loop
      vertex 5.65291 2.8 9.08051
      vertex 5.65291 2.8 28.9195
      vertex 6 2.8 9.1
    endloop
  endfacet
  facet normal 0 1 0
    outer loop
      vertex 5.31018 2.8 9.02228
      vertex 5.31018 2.8 28.9777
      vertex 5.65291 2.8 9.08051
    endloop
  endfacet
  facet normal 0 1 0
    outer loop
      vertex 5.31018 2.8 28.9777
      vertex 5.31018 2.8 9.02228
      vertex 4.97613 2.8 29.074
    endloop
  endfacet
  facet normal 0 1 0
    outer loop
      vertex 4.97613 2.8 8.92604
      vertex 4.97613 2.8 29.074
      vertex 5.31018 2.8 9.02228
    endloop
  endfacet
  facet normal 0 1 0
    outer loop
      vertex 5.65291 2.8 28.9195
      vertex 5.65291 2.8 9.08051
      vertex 5.31018 2.8 28.9777
    endloop
  endfacet
  facet normal 0 1 0
    outer loop
      vertex 6.34709 2.8 9.08051
      vertex 18.149 2.8 12.0976
      vertex 18.0452 2.8 11.9512
    endloop
  endfacet
  facet normal 0 1 0
    outer loop
      vertex 6.34709 2.8 9.08051
      vertex 18.0452 2.8 11.9512
      vertex 17.9584 2.8 11.7942
    endloop
  endfacet
  facet normal 0 1 0
    outer loop
      vertex 6.34709 2.8 9.08051
      vertex 17.9584 2.8 11.7942
      vertex 17.8898 2.8 11.6284
    endloop
  endfacet
  facet normal 0 1 0
    outer loop
      vertex 6.34709 2.8 9.08051
      vertex 17.8898 2.8 11.6284
      vertex 17.8401 2.8 11.456
    endloop
  endfacet
  facet normal 0 1 0
    outer loop
      vertex 6.34709 2.8 9.08051
      vertex 17.8401 2.8 11.456
      vertex 17.81 2.8 11.2791
    endloop
  endfacet
  facet normal 0 1 0
    outer loop
      vertex 8.42368 2.8 7.93282
      vertex 17.81 2.8 11.2791
      vertex 17.8 2.8 11.1
    endloop
  endfacet
  facet normal 0 1 0
    outer loop
      vertex 4.97613 2.8 29.074
      vertex 4.97613 2.8 8.92604
      vertex 4.65496 2.8 29.207
    endloop
  endfacet
  facet normal 0 1 0
    outer loop
      vertex 4.65496 2.8 8.793
      vertex 4.65496 2.8 29.207
      vertex 4.97613 2.8 8.92604
    endloop
  endfacet
  facet normal 0 1 0
    outer loop
      vertex 4.65496 2.8 29.207
      vertex 4.65496 2.8 8.793
      vertex 4.3507 2.8 29.3752
    endloop
  endfacet
  facet normal 0 1 0
    outer loop
      vertex 4.3507 2.8 8.62484
      vertex 4.3507 2.8 29.3752
      vertex 4.65496 2.8 8.793
    endloop
  endfacet
  facet normal 0 1 0
    outer loop
      vertex 4.3507 2.8 29.3752
      vertex 4.3507 2.8 8.62484
      vertex 4.06718 2.8 29.5763
    endloop
  endfacet
  facet normal 0 1 0
    outer loop
      vertex 4.06718 2.8 8.42368
      vertex 4.06718 2.8 29.5763
      vertex 4.3507 2.8 8.62484
    endloop
  endfacet
  facet normal 0 1 0
    outer loop
      vertex 3.80797 2.8 8.19203
      vertex 4.06718 2.8 29.5763
      vertex 4.06718 2.8 8.42368
    endloop
  endfacet
  facet normal 0 1 0
    outer loop
      vertex 3.80797 2.8 29.808
      vertex 3.80797 2.8 8.19203
      vertex 0 2.8 33
    endloop
  endfacet
  facet normal 0 1 -0
    outer loop
      vertex 3.57632 2.8 7.93282
      vertex 0 2.8 33
      vertex 3.80797 2.8 8.19203
    endloop
  endfacet
  facet normal 0 1 0
    outer loop
      vertex 0 2.8 5
      vertex 3.57632 2.8 7.93282
      vertex 3.37515 2.8 7.6493
    endloop
  endfacet
  facet normal 0 1 0
    outer loop
      vertex 0 2.8 5
      vertex 3.37515 2.8 7.6493
      vertex 3.207 2.8 7.34504
    endloop
  endfacet
  facet normal 0 1 0
    outer loop
      vertex 0 2.8 5
      vertex 3.207 2.8 7.34504
      vertex 3.07396 2.8 7.02386
    endloop
  endfacet
  facet normal 0 1 0
    outer loop
      vertex 0 2.8 5
      vertex 3.07396 2.8 7.02386
      vertex 2.97772 2.8 6.68981
    endloop
  endfacet
  facet normal 0 1 0
    outer loop
      vertex 0 2.8 5
      vertex 2.97772 2.8 6.68981
      vertex 2.91949 2.8 6.34709
    endloop
  endfacet
  facet normal 0 1 0
    outer loop
      vertex 0 2.8 5
      vertex 2.91949 2.8 6.34709
      vertex 2.9 2.8 6
    endloop
  endfacet
  facet normal 0 1 0
    outer loop
      vertex 0 2.8 5
      vertex 2.9 2.8 6
      vertex 2.91949 2.8 5.65291
    endloop
  endfacet
  facet normal 0 1 0
    outer loop
      vertex 3.57632 2.8 7.93282
      vertex 0 2.8 5
      vertex 0 2.8 33
    endloop
  endfacet
  facet normal 0 1 0
    outer loop
      vertex 2.97772 2.8 5.31018
      vertex 0 2.8 5
      vertex 2.91949 2.8 5.65291
    endloop
  endfacet
  facet normal 0 1 0
    outer loop
      vertex 0.0314388 2.8 4.44018
      vertex 2.97772 2.8 5.31018
      vertex 3.07396 2.8 4.97613
    endloop
  endfacet
  facet normal 0 1 0
    outer loop
      vertex 0.12536 2.8 3.88739
      vertex 3.07396 2.8 4.97613
      vertex 3.207 2.8 4.65496
    endloop
  endfacet
  facet normal 0 1 0
    outer loop
      vertex 2.97772 2.8 5.31018
      vertex 0.0314388 2.8 4.44018
      vertex 0 2.8 5
    endloop
  endfacet
  facet normal 0 1 0
    outer loop
      vertex 0.280582 2.8 3.3486
      vertex 3.207 2.8 4.65496
      vertex 3.37515 2.8 4.3507
    endloop
  endfacet
  facet normal 0 1 0
    outer loop
      vertex 0.766378 2.8 2.33984
      vertex 3.37515 2.8 4.3507
      vertex 3.57632 2.8 4.06718
    endloop
  endfacet
  facet normal 0 1 0
    outer loop
      vertex 3.07396 2.8 4.97613
      vertex 0.12536 2.8 3.88739
      vertex 0.0314388 2.8 4.44018
    endloop
  endfacet
  facet normal 0 1 0
    outer loop
      vertex 0.766378 2.8 2.33984
      vertex 3.57632 2.8 4.06718
      vertex 3.80797 2.8 3.80797
    endloop
  endfacet
  facet normal 0 1 0
    outer loop
      vertex 0.766378 2.8 2.33984
      vertex 3.80797 2.8 3.80797
      vertex 4.06718 2.8 3.57632
    endloop
  endfacet
  facet normal 0 1 0
    outer loop
      vertex 0.766378 2.8 2.33984
      vertex 4.06718 2.8 3.57632
      vertex 4.3507 2.8 3.37515
    endloop
  endfacet
  facet normal 0 1 0
    outer loop
      vertex 3.207 2.8 4.65496
      vertex 0.280582 2.8 3.3486
      vertex 0.12536 2.8 3.88739
    endloop
  endfacet
  facet normal 0 1 0
    outer loop
      vertex 0.766378 2.8 2.33984
      vertex 4.3507 2.8 3.37515
      vertex 4.65496 2.8 3.207
    endloop
  endfacet
  facet normal 0 1 0
    outer loop
      vertex 0.766378 2.8 2.33984
      vertex 4.65496 2.8 3.207
      vertex 4.97613 2.8 3.07396
    endloop
  endfacet
  facet normal 0 1 0
    outer loop
      vertex 0.766378 2.8 2.33984
      vertex 4.97613 2.8 3.07396
      vertex 5.31018 2.8 2.97772
    endloop
  endfacet
  facet normal 0 1 0
    outer loop
      vertex 0.766378 2.8 2.33984
      vertex 5.31018 2.8 2.97772
      vertex 5.65291 2.8 2.91949
    endloop
  endfacet
  facet normal 0 1 0
    outer loop
      vertex 3.37515 2.8 4.3507
      vertex 0.495155 2.8 2.83058
      vertex 0.280582 2.8 3.3486
    endloop
  endfacet
  facet normal 0 1 0
    outer loop
      vertex 5 2.8 0
      vertex 5.65291 2.8 2.91949
      vertex 6 2.8 2.9
    endloop
  endfacet
  facet normal 0 1 -0
    outer loop
      vertex 80.3507 2.8 8.62484
      vertex 79.0624 2.8 11.5786
      vertex 80.655 2.8 8.793
    endloop
  endfacet
  facet normal 0 1 0
    outer loop
      vertex 79.0624 2.8 11.5786
      vertex 80.3507 2.8 8.62484
      vertex 78.9115 2.8 11.5351
    endloop
  endfacet
  facet normal 0 1 -0
    outer loop
      vertex 80.0672 2.8 8.42368
      vertex 78.9115 2.8 11.5351
      vertex 80.3507 2.8 8.62484
    endloop
  endfacet
  facet normal 0 1 0
    outer loop
      vertex 78.9115 2.8 11.5351
      vertex 80.0672 2.8 8.42368
      vertex 78.7567 2.8 11.5088
    endloop
  endfacet
  facet normal 0 1 0
    outer loop
      vertex 78.7567 2.8 11.5088
      vertex 80.0672 2.8 8.42368
      vertex 78.6 2.8 11.5
    endloop
  endfacet
  facet normal 0 1 -0
    outer loop
      vertex 79.808 2.8 8.19203
      vertex 78.6 2.8 11.5
      vertex 80.0672 2.8 8.42368
    endloop
  endfacet
  facet normal 0 1 -0
    outer loop
      vertex 79.5763 2.8 7.93282
      vertex 78.6 2.8 11.5
      vertex 79.808 2.8 8.19203
    endloop
  endfacet
  facet normal 0 1 -0
    outer loop
      vertex 79.3752 2.8 7.6493
      vertex 78.6 2.8 11.5
      vertex 79.5763 2.8 7.93282
    endloop
  endfacet
  facet normal 0 1 -0
    outer loop
      vertex 79.207 2.8 7.34504
      vertex 78.6 2.8 11.5
      vertex 79.3752 2.8 7.6493
    endloop
  endfacet
  facet normal 0 1 -0
    outer loop
      vertex 79.074 2.8 7.02386
      vertex 78.6 2.8 11.5
      vertex 79.207 2.8 7.34504
    endloop
  endfacet
  facet normal 0 1 -0
    outer loop
      vertex 78.9777 2.8 6.68981
      vertex 78.6 2.8 11.5
      vertex 79.074 2.8 7.02386
    endloop
  endfacet
  facet normal 0 1 -0
    outer loop
      vertex 78.9 2.8 6
      vertex 67.4 2.8 11.5
      vertex 78.9195 2.8 6.34709
    endloop
  endfacet
  facet normal 0 1 0
    outer loop
      vertex 78.9777 2.8 5.31018
      vertex 67.4 2.8 11.5
      vertex 78.9195 2.8 5.65291
    endloop
  endfacet
  facet normal 0 1 0
    outer loop
      vertex 50.0786 2.8 12.4376
      vertex 30.8 2.8 6.29999
      vertex 30.8 2.8 11.1
    endloop
  endfacet
  facet normal 0 1 0
    outer loop
      vertex 79.074 2.8 4.97613
      vertex 67.4 2.8 11.5
      vertex 78.9777 2.8 5.31018
    endloop
  endfacet
  facet normal 0 1 0
    outer loop
      vertex 50.3054 2.8 12.0271
      vertex 30.7899 2.8 6.12085
      vertex 30.8 2.8 6.29999
    endloop
  endfacet
  facet normal 0 1 0
    outer loop
      vertex 79.207 2.8 4.65496
      vertex 67.4 2.8 11.5
      vertex 79.074 2.8 4.97613
    endloop
  endfacet
  facet normal 0 1 0
    outer loop
      vertex 50.41 2.8 11.91
      vertex 30.7599 2.8 5.94395
      vertex 30.7899 2.8 6.12085
    endloop
  endfacet
  facet normal 0 1 0
    outer loop
      vertex 79.3752 2.8 4.3507
      vertex 67.4 2.8 11.5
      vertex 79.207 2.8 4.65496
    endloop
  endfacet
  facet normal 0 1 0
    outer loop
      vertex 50.5271 2.8 11.8054
      vertex 30.7102 2.8 5.77155
      vertex 30.7599 2.8 5.94395
    endloop
  endfacet
  facet normal 0 1 0
    outer loop
      vertex 79.5763 2.8 4.06718
      vertex 62.7567 2.8 11.5088
      vertex 79.3752 2.8 4.3507
    endloop
  endfacet
  facet normal 0 1 0
    outer loop
      vertex 50.6552 2.8 11.7146
      vertex 30.6415 2.8 5.60577
      vertex 30.7102 2.8 5.77155
    endloop
  endfacet
  facet normal 0 1 0
    outer loop
      vertex 62.7567 2.8 11.5088
      vertex 79.5763 2.8 4.06718
      vertex 62.6 2.8 11.5
    endloop
  endfacet
  facet normal 0 1 0
    outer loop
      vertex 50.7926 2.8 11.6386
      vertex 30.5547 2.8 5.44873
      vertex 30.6415 2.8 5.60577
    endloop
  endfacet
  facet normal 0 1 0
    outer loop
      vertex 50.7926 2.8 11.6386
      vertex 28.3 2.8 0
      vertex 30.5547 2.8 5.44873
    endloop
  endfacet
  facet normal 0 1 0
    outer loop
      vertex 30.5547 2.8 5.44873
      vertex 28.3 2.8 0
      vertex 30.4509 2.8 5.3024
    endloop
  endfacet
  facet normal 0 1 0
    outer loop
      vertex 30.4509 2.8 5.3024
      vertex 28.3 2.8 0
      vertex 30.3313 2.8 5.16862
    endloop
  endfacet
  facet normal 0 1 0
    outer loop
      vertex 30.3313 2.8 5.16862
      vertex 28.3 2.8 0
      vertex 30.1976 2.8 5.04906
    endloop
  endfacet
  facet normal 0 1 0
    outer loop
      vertex 30.1976 2.8 5.04906
      vertex 28.3 2.8 0
      vertex 30.0512 2.8 4.94524
    endloop
  endfacet
  facet normal 0 1 0
    outer loop
      vertex 29.8942 2.8 4.85844
      vertex 28.3 2.8 0
      vertex 29.7284 2.8 4.78978
    endloop
  endfacet
  facet normal 0 1 0
    outer loop
      vertex 29.7284 2.8 4.78978
      vertex 28.3 2.8 0
      vertex 29.556 2.8 4.7401
    endloop
  endfacet
  facet normal 0 1 0
    outer loop
      vertex 29.556 2.8 4.7401
      vertex 28.3 2.8 0
      vertex 29.3791 2.8 4.71005
    endloop
  endfacet
  facet normal 0 1 0
    outer loop
      vertex 30.0512 2.8 4.94524
      vertex 28.3 2.8 0
      vertex 29.8942 2.8 4.85844
    endloop
  endfacet
  facet normal 0 1 0
    outer loop
      vertex 29.3791 2.8 4.71005
      vertex 28.3 2.8 0
      vertex 29.2 2.8 4.7
    endloop
  endfacet
  facet normal 0 1 0
    outer loop
      vertex 79.808 2.8 3.80797
      vertex 62.6 2.8 11.5
      vertex 79.5763 2.8 4.06718
    endloop
  endfacet
  facet normal 0 1 0
    outer loop
      vertex 83 2.8 0
      vertex 62.6 2.8 11.5
      vertex 79.808 2.8 3.80797
    endloop
  endfacet
  facet normal 0 1 0
    outer loop
      vertex 62.6 2.8 11.5
      vertex 83 2.8 0
      vertex 51.4 2.8 11.5
    endloop
  endfacet
  facet normal 0 1 0
    outer loop
      vertex 83 2.8 0
      vertex 79.808 2.8 3.80797
      vertex 80.0672 2.8 3.57632
    endloop
  endfacet
  facet normal 0 1 0
    outer loop
      vertex 83 2.8 0
      vertex 80.0672 2.8 3.57632
      vertex 80.3507 2.8 3.37515
    endloop
  endfacet
  facet normal 0 1 0
    outer loop
      vertex 83 2.8 0
      vertex 80.3507 2.8 3.37515
      vertex 80.655 2.8 3.207
    endloop
  endfacet
  facet normal 0 1 0
    outer loop
      vertex 83 2.8 0
      vertex 80.655 2.8 3.207
      vertex 80.9761 2.8 3.07396
    endloop
  endfacet
  facet normal 0 1 0
    outer loop
      vertex 83 2.8 0
      vertex 80.9761 2.8 3.07396
      vertex 81.3102 2.8 2.97772
    endloop
  endfacet
  facet normal 0 1 0
    outer loop
      vertex 83 2.8 0
      vertex 81.3102 2.8 2.97772
      vertex 81.6529 2.8 2.91949
    endloop
  endfacet
  facet normal 0 1 0
    outer loop
      vertex 83 2.8 0
      vertex 81.6529 2.8 2.91949
      vertex 82 2.8 2.9
    endloop
  endfacet
  facet normal 0 1 -0
    outer loop
      vertex 85.1694 2.8 0.495155
      vertex 83.6493 2.8 3.37515
      vertex 85.6602 2.8 0.766378
    endloop
  endfacet
  facet normal 0 1 0
    outer loop
      vertex 83.6493 2.8 3.37515
      vertex 85.1694 2.8 0.495155
      vertex 83.345 2.8 3.207
    endloop
  endfacet
  facet normal 0 1 -0
    outer loop
      vertex 84.6514 2.8 0.280582
      vertex 83.345 2.8 3.207
      vertex 85.1694 2.8 0.495155
    endloop
  endfacet
  facet normal 0 1 -0
    outer loop
      vertex 84.1126 2.8 0.12536
      vertex 83.345 2.8 3.207
      vertex 84.6514 2.8 0.280582
    endloop
  endfacet
  facet normal 0 1 0
    outer loop
      vertex 83.345 2.8 3.207
      vertex 84.1126 2.8 0.12536
      vertex 83.0239 2.8 3.07396
    endloop
  endfacet
  facet normal 0 1 -0
    outer loop
      vertex 83.5598 2.8 0.0314388
      vertex 83.0239 2.8 3.07396
      vertex 84.1126 2.8 0.12536
    endloop
  endfacet
  facet normal 0 1 0
    outer loop
      vertex 83.0239 2.8 3.07396
      vertex 83.5598 2.8 0.0314388
      vertex 82.6898 2.8 2.97772
    endloop
  endfacet
  facet normal 0 1 -0
    outer loop
      vertex 83 2.8 0
      vertex 82.6898 2.8 2.97772
      vertex 83.5598 2.8 0.0314388
    endloop
  endfacet
  facet normal 0 1 0
    outer loop
      vertex 82.6898 2.8 2.97772
      vertex 83 2.8 0
      vertex 82.3471 2.8 2.91949
    endloop
  endfacet
  facet normal 0 1 0
    outer loop
      vertex 82.3471 2.8 2.91949
      vertex 83 2.8 0
      vertex 82 2.8 2.9
    endloop
  endfacet
  facet normal 0 1 0
    outer loop
      vertex 51.4 2.8 11.5
      vertex 83 2.8 0
      vertex 28.3 2.8 0
    endloop
  endfacet
  facet normal 0 1 0
    outer loop
      vertex 29.2 2.8 4.7
      vertex 28.3 2.8 0
      vertex 28.3 2.8 4.7
    endloop
  endfacet
  facet normal 0.985848 0 -0.16764
    outer loop
      vertex 87.9686 0 4.44018
      vertex 87.8746 2.8 3.88739
      vertex 87.9686 2.8 4.44018
    endloop
  endfacet
  facet normal 0.985848 0 -0.16764
    outer loop
      vertex 87.8746 2.8 3.88739
      vertex 87.9686 0 4.44018
      vertex 87.8746 0 3.88739
    endloop
  endfacet
  facet normal -0.998427 0 0.0560724
    outer loop
      vertex 0 0 33
      vertex 0.0314388 2.8 33.5598
      vertex 0 2.8 33
    endloop
  endfacet
  facet normal -0.998427 0 0.0560724
    outer loop
      vertex 0.0314388 2.8 33.5598
      vertex 0 0 33
      vertex 0.0314388 0 33.5598
    endloop
  endfacet
  facet normal -0.875223 0 -0.48372
    outer loop
      vertex 0.766378 0 2.33984
      vertex 0.495155 2.8 2.83058
      vertex 0.766378 2.8 2.33984
    endloop
  endfacet
  facet normal -0.875223 -0 -0.48372
    outer loop
      vertex 0.495155 2.8 2.83058
      vertex 0.766378 0 2.33984
      vertex 0.495155 0 2.83058
    endloop
  endfacet
  facet normal 0.27683 0 -0.960919
    outer loop
      vertex 84.1126 0 0.12536
      vertex 84.6514 2.8 0.280582
      vertex 84.6514 0 0.280582
    endloop
  endfacet
  facet normal 0.27683 0 -0.960919
    outer loop
      vertex 84.6514 2.8 0.280582
      vertex 84.1126 0 0.12536
      vertex 84.1126 2.8 0.12536
    endloop
  endfacet
  facet normal 0.0560034 0 0.998431
    outer loop
      vertex 83 2.8 38
      vertex 83.5598 0 37.9686
      vertex 83.5598 2.8 37.9686
    endloop
  endfacet
  facet normal 0.0560034 0 0.998431
    outer loop
      vertex 83.5598 0 37.9686
      vertex 83 2.8 38
      vertex 83 0 38
    endloop
  endfacet
  facet normal -0.998427 0 -0.0560704
    outer loop
      vertex 0.0314388 0 4.44018
      vertex 0 2.8 5
      vertex 0.0314388 2.8 4.44018
    endloop
  endfacet
  facet normal -0.998427 -0 -0.0560704
    outer loop
      vertex 0 2.8 5
      vertex 0.0314388 0 4.44018
      vertex 0 0 5
    endloop
  endfacet
  facet normal -0.167503 0 -0.985871
    outer loop
      vertex 3.88739 0 0.12536
      vertex 4.44018 2.8 0.0314388
      vertex 4.44018 0 0.0314388
    endloop
  endfacet
  facet normal -0.167503 0 -0.985871
    outer loop
      vertex 4.44018 2.8 0.0314388
      vertex 3.88739 0 0.12536
      vertex 3.88739 2.8 0.12536
    endloop
  endfacet
  facet normal 0.38274 0 0.923856
    outer loop
      vertex 84.6514 2.8 37.7194
      vertex 85.1694 0 37.5048
      vertex 85.1694 2.8 37.5048
    endloop
  endfacet
  facet normal 0.38274 0 0.923856
    outer loop
      vertex 85.1694 0 37.5048
      vertex 84.6514 2.8 37.7194
      vertex 84.6514 0 37.7194
    endloop
  endfacet
  facet normal -0.745648 0 0.66634
    outer loop
      vertex 1.09084 0 36.1174
      vertex 1.46447 2.8 36.5355
      vertex 1.09084 2.8 36.1174
    endloop
  endfacet
  facet normal -0.745648 0 0.66634
    outer loop
      vertex 1.46447 2.8 36.5355
      vertex 1.09084 0 36.1174
      vertex 1.46447 0 36.5355
    endloop
  endfacet
  facet normal 0.815615 0 -0.578595
    outer loop
      vertex 87.2336 0 2.33984
      vertex 86.9092 2.8 1.88255
      vertex 87.2336 2.8 2.33984
    endloop
  endfacet
  facet normal 0.815615 0 -0.578595
    outer loop
      vertex 86.9092 2.8 1.88255
      vertex 87.2336 0 2.33984
      vertex 86.9092 0 1.88255
    endloop
  endfacet
  facet normal 0.985849 -0 0.167637
    outer loop
      vertex 87.8746 0 34.1126
      vertex 87.9686 2.8 33.5598
      vertex 87.8746 2.8 34.1126
    endloop
  endfacet
  facet normal 0.985849 0 0.167637
    outer loop
      vertex 87.9686 2.8 33.5598
      vertex 87.8746 0 34.1126
      vertex 87.9686 0 33.5598
    endloop
  endfacet
  facet normal 0.815561 -0 0.57867
    outer loop
      vertex 86.9092 0 36.1174
      vertex 87.2336 2.8 35.6602
      vertex 86.9092 2.8 36.1174
    endloop
  endfacet
  facet normal 0.815561 0 0.57867
    outer loop
      vertex 87.2336 2.8 35.6602
      vertex 86.9092 0 36.1174
      vertex 87.2336 0 35.6602
    endloop
  endfacet
  facet normal 0.276793 0 0.960929
    outer loop
      vertex 84.1126 2.8 37.8746
      vertex 84.6514 0 37.7194
      vertex 84.6514 2.8 37.7194
    endloop
  endfacet
  facet normal 0.276793 0 0.960929
    outer loop
      vertex 84.6514 0 37.7194
      vertex 84.1126 2.8 37.8746
      vertex 84.1126 0 37.8746
    endloop
  endfacet
  facet normal -0.815509 0 0.578744
    outer loop
      vertex 0.766378 0 35.6602
      vertex 1.09084 2.8 36.1174
      vertex 0.766378 2.8 35.6602
    endloop
  endfacet
  facet normal -0.815509 0 0.578744
    outer loop
      vertex 1.09084 2.8 36.1174
      vertex 0.766378 0 35.6602
      vertex 1.09084 0 36.1174
    endloop
  endfacet
  facet normal -0.0560704 0 -0.998427
    outer loop
      vertex 4.44018 0 0.0314388
      vertex 5 2.8 0
      vertex 5 0 0
    endloop
  endfacet
  facet normal -0.0560704 0 -0.998427
    outer loop
      vertex 5 2.8 0
      vertex 4.44018 0 0.0314388
      vertex 4.44018 2.8 0.0314388
    endloop
  endfacet
  facet normal 0.167501 0 -0.985872
    outer loop
      vertex 83.5598 0 0.0314388
      vertex 84.1126 2.8 0.12536
      vertex 84.1126 0 0.12536
    endloop
  endfacet
  facet normal 0.167501 0 -0.985872
    outer loop
      vertex 84.1126 2.8 0.12536
      vertex 83.5598 0 0.0314388
      vertex 83.5598 2.8 0.0314388
    endloop
  endfacet
  facet normal -0.923873 0 0.382699
    outer loop
      vertex 0.280582 0 34.6514
      vertex 0.495155 2.8 35.1694
      vertex 0.280582 2.8 34.6514
    endloop
  endfacet
  facet normal -0.923873 0 0.382699
    outer loop
      vertex 0.495155 2.8 35.1694
      vertex 0.280582 0 34.6514
      vertex 0.495155 0 35.1694
    endloop
  endfacet
  facet normal 0.483674 0 -0.875248
    outer loop
      vertex 85.1694 0 0.495155
      vertex 85.6602 2.8 0.766378
      vertex 85.6602 0 0.766378
    endloop
  endfacet
  facet normal 0.483674 0 -0.875248
    outer loop
      vertex 85.6602 2.8 0.766378
      vertex 85.1694 0 0.495155
      vertex 85.1694 2.8 0.495155
    endloop
  endfacet
  facet normal -0.985871 0 -0.167503
    outer loop
      vertex 0.12536 0 3.88739
      vertex 0.0314388 2.8 4.44018
      vertex 0.12536 2.8 3.88739
    endloop
  endfacet
  facet normal -0.985871 -0 -0.167503
    outer loop
      vertex 0.0314388 2.8 4.44018
      vertex 0.12536 0 3.88739
      vertex 0.0314388 0 4.44018
    endloop
  endfacet
  facet normal -0.960919 0 0.27683
    outer loop
      vertex 0.12536 0 34.1126
      vertex 0.280582 2.8 34.6514
      vertex 0.12536 2.8 34.1126
    endloop
  endfacet
  facet normal -0.960919 0 0.27683
    outer loop
      vertex 0.280582 2.8 34.6514
      vertex 0.12536 0 34.1126
      vertex 0.280582 0 34.6514
    endloop
  endfacet
  facet normal 0.483643 0 0.875265
    outer loop
      vertex 85.1694 2.8 37.5048
      vertex 85.6602 0 37.2336
      vertex 85.6602 2.8 37.2336
    endloop
  endfacet
  facet normal 0.483643 0 0.875265
    outer loop
      vertex 85.6602 0 37.2336
      vertex 85.1694 2.8 37.5048
      vertex 85.1694 0 37.5048
    endloop
  endfacet
  facet normal 0.167637 0 0.985849
    outer loop
      vertex 83.5598 2.8 37.9686
      vertex 84.1126 0 37.8746
      vertex 84.1126 2.8 37.8746
    endloop
  endfacet
  facet normal 0.167637 0 0.985849
    outer loop
      vertex 84.1126 0 37.8746
      vertex 83.5598 2.8 37.9686
      vertex 83.5598 0 37.9686
    endloop
  endfacet
  facet normal 0.66634 0 -0.745648
    outer loop
      vertex 86.1174 0 1.09084
      vertex 86.5355 2.8 1.46447
      vertex 86.5355 0 1.46447
    endloop
  endfacet
  facet normal 0.66634 0 -0.745648
    outer loop
      vertex 86.5355 2.8 1.46447
      vertex 86.1174 0 1.09084
      vertex 86.1174 2.8 1.09084
    endloop
  endfacet
  facet normal 0.578744 0 -0.815509
    outer loop
      vertex 85.6602 0 0.766378
      vertex 86.1174 2.8 1.09084
      vertex 86.1174 0 1.09084
    endloop
  endfacet
  facet normal 0.578744 0 -0.815509
    outer loop
      vertex 86.1174 2.8 1.09084
      vertex 85.6602 0 0.766378
      vertex 85.6602 2.8 0.766378
    endloop
  endfacet
  facet normal 0.745586 -0 0.666409
    outer loop
      vertex 86.5355 0 36.5355
      vertex 86.9092 2.8 36.1174
      vertex 86.5355 2.8 36.5355
    endloop
  endfacet
  facet normal 0.745586 0 0.666409
    outer loop
      vertex 86.9092 2.8 36.1174
      vertex 86.5355 0 36.5355
      vertex 86.9092 0 36.1174
    endloop
  endfacet
  facet normal -0.666357 0 -0.745633
    outer loop
      vertex 1.46447 0 1.46447
      vertex 1.88255 2.8 1.09084
      vertex 1.88255 0 1.09084
    endloop
  endfacet
  facet normal -0.666357 0 -0.745633
    outer loop
      vertex 1.88255 2.8 1.09084
      vertex 1.46447 0 1.46447
      vertex 1.46447 2.8 1.46447
    endloop
  endfacet
  facet normal 0.666409 0 0.745586
    outer loop
      vertex 86.1174 2.8 36.9092
      vertex 86.5355 0 36.5355
      vertex 86.5355 2.8 36.5355
    endloop
  endfacet
  facet normal 0.666409 0 0.745586
    outer loop
      vertex 86.5355 0 36.5355
      vertex 86.1174 2.8 36.9092
      vertex 86.1174 0 36.9092
    endloop
  endfacet
  facet normal -0.666427 0 0.745571
    outer loop
      vertex 1.46447 2.8 36.5355
      vertex 1.88255 0 36.9092
      vertex 1.88255 2.8 36.9092
    endloop
  endfacet
  facet normal -0.666427 0 0.745571
    outer loop
      vertex 1.88255 0 36.9092
      vertex 1.46447 2.8 36.5355
      vertex 1.46447 0 36.5355
    endloop
  endfacet
  facet normal -0.578595 0 0.815615
    outer loop
      vertex 1.88255 2.8 36.9092
      vertex 2.33984 0 37.2336
      vertex 2.33984 2.8 37.2336
    endloop
  endfacet
  facet normal -0.578595 0 0.815615
    outer loop
      vertex 2.33984 0 37.2336
      vertex 1.88255 2.8 36.9092
      vertex 1.88255 0 36.9092
    endloop
  endfacet
  facet normal -0.875248 0 0.483674
    outer loop
      vertex 0.495155 0 35.1694
      vertex 0.766378 2.8 35.6602
      vertex 0.495155 2.8 35.1694
    endloop
  endfacet
  facet normal -0.875248 0 0.483674
    outer loop
      vertex 0.766378 2.8 35.6602
      vertex 0.495155 0 35.1694
      vertex 0.766378 0 35.6602
    endloop
  endfacet
  facet normal -0.48372 0 -0.875223
    outer loop
      vertex 2.33984 0 0.766378
      vertex 2.83058 2.8 0.495155
      vertex 2.83058 0 0.495155
    endloop
  endfacet
  facet normal -0.48372 0 -0.875223
    outer loop
      vertex 2.83058 2.8 0.495155
      vertex 2.33984 0 0.766378
      vertex 2.33984 2.8 0.766378
    endloop
  endfacet
  facet normal 0.57867 0 0.815561
    outer loop
      vertex 85.6602 2.8 37.2336
      vertex 86.1174 0 36.9092
      vertex 86.1174 2.8 36.9092
    endloop
  endfacet
  facet normal 0.57867 0 0.815561
    outer loop
      vertex 86.1174 0 36.9092
      vertex 85.6602 2.8 37.2336
      vertex 85.6602 0 37.2336
    endloop
  endfacet
  facet normal -0.815563 0 -0.578668
    outer loop
      vertex 1.09084 0 1.88255
      vertex 0.766378 2.8 2.33984
      vertex 1.09084 2.8 1.88255
    endloop
  endfacet
  facet normal -0.815563 -0 -0.578668
    outer loop
      vertex 0.766378 2.8 2.33984
      vertex 1.09084 0 1.88255
      vertex 0.766378 0 2.33984
    endloop
  endfacet
  facet normal -0.923878 0 -0.382687
    outer loop
      vertex 0.495155 0 2.83058
      vertex 0.280582 2.8 3.3486
      vertex 0.495155 2.8 2.83058
    endloop
  endfacet
  facet normal -0.923878 -0 -0.382687
    outer loop
      vertex 0.280582 2.8 3.3486
      vertex 0.495155 0 2.83058
      vertex 0.280582 0 3.3486
    endloop
  endfacet
  facet normal -0.0560014 0 0.998431
    outer loop
      vertex 4.44018 2.8 37.9686
      vertex 5 0 38
      vertex 5 2.8 38
    endloop
  endfacet
  facet normal -0.0560014 0 0.998431
    outer loop
      vertex 5 0 38
      vertex 4.44018 2.8 37.9686
      vertex 4.44018 0 37.9686
    endloop
  endfacet
  facet normal -0.16764 0 0.985848
    outer loop
      vertex 3.88739 2.8 37.8746
      vertex 4.44018 0 37.9686
      vertex 4.44018 2.8 37.9686
    endloop
  endfacet
  facet normal -0.16764 0 0.985848
    outer loop
      vertex 4.44018 0 37.9686
      vertex 3.88739 2.8 37.8746
      vertex 3.88739 0 37.8746
    endloop
  endfacet
  facet normal -0.382728 0 0.923861
    outer loop
      vertex 2.83058 2.8 37.5048
      vertex 3.3486 0 37.7194
      vertex 3.3486 2.8 37.7194
    endloop
  endfacet
  facet normal -0.382728 0 0.923861
    outer loop
      vertex 3.3486 0 37.7194
      vertex 2.83058 2.8 37.5048
      vertex 2.83058 0 37.5048
    endloop
  endfacet
  facet normal -0.745633 0 -0.666357
    outer loop
      vertex 1.46447 0 1.46447
      vertex 1.09084 2.8 1.88255
      vertex 1.46447 2.8 1.46447
    endloop
  endfacet
  facet normal -0.745633 -0 -0.666357
    outer loop
      vertex 1.09084 2.8 1.88255
      vertex 1.46447 0 1.46447
      vertex 1.09084 0 1.88255
    endloop
  endfacet
  facet normal -0.167647 0 0.985847
    outer loop
      vertex 6.16794 1.2 30.5094
      vertex 6.33377 0 30.5376
      vertex 6.33377 1.2 30.5376
    endloop
  endfacet
  facet normal -0.167647 0 0.985847
    outer loop
      vertex 6.33377 0 30.5376
      vertex 6.16794 1.2 30.5094
      vertex 6.16794 0 30.5094
    endloop
  endfacet
  facet normal -0.277013 0 0.960866
    outer loop
      vertex 6.33377 1.2 30.5376
      vertex 6.49541 0 30.5842
      vertex 6.49541 1.2 30.5842
    endloop
  endfacet
  facet normal -0.277013 0 0.960866
    outer loop
      vertex 6.49541 0 30.5842
      vertex 6.33377 1.2 30.5376
      vertex 6.33377 0 30.5376
    endloop
  endfacet
  facet normal -0.382313 0 0.924033
    outer loop
      vertex 6.49541 1.2 30.5842
      vertex 6.65082 0 30.6485
      vertex 6.65082 1.2 30.6485
    endloop
  endfacet
  facet normal -0.382313 0 0.924033
    outer loop
      vertex 6.65082 0 30.6485
      vertex 6.49541 1.2 30.5842
      vertex 6.49541 0 30.5842
    endloop
  endfacet
  facet normal -0.483901 0 0.875123
    outer loop
      vertex 6.65082 1.2 30.6485
      vertex 6.79803 0 30.7299
      vertex 6.79803 1.2 30.7299
    endloop
  endfacet
  facet normal -0.483901 0 0.875123
    outer loop
      vertex 6.79803 0 30.7299
      vertex 6.65082 1.2 30.6485
      vertex 6.65082 0 30.6485
    endloop
  endfacet
  facet normal -0.578479 0 0.815697
    outer loop
      vertex 6.79803 1.2 30.7299
      vertex 6.93523 0 30.8272
      vertex 6.93523 1.2 30.8272
    endloop
  endfacet
  facet normal -0.578479 0 0.815697
    outer loop
      vertex 6.93523 0 30.8272
      vertex 6.79803 1.2 30.7299
      vertex 6.79803 0 30.7299
    endloop
  endfacet
  facet normal -0.666406 0 0.745589
    outer loop
      vertex 6.93523 1.2 30.8272
      vertex 7.06065 0 30.9393
      vertex 7.06065 1.2 30.9393
    endloop
  endfacet
  facet normal -0.666406 0 0.745589
    outer loop
      vertex 7.06065 0 30.9393
      vertex 6.93523 1.2 30.8272
      vertex 6.93523 0 30.8272
    endloop
  endfacet
  facet normal -0.74583 0 0.666136
    outer loop
      vertex 7.06065 0 30.9393
      vertex 7.17274 1.2 31.0648
      vertex 7.06065 1.2 30.9393
    endloop
  endfacet
  facet normal -0.74583 0 0.666136
    outer loop
      vertex 7.17274 1.2 31.0648
      vertex 7.06065 0 30.9393
      vertex 7.17274 0 31.0648
    endloop
  endfacet
  facet normal -0.815585 0 0.578637
    outer loop
      vertex 7.17274 0 31.0648
      vertex 7.27008 1.2 31.202
      vertex 7.17274 1.2 31.0648
    endloop
  endfacet
  facet normal -0.815585 0 0.578637
    outer loop
      vertex 7.27008 1.2 31.202
      vertex 7.17274 0 31.0648
      vertex 7.27008 0 31.202
    endloop
  endfacet
  facet normal -0.87521 0 0.483744
    outer loop
      vertex 7.27008 0 31.202
      vertex 7.35144 1.2 31.3492
      vertex 7.27008 1.2 31.202
    endloop
  endfacet
  facet normal -0.87521 0 0.483744
    outer loop
      vertex 7.35144 1.2 31.3492
      vertex 7.27008 0 31.202
      vertex 7.35144 0 31.3492
    endloop
  endfacet
  facet normal -0.923856 0 0.38274
    outer loop
      vertex 7.35144 0 31.3492
      vertex 7.41582 1.2 31.5046
      vertex 7.35144 1.2 31.3492
    endloop
  endfacet
  facet normal -0.923856 0 0.38274
    outer loop
      vertex 7.41582 1.2 31.5046
      vertex 7.35144 0 31.3492
      vertex 7.41582 0 31.5046
    endloop
  endfacet
  facet normal -0.960895 0 0.276912
    outer loop
      vertex 7.41582 0 31.5046
      vertex 7.46239 1.2 31.6662
      vertex 7.41582 1.2 31.5046
    endloop
  endfacet
  facet normal -0.960895 0 0.276912
    outer loop
      vertex 7.46239 1.2 31.6662
      vertex 7.41582 0 31.5046
      vertex 7.46239 0 31.6662
    endloop
  endfacet
  facet normal -0.985881 0 0.167445
    outer loop
      vertex 7.46239 0 31.6662
      vertex 7.49055 1.2 31.832
      vertex 7.46239 1.2 31.6662
    endloop
  endfacet
  facet normal -0.985881 0 0.167445
    outer loop
      vertex 7.49055 1.2 31.832
      vertex 7.46239 0 31.6662
      vertex 7.49055 0 31.832
    endloop
  endfacet
  facet normal -0.998422 0 0.0561612
    outer loop
      vertex 7.49055 0 31.832
      vertex 7.5 1.2 32
      vertex 7.49055 1.2 31.832
    endloop
  endfacet
  facet normal -0.998422 0 0.0561612
    outer loop
      vertex 7.5 1.2 32
      vertex 7.49055 0 31.832
      vertex 7.5 0 32
    endloop
  endfacet
  facet normal -0.99842 0 -0.0561946
    outer loop
      vertex 7.5 0 32
      vertex 7.49055 1.2 32.1679
      vertex 7.5 1.2 32
    endloop
  endfacet
  facet normal -0.99842 -0 -0.0561946
    outer loop
      vertex 7.49055 1.2 32.1679
      vertex 7.5 0 32
      vertex 7.49055 0 32.1679
    endloop
  endfacet
  facet normal -0.985898 0 -0.167347
    outer loop
      vertex 7.49055 0 32.1679
      vertex 7.46239 1.2 32.3338
      vertex 7.49055 1.2 32.1679
    endloop
  endfacet
  facet normal -0.985898 -0 -0.167347
    outer loop
      vertex 7.46239 1.2 32.3338
      vertex 7.49055 0 32.1679
      vertex 7.46239 0 32.3338
    endloop
  endfacet
  facet normal -0.960895 0 -0.276912
    outer loop
      vertex 7.46239 0 32.3338
      vertex 7.41582 1.2 32.4954
      vertex 7.46239 1.2 32.3338
    endloop
  endfacet
  facet normal -0.960895 -0 -0.276912
    outer loop
      vertex 7.41582 1.2 32.4954
      vertex 7.46239 0 32.3338
      vertex 7.41582 0 32.4954
    endloop
  endfacet
  facet normal -0.923856 0 -0.38274
    outer loop
      vertex 7.41582 0 32.4954
      vertex 7.35144 1.2 32.6508
      vertex 7.41582 1.2 32.4954
    endloop
  endfacet
  facet normal -0.923856 -0 -0.38274
    outer loop
      vertex 7.35144 1.2 32.6508
      vertex 7.41582 0 32.4954
      vertex 7.35144 0 32.6508
    endloop
  endfacet
  facet normal -0.87521 0 -0.483744
    outer loop
      vertex 7.35144 0 32.6508
      vertex 7.27008 1.2 32.798
      vertex 7.35144 1.2 32.6508
    endloop
  endfacet
  facet normal -0.87521 -0 -0.483744
    outer loop
      vertex 7.27008 1.2 32.798
      vertex 7.35144 0 32.6508
      vertex 7.27008 0 32.798
    endloop
  endfacet
  facet normal -0.815585 0 -0.578637
    outer loop
      vertex 7.27008 0 32.798
      vertex 7.17274 1.2 32.9352
      vertex 7.27008 1.2 32.798
    endloop
  endfacet
  facet normal -0.815585 -0 -0.578637
    outer loop
      vertex 7.17274 1.2 32.9352
      vertex 7.27008 0 32.798
      vertex 7.17274 0 32.9352
    endloop
  endfacet
  facet normal -0.74583 0 -0.666136
    outer loop
      vertex 7.17274 0 32.9352
      vertex 7.06065 1.2 33.0607
      vertex 7.17274 1.2 32.9352
    endloop
  endfacet
  facet normal -0.74583 -0 -0.666136
    outer loop
      vertex 7.06065 1.2 33.0607
      vertex 7.17274 0 32.9352
      vertex 7.06065 0 33.0607
    endloop
  endfacet
  facet normal -0.666075 0 -0.745885
    outer loop
      vertex 6.93523 0 33.1727
      vertex 7.06065 1.2 33.0607
      vertex 7.06065 0 33.0607
    endloop
  endfacet
  facet normal -0.666075 0 -0.745885
    outer loop
      vertex 7.06065 1.2 33.0607
      vertex 6.93523 0 33.1727
      vertex 6.93523 1.2 33.1727
    endloop
  endfacet
  facet normal -0.578875 0 -0.815417
    outer loop
      vertex 6.79803 0 33.2701
      vertex 6.93523 1.2 33.1727
      vertex 6.93523 0 33.1727
    endloop
  endfacet
  facet normal -0.578875 0 -0.815417
    outer loop
      vertex 6.93523 1.2 33.1727
      vertex 6.79803 0 33.2701
      vertex 6.79803 1.2 33.2701
    endloop
  endfacet
  facet normal -0.483445 0 -0.875375
    outer loop
      vertex 6.65082 0 33.3514
      vertex 6.79803 1.2 33.2701
      vertex 6.79803 0 33.2701
    endloop
  endfacet
  facet normal -0.483445 0 -0.875375
    outer loop
      vertex 6.79803 1.2 33.2701
      vertex 6.65082 0 33.3514
      vertex 6.65082 1.2 33.3514
    endloop
  endfacet
  facet normal -0.382821 0 -0.923823
    outer loop
      vertex 6.49541 0 33.4158
      vertex 6.65082 1.2 33.3514
      vertex 6.65082 0 33.3514
    endloop
  endfacet
  facet normal -0.382821 0 -0.923823
    outer loop
      vertex 6.65082 1.2 33.3514
      vertex 6.49541 0 33.4158
      vertex 6.49541 1.2 33.4158
    endloop
  endfacet
  facet normal -0.277013 0 -0.960866
    outer loop
      vertex 6.33377 0 33.4624
      vertex 6.49541 1.2 33.4158
      vertex 6.49541 0 33.4158
    endloop
  endfacet
  facet normal -0.277013 0 -0.960866
    outer loop
      vertex 6.49541 1.2 33.4158
      vertex 6.33377 0 33.4624
      vertex 6.33377 1.2 33.4624
    endloop
  endfacet
  facet normal -0.167647 0 -0.985847
    outer loop
      vertex 6.16794 0 33.4906
      vertex 6.33377 1.2 33.4624
      vertex 6.33377 0 33.4624
    endloop
  endfacet
  facet normal -0.167647 0 -0.985847
    outer loop
      vertex 6.33377 1.2 33.4624
      vertex 6.16794 0 33.4906
      vertex 6.16794 1.2 33.4906
    endloop
  endfacet
  facet normal -0.0558849 0 -0.998437
    outer loop
      vertex 6 0 33.5
      vertex 6.16794 1.2 33.4906
      vertex 6.16794 0 33.4906
    endloop
  endfacet
  facet normal -0.0558849 0 -0.998437
    outer loop
      vertex 6.16794 1.2 33.4906
      vertex 6 0 33.5
      vertex 6 1.2 33.5
    endloop
  endfacet
  facet normal 0.0558816 0 -0.998437
    outer loop
      vertex 5.83205 0 33.4906
      vertex 6 1.2 33.5
      vertex 6 0 33.5
    endloop
  endfacet
  facet normal 0.0558816 0 -0.998437
    outer loop
      vertex 6 1.2 33.5
      vertex 5.83205 0 33.4906
      vertex 5.83205 1.2 33.4906
    endloop
  endfacet
  facet normal 0.167637 0 -0.985849
    outer loop
      vertex 5.66621 0 33.4624
      vertex 5.83205 1.2 33.4906
      vertex 5.83205 0 33.4906
    endloop
  endfacet
  facet normal 0.167637 0 -0.985849
    outer loop
      vertex 5.83205 1.2 33.4906
      vertex 5.66621 0 33.4624
      vertex 5.66621 1.2 33.4624
    endloop
  endfacet
  facet normal 0.277029 0 -0.960862
    outer loop
      vertex 5.50458 0 33.4158
      vertex 5.66621 1.2 33.4624
      vertex 5.66621 0 33.4624
    endloop
  endfacet
  facet normal 0.277029 0 -0.960862
    outer loop
      vertex 5.66621 1.2 33.4624
      vertex 5.50458 0 33.4158
      vertex 5.50458 1.2 33.4158
    endloop
  endfacet
  facet normal 0.382821 0 -0.923823
    outer loop
      vertex 5.34917 0 33.3514
      vertex 5.50458 1.2 33.4158
      vertex 5.50458 0 33.4158
    endloop
  endfacet
  facet normal 0.382821 0 -0.923823
    outer loop
      vertex 5.50458 1.2 33.4158
      vertex 5.34917 0 33.3514
      vertex 5.34917 1.2 33.3514
    endloop
  endfacet
  facet normal 0.48342 0 -0.875389
    outer loop
      vertex 5.20195 0 33.2701
      vertex 5.34917 1.2 33.3514
      vertex 5.34917 0 33.3514
    endloop
  endfacet
  facet normal 0.48342 0 -0.875389
    outer loop
      vertex 5.34917 1.2 33.3514
      vertex 5.20195 0 33.2701
      vertex 5.20195 1.2 33.2701
    endloop
  endfacet
  facet normal 0.578903 0 -0.815397
    outer loop
      vertex 5.06476 0 33.1727
      vertex 5.20195 1.2 33.2701
      vertex 5.20195 0 33.2701
    endloop
  endfacet
  facet normal 0.578903 0 -0.815397
    outer loop
      vertex 5.20195 1.2 33.2701
      vertex 5.06476 0 33.1727
      vertex 5.06476 1.2 33.1727
    endloop
  endfacet
  facet normal 0.666045 0 -0.745911
    outer loop
      vertex 4.93933 0 33.0607
      vertex 5.06476 1.2 33.1727
      vertex 5.06476 0 33.1727
    endloop
  endfacet
  facet normal 0.666045 0 -0.745911
    outer loop
      vertex 5.06476 1.2 33.1727
      vertex 4.93933 0 33.0607
      vertex 4.93933 1.2 33.0607
    endloop
  endfacet
  facet normal 0.74583 0 -0.666136
    outer loop
      vertex 4.93933 0 33.0607
      vertex 4.82724 1.2 32.9352
      vertex 4.93933 1.2 33.0607
    endloop
  endfacet
  facet normal 0.74583 0 -0.666136
    outer loop
      vertex 4.82724 1.2 32.9352
      vertex 4.93933 0 33.0607
      vertex 4.82724 0 32.9352
    endloop
  endfacet
  facet normal 0.815585 0 -0.578637
    outer loop
      vertex 4.82724 0 32.9352
      vertex 4.7299 1.2 32.798
      vertex 4.82724 1.2 32.9352
    endloop
  endfacet
  facet normal 0.815585 0 -0.578637
    outer loop
      vertex 4.7299 1.2 32.798
      vertex 4.82724 0 32.9352
      vertex 4.7299 0 32.798
    endloop
  endfacet
  facet normal 0.87521 0 -0.483744
    outer loop
      vertex 4.7299 0 32.798
      vertex 4.64854 1.2 32.6508
      vertex 4.7299 1.2 32.798
    endloop
  endfacet
  facet normal 0.87521 0 -0.483744
    outer loop
      vertex 4.64854 1.2 32.6508
      vertex 4.7299 0 32.798
      vertex 4.64854 0 32.6508
    endloop
  endfacet
  facet normal 0.923877 0 -0.38269
    outer loop
      vertex 4.64854 0 32.6508
      vertex 4.58417 1.2 32.4954
      vertex 4.64854 1.2 32.6508
    endloop
  endfacet
  facet normal 0.923877 0 -0.38269
    outer loop
      vertex 4.58417 1.2 32.4954
      vertex 4.64854 0 32.6508
      vertex 4.58417 0 32.4954
    endloop
  endfacet
  facet normal 0.960895 0 -0.276912
    outer loop
      vertex 4.58417 0 32.4954
      vertex 4.5376 1.2 32.3338
      vertex 4.58417 1.2 32.4954
    endloop
  endfacet
  facet normal 0.960895 0 -0.276912
    outer loop
      vertex 4.5376 1.2 32.3338
      vertex 4.58417 0 32.4954
      vertex 4.5376 0 32.3338
    endloop
  endfacet
  facet normal 0.985888 0 -0.167405
    outer loop
      vertex 4.5376 0 32.3338
      vertex 4.50943 1.2 32.1679
      vertex 4.5376 1.2 32.3338
    endloop
  endfacet
  facet normal 0.985888 0 -0.167405
    outer loop
      vertex 4.50943 1.2 32.1679
      vertex 4.5376 0 32.3338
      vertex 4.50943 0 32.1679
    endloop
  endfacet
  facet normal 0.998427 0 -0.056076
    outer loop
      vertex 4.50943 0 32.1679
      vertex 4.5 1.2 32
      vertex 4.50943 1.2 32.1679
    endloop
  endfacet
  facet normal 0.998427 0 -0.056076
    outer loop
      vertex 4.5 1.2 32
      vertex 4.50943 0 32.1679
      vertex 4.5 0 32
    endloop
  endfacet
  facet normal 0.998428 -0 0.0560427
    outer loop
      vertex 4.5 0 32
      vertex 4.50943 1.2 31.832
      vertex 4.5 1.2 32
    endloop
  endfacet
  facet normal 0.998428 0 0.0560427
    outer loop
      vertex 4.50943 1.2 31.832
      vertex 4.5 0 32
      vertex 4.50943 0 31.832
    endloop
  endfacet
  facet normal 0.985872 -0 0.167503
    outer loop
      vertex 4.50943 0 31.832
      vertex 4.5376 1.2 31.6662
      vertex 4.50943 1.2 31.832
    endloop
  endfacet
  facet normal 0.985872 0 0.167503
    outer loop
      vertex 4.5376 1.2 31.6662
      vertex 4.50943 0 31.832
      vertex 4.5376 0 31.6662
    endloop
  endfacet
  facet normal 0.960895 -0 0.276912
    outer loop
      vertex 4.5376 0 31.6662
      vertex 4.58417 1.2 31.5046
      vertex 4.5376 1.2 31.6662
    endloop
  endfacet
  facet normal 0.960895 0 0.276912
    outer loop
      vertex 4.58417 1.2 31.5046
      vertex 4.5376 0 31.6662
      vertex 4.58417 0 31.5046
    endloop
  endfacet
  facet normal 0.923877 -0 0.38269
    outer loop
      vertex 4.58417 0 31.5046
      vertex 4.64854 1.2 31.3492
      vertex 4.58417 1.2 31.5046
    endloop
  endfacet
  facet normal 0.923877 0 0.38269
    outer loop
      vertex 4.64854 1.2 31.3492
      vertex 4.58417 0 31.5046
      vertex 4.64854 0 31.3492
    endloop
  endfacet
  facet normal 0.87521 -0 0.483744
    outer loop
      vertex 4.64854 0 31.3492
      vertex 4.7299 1.2 31.202
      vertex 4.64854 1.2 31.3492
    endloop
  endfacet
  facet normal 0.87521 0 0.483744
    outer loop
      vertex 4.7299 1.2 31.202
      vertex 4.64854 0 31.3492
      vertex 4.7299 0 31.202
    endloop
  endfacet
  facet normal 0.815585 -0 0.578637
    outer loop
      vertex 4.7299 0 31.202
      vertex 4.82724 1.2 31.0648
      vertex 4.7299 1.2 31.202
    endloop
  endfacet
  facet normal 0.815585 0 0.578637
    outer loop
      vertex 4.82724 1.2 31.0648
      vertex 4.7299 0 31.202
      vertex 4.82724 0 31.0648
    endloop
  endfacet
  facet normal 0.74583 -0 0.666136
    outer loop
      vertex 4.82724 0 31.0648
      vertex 4.93933 1.2 30.9393
      vertex 4.82724 1.2 31.0648
    endloop
  endfacet
  facet normal 0.74583 0 0.666136
    outer loop
      vertex 4.93933 1.2 30.9393
      vertex 4.82724 0 31.0648
      vertex 4.93933 0 30.9393
    endloop
  endfacet
  facet normal 0.666376 0 0.745616
    outer loop
      vertex 4.93933 1.2 30.9393
      vertex 5.06476 0 30.8272
      vertex 5.06476 1.2 30.8272
    endloop
  endfacet
  facet normal 0.666376 0 0.745616
    outer loop
      vertex 5.06476 0 30.8272
      vertex 4.93933 1.2 30.9393
      vertex 4.93933 0 30.9393
    endloop
  endfacet
  facet normal 0.578507 0 0.815677
    outer loop
      vertex 5.06476 1.2 30.8272
      vertex 5.20195 0 30.7299
      vertex 5.20195 1.2 30.7299
    endloop
  endfacet
  facet normal 0.578507 0 0.815677
    outer loop
      vertex 5.20195 0 30.7299
      vertex 5.06476 1.2 30.8272
      vertex 5.06476 0 30.8272
    endloop
  endfacet
  facet normal 0.483875 0 0.875137
    outer loop
      vertex 5.20195 1.2 30.7299
      vertex 5.34917 0 30.6485
      vertex 5.34917 1.2 30.6485
    endloop
  endfacet
  facet normal 0.483875 0 0.875137
    outer loop
      vertex 5.34917 0 30.6485
      vertex 5.20195 1.2 30.7299
      vertex 5.20195 0 30.7299
    endloop
  endfacet
  facet normal 0.382313 0 0.924033
    outer loop
      vertex 5.34917 1.2 30.6485
      vertex 5.50458 0 30.5842
      vertex 5.50458 1.2 30.5842
    endloop
  endfacet
  facet normal 0.382313 0 0.924033
    outer loop
      vertex 5.50458 0 30.5842
      vertex 5.34917 1.2 30.6485
      vertex 5.34917 0 30.6485
    endloop
  endfacet
  facet normal 0.277029 0 0.960862
    outer loop
      vertex 5.50458 1.2 30.5842
      vertex 5.66621 0 30.5376
      vertex 5.66621 1.2 30.5376
    endloop
  endfacet
  facet normal 0.277029 0 0.960862
    outer loop
      vertex 5.66621 0 30.5376
      vertex 5.50458 1.2 30.5842
      vertex 5.50458 0 30.5842
    endloop
  endfacet
  facet normal 0.167637 0 0.985849
    outer loop
      vertex 5.66621 1.2 30.5376
      vertex 5.83205 0 30.5094
      vertex 5.83205 1.2 30.5094
    endloop
  endfacet
  facet normal 0.167637 0 0.985849
    outer loop
      vertex 5.83205 0 30.5094
      vertex 5.66621 1.2 30.5376
      vertex 5.66621 0 30.5376
    endloop
  endfacet
  facet normal 0.0558816 0 0.998437
    outer loop
      vertex 5.83205 1.2 30.5094
      vertex 6 0 30.5
      vertex 6 1.2 30.5
    endloop
  endfacet
  facet normal 0.0558816 0 0.998437
    outer loop
      vertex 6 0 30.5
      vertex 5.83205 1.2 30.5094
      vertex 5.83205 0 30.5094
    endloop
  endfacet
  facet normal -0.0558849 0 0.998437
    outer loop
      vertex 6 1.2 30.5
      vertex 6.16794 0 30.5094
      vertex 6.16794 1.2 30.5094
    endloop
  endfacet
  facet normal -0.0558849 0 0.998437
    outer loop
      vertex 6.16794 0 30.5094
      vertex 6 1.2 30.5
      vertex 6 0 30.5
    endloop
  endfacet
  facet normal -0.167578 0 0.985859
    outer loop
      vertex 82.1679 1.2 30.5094
      vertex 82.3338 0 30.5376
      vertex 82.3338 1.2 30.5376
    endloop
  endfacet
  facet normal -0.167578 0 0.985859
    outer loop
      vertex 82.3338 0 30.5376
      vertex 82.1679 1.2 30.5094
      vertex 82.1679 0 30.5094
    endloop
  endfacet
  facet normal -0.277076 0 0.960848
    outer loop
      vertex 82.3338 1.2 30.5376
      vertex 82.4954 0 30.5842
      vertex 82.4954 1.2 30.5842
    endloop
  endfacet
  facet normal -0.277076 0 0.960848
    outer loop
      vertex 82.4954 0 30.5842
      vertex 82.3338 1.2 30.5376
      vertex 82.3338 0 30.5376
    endloop
  endfacet
  facet normal -0.382334 0 0.924024
    outer loop
      vertex 82.4954 1.2 30.5842
      vertex 82.6508 0 30.6485
      vertex 82.6508 1.2 30.6485
    endloop
  endfacet
  facet normal -0.382334 0 0.924024
    outer loop
      vertex 82.6508 0 30.6485
      vertex 82.4954 1.2 30.5842
      vertex 82.4954 0 30.5842
    endloop
  endfacet
  facet normal -0.483926 0 0.875109
    outer loop
      vertex 82.6508 1.2 30.6485
      vertex 82.798 0 30.7299
      vertex 82.798 1.2 30.7299
    endloop
  endfacet
  facet normal -0.483926 0 0.875109
    outer loop
      vertex 82.798 0 30.7299
      vertex 82.6508 1.2 30.6485
      vertex 82.6508 0 30.6485
    endloop
  endfacet
  facet normal -0.578479 0 0.815697
    outer loop
      vertex 82.798 1.2 30.7299
      vertex 82.9352 0 30.8272
      vertex 82.9352 1.2 30.8272
    endloop
  endfacet
  facet normal -0.578479 0 0.815697
    outer loop
      vertex 82.9352 0 30.8272
      vertex 82.798 1.2 30.7299
      vertex 82.798 0 30.7299
    endloop
  endfacet
  facet normal -0.666169 0 0.745801
    outer loop
      vertex 82.9352 1.2 30.8272
      vertex 83.0607 0 30.9393
      vertex 83.0607 1.2 30.9393
    endloop
  endfacet
  facet normal -0.666169 0 0.745801
    outer loop
      vertex 83.0607 0 30.9393
      vertex 82.9352 1.2 30.8272
      vertex 82.9352 0 30.8272
    endloop
  endfacet
  facet normal -0.746096 0 0.665839
    outer loop
      vertex 83.0607 0 30.9393
      vertex 83.1727 1.2 31.0648
      vertex 83.0607 1.2 30.9393
    endloop
  endfacet
  facet normal -0.746096 0 0.665839
    outer loop
      vertex 83.1727 1.2 31.0648
      vertex 83.0607 0 30.9393
      vertex 83.1727 0 31.0648
    endloop
  endfacet
  facet normal -0.815417 0 0.578875
    outer loop
      vertex 83.1727 0 31.0648
      vertex 83.2701 1.2 31.202
      vertex 83.1727 1.2 31.0648
    endloop
  endfacet
  facet normal -0.815417 0 0.578875
    outer loop
      vertex 83.2701 1.2 31.202
      vertex 83.1727 0 31.0648
      vertex 83.2701 0 31.202
    endloop
  endfacet
  facet normal -0.875361 0 0.48347
    outer loop
      vertex 83.2701 0 31.202
      vertex 83.3514 1.2 31.3492
      vertex 83.2701 1.2 31.202
    endloop
  endfacet
  facet normal -0.875361 0 0.48347
    outer loop
      vertex 83.3514 1.2 31.3492
      vertex 83.2701 0 31.202
      vertex 83.3514 0 31.3492
    endloop
  endfacet
  facet normal -0.923814 0 0.382842
    outer loop
      vertex 83.3514 0 31.3492
      vertex 83.4158 1.2 31.5046
      vertex 83.3514 1.2 31.3492
    endloop
  endfacet
  facet normal -0.923814 0 0.382842
    outer loop
      vertex 83.4158 1.2 31.5046
      vertex 83.3514 0 31.3492
      vertex 83.4158 0 31.5046
    endloop
  endfacet
  facet normal -0.960848 0 0.277076
    outer loop
      vertex 83.4158 0 31.5046
      vertex 83.4624 1.2 31.6662
      vertex 83.4158 1.2 31.5046
    endloop
  endfacet
  facet normal -0.960848 0 0.277076
    outer loop
      vertex 83.4624 1.2 31.6662
      vertex 83.4158 0 31.5046
      vertex 83.4624 0 31.6662
    endloop
  endfacet
  facet normal -0.985842 0 0.167676
    outer loop
      vertex 83.4624 0 31.6662
      vertex 83.4906 1.2 31.832
      vertex 83.4624 1.2 31.6662
    endloop
  endfacet
  facet normal -0.985842 0 0.167676
    outer loop
      vertex 83.4906 1.2 31.832
      vertex 83.4624 0 31.6662
      vertex 83.4906 0 31.832
    endloop
  endfacet
  facet normal -0.998438 0 0.055865
    outer loop
      vertex 83.4906 0 31.832
      vertex 83.5 1.2 32
      vertex 83.4906 1.2 31.832
    endloop
  endfacet
  facet normal -0.998438 0 0.055865
    outer loop
      vertex 83.5 1.2 32
      vertex 83.4906 0 31.832
      vertex 83.5 0 32
    endloop
  endfacet
  facet normal -0.998436 0 -0.0558982
    outer loop
      vertex 83.5 0 32
      vertex 83.4906 1.2 32.1679
      vertex 83.5 1.2 32
    endloop
  endfacet
  facet normal -0.998436 -0 -0.0558982
    outer loop
      vertex 83.4906 1.2 32.1679
      vertex 83.5 0 32
      vertex 83.4906 0 32.1679
    endloop
  endfacet
  facet normal -0.985859 0 -0.167578
    outer loop
      vertex 83.4906 0 32.1679
      vertex 83.4624 1.2 32.3338
      vertex 83.4906 1.2 32.1679
    endloop
  endfacet
  facet normal -0.985859 -0 -0.167578
    outer loop
      vertex 83.4624 1.2 32.3338
      vertex 83.4906 0 32.1679
      vertex 83.4624 0 32.3338
    endloop
  endfacet
  facet normal -0.960848 0 -0.277076
    outer loop
      vertex 83.4624 0 32.3338
      vertex 83.4158 1.2 32.4954
      vertex 83.4624 1.2 32.3338
    endloop
  endfacet
  facet normal -0.960848 -0 -0.277076
    outer loop
      vertex 83.4158 1.2 32.4954
      vertex 83.4624 0 32.3338
      vertex 83.4158 0 32.4954
    endloop
  endfacet
  facet normal -0.923814 0 -0.382842
    outer loop
      vertex 83.4158 0 32.4954
      vertex 83.3514 1.2 32.6508
      vertex 83.4158 1.2 32.4954
    endloop
  endfacet
  facet normal -0.923814 -0 -0.382842
    outer loop
      vertex 83.3514 1.2 32.6508
      vertex 83.4158 0 32.4954
      vertex 83.3514 0 32.6508
    endloop
  endfacet
  facet normal -0.875361 0 -0.48347
    outer loop
      vertex 83.3514 0 32.6508
      vertex 83.2701 1.2 32.798
      vertex 83.3514 1.2 32.6508
    endloop
  endfacet
  facet normal -0.875361 -0 -0.48347
    outer loop
      vertex 83.2701 1.2 32.798
      vertex 83.3514 0 32.6508
      vertex 83.2701 0 32.798
    endloop
  endfacet
  facet normal -0.815417 0 -0.578875
    outer loop
      vertex 83.2701 0 32.798
      vertex 83.1727 1.2 32.9352
      vertex 83.2701 1.2 32.798
    endloop
  endfacet
  facet normal -0.815417 -0 -0.578875
    outer loop
      vertex 83.1727 1.2 32.9352
      vertex 83.2701 0 32.798
      vertex 83.1727 0 32.9352
    endloop
  endfacet
  facet normal -0.746096 0 -0.665839
    outer loop
      vertex 83.1727 0 32.9352
      vertex 83.0607 1.2 33.0607
      vertex 83.1727 1.2 32.9352
    endloop
  endfacet
  facet normal -0.746096 -0 -0.665839
    outer loop
      vertex 83.0607 1.2 33.0607
      vertex 83.1727 0 32.9352
      vertex 83.0607 0 33.0607
    endloop
  endfacet
  facet normal -0.665839 0 -0.746096
    outer loop
      vertex 82.9352 0 33.1727
      vertex 83.0607 1.2 33.0607
      vertex 83.0607 0 33.0607
    endloop
  endfacet
  facet normal -0.665839 0 -0.746096
    outer loop
      vertex 83.0607 1.2 33.0607
      vertex 82.9352 0 33.1727
      vertex 82.9352 1.2 33.1727
    endloop
  endfacet
  facet normal -0.578875 0 -0.815417
    outer loop
      vertex 82.798 0 33.2701
      vertex 82.9352 1.2 33.1727
      vertex 82.9352 0 33.1727
    endloop
  endfacet
  facet normal -0.578875 0 -0.815417
    outer loop
      vertex 82.9352 1.2 33.1727
      vertex 82.798 0 33.2701
      vertex 82.798 1.2 33.2701
    endloop
  endfacet
  facet normal -0.48347 0 -0.875361
    outer loop
      vertex 82.6508 0 33.3514
      vertex 82.798 1.2 33.2701
      vertex 82.798 0 33.2701
    endloop
  endfacet
  facet normal -0.48347 0 -0.875361
    outer loop
      vertex 82.798 1.2 33.2701
      vertex 82.6508 0 33.3514
      vertex 82.6508 1.2 33.3514
    endloop
  endfacet
  facet normal -0.382842 0 -0.923814
    outer loop
      vertex 82.4954 0 33.4158
      vertex 82.6508 1.2 33.3514
      vertex 82.6508 0 33.3514
    endloop
  endfacet
  facet normal -0.382842 0 -0.923814
    outer loop
      vertex 82.6508 1.2 33.3514
      vertex 82.4954 0 33.4158
      vertex 82.4954 1.2 33.4158
    endloop
  endfacet
  facet normal -0.277076 0 -0.960848
    outer loop
      vertex 82.3338 0 33.4624
      vertex 82.4954 1.2 33.4158
      vertex 82.4954 0 33.4158
    endloop
  endfacet
  facet normal -0.277076 0 -0.960848
    outer loop
      vertex 82.4954 1.2 33.4158
      vertex 82.3338 0 33.4624
      vertex 82.3338 1.2 33.4624
    endloop
  endfacet
  facet normal -0.167578 0 -0.985859
    outer loop
      vertex 82.1679 0 33.4906
      vertex 82.3338 1.2 33.4624
      vertex 82.3338 0 33.4624
    endloop
  endfacet
  facet normal -0.167578 0 -0.985859
    outer loop
      vertex 82.3338 1.2 33.4624
      vertex 82.1679 0 33.4906
      vertex 82.1679 1.2 33.4906
    endloop
  endfacet
  facet normal -0.0558982 0 -0.998436
    outer loop
      vertex 82 0 33.5
      vertex 82.1679 1.2 33.4906
      vertex 82.1679 0 33.4906
    endloop
  endfacet
  facet normal -0.0558982 0 -0.998436
    outer loop
      vertex 82.1679 1.2 33.4906
      vertex 82 0 33.5
      vertex 82 1.2 33.5
    endloop
  endfacet
  facet normal 0.055865 0 -0.998438
    outer loop
      vertex 81.832 0 33.4906
      vertex 82 1.2 33.5
      vertex 82 0 33.5
    endloop
  endfacet
  facet normal 0.055865 0 -0.998438
    outer loop
      vertex 82 1.2 33.5
      vertex 81.832 0 33.4906
      vertex 81.832 1.2 33.4906
    endloop
  endfacet
  facet normal 0.167676 0 -0.985842
    outer loop
      vertex 81.6662 0 33.4624
      vertex 81.832 1.2 33.4906
      vertex 81.832 0 33.4906
    endloop
  endfacet
  facet normal 0.167676 0 -0.985842
    outer loop
      vertex 81.832 1.2 33.4906
      vertex 81.6662 0 33.4624
      vertex 81.6662 1.2 33.4624
    endloop
  endfacet
  facet normal 0.277076 0 -0.960848
    outer loop
      vertex 81.5046 0 33.4158
      vertex 81.6662 1.2 33.4624
      vertex 81.6662 0 33.4624
    endloop
  endfacet
  facet normal 0.277076 0 -0.960848
    outer loop
      vertex 81.6662 1.2 33.4624
      vertex 81.5046 0 33.4158
      vertex 81.5046 1.2 33.4158
    endloop
  endfacet
  facet normal 0.382842 0 -0.923814
    outer loop
      vertex 81.3492 0 33.3514
      vertex 81.5046 1.2 33.4158
      vertex 81.5046 0 33.4158
    endloop
  endfacet
  facet normal 0.382842 0 -0.923814
    outer loop
      vertex 81.5046 1.2 33.4158
      vertex 81.3492 0 33.3514
      vertex 81.3492 1.2 33.3514
    endloop
  endfacet
  facet normal 0.48347 0 -0.875361
    outer loop
      vertex 81.202 0 33.2701
      vertex 81.3492 1.2 33.3514
      vertex 81.3492 0 33.3514
    endloop
  endfacet
  facet normal 0.48347 0 -0.875361
    outer loop
      vertex 81.3492 1.2 33.3514
      vertex 81.202 0 33.2701
      vertex 81.202 1.2 33.2701
    endloop
  endfacet
  facet normal 0.578875 0 -0.815417
    outer loop
      vertex 81.0648 0 33.1727
      vertex 81.202 1.2 33.2701
      vertex 81.202 0 33.2701
    endloop
  endfacet
  facet normal 0.578875 0 -0.815417
    outer loop
      vertex 81.202 1.2 33.2701
      vertex 81.0648 0 33.1727
      vertex 81.0648 1.2 33.1727
    endloop
  endfacet
  facet normal 0.665839 0 -0.746096
    outer loop
      vertex 80.9393 0 33.0607
      vertex 81.0648 1.2 33.1727
      vertex 81.0648 0 33.1727
    endloop
  endfacet
  facet normal 0.665839 0 -0.746096
    outer loop
      vertex 81.0648 1.2 33.1727
      vertex 80.9393 0 33.0607
      vertex 80.9393 1.2 33.0607
    endloop
  endfacet
  facet normal 0.745801 0 -0.666169
    outer loop
      vertex 80.9393 0 33.0607
      vertex 80.8272 1.2 32.9352
      vertex 80.9393 1.2 33.0607
    endloop
  endfacet
  facet normal 0.745801 0 -0.666169
    outer loop
      vertex 80.8272 1.2 32.9352
      vertex 80.9393 0 33.0607
      vertex 80.8272 0 32.9352
    endloop
  endfacet
  facet normal 0.815697 0 -0.578479
    outer loop
      vertex 80.8272 0 32.9352
      vertex 80.7299 1.2 32.798
      vertex 80.8272 1.2 32.9352
    endloop
  endfacet
  facet normal 0.815697 0 -0.578479
    outer loop
      vertex 80.7299 1.2 32.798
      vertex 80.8272 0 32.9352
      vertex 80.7299 0 32.798
    endloop
  endfacet
  facet normal 0.875109 0 -0.483926
    outer loop
      vertex 80.7299 0 32.798
      vertex 80.6485 1.2 32.6508
      vertex 80.7299 1.2 32.798
    endloop
  endfacet
  facet normal 0.875109 0 -0.483926
    outer loop
      vertex 80.6485 1.2 32.6508
      vertex 80.7299 0 32.798
      vertex 80.6485 0 32.6508
    endloop
  endfacet
  facet normal 0.924024 0 -0.382334
    outer loop
      vertex 80.6485 0 32.6508
      vertex 80.5842 1.2 32.4954
      vertex 80.6485 1.2 32.6508
    endloop
  endfacet
  facet normal 0.924024 0 -0.382334
    outer loop
      vertex 80.5842 1.2 32.4954
      vertex 80.6485 0 32.6508
      vertex 80.5842 0 32.4954
    endloop
  endfacet
  facet normal 0.960848 0 -0.277076
    outer loop
      vertex 80.5842 0 32.4954
      vertex 80.5376 1.2 32.3338
      vertex 80.5842 1.2 32.4954
    endloop
  endfacet
  facet normal 0.960848 0 -0.277076
    outer loop
      vertex 80.5376 1.2 32.3338
      vertex 80.5842 0 32.4954
      vertex 80.5376 0 32.3338
    endloop
  endfacet
  facet normal 0.985859 0 -0.167578
    outer loop
      vertex 80.5376 0 32.3338
      vertex 80.5094 1.2 32.1679
      vertex 80.5376 1.2 32.3338
    endloop
  endfacet
  facet normal 0.985859 0 -0.167578
    outer loop
      vertex 80.5094 1.2 32.1679
      vertex 80.5376 0 32.3338
      vertex 80.5094 0 32.1679
    endloop
  endfacet
  facet normal 0.998436 0 -0.0558982
    outer loop
      vertex 80.5094 0 32.1679
      vertex 80.5 1.2 32
      vertex 80.5094 1.2 32.1679
    endloop
  endfacet
  facet normal 0.998436 0 -0.0558982
    outer loop
      vertex 80.5 1.2 32
      vertex 80.5094 0 32.1679
      vertex 80.5 0 32
    endloop
  endfacet
  facet normal 0.998438 -0 0.055865
    outer loop
      vertex 80.5 0 32
      vertex 80.5094 1.2 31.832
      vertex 80.5 1.2 32
    endloop
  endfacet
  facet normal 0.998438 0 0.055865
    outer loop
      vertex 80.5094 1.2 31.832
      vertex 80.5 0 32
      vertex 80.5094 0 31.832
    endloop
  endfacet
  facet normal 0.985842 -0 0.167676
    outer loop
      vertex 80.5094 0 31.832
      vertex 80.5376 1.2 31.6662
      vertex 80.5094 1.2 31.832
    endloop
  endfacet
  facet normal 0.985842 0 0.167676
    outer loop
      vertex 80.5376 1.2 31.6662
      vertex 80.5094 0 31.832
      vertex 80.5376 0 31.6662
    endloop
  endfacet
  facet normal 0.960848 -0 0.277076
    outer loop
      vertex 80.5376 0 31.6662
      vertex 80.5842 1.2 31.5046
      vertex 80.5376 1.2 31.6662
    endloop
  endfacet
  facet normal 0.960848 0 0.277076
    outer loop
      vertex 80.5842 1.2 31.5046
      vertex 80.5376 0 31.6662
      vertex 80.5842 0 31.5046
    endloop
  endfacet
  facet normal 0.924024 -0 0.382334
    outer loop
      vertex 80.5842 0 31.5046
      vertex 80.6485 1.2 31.3492
      vertex 80.5842 1.2 31.5046
    endloop
  endfacet
  facet normal 0.924024 0 0.382334
    outer loop
      vertex 80.6485 1.2 31.3492
      vertex 80.5842 0 31.5046
      vertex 80.6485 0 31.3492
    endloop
  endfacet
  facet normal 0.875109 -0 0.483926
    outer loop
      vertex 80.6485 0 31.3492
      vertex 80.7299 1.2 31.202
      vertex 80.6485 1.2 31.3492
    endloop
  endfacet
  facet normal 0.875109 0 0.483926
    outer loop
      vertex 80.7299 1.2 31.202
      vertex 80.6485 0 31.3492
      vertex 80.7299 0 31.202
    endloop
  endfacet
  facet normal 0.815697 -0 0.578479
    outer loop
      vertex 80.7299 0 31.202
      vertex 80.8272 1.2 31.0648
      vertex 80.7299 1.2 31.202
    endloop
  endfacet
  facet normal 0.815697 0 0.578479
    outer loop
      vertex 80.8272 1.2 31.0648
      vertex 80.7299 0 31.202
      vertex 80.8272 0 31.0648
    endloop
  endfacet
  facet normal 0.745801 -0 0.666169
    outer loop
      vertex 80.8272 0 31.0648
      vertex 80.9393 1.2 30.9393
      vertex 80.8272 1.2 31.0648
    endloop
  endfacet
  facet normal 0.745801 0 0.666169
    outer loop
      vertex 80.9393 1.2 30.9393
      vertex 80.8272 0 31.0648
      vertex 80.9393 0 30.9393
    endloop
  endfacet
  facet normal 0.666169 0 0.745801
    outer loop
      vertex 80.9393 1.2 30.9393
      vertex 81.0648 0 30.8272
      vertex 81.0648 1.2 30.8272
    endloop
  endfacet
  facet normal 0.666169 0 0.745801
    outer loop
      vertex 81.0648 0 30.8272
      vertex 80.9393 1.2 30.9393
      vertex 80.9393 0 30.9393
    endloop
  endfacet
  facet normal 0.578479 0 0.815697
    outer loop
      vertex 81.0648 1.2 30.8272
      vertex 81.202 0 30.7299
      vertex 81.202 1.2 30.7299
    endloop
  endfacet
  facet normal 0.578479 0 0.815697
    outer loop
      vertex 81.202 0 30.7299
      vertex 81.0648 1.2 30.8272
      vertex 81.0648 0 30.8272
    endloop
  endfacet
  facet normal 0.483926 0 0.875109
    outer loop
      vertex 81.202 1.2 30.7299
      vertex 81.3492 0 30.6485
      vertex 81.3492 1.2 30.6485
    endloop
  endfacet
  facet normal 0.483926 0 0.875109
    outer loop
      vertex 81.3492 0 30.6485
      vertex 81.202 1.2 30.7299
      vertex 81.202 0 30.7299
    endloop
  endfacet
  facet normal 0.382334 0 0.924024
    outer loop
      vertex 81.3492 1.2 30.6485
      vertex 81.5046 0 30.5842
      vertex 81.5046 1.2 30.5842
    endloop
  endfacet
  facet normal 0.382334 0 0.924024
    outer loop
      vertex 81.5046 0 30.5842
      vertex 81.3492 1.2 30.6485
      vertex 81.3492 0 30.6485
    endloop
  endfacet
  facet normal 0.277076 0 0.960848
    outer loop
      vertex 81.5046 1.2 30.5842
      vertex 81.6662 0 30.5376
      vertex 81.6662 1.2 30.5376
    endloop
  endfacet
  facet normal 0.277076 0 0.960848
    outer loop
      vertex 81.6662 0 30.5376
      vertex 81.5046 1.2 30.5842
      vertex 81.5046 0 30.5842
    endloop
  endfacet
  facet normal 0.167676 0 0.985842
    outer loop
      vertex 81.6662 1.2 30.5376
      vertex 81.832 0 30.5094
      vertex 81.832 1.2 30.5094
    endloop
  endfacet
  facet normal 0.167676 0 0.985842
    outer loop
      vertex 81.832 0 30.5094
      vertex 81.6662 1.2 30.5376
      vertex 81.6662 0 30.5376
    endloop
  endfacet
  facet normal 0.055865 0 0.998438
    outer loop
      vertex 81.832 1.2 30.5094
      vertex 82 0 30.5
      vertex 82 1.2 30.5
    endloop
  endfacet
  facet normal 0.055865 0 0.998438
    outer loop
      vertex 82 0 30.5
      vertex 81.832 1.2 30.5094
      vertex 81.832 0 30.5094
    endloop
  endfacet
  facet normal -0.0558982 0 0.998436
    outer loop
      vertex 82 1.2 30.5
      vertex 82.1679 0 30.5094
      vertex 82.1679 1.2 30.5094
    endloop
  endfacet
  facet normal -0.0558982 0 0.998436
    outer loop
      vertex 82.1679 0 30.5094
      vertex 82 1.2 30.5
      vertex 82 0 30.5
    endloop
  endfacet
  facet normal -0.167496 0 0.985873
    outer loop
      vertex 62.7567 2.8 25.5088
      vertex 62.9115 0 25.5351
      vertex 62.9115 2.8 25.5351
    endloop
  endfacet
  facet normal -0.167496 0 0.985873
    outer loop
      vertex 62.9115 0 25.5351
      vertex 62.7567 2.8 25.5088
      vertex 62.7567 0 25.5088
    endloop
  endfacet
  facet normal -0.276991 0 0.960872
    outer loop
      vertex 62.9115 2.8 25.5351
      vertex 63.0624 0 25.5786
      vertex 63.0624 2.8 25.5786
    endloop
  endfacet
  facet normal -0.276991 0 0.960872
    outer loop
      vertex 63.0624 0 25.5786
      vertex 62.9115 2.8 25.5351
      vertex 62.9115 0 25.5351
    endloop
  endfacet
  facet normal -0.382352 0 0.924017
    outer loop
      vertex 63.0624 2.8 25.5786
      vertex 63.2074 0 25.6386
      vertex 63.2074 2.8 25.6386
    endloop
  endfacet
  facet normal -0.382352 0 0.924017
    outer loop
      vertex 63.2074 0 25.6386
      vertex 63.0624 2.8 25.5786
      vertex 63.0624 0 25.5786
    endloop
  endfacet
  facet normal -0.48402 0 0.875057
    outer loop
      vertex 63.2074 2.8 25.6386
      vertex 63.3448 0 25.7146
      vertex 63.3448 2.8 25.7146
    endloop
  endfacet
  facet normal -0.48402 0 0.875057
    outer loop
      vertex 63.3448 0 25.7146
      vertex 63.2074 2.8 25.6386
      vertex 63.2074 0 25.6386
    endloop
  endfacet
  facet normal -0.578282 0 0.815837
    outer loop
      vertex 63.3448 2.8 25.7146
      vertex 63.4729 0 25.8054
      vertex 63.4729 2.8 25.8054
    endloop
  endfacet
  facet normal -0.578282 0 0.815837
    outer loop
      vertex 63.4729 0 25.8054
      vertex 63.3448 2.8 25.7146
      vertex 63.3448 0 25.7146
    endloop
  endfacet
  facet normal -0.666497 0 0.745508
    outer loop
      vertex 63.4729 2.8 25.8054
      vertex 63.5899 0 25.91
      vertex 63.5899 2.8 25.91
    endloop
  endfacet
  facet normal -0.666497 0 0.745508
    outer loop
      vertex 63.5899 0 25.91
      vertex 63.4729 2.8 25.8054
      vertex 63.4729 0 25.8054
    endloop
  endfacet
  facet normal -0.745791 0 0.66618
    outer loop
      vertex 63.5899 0 25.91
      vertex 63.6945 2.8 26.0271
      vertex 63.5899 2.8 25.91
    endloop
  endfacet
  facet normal -0.745791 0 0.66618
    outer loop
      vertex 63.6945 2.8 26.0271
      vertex 63.5899 0 25.91
      vertex 63.6945 0 26.0271
    endloop
  endfacet
  facet normal -0.815536 0 0.578706
    outer loop
      vertex 63.6945 0 26.0271
      vertex 63.7854 2.8 26.1552
      vertex 63.6945 2.8 26.0271
    endloop
  endfacet
  facet normal -0.815536 0 0.578706
    outer loop
      vertex 63.7854 2.8 26.1552
      vertex 63.6945 0 26.0271
      vertex 63.7854 0 26.1552
    endloop
  endfacet
  facet normal -0.875327 0 0.483532
    outer loop
      vertex 63.7854 0 26.1552
      vertex 63.8613 2.8 26.2926
      vertex 63.7854 2.8 26.1552
    endloop
  endfacet
  facet normal -0.875327 0 0.483532
    outer loop
      vertex 63.8613 2.8 26.2926
      vertex 63.7854 0 26.1552
      vertex 63.8613 0 26.2926
    endloop
  endfacet
  facet normal -0.923792 0 0.382896
    outer loop
      vertex 63.8613 0 26.2926
      vertex 63.9214 2.8 26.4376
      vertex 63.8613 2.8 26.2926
    endloop
  endfacet
  facet normal -0.923792 0 0.382896
    outer loop
      vertex 63.9214 2.8 26.4376
      vertex 63.8613 0 26.2926
      vertex 63.9214 0 26.4376
    endloop
  endfacet
  facet normal -0.960872 0 0.276991
    outer loop
      vertex 63.9214 0 26.4376
      vertex 63.9649 2.8 26.5885
      vertex 63.9214 2.8 26.4376
    endloop
  endfacet
  facet normal -0.960872 0 0.276991
    outer loop
      vertex 63.9649 2.8 26.5885
      vertex 63.9214 0 26.4376
      vertex 63.9649 0 26.5885
    endloop
  endfacet
  facet normal -0.985855 0 0.167602
    outer loop
      vertex 63.9649 0 26.5885
      vertex 63.9912 2.8 26.7432
      vertex 63.9649 2.8 26.5885
    endloop
  endfacet
  facet normal -0.985855 0 0.167602
    outer loop
      vertex 63.9912 2.8 26.7432
      vertex 63.9649 0 26.5885
      vertex 63.9912 0 26.7432
    endloop
  endfacet
  facet normal -0.998429 0 0.0560343
    outer loop
      vertex 63.9912 0 26.7432
      vertex 64 2.8 26.9
      vertex 63.9912 2.8 26.7432
    endloop
  endfacet
  facet normal -0.998429 0 0.0560343
    outer loop
      vertex 64 2.8 26.9
      vertex 63.9912 0 26.7432
      vertex 64 0 26.9
    endloop
  endfacet
  facet normal -1 0 0
    outer loop
      vertex 64 0 26.9
      vertex 64 2.8 27.1
      vertex 64 2.8 26.9
    endloop
  endfacet
  facet normal -1 -0 0
    outer loop
      vertex 64 2.8 27.1
      vertex 64 0 26.9
      vertex 64 0 27.1
    endloop
  endfacet
  facet normal -0.998427 0 -0.0560699
    outer loop
      vertex 64 0 27.1
      vertex 63.9912 2.8 27.2567
      vertex 64 2.8 27.1
    endloop
  endfacet
  facet normal -0.998427 -0 -0.0560699
    outer loop
      vertex 63.9912 2.8 27.2567
      vertex 64 0 27.1
      vertex 63.9912 0 27.2567
    endloop
  endfacet
  facet normal -0.985873 0 -0.167496
    outer loop
      vertex 63.9912 0 27.2567
      vertex 63.9649 2.8 27.4115
      vertex 63.9912 2.8 27.2567
    endloop
  endfacet
  facet normal -0.985873 -0 -0.167496
    outer loop
      vertex 63.9649 2.8 27.4115
      vertex 63.9912 0 27.2567
      vertex 63.9649 0 27.4115
    endloop
  endfacet
  facet normal -0.960872 0 -0.276991
    outer loop
      vertex 63.9649 0 27.4115
      vertex 63.9214 2.8 27.5624
      vertex 63.9649 2.8 27.4115
    endloop
  endfacet
  facet normal -0.960872 -0 -0.276991
    outer loop
      vertex 63.9214 2.8 27.5624
      vertex 63.9649 0 27.4115
      vertex 63.9214 0 27.5624
    endloop
  endfacet
  facet normal -0.923792 0 -0.382896
    outer loop
      vertex 63.9214 0 27.5624
      vertex 63.8613 2.8 27.7074
      vertex 63.9214 2.8 27.5624
    endloop
  endfacet
  facet normal -0.923792 -0 -0.382896
    outer loop
      vertex 63.8613 2.8 27.7074
      vertex 63.9214 0 27.5624
      vertex 63.8613 0 27.7074
    endloop
  endfacet
  facet normal -0.875327 0 -0.483532
    outer loop
      vertex 63.8613 0 27.7074
      vertex 63.7854 2.8 27.8448
      vertex 63.8613 2.8 27.7074
    endloop
  endfacet
  facet normal -0.875327 -0 -0.483532
    outer loop
      vertex 63.7854 2.8 27.8448
      vertex 63.8613 0 27.7074
      vertex 63.7854 0 27.8448
    endloop
  endfacet
  facet normal -0.815536 0 -0.578706
    outer loop
      vertex 63.7854 0 27.8448
      vertex 63.6945 2.8 27.9729
      vertex 63.7854 2.8 27.8448
    endloop
  endfacet
  facet normal -0.815536 -0 -0.578706
    outer loop
      vertex 63.6945 2.8 27.9729
      vertex 63.7854 0 27.8448
      vertex 63.6945 0 27.9729
    endloop
  endfacet
  facet normal -0.745508 0 -0.666497
    outer loop
      vertex 63.6945 0 27.9729
      vertex 63.5899 2.8 28.0899
      vertex 63.6945 2.8 27.9729
    endloop
  endfacet
  facet normal -0.745508 -0 -0.666497
    outer loop
      vertex 63.5899 2.8 28.0899
      vertex 63.6945 0 27.9729
      vertex 63.5899 0 28.0899
    endloop
  endfacet
  facet normal -0.666497 0 -0.745508
    outer loop
      vertex 63.4729 0 28.1945
      vertex 63.5899 2.8 28.0899
      vertex 63.5899 0 28.0899
    endloop
  endfacet
  facet normal -0.666497 0 -0.745508
    outer loop
      vertex 63.5899 2.8 28.0899
      vertex 63.4729 0 28.1945
      vertex 63.4729 2.8 28.1945
    endloop
  endfacet
  facet normal -0.578706 0 -0.815536
    outer loop
      vertex 63.3448 0 28.2854
      vertex 63.4729 2.8 28.1945
      vertex 63.4729 0 28.1945
    endloop
  endfacet
  facet normal -0.578706 0 -0.815536
    outer loop
      vertex 63.4729 2.8 28.1945
      vertex 63.3448 0 28.2854
      vertex 63.3448 2.8 28.2854
    endloop
  endfacet
  facet normal -0.483532 0 -0.875327
    outer loop
      vertex 63.2074 0 28.3613
      vertex 63.3448 2.8 28.2854
      vertex 63.3448 0 28.2854
    endloop
  endfacet
  facet normal -0.483532 0 -0.875327
    outer loop
      vertex 63.3448 2.8 28.2854
      vertex 63.2074 0 28.3613
      vertex 63.2074 2.8 28.3613
    endloop
  endfacet
  facet normal -0.382896 0 -0.923792
    outer loop
      vertex 63.0624 0 28.4214
      vertex 63.2074 2.8 28.3613
      vertex 63.2074 0 28.3613
    endloop
  endfacet
  facet normal -0.382896 0 -0.923792
    outer loop
      vertex 63.2074 2.8 28.3613
      vertex 63.0624 0 28.4214
      vertex 63.0624 2.8 28.4214
    endloop
  endfacet
  facet normal -0.276991 0 -0.960872
    outer loop
      vertex 62.9115 0 28.4649
      vertex 63.0624 2.8 28.4214
      vertex 63.0624 0 28.4214
    endloop
  endfacet
  facet normal -0.276991 0 -0.960872
    outer loop
      vertex 63.0624 2.8 28.4214
      vertex 62.9115 0 28.4649
      vertex 62.9115 2.8 28.4649
    endloop
  endfacet
  facet normal -0.167496 0 -0.985873
    outer loop
      vertex 62.7567 0 28.4912
      vertex 62.9115 2.8 28.4649
      vertex 62.9115 0 28.4649
    endloop
  endfacet
  facet normal -0.167496 0 -0.985873
    outer loop
      vertex 62.9115 2.8 28.4649
      vertex 62.7567 0 28.4912
      vertex 62.7567 2.8 28.4912
    endloop
  endfacet
  facet normal -0.0560699 0 -0.998427
    outer loop
      vertex 62.6 0 28.5
      vertex 62.7567 2.8 28.4912
      vertex 62.7567 0 28.4912
    endloop
  endfacet
  facet normal -0.0560699 0 -0.998427
    outer loop
      vertex 62.7567 2.8 28.4912
      vertex 62.6 0 28.5
      vertex 62.6 2.8 28.5
    endloop
  endfacet
  facet normal 0 0 -1
    outer loop
      vertex 51.4 0 28.5
      vertex 62.6 2.8 28.5
      vertex 62.6 0 28.5
    endloop
  endfacet
  facet normal -0 0 -1
    outer loop
      vertex 62.6 2.8 28.5
      vertex 51.4 0 28.5
      vertex 51.4 2.8 28.5
    endloop
  endfacet
  facet normal 0.0560343 0 -0.998429
    outer loop
      vertex 51.2432 0 28.4912
      vertex 51.4 2.8 28.5
      vertex 51.4 0 28.5
    endloop
  endfacet
  facet normal 0.0560343 0 -0.998429
    outer loop
      vertex 51.4 2.8 28.5
      vertex 51.2432 0 28.4912
      vertex 51.2432 2.8 28.4912
    endloop
  endfacet
  facet normal 0.167602 0 -0.985855
    outer loop
      vertex 51.0885 0 28.4649
      vertex 51.2432 2.8 28.4912
      vertex 51.2432 0 28.4912
    endloop
  endfacet
  facet normal 0.167602 0 -0.985855
    outer loop
      vertex 51.2432 2.8 28.4912
      vertex 51.0885 0 28.4649
      vertex 51.0885 2.8 28.4649
    endloop
  endfacet
  facet normal 0.276991 0 -0.960872
    outer loop
      vertex 50.9376 0 28.4214
      vertex 51.0885 2.8 28.4649
      vertex 51.0885 0 28.4649
    endloop
  endfacet
  facet normal 0.276991 0 -0.960872
    outer loop
      vertex 51.0885 2.8 28.4649
      vertex 50.9376 0 28.4214
      vertex 50.9376 2.8 28.4214
    endloop
  endfacet
  facet normal 0.382896 0 -0.923792
    outer loop
      vertex 50.7926 0 28.3613
      vertex 50.9376 2.8 28.4214
      vertex 50.9376 0 28.4214
    endloop
  endfacet
  facet normal 0.382896 0 -0.923792
    outer loop
      vertex 50.9376 2.8 28.4214
      vertex 50.7926 0 28.3613
      vertex 50.7926 2.8 28.3613
    endloop
  endfacet
  facet normal 0.483532 0 -0.875327
    outer loop
      vertex 50.6552 0 28.2854
      vertex 50.7926 2.8 28.3613
      vertex 50.7926 0 28.3613
    endloop
  endfacet
  facet normal 0.483532 0 -0.875327
    outer loop
      vertex 50.7926 2.8 28.3613
      vertex 50.6552 0 28.2854
      vertex 50.6552 2.8 28.2854
    endloop
  endfacet
  facet normal 0.578706 0 -0.815536
    outer loop
      vertex 50.5271 0 28.1945
      vertex 50.6552 2.8 28.2854
      vertex 50.6552 0 28.2854
    endloop
  endfacet
  facet normal 0.578706 0 -0.815536
    outer loop
      vertex 50.6552 2.8 28.2854
      vertex 50.5271 0 28.1945
      vertex 50.5271 2.8 28.1945
    endloop
  endfacet
  facet normal 0.66618 0 -0.745791
    outer loop
      vertex 50.41 0 28.0899
      vertex 50.5271 2.8 28.1945
      vertex 50.5271 0 28.1945
    endloop
  endfacet
  facet normal 0.66618 0 -0.745791
    outer loop
      vertex 50.5271 2.8 28.1945
      vertex 50.41 0 28.0899
      vertex 50.41 2.8 28.0899
    endloop
  endfacet
  facet normal 0.745508 0 -0.666497
    outer loop
      vertex 50.41 0 28.0899
      vertex 50.3054 2.8 27.9729
      vertex 50.41 2.8 28.0899
    endloop
  endfacet
  facet normal 0.745508 0 -0.666497
    outer loop
      vertex 50.3054 2.8 27.9729
      vertex 50.41 0 28.0899
      vertex 50.3054 0 27.9729
    endloop
  endfacet
  facet normal 0.815837 0 -0.578282
    outer loop
      vertex 50.3054 0 27.9729
      vertex 50.2146 2.8 27.8448
      vertex 50.3054 2.8 27.9729
    endloop
  endfacet
  facet normal 0.815837 0 -0.578282
    outer loop
      vertex 50.2146 2.8 27.8448
      vertex 50.3054 0 27.9729
      vertex 50.2146 0 27.8448
    endloop
  endfacet
  facet normal 0.875057 0 -0.48402
    outer loop
      vertex 50.2146 0 27.8448
      vertex 50.1386 2.8 27.7074
      vertex 50.2146 2.8 27.8448
    endloop
  endfacet
  facet normal 0.875057 0 -0.48402
    outer loop
      vertex 50.1386 2.8 27.7074
      vertex 50.2146 0 27.8448
      vertex 50.1386 0 27.7074
    endloop
  endfacet
  facet normal 0.924017 0 -0.382352
    outer loop
      vertex 50.1386 0 27.7074
      vertex 50.0786 2.8 27.5624
      vertex 50.1386 2.8 27.7074
    endloop
  endfacet
  facet normal 0.924017 0 -0.382352
    outer loop
      vertex 50.0786 2.8 27.5624
      vertex 50.1386 0 27.7074
      vertex 50.0786 0 27.5624
    endloop
  endfacet
  facet normal 0.960872 0 -0.276991
    outer loop
      vertex 50.0786 0 27.5624
      vertex 50.0351 2.8 27.4115
      vertex 50.0786 2.8 27.5624
    endloop
  endfacet
  facet normal 0.960872 0 -0.276991
    outer loop
      vertex 50.0351 2.8 27.4115
      vertex 50.0786 0 27.5624
      vertex 50.0351 0 27.4115
    endloop
  endfacet
  facet normal 0.985873 0 -0.167496
    outer loop
      vertex 50.0351 0 27.4115
      vertex 50.0088 2.8 27.2567
      vertex 50.0351 2.8 27.4115
    endloop
  endfacet
  facet normal 0.985873 0 -0.167496
    outer loop
      vertex 50.0088 2.8 27.2567
      vertex 50.0351 0 27.4115
      vertex 50.0088 0 27.2567
    endloop
  endfacet
  facet normal 0.998427 0 -0.0560699
    outer loop
      vertex 50.0088 0 27.2567
      vertex 50 2.8 27.1
      vertex 50.0088 2.8 27.2567
    endloop
  endfacet
  facet normal 0.998427 0 -0.0560699
    outer loop
      vertex 50 2.8 27.1
      vertex 50.0088 0 27.2567
      vertex 50 0 27.1
    endloop
  endfacet
  facet normal 1 -0 0
    outer loop
      vertex 50 0 27.1
      vertex 50 2.8 26.9
      vertex 50 2.8 27.1
    endloop
  endfacet
  facet normal 1 0 0
    outer loop
      vertex 50 2.8 26.9
      vertex 50 0 27.1
      vertex 50 0 26.9
    endloop
  endfacet
  facet normal 0.998429 -0 0.0560343
    outer loop
      vertex 50 0 26.9
      vertex 50.0088 2.8 26.7432
      vertex 50 2.8 26.9
    endloop
  endfacet
  facet normal 0.998429 0 0.0560343
    outer loop
      vertex 50.0088 2.8 26.7432
      vertex 50 0 26.9
      vertex 50.0088 0 26.7432
    endloop
  endfacet
  facet normal 0.985855 -0 0.167602
    outer loop
      vertex 50.0088 0 26.7432
      vertex 50.0351 2.8 26.5885
      vertex 50.0088 2.8 26.7432
    endloop
  endfacet
  facet normal 0.985855 0 0.167602
    outer loop
      vertex 50.0351 2.8 26.5885
      vertex 50.0088 0 26.7432
      vertex 50.0351 0 26.5885
    endloop
  endfacet
  facet normal 0.960872 -0 0.276991
    outer loop
      vertex 50.0351 0 26.5885
      vertex 50.0786 2.8 26.4376
      vertex 50.0351 2.8 26.5885
    endloop
  endfacet
  facet normal 0.960872 0 0.276991
    outer loop
      vertex 50.0786 2.8 26.4376
      vertex 50.0351 0 26.5885
      vertex 50.0786 0 26.4376
    endloop
  endfacet
  facet normal 0.924017 -0 0.382352
    outer loop
      vertex 50.0786 0 26.4376
      vertex 50.1386 2.8 26.2926
      vertex 50.0786 2.8 26.4376
    endloop
  endfacet
  facet normal 0.924017 0 0.382352
    outer loop
      vertex 50.1386 2.8 26.2926
      vertex 50.0786 0 26.4376
      vertex 50.1386 0 26.2926
    endloop
  endfacet
  facet normal 0.875057 -0 0.48402
    outer loop
      vertex 50.1386 0 26.2926
      vertex 50.2146 2.8 26.1552
      vertex 50.1386 2.8 26.2926
    endloop
  endfacet
  facet normal 0.875057 0 0.48402
    outer loop
      vertex 50.2146 2.8 26.1552
      vertex 50.1386 0 26.2926
      vertex 50.2146 0 26.1552
    endloop
  endfacet
  facet normal 0.815837 -0 0.578282
    outer loop
      vertex 50.2146 0 26.1552
      vertex 50.3054 2.8 26.0271
      vertex 50.2146 2.8 26.1552
    endloop
  endfacet
  facet normal 0.815837 0 0.578282
    outer loop
      vertex 50.3054 2.8 26.0271
      vertex 50.2146 0 26.1552
      vertex 50.3054 0 26.0271
    endloop
  endfacet
  facet normal 0.745791 -0 0.66618
    outer loop
      vertex 50.3054 0 26.0271
      vertex 50.41 2.8 25.91
      vertex 50.3054 2.8 26.0271
    endloop
  endfacet
  facet normal 0.745791 0 0.66618
    outer loop
      vertex 50.41 2.8 25.91
      vertex 50.3054 0 26.0271
      vertex 50.41 0 25.91
    endloop
  endfacet
  facet normal 0.66618 0 0.745791
    outer loop
      vertex 50.41 2.8 25.91
      vertex 50.5271 0 25.8054
      vertex 50.5271 2.8 25.8054
    endloop
  endfacet
  facet normal 0.66618 0 0.745791
    outer loop
      vertex 50.5271 0 25.8054
      vertex 50.41 2.8 25.91
      vertex 50.41 0 25.91
    endloop
  endfacet
  facet normal 0.578282 0 0.815837
    outer loop
      vertex 50.5271 2.8 25.8054
      vertex 50.6552 0 25.7146
      vertex 50.6552 2.8 25.7146
    endloop
  endfacet
  facet normal 0.578282 0 0.815837
    outer loop
      vertex 50.6552 0 25.7146
      vertex 50.5271 2.8 25.8054
      vertex 50.5271 0 25.8054
    endloop
  endfacet
  facet normal 0.48402 0 0.875057
    outer loop
      vertex 50.6552 2.8 25.7146
      vertex 50.7926 0 25.6386
      vertex 50.7926 2.8 25.6386
    endloop
  endfacet
  facet normal 0.48402 0 0.875057
    outer loop
      vertex 50.7926 0 25.6386
      vertex 50.6552 2.8 25.7146
      vertex 50.6552 0 25.7146
    endloop
  endfacet
  facet normal 0.382352 0 0.924017
    outer loop
      vertex 50.7926 2.8 25.6386
      vertex 50.9376 0 25.5786
      vertex 50.9376 2.8 25.5786
    endloop
  endfacet
  facet normal 0.382352 0 0.924017
    outer loop
      vertex 50.9376 0 25.5786
      vertex 50.7926 2.8 25.6386
      vertex 50.7926 0 25.6386
    endloop
  endfacet
  facet normal 0.276991 0 0.960872
    outer loop
      vertex 50.9376 2.8 25.5786
      vertex 51.0885 0 25.5351
      vertex 51.0885 2.8 25.5351
    endloop
  endfacet
  facet normal 0.276991 0 0.960872
    outer loop
      vertex 51.0885 0 25.5351
      vertex 50.9376 2.8 25.5786
      vertex 50.9376 0 25.5786
    endloop
  endfacet
  facet normal 0.167602 0 0.985855
    outer loop
      vertex 51.0885 2.8 25.5351
      vertex 51.2432 0 25.5088
      vertex 51.2432 2.8 25.5088
    endloop
  endfacet
  facet normal 0.167602 0 0.985855
    outer loop
      vertex 51.2432 0 25.5088
      vertex 51.0885 2.8 25.5351
      vertex 51.0885 0 25.5351
    endloop
  endfacet
  facet normal 0.0560343 0 0.998429
    outer loop
      vertex 51.2432 2.8 25.5088
      vertex 51.4 0 25.5
      vertex 51.4 2.8 25.5
    endloop
  endfacet
  facet normal 0.0560343 0 0.998429
    outer loop
      vertex 51.4 0 25.5
      vertex 51.2432 2.8 25.5088
      vertex 51.2432 0 25.5088
    endloop
  endfacet
  facet normal -0 0 1
    outer loop
      vertex 51.4 2.8 25.5
      vertex 62.6 0 25.5
      vertex 62.6 2.8 25.5
    endloop
  endfacet
  facet normal 0 0 1
    outer loop
      vertex 62.6 0 25.5
      vertex 51.4 2.8 25.5
      vertex 51.4 0 25.5
    endloop
  endfacet
  facet normal -0.0560699 0 0.998427
    outer loop
      vertex 62.6 2.8 25.5
      vertex 62.7567 0 25.5088
      vertex 62.7567 2.8 25.5088
    endloop
  endfacet
  facet normal -0.0560699 0 0.998427
    outer loop
      vertex 62.7567 0 25.5088
      vertex 62.6 2.8 25.5
      vertex 62.6 0 25.5
    endloop
  endfacet
  facet normal -0.167496 0 0.985873
    outer loop
      vertex 78.7567 2.8 25.5088
      vertex 78.9115 0 25.5351
      vertex 78.9115 2.8 25.5351
    endloop
  endfacet
  facet normal -0.167496 0 0.985873
    outer loop
      vertex 78.9115 0 25.5351
      vertex 78.7567 2.8 25.5088
      vertex 78.7567 0 25.5088
    endloop
  endfacet
  facet normal -0.276991 0 0.960872
    outer loop
      vertex 78.9115 2.8 25.5351
      vertex 79.0624 0 25.5786
      vertex 79.0624 2.8 25.5786
    endloop
  endfacet
  facet normal -0.276991 0 0.960872
    outer loop
      vertex 79.0624 0 25.5786
      vertex 78.9115 2.8 25.5351
      vertex 78.9115 0 25.5351
    endloop
  endfacet
  facet normal -0.382352 0 0.924017
    outer loop
      vertex 79.0624 2.8 25.5786
      vertex 79.2074 0 25.6386
      vertex 79.2074 2.8 25.6386
    endloop
  endfacet
  facet normal -0.382352 0 0.924017
    outer loop
      vertex 79.2074 0 25.6386
      vertex 79.0624 2.8 25.5786
      vertex 79.0624 0 25.5786
    endloop
  endfacet
  facet normal -0.48402 0 0.875057
    outer loop
      vertex 79.2074 2.8 25.6386
      vertex 79.3448 0 25.7146
      vertex 79.3448 2.8 25.7146
    endloop
  endfacet
  facet normal -0.48402 0 0.875057
    outer loop
      vertex 79.3448 0 25.7146
      vertex 79.2074 2.8 25.6386
      vertex 79.2074 0 25.6386
    endloop
  endfacet
  facet normal -0.578282 0 0.815837
    outer loop
      vertex 79.3448 2.8 25.7146
      vertex 79.4729 0 25.8054
      vertex 79.4729 2.8 25.8054
    endloop
  endfacet
  facet normal -0.578282 0 0.815837
    outer loop
      vertex 79.4729 0 25.8054
      vertex 79.3448 2.8 25.7146
      vertex 79.3448 0 25.7146
    endloop
  endfacet
  facet normal -0.666497 0 0.745508
    outer loop
      vertex 79.4729 2.8 25.8054
      vertex 79.5899 0 25.91
      vertex 79.5899 2.8 25.91
    endloop
  endfacet
  facet normal -0.666497 0 0.745508
    outer loop
      vertex 79.5899 0 25.91
      vertex 79.4729 2.8 25.8054
      vertex 79.4729 0 25.8054
    endloop
  endfacet
  facet normal -0.745791 0 0.66618
    outer loop
      vertex 79.5899 0 25.91
      vertex 79.6945 2.8 26.0271
      vertex 79.5899 2.8 25.91
    endloop
  endfacet
  facet normal -0.745791 0 0.66618
    outer loop
      vertex 79.6945 2.8 26.0271
      vertex 79.5899 0 25.91
      vertex 79.6945 0 26.0271
    endloop
  endfacet
  facet normal -0.815536 0 0.578706
    outer loop
      vertex 79.6945 0 26.0271
      vertex 79.7854 2.8 26.1552
      vertex 79.6945 2.8 26.0271
    endloop
  endfacet
  facet normal -0.815536 0 0.578706
    outer loop
      vertex 79.7854 2.8 26.1552
      vertex 79.6945 0 26.0271
      vertex 79.7854 0 26.1552
    endloop
  endfacet
  facet normal -0.875327 0 0.483532
    outer loop
      vertex 79.7854 0 26.1552
      vertex 79.8613 2.8 26.2926
      vertex 79.7854 2.8 26.1552
    endloop
  endfacet
  facet normal -0.875327 0 0.483532
    outer loop
      vertex 79.8613 2.8 26.2926
      vertex 79.7854 0 26.1552
      vertex 79.8613 0 26.2926
    endloop
  endfacet
  facet normal -0.923792 0 0.382896
    outer loop
      vertex 79.8613 0 26.2926
      vertex 79.9214 2.8 26.4376
      vertex 79.8613 2.8 26.2926
    endloop
  endfacet
  facet normal -0.923792 0 0.382896
    outer loop
      vertex 79.9214 2.8 26.4376
      vertex 79.8613 0 26.2926
      vertex 79.9214 0 26.4376
    endloop
  endfacet
  facet normal -0.960872 0 0.276991
    outer loop
      vertex 79.9214 0 26.4376
      vertex 79.9649 2.8 26.5885
      vertex 79.9214 2.8 26.4376
    endloop
  endfacet
  facet normal -0.960872 0 0.276991
    outer loop
      vertex 79.9649 2.8 26.5885
      vertex 79.9214 0 26.4376
      vertex 79.9649 0 26.5885
    endloop
  endfacet
  facet normal -0.985855 0 0.167602
    outer loop
      vertex 79.9649 0 26.5885
      vertex 79.9912 2.8 26.7432
      vertex 79.9649 2.8 26.5885
    endloop
  endfacet
  facet normal -0.985855 0 0.167602
    outer loop
      vertex 79.9912 2.8 26.7432
      vertex 79.9649 0 26.5885
      vertex 79.9912 0 26.7432
    endloop
  endfacet
  facet normal -0.998429 0 0.0560343
    outer loop
      vertex 79.9912 0 26.7432
      vertex 80 2.8 26.9
      vertex 79.9912 2.8 26.7432
    endloop
  endfacet
  facet normal -0.998429 0 0.0560343
    outer loop
      vertex 80 2.8 26.9
      vertex 79.9912 0 26.7432
      vertex 80 0 26.9
    endloop
  endfacet
  facet normal -1 0 0
    outer loop
      vertex 80 0 26.9
      vertex 80 2.8 27.1
      vertex 80 2.8 26.9
    endloop
  endfacet
  facet normal -1 -0 0
    outer loop
      vertex 80 2.8 27.1
      vertex 80 0 26.9
      vertex 80 0 27.1
    endloop
  endfacet
  facet normal -0.998427 0 -0.0560699
    outer loop
      vertex 80 0 27.1
      vertex 79.9912 2.8 27.2567
      vertex 80 2.8 27.1
    endloop
  endfacet
  facet normal -0.998427 -0 -0.0560699
    outer loop
      vertex 79.9912 2.8 27.2567
      vertex 80 0 27.1
      vertex 79.9912 0 27.2567
    endloop
  endfacet
  facet normal -0.985873 0 -0.167496
    outer loop
      vertex 79.9912 0 27.2567
      vertex 79.9649 2.8 27.4115
      vertex 79.9912 2.8 27.2567
    endloop
  endfacet
  facet normal -0.985873 -0 -0.167496
    outer loop
      vertex 79.9649 2.8 27.4115
      vertex 79.9912 0 27.2567
      vertex 79.9649 0 27.4115
    endloop
  endfacet
  facet normal -0.960872 0 -0.276991
    outer loop
      vertex 79.9649 0 27.4115
      vertex 79.9214 2.8 27.5624
      vertex 79.9649 2.8 27.4115
    endloop
  endfacet
  facet normal -0.960872 -0 -0.276991
    outer loop
      vertex 79.9214 2.8 27.5624
      vertex 79.9649 0 27.4115
      vertex 79.9214 0 27.5624
    endloop
  endfacet
  facet normal -0.923792 0 -0.382896
    outer loop
      vertex 79.9214 0 27.5624
      vertex 79.8613 2.8 27.7074
      vertex 79.9214 2.8 27.5624
    endloop
  endfacet
  facet normal -0.923792 -0 -0.382896
    outer loop
      vertex 79.8613 2.8 27.7074
      vertex 79.9214 0 27.5624
      vertex 79.8613 0 27.7074
    endloop
  endfacet
  facet normal -0.875327 0 -0.483532
    outer loop
      vertex 79.8613 0 27.7074
      vertex 79.7854 2.8 27.8448
      vertex 79.8613 2.8 27.7074
    endloop
  endfacet
  facet normal -0.875327 -0 -0.483532
    outer loop
      vertex 79.7854 2.8 27.8448
      vertex 79.8613 0 27.7074
      vertex 79.7854 0 27.8448
    endloop
  endfacet
  facet normal -0.815536 0 -0.578706
    outer loop
      vertex 79.7854 0 27.8448
      vertex 79.6945 2.8 27.9729
      vertex 79.7854 2.8 27.8448
    endloop
  endfacet
  facet normal -0.815536 -0 -0.578706
    outer loop
      vertex 79.6945 2.8 27.9729
      vertex 79.7854 0 27.8448
      vertex 79.6945 0 27.9729
    endloop
  endfacet
  facet normal -0.745508 0 -0.666497
    outer loop
      vertex 79.6945 0 27.9729
      vertex 79.5899 2.8 28.0899
      vertex 79.6945 2.8 27.9729
    endloop
  endfacet
  facet normal -0.745508 -0 -0.666497
    outer loop
      vertex 79.5899 2.8 28.0899
      vertex 79.6945 0 27.9729
      vertex 79.5899 0 28.0899
    endloop
  endfacet
  facet normal -0.666497 0 -0.745508
    outer loop
      vertex 79.4729 0 28.1945
      vertex 79.5899 2.8 28.0899
      vertex 79.5899 0 28.0899
    endloop
  endfacet
  facet normal -0.666497 0 -0.745508
    outer loop
      vertex 79.5899 2.8 28.0899
      vertex 79.4729 0 28.1945
      vertex 79.4729 2.8 28.1945
    endloop
  endfacet
  facet normal -0.578706 0 -0.815536
    outer loop
      vertex 79.3448 0 28.2854
      vertex 79.4729 2.8 28.1945
      vertex 79.4729 0 28.1945
    endloop
  endfacet
  facet normal -0.578706 0 -0.815536
    outer loop
      vertex 79.4729 2.8 28.1945
      vertex 79.3448 0 28.2854
      vertex 79.3448 2.8 28.2854
    endloop
  endfacet
  facet normal -0.483532 0 -0.875327
    outer loop
      vertex 79.2074 0 28.3613
      vertex 79.3448 2.8 28.2854
      vertex 79.3448 0 28.2854
    endloop
  endfacet
  facet normal -0.483532 0 -0.875327
    outer loop
      vertex 79.3448 2.8 28.2854
      vertex 79.2074 0 28.3613
      vertex 79.2074 2.8 28.3613
    endloop
  endfacet
  facet normal -0.382896 0 -0.923792
    outer loop
      vertex 79.0624 0 28.4214
      vertex 79.2074 2.8 28.3613
      vertex 79.2074 0 28.3613
    endloop
  endfacet
  facet normal -0.382896 0 -0.923792
    outer loop
      vertex 79.2074 2.8 28.3613
      vertex 79.0624 0 28.4214
      vertex 79.0624 2.8 28.4214
    endloop
  endfacet
  facet normal -0.276991 0 -0.960872
    outer loop
      vertex 78.9115 0 28.4649
      vertex 79.0624 2.8 28.4214
      vertex 79.0624 0 28.4214
    endloop
  endfacet
  facet normal -0.276991 0 -0.960872
    outer loop
      vertex 79.0624 2.8 28.4214
      vertex 78.9115 0 28.4649
      vertex 78.9115 2.8 28.4649
    endloop
  endfacet
  facet normal -0.167496 0 -0.985873
    outer loop
      vertex 78.7567 0 28.4912
      vertex 78.9115 2.8 28.4649
      vertex 78.9115 0 28.4649
    endloop
  endfacet
  facet normal -0.167496 0 -0.985873
    outer loop
      vertex 78.9115 2.8 28.4649
      vertex 78.7567 0 28.4912
      vertex 78.7567 2.8 28.4912
    endloop
  endfacet
  facet normal -0.0560699 0 -0.998427
    outer loop
      vertex 78.6 0 28.5
      vertex 78.7567 2.8 28.4912
      vertex 78.7567 0 28.4912
    endloop
  endfacet
  facet normal -0.0560699 0 -0.998427
    outer loop
      vertex 78.7567 2.8 28.4912
      vertex 78.6 0 28.5
      vertex 78.6 2.8 28.5
    endloop
  endfacet
  facet normal 0 0 -1
    outer loop
      vertex 67.4 0 28.5
      vertex 78.6 2.8 28.5
      vertex 78.6 0 28.5
    endloop
  endfacet
  facet normal -0 0 -1
    outer loop
      vertex 78.6 2.8 28.5
      vertex 67.4 0 28.5
      vertex 67.4 2.8 28.5
    endloop
  endfacet
  facet normal 0.0560343 0 -0.998429
    outer loop
      vertex 67.2432 0 28.4912
      vertex 67.4 2.8 28.5
      vertex 67.4 0 28.5
    endloop
  endfacet
  facet normal 0.0560343 0 -0.998429
    outer loop
      vertex 67.4 2.8 28.5
      vertex 67.2432 0 28.4912
      vertex 67.2432 2.8 28.4912
    endloop
  endfacet
  facet normal 0.167602 0 -0.985855
    outer loop
      vertex 67.0885 0 28.4649
      vertex 67.2432 2.8 28.4912
      vertex 67.2432 0 28.4912
    endloop
  endfacet
  facet normal 0.167602 0 -0.985855
    outer loop
      vertex 67.2432 2.8 28.4912
      vertex 67.0885 0 28.4649
      vertex 67.0885 2.8 28.4649
    endloop
  endfacet
  facet normal 0.276991 0 -0.960872
    outer loop
      vertex 66.9376 0 28.4214
      vertex 67.0885 2.8 28.4649
      vertex 67.0885 0 28.4649
    endloop
  endfacet
  facet normal 0.276991 0 -0.960872
    outer loop
      vertex 67.0885 2.8 28.4649
      vertex 66.9376 0 28.4214
      vertex 66.9376 2.8 28.4214
    endloop
  endfacet
  facet normal 0.382896 0 -0.923792
    outer loop
      vertex 66.7926 0 28.3613
      vertex 66.9376 2.8 28.4214
      vertex 66.9376 0 28.4214
    endloop
  endfacet
  facet normal 0.382896 0 -0.923792
    outer loop
      vertex 66.9376 2.8 28.4214
      vertex 66.7926 0 28.3613
      vertex 66.7926 2.8 28.3613
    endloop
  endfacet
  facet normal 0.483532 0 -0.875327
    outer loop
      vertex 66.6552 0 28.2854
      vertex 66.7926 2.8 28.3613
      vertex 66.7926 0 28.3613
    endloop
  endfacet
  facet normal 0.483532 0 -0.875327
    outer loop
      vertex 66.7926 2.8 28.3613
      vertex 66.6552 0 28.2854
      vertex 66.6552 2.8 28.2854
    endloop
  endfacet
  facet normal 0.578706 0 -0.815536
    outer loop
      vertex 66.5271 0 28.1945
      vertex 66.6552 2.8 28.2854
      vertex 66.6552 0 28.2854
    endloop
  endfacet
  facet normal 0.578706 0 -0.815536
    outer loop
      vertex 66.6552 2.8 28.2854
      vertex 66.5271 0 28.1945
      vertex 66.5271 2.8 28.1945
    endloop
  endfacet
  facet normal 0.66618 0 -0.745791
    outer loop
      vertex 66.41 0 28.0899
      vertex 66.5271 2.8 28.1945
      vertex 66.5271 0 28.1945
    endloop
  endfacet
  facet normal 0.66618 0 -0.745791
    outer loop
      vertex 66.5271 2.8 28.1945
      vertex 66.41 0 28.0899
      vertex 66.41 2.8 28.0899
    endloop
  endfacet
  facet normal 0.745508 0 -0.666497
    outer loop
      vertex 66.41 0 28.0899
      vertex 66.3054 2.8 27.9729
      vertex 66.41 2.8 28.0899
    endloop
  endfacet
  facet normal 0.745508 0 -0.666497
    outer loop
      vertex 66.3054 2.8 27.9729
      vertex 66.41 0 28.0899
      vertex 66.3054 0 27.9729
    endloop
  endfacet
  facet normal 0.815837 0 -0.578282
    outer loop
      vertex 66.3054 0 27.9729
      vertex 66.2146 2.8 27.8448
      vertex 66.3054 2.8 27.9729
    endloop
  endfacet
  facet normal 0.815837 0 -0.578282
    outer loop
      vertex 66.2146 2.8 27.8448
      vertex 66.3054 0 27.9729
      vertex 66.2146 0 27.8448
    endloop
  endfacet
  facet normal 0.875057 0 -0.48402
    outer loop
      vertex 66.2146 0 27.8448
      vertex 66.1386 2.8 27.7074
      vertex 66.2146 2.8 27.8448
    endloop
  endfacet
  facet normal 0.875057 0 -0.48402
    outer loop
      vertex 66.1386 2.8 27.7074
      vertex 66.2146 0 27.8448
      vertex 66.1386 0 27.7074
    endloop
  endfacet
  facet normal 0.924017 0 -0.382352
    outer loop
      vertex 66.1386 0 27.7074
      vertex 66.0786 2.8 27.5624
      vertex 66.1386 2.8 27.7074
    endloop
  endfacet
  facet normal 0.924017 0 -0.382352
    outer loop
      vertex 66.0786 2.8 27.5624
      vertex 66.1386 0 27.7074
      vertex 66.0786 0 27.5624
    endloop
  endfacet
  facet normal 0.960872 0 -0.276991
    outer loop
      vertex 66.0786 0 27.5624
      vertex 66.0351 2.8 27.4115
      vertex 66.0786 2.8 27.5624
    endloop
  endfacet
  facet normal 0.960872 0 -0.276991
    outer loop
      vertex 66.0351 2.8 27.4115
      vertex 66.0786 0 27.5624
      vertex 66.0351 0 27.4115
    endloop
  endfacet
  facet normal 0.985873 0 -0.167496
    outer loop
      vertex 66.0351 0 27.4115
      vertex 66.0088 2.8 27.2567
      vertex 66.0351 2.8 27.4115
    endloop
  endfacet
  facet normal 0.985873 0 -0.167496
    outer loop
      vertex 66.0088 2.8 27.2567
      vertex 66.0351 0 27.4115
      vertex 66.0088 0 27.2567
    endloop
  endfacet
  facet normal 0.998427 0 -0.0560699
    outer loop
      vertex 66.0088 0 27.2567
      vertex 66 2.8 27.1
      vertex 66.0088 2.8 27.2567
    endloop
  endfacet
  facet normal 0.998427 0 -0.0560699
    outer loop
      vertex 66 2.8 27.1
      vertex 66.0088 0 27.2567
      vertex 66 0 27.1
    endloop
  endfacet
  facet normal 1 -0 0
    outer loop
      vertex 66 0 27.1
      vertex 66 2.8 26.9
      vertex 66 2.8 27.1
    endloop
  endfacet
  facet normal 1 0 0
    outer loop
      vertex 66 2.8 26.9
      vertex 66 0 27.1
      vertex 66 0 26.9
    endloop
  endfacet
  facet normal 0.998429 -0 0.0560343
    outer loop
      vertex 66 0 26.9
      vertex 66.0088 2.8 26.7432
      vertex 66 2.8 26.9
    endloop
  endfacet
  facet normal 0.998429 0 0.0560343
    outer loop
      vertex 66.0088 2.8 26.7432
      vertex 66 0 26.9
      vertex 66.0088 0 26.7432
    endloop
  endfacet
  facet normal 0.985855 -0 0.167602
    outer loop
      vertex 66.0088 0 26.7432
      vertex 66.0351 2.8 26.5885
      vertex 66.0088 2.8 26.7432
    endloop
  endfacet
  facet normal 0.985855 0 0.167602
    outer loop
      vertex 66.0351 2.8 26.5885
      vertex 66.0088 0 26.7432
      vertex 66.0351 0 26.5885
    endloop
  endfacet
  facet normal 0.960872 -0 0.276991
    outer loop
      vertex 66.0351 0 26.5885
      vertex 66.0786 2.8 26.4376
      vertex 66.0351 2.8 26.5885
    endloop
  endfacet
  facet normal 0.960872 0 0.276991
    outer loop
      vertex 66.0786 2.8 26.4376
      vertex 66.0351 0 26.5885
      vertex 66.0786 0 26.4376
    endloop
  endfacet
  facet normal 0.924017 -0 0.382352
    outer loop
      vertex 66.0786 0 26.4376
      vertex 66.1386 2.8 26.2926
      vertex 66.0786 2.8 26.4376
    endloop
  endfacet
  facet normal 0.924017 0 0.382352
    outer loop
      vertex 66.1386 2.8 26.2926
      vertex 66.0786 0 26.4376
      vertex 66.1386 0 26.2926
    endloop
  endfacet
  facet normal 0.875057 -0 0.48402
    outer loop
      vertex 66.1386 0 26.2926
      vertex 66.2146 2.8 26.1552
      vertex 66.1386 2.8 26.2926
    endloop
  endfacet
  facet normal 0.875057 0 0.48402
    outer loop
      vertex 66.2146 2.8 26.1552
      vertex 66.1386 0 26.2926
      vertex 66.2146 0 26.1552
    endloop
  endfacet
  facet normal 0.815837 -0 0.578282
    outer loop
      vertex 66.2146 0 26.1552
      vertex 66.3054 2.8 26.0271
      vertex 66.2146 2.8 26.1552
    endloop
  endfacet
  facet normal 0.815837 0 0.578282
    outer loop
      vertex 66.3054 2.8 26.0271
      vertex 66.2146 0 26.1552
      vertex 66.3054 0 26.0271
    endloop
  endfacet
  facet normal 0.745791 -0 0.66618
    outer loop
      vertex 66.3054 0 26.0271
      vertex 66.41 2.8 25.91
      vertex 66.3054 2.8 26.0271
    endloop
  endfacet
  facet normal 0.745791 0 0.66618
    outer loop
      vertex 66.41 2.8 25.91
      vertex 66.3054 0 26.0271
      vertex 66.41 0 25.91
    endloop
  endfacet
  facet normal 0.66618 0 0.745791
    outer loop
      vertex 66.41 2.8 25.91
      vertex 66.5271 0 25.8054
      vertex 66.5271 2.8 25.8054
    endloop
  endfacet
  facet normal 0.66618 0 0.745791
    outer loop
      vertex 66.5271 0 25.8054
      vertex 66.41 2.8 25.91
      vertex 66.41 0 25.91
    endloop
  endfacet
  facet normal 0.578282 0 0.815837
    outer loop
      vertex 66.5271 2.8 25.8054
      vertex 66.6552 0 25.7146
      vertex 66.6552 2.8 25.7146
    endloop
  endfacet
  facet normal 0.578282 0 0.815837
    outer loop
      vertex 66.6552 0 25.7146
      vertex 66.5271 2.8 25.8054
      vertex 66.5271 0 25.8054
    endloop
  endfacet
  facet normal 0.48402 0 0.875057
    outer loop
      vertex 66.6552 2.8 25.7146
      vertex 66.7926 0 25.6386
      vertex 66.7926 2.8 25.6386
    endloop
  endfacet
  facet normal 0.48402 0 0.875057
    outer loop
      vertex 66.7926 0 25.6386
      vertex 66.6552 2.8 25.7146
      vertex 66.6552 0 25.7146
    endloop
  endfacet
  facet normal 0.382352 0 0.924017
    outer loop
      vertex 66.7926 2.8 25.6386
      vertex 66.9376 0 25.5786
      vertex 66.9376 2.8 25.5786
    endloop
  endfacet
  facet normal 0.382352 0 0.924017
    outer loop
      vertex 66.9376 0 25.5786
      vertex 66.7926 2.8 25.6386
      vertex 66.7926 0 25.6386
    endloop
  endfacet
  facet normal 0.276991 0 0.960872
    outer loop
      vertex 66.9376 2.8 25.5786
      vertex 67.0885 0 25.5351
      vertex 67.0885 2.8 25.5351
    endloop
  endfacet
  facet normal 0.276991 0 0.960872
    outer loop
      vertex 67.0885 0 25.5351
      vertex 66.9376 2.8 25.5786
      vertex 66.9376 0 25.5786
    endloop
  endfacet
  facet normal 0.167602 0 0.985855
    outer loop
      vertex 67.0885 2.8 25.5351
      vertex 67.2432 0 25.5088
      vertex 67.2432 2.8 25.5088
    endloop
  endfacet
  facet normal 0.167602 0 0.985855
    outer loop
      vertex 67.2432 0 25.5088
      vertex 67.0885 2.8 25.5351
      vertex 67.0885 0 25.5351
    endloop
  endfacet
  facet normal 0.0560343 0 0.998429
    outer loop
      vertex 67.2432 2.8 25.5088
      vertex 67.4 0 25.5
      vertex 67.4 2.8 25.5
    endloop
  endfacet
  facet normal 0.0560343 0 0.998429
    outer loop
      vertex 67.4 0 25.5
      vertex 67.2432 2.8 25.5088
      vertex 67.2432 0 25.5088
    endloop
  endfacet
  facet normal -0 0 1
    outer loop
      vertex 67.4 2.8 25.5
      vertex 78.6 0 25.5
      vertex 78.6 2.8 25.5
    endloop
  endfacet
  facet normal 0 0 1
    outer loop
      vertex 78.6 0 25.5
      vertex 67.4 2.8 25.5
      vertex 67.4 0 25.5
    endloop
  endfacet
  facet normal -0.0560699 0 0.998427
    outer loop
      vertex 78.6 2.8 25.5
      vertex 78.7567 0 25.5088
      vertex 78.7567 2.8 25.5088
    endloop
  endfacet
  facet normal -0.0560699 0 0.998427
    outer loop
      vertex 78.7567 0 25.5088
      vertex 78.6 2.8 25.5
      vertex 78.6 0 25.5
    endloop
  endfacet
  facet normal -0.167496 0 0.985873
    outer loop
      vertex 62.7567 2.8 18.5088
      vertex 62.9115 0 18.5351
      vertex 62.9115 2.8 18.5351
    endloop
  endfacet
  facet normal -0.167496 0 0.985873
    outer loop
      vertex 62.9115 0 18.5351
      vertex 62.7567 2.8 18.5088
      vertex 62.7567 0 18.5088
    endloop
  endfacet
  facet normal -0.276991 0 0.960872
    outer loop
      vertex 62.9115 2.8 18.5351
      vertex 63.0624 0 18.5786
      vertex 63.0624 2.8 18.5786
    endloop
  endfacet
  facet normal -0.276991 0 0.960872
    outer loop
      vertex 63.0624 0 18.5786
      vertex 62.9115 2.8 18.5351
      vertex 62.9115 0 18.5351
    endloop
  endfacet
  facet normal -0.382352 0 0.924017
    outer loop
      vertex 63.0624 2.8 18.5786
      vertex 63.2074 0 18.6386
      vertex 63.2074 2.8 18.6386
    endloop
  endfacet
  facet normal -0.382352 0 0.924017
    outer loop
      vertex 63.2074 0 18.6386
      vertex 63.0624 2.8 18.5786
      vertex 63.0624 0 18.5786
    endloop
  endfacet
  facet normal -0.48402 0 0.875057
    outer loop
      vertex 63.2074 2.8 18.6386
      vertex 63.3448 0 18.7146
      vertex 63.3448 2.8 18.7146
    endloop
  endfacet
  facet normal -0.48402 0 0.875057
    outer loop
      vertex 63.3448 0 18.7146
      vertex 63.2074 2.8 18.6386
      vertex 63.2074 0 18.6386
    endloop
  endfacet
  facet normal -0.578282 0 0.815837
    outer loop
      vertex 63.3448 2.8 18.7146
      vertex 63.4729 0 18.8054
      vertex 63.4729 2.8 18.8054
    endloop
  endfacet
  facet normal -0.578282 0 0.815837
    outer loop
      vertex 63.4729 0 18.8054
      vertex 63.3448 2.8 18.7146
      vertex 63.3448 0 18.7146
    endloop
  endfacet
  facet normal -0.666497 0 0.745508
    outer loop
      vertex 63.4729 2.8 18.8054
      vertex 63.5899 0 18.91
      vertex 63.5899 2.8 18.91
    endloop
  endfacet
  facet normal -0.666497 0 0.745508
    outer loop
      vertex 63.5899 0 18.91
      vertex 63.4729 2.8 18.8054
      vertex 63.4729 0 18.8054
    endloop
  endfacet
  facet normal -0.745791 0 0.66618
    outer loop
      vertex 63.5899 0 18.91
      vertex 63.6945 2.8 19.0271
      vertex 63.5899 2.8 18.91
    endloop
  endfacet
  facet normal -0.745791 0 0.66618
    outer loop
      vertex 63.6945 2.8 19.0271
      vertex 63.5899 0 18.91
      vertex 63.6945 0 19.0271
    endloop
  endfacet
  facet normal -0.815536 0 0.578706
    outer loop
      vertex 63.6945 0 19.0271
      vertex 63.7854 2.8 19.1552
      vertex 63.6945 2.8 19.0271
    endloop
  endfacet
  facet normal -0.815536 0 0.578706
    outer loop
      vertex 63.7854 2.8 19.1552
      vertex 63.6945 0 19.0271
      vertex 63.7854 0 19.1552
    endloop
  endfacet
  facet normal -0.875327 0 0.483532
    outer loop
      vertex 63.7854 0 19.1552
      vertex 63.8613 2.8 19.2926
      vertex 63.7854 2.8 19.1552
    endloop
  endfacet
  facet normal -0.875327 0 0.483532
    outer loop
      vertex 63.8613 2.8 19.2926
      vertex 63.7854 0 19.1552
      vertex 63.8613 0 19.2926
    endloop
  endfacet
  facet normal -0.923792 0 0.382896
    outer loop
      vertex 63.8613 0 19.2926
      vertex 63.9214 2.8 19.4376
      vertex 63.8613 2.8 19.2926
    endloop
  endfacet
  facet normal -0.923792 0 0.382896
    outer loop
      vertex 63.9214 2.8 19.4376
      vertex 63.8613 0 19.2926
      vertex 63.9214 0 19.4376
    endloop
  endfacet
  facet normal -0.960872 0 0.276991
    outer loop
      vertex 63.9214 0 19.4376
      vertex 63.9649 2.8 19.5885
      vertex 63.9214 2.8 19.4376
    endloop
  endfacet
  facet normal -0.960872 0 0.276991
    outer loop
      vertex 63.9649 2.8 19.5885
      vertex 63.9214 0 19.4376
      vertex 63.9649 0 19.5885
    endloop
  endfacet
  facet normal -0.985855 0 0.167602
    outer loop
      vertex 63.9649 0 19.5885
      vertex 63.9912 2.8 19.7432
      vertex 63.9649 2.8 19.5885
    endloop
  endfacet
  facet normal -0.985855 0 0.167602
    outer loop
      vertex 63.9912 2.8 19.7432
      vertex 63.9649 0 19.5885
      vertex 63.9912 0 19.7432
    endloop
  endfacet
  facet normal -0.998429 0 0.0560343
    outer loop
      vertex 63.9912 0 19.7432
      vertex 64 2.8 19.9
      vertex 63.9912 2.8 19.7432
    endloop
  endfacet
  facet normal -0.998429 0 0.0560343
    outer loop
      vertex 64 2.8 19.9
      vertex 63.9912 0 19.7432
      vertex 64 0 19.9
    endloop
  endfacet
  facet normal -1 0 0
    outer loop
      vertex 64 0 19.9
      vertex 64 2.8 20.1
      vertex 64 2.8 19.9
    endloop
  endfacet
  facet normal -1 -0 0
    outer loop
      vertex 64 2.8 20.1
      vertex 64 0 19.9
      vertex 64 0 20.1
    endloop
  endfacet
  facet normal -0.998427 0 -0.0560699
    outer loop
      vertex 64 0 20.1
      vertex 63.9912 2.8 20.2567
      vertex 64 2.8 20.1
    endloop
  endfacet
  facet normal -0.998427 -0 -0.0560699
    outer loop
      vertex 63.9912 2.8 20.2567
      vertex 64 0 20.1
      vertex 63.9912 0 20.2567
    endloop
  endfacet
  facet normal -0.985873 0 -0.167496
    outer loop
      vertex 63.9912 0 20.2567
      vertex 63.9649 2.8 20.4115
      vertex 63.9912 2.8 20.2567
    endloop
  endfacet
  facet normal -0.985873 -0 -0.167496
    outer loop
      vertex 63.9649 2.8 20.4115
      vertex 63.9912 0 20.2567
      vertex 63.9649 0 20.4115
    endloop
  endfacet
  facet normal -0.960872 0 -0.276991
    outer loop
      vertex 63.9649 0 20.4115
      vertex 63.9214 2.8 20.5624
      vertex 63.9649 2.8 20.4115
    endloop
  endfacet
  facet normal -0.960872 -0 -0.276991
    outer loop
      vertex 63.9214 2.8 20.5624
      vertex 63.9649 0 20.4115
      vertex 63.9214 0 20.5624
    endloop
  endfacet
  facet normal -0.923792 0 -0.382896
    outer loop
      vertex 63.9214 0 20.5624
      vertex 63.8613 2.8 20.7074
      vertex 63.9214 2.8 20.5624
    endloop
  endfacet
  facet normal -0.923792 -0 -0.382896
    outer loop
      vertex 63.8613 2.8 20.7074
      vertex 63.9214 0 20.5624
      vertex 63.8613 0 20.7074
    endloop
  endfacet
  facet normal -0.875327 0 -0.483532
    outer loop
      vertex 63.8613 0 20.7074
      vertex 63.7854 2.8 20.8448
      vertex 63.8613 2.8 20.7074
    endloop
  endfacet
  facet normal -0.875327 -0 -0.483532
    outer loop
      vertex 63.7854 2.8 20.8448
      vertex 63.8613 0 20.7074
      vertex 63.7854 0 20.8448
    endloop
  endfacet
  facet normal -0.815536 0 -0.578706
    outer loop
      vertex 63.7854 0 20.8448
      vertex 63.6945 2.8 20.9729
      vertex 63.7854 2.8 20.8448
    endloop
  endfacet
  facet normal -0.815536 -0 -0.578706
    outer loop
      vertex 63.6945 2.8 20.9729
      vertex 63.7854 0 20.8448
      vertex 63.6945 0 20.9729
    endloop
  endfacet
  facet normal -0.745508 0 -0.666497
    outer loop
      vertex 63.6945 0 20.9729
      vertex 63.5899 2.8 21.0899
      vertex 63.6945 2.8 20.9729
    endloop
  endfacet
  facet normal -0.745508 -0 -0.666497
    outer loop
      vertex 63.5899 2.8 21.0899
      vertex 63.6945 0 20.9729
      vertex 63.5899 0 21.0899
    endloop
  endfacet
  facet normal -0.666497 0 -0.745508
    outer loop
      vertex 63.4729 0 21.1945
      vertex 63.5899 2.8 21.0899
      vertex 63.5899 0 21.0899
    endloop
  endfacet
  facet normal -0.666497 0 -0.745508
    outer loop
      vertex 63.5899 2.8 21.0899
      vertex 63.4729 0 21.1945
      vertex 63.4729 2.8 21.1945
    endloop
  endfacet
  facet normal -0.578706 0 -0.815536
    outer loop
      vertex 63.3448 0 21.2854
      vertex 63.4729 2.8 21.1945
      vertex 63.4729 0 21.1945
    endloop
  endfacet
  facet normal -0.578706 0 -0.815536
    outer loop
      vertex 63.4729 2.8 21.1945
      vertex 63.3448 0 21.2854
      vertex 63.3448 2.8 21.2854
    endloop
  endfacet
  facet normal -0.483532 0 -0.875327
    outer loop
      vertex 63.2074 0 21.3613
      vertex 63.3448 2.8 21.2854
      vertex 63.3448 0 21.2854
    endloop
  endfacet
  facet normal -0.483532 0 -0.875327
    outer loop
      vertex 63.3448 2.8 21.2854
      vertex 63.2074 0 21.3613
      vertex 63.2074 2.8 21.3613
    endloop
  endfacet
  facet normal -0.382896 0 -0.923792
    outer loop
      vertex 63.0624 0 21.4214
      vertex 63.2074 2.8 21.3613
      vertex 63.2074 0 21.3613
    endloop
  endfacet
  facet normal -0.382896 0 -0.923792
    outer loop
      vertex 63.2074 2.8 21.3613
      vertex 63.0624 0 21.4214
      vertex 63.0624 2.8 21.4214
    endloop
  endfacet
  facet normal -0.276991 0 -0.960872
    outer loop
      vertex 62.9115 0 21.4649
      vertex 63.0624 2.8 21.4214
      vertex 63.0624 0 21.4214
    endloop
  endfacet
  facet normal -0.276991 0 -0.960872
    outer loop
      vertex 63.0624 2.8 21.4214
      vertex 62.9115 0 21.4649
      vertex 62.9115 2.8 21.4649
    endloop
  endfacet
  facet normal -0.167496 0 -0.985873
    outer loop
      vertex 62.7567 0 21.4912
      vertex 62.9115 2.8 21.4649
      vertex 62.9115 0 21.4649
    endloop
  endfacet
  facet normal -0.167496 0 -0.985873
    outer loop
      vertex 62.9115 2.8 21.4649
      vertex 62.7567 0 21.4912
      vertex 62.7567 2.8 21.4912
    endloop
  endfacet
  facet normal -0.0560699 0 -0.998427
    outer loop
      vertex 62.6 0 21.5
      vertex 62.7567 2.8 21.4912
      vertex 62.7567 0 21.4912
    endloop
  endfacet
  facet normal -0.0560699 0 -0.998427
    outer loop
      vertex 62.7567 2.8 21.4912
      vertex 62.6 0 21.5
      vertex 62.6 2.8 21.5
    endloop
  endfacet
  facet normal 0 0 -1
    outer loop
      vertex 51.4 0 21.5
      vertex 62.6 2.8 21.5
      vertex 62.6 0 21.5
    endloop
  endfacet
  facet normal -0 0 -1
    outer loop
      vertex 62.6 2.8 21.5
      vertex 51.4 0 21.5
      vertex 51.4 2.8 21.5
    endloop
  endfacet
  facet normal 0.0560343 0 -0.998429
    outer loop
      vertex 51.2432 0 21.4912
      vertex 51.4 2.8 21.5
      vertex 51.4 0 21.5
    endloop
  endfacet
  facet normal 0.0560343 0 -0.998429
    outer loop
      vertex 51.4 2.8 21.5
      vertex 51.2432 0 21.4912
      vertex 51.2432 2.8 21.4912
    endloop
  endfacet
  facet normal 0.167602 0 -0.985855
    outer loop
      vertex 51.0885 0 21.4649
      vertex 51.2432 2.8 21.4912
      vertex 51.2432 0 21.4912
    endloop
  endfacet
  facet normal 0.167602 0 -0.985855
    outer loop
      vertex 51.2432 2.8 21.4912
      vertex 51.0885 0 21.4649
      vertex 51.0885 2.8 21.4649
    endloop
  endfacet
  facet normal 0.276991 0 -0.960872
    outer loop
      vertex 50.9376 0 21.4214
      vertex 51.0885 2.8 21.4649
      vertex 51.0885 0 21.4649
    endloop
  endfacet
  facet normal 0.276991 0 -0.960872
    outer loop
      vertex 51.0885 2.8 21.4649
      vertex 50.9376 0 21.4214
      vertex 50.9376 2.8 21.4214
    endloop
  endfacet
  facet normal 0.382896 0 -0.923792
    outer loop
      vertex 50.7926 0 21.3613
      vertex 50.9376 2.8 21.4214
      vertex 50.9376 0 21.4214
    endloop
  endfacet
  facet normal 0.382896 0 -0.923792
    outer loop
      vertex 50.9376 2.8 21.4214
      vertex 50.7926 0 21.3613
      vertex 50.7926 2.8 21.3613
    endloop
  endfacet
  facet normal 0.483532 0 -0.875327
    outer loop
      vertex 50.6552 0 21.2854
      vertex 50.7926 2.8 21.3613
      vertex 50.7926 0 21.3613
    endloop
  endfacet
  facet normal 0.483532 0 -0.875327
    outer loop
      vertex 50.7926 2.8 21.3613
      vertex 50.6552 0 21.2854
      vertex 50.6552 2.8 21.2854
    endloop
  endfacet
  facet normal 0.578706 0 -0.815536
    outer loop
      vertex 50.5271 0 21.1945
      vertex 50.6552 2.8 21.2854
      vertex 50.6552 0 21.2854
    endloop
  endfacet
  facet normal 0.578706 0 -0.815536
    outer loop
      vertex 50.6552 2.8 21.2854
      vertex 50.5271 0 21.1945
      vertex 50.5271 2.8 21.1945
    endloop
  endfacet
  facet normal 0.66618 0 -0.745791
    outer loop
      vertex 50.41 0 21.0899
      vertex 50.5271 2.8 21.1945
      vertex 50.5271 0 21.1945
    endloop
  endfacet
  facet normal 0.66618 0 -0.745791
    outer loop
      vertex 50.5271 2.8 21.1945
      vertex 50.41 0 21.0899
      vertex 50.41 2.8 21.0899
    endloop
  endfacet
  facet normal 0.745508 0 -0.666497
    outer loop
      vertex 50.41 0 21.0899
      vertex 50.3054 2.8 20.9729
      vertex 50.41 2.8 21.0899
    endloop
  endfacet
  facet normal 0.745508 0 -0.666497
    outer loop
      vertex 50.3054 2.8 20.9729
      vertex 50.41 0 21.0899
      vertex 50.3054 0 20.9729
    endloop
  endfacet
  facet normal 0.815837 0 -0.578282
    outer loop
      vertex 50.3054 0 20.9729
      vertex 50.2146 2.8 20.8448
      vertex 50.3054 2.8 20.9729
    endloop
  endfacet
  facet normal 0.815837 0 -0.578282
    outer loop
      vertex 50.2146 2.8 20.8448
      vertex 50.3054 0 20.9729
      vertex 50.2146 0 20.8448
    endloop
  endfacet
  facet normal 0.875057 0 -0.48402
    outer loop
      vertex 50.2146 0 20.8448
      vertex 50.1386 2.8 20.7074
      vertex 50.2146 2.8 20.8448
    endloop
  endfacet
  facet normal 0.875057 0 -0.48402
    outer loop
      vertex 50.1386 2.8 20.7074
      vertex 50.2146 0 20.8448
      vertex 50.1386 0 20.7074
    endloop
  endfacet
  facet normal 0.924017 0 -0.382352
    outer loop
      vertex 50.1386 0 20.7074
      vertex 50.0786 2.8 20.5624
      vertex 50.1386 2.8 20.7074
    endloop
  endfacet
  facet normal 0.924017 0 -0.382352
    outer loop
      vertex 50.0786 2.8 20.5624
      vertex 50.1386 0 20.7074
      vertex 50.0786 0 20.5624
    endloop
  endfacet
  facet normal 0.960872 0 -0.276991
    outer loop
      vertex 50.0786 0 20.5624
      vertex 50.0351 2.8 20.4115
      vertex 50.0786 2.8 20.5624
    endloop
  endfacet
  facet normal 0.960872 0 -0.276991
    outer loop
      vertex 50.0351 2.8 20.4115
      vertex 50.0786 0 20.5624
      vertex 50.0351 0 20.4115
    endloop
  endfacet
  facet normal 0.985873 0 -0.167496
    outer loop
      vertex 50.0351 0 20.4115
      vertex 50.0088 2.8 20.2567
      vertex 50.0351 2.8 20.4115
    endloop
  endfacet
  facet normal 0.985873 0 -0.167496
    outer loop
      vertex 50.0088 2.8 20.2567
      vertex 50.0351 0 20.4115
      vertex 50.0088 0 20.2567
    endloop
  endfacet
  facet normal 0.998427 0 -0.0560699
    outer loop
      vertex 50.0088 0 20.2567
      vertex 50 2.8 20.1
      vertex 50.0088 2.8 20.2567
    endloop
  endfacet
  facet normal 0.998427 0 -0.0560699
    outer loop
      vertex 50 2.8 20.1
      vertex 50.0088 0 20.2567
      vertex 50 0 20.1
    endloop
  endfacet
  facet normal 1 -0 0
    outer loop
      vertex 50 0 20.1
      vertex 50 2.8 19.9
      vertex 50 2.8 20.1
    endloop
  endfacet
  facet normal 1 0 0
    outer loop
      vertex 50 2.8 19.9
      vertex 50 0 20.1
      vertex 50 0 19.9
    endloop
  endfacet
  facet normal 0.998429 -0 0.0560343
    outer loop
      vertex 50 0 19.9
      vertex 50.0088 2.8 19.7432
      vertex 50 2.8 19.9
    endloop
  endfacet
  facet normal 0.998429 0 0.0560343
    outer loop
      vertex 50.0088 2.8 19.7432
      vertex 50 0 19.9
      vertex 50.0088 0 19.7432
    endloop
  endfacet
  facet normal 0.985855 -0 0.167602
    outer loop
      vertex 50.0088 0 19.7432
      vertex 50.0351 2.8 19.5885
      vertex 50.0088 2.8 19.7432
    endloop
  endfacet
  facet normal 0.985855 0 0.167602
    outer loop
      vertex 50.0351 2.8 19.5885
      vertex 50.0088 0 19.7432
      vertex 50.0351 0 19.5885
    endloop
  endfacet
  facet normal 0.960872 -0 0.276991
    outer loop
      vertex 50.0351 0 19.5885
      vertex 50.0786 2.8 19.4376
      vertex 50.0351 2.8 19.5885
    endloop
  endfacet
  facet normal 0.960872 0 0.276991
    outer loop
      vertex 50.0786 2.8 19.4376
      vertex 50.0351 0 19.5885
      vertex 50.0786 0 19.4376
    endloop
  endfacet
  facet normal 0.924017 -0 0.382352
    outer loop
      vertex 50.0786 0 19.4376
      vertex 50.1386 2.8 19.2926
      vertex 50.0786 2.8 19.4376
    endloop
  endfacet
  facet normal 0.924017 0 0.382352
    outer loop
      vertex 50.1386 2.8 19.2926
      vertex 50.0786 0 19.4376
      vertex 50.1386 0 19.2926
    endloop
  endfacet
  facet normal 0.875057 -0 0.48402
    outer loop
      vertex 50.1386 0 19.2926
      vertex 50.2146 2.8 19.1552
      vertex 50.1386 2.8 19.2926
    endloop
  endfacet
  facet normal 0.875057 0 0.48402
    outer loop
      vertex 50.2146 2.8 19.1552
      vertex 50.1386 0 19.2926
      vertex 50.2146 0 19.1552
    endloop
  endfacet
  facet normal 0.815837 -0 0.578282
    outer loop
      vertex 50.2146 0 19.1552
      vertex 50.3054 2.8 19.0271
      vertex 50.2146 2.8 19.1552
    endloop
  endfacet
  facet normal 0.815837 0 0.578282
    outer loop
      vertex 50.3054 2.8 19.0271
      vertex 50.2146 0 19.1552
      vertex 50.3054 0 19.0271
    endloop
  endfacet
  facet normal 0.745791 -0 0.66618
    outer loop
      vertex 50.3054 0 19.0271
      vertex 50.41 2.8 18.91
      vertex 50.3054 2.8 19.0271
    endloop
  endfacet
  facet normal 0.745791 0 0.66618
    outer loop
      vertex 50.41 2.8 18.91
      vertex 50.3054 0 19.0271
      vertex 50.41 0 18.91
    endloop
  endfacet
  facet normal 0.66618 0 0.745791
    outer loop
      vertex 50.41 2.8 18.91
      vertex 50.5271 0 18.8054
      vertex 50.5271 2.8 18.8054
    endloop
  endfacet
  facet normal 0.66618 0 0.745791
    outer loop
      vertex 50.5271 0 18.8054
      vertex 50.41 2.8 18.91
      vertex 50.41 0 18.91
    endloop
  endfacet
  facet normal 0.578282 0 0.815837
    outer loop
      vertex 50.5271 2.8 18.8054
      vertex 50.6552 0 18.7146
      vertex 50.6552 2.8 18.7146
    endloop
  endfacet
  facet normal 0.578282 0 0.815837
    outer loop
      vertex 50.6552 0 18.7146
      vertex 50.5271 2.8 18.8054
      vertex 50.5271 0 18.8054
    endloop
  endfacet
  facet normal 0.48402 0 0.875057
    outer loop
      vertex 50.6552 2.8 18.7146
      vertex 50.7926 0 18.6386
      vertex 50.7926 2.8 18.6386
    endloop
  endfacet
  facet normal 0.48402 0 0.875057
    outer loop
      vertex 50.7926 0 18.6386
      vertex 50.6552 2.8 18.7146
      vertex 50.6552 0 18.7146
    endloop
  endfacet
  facet normal 0.382352 0 0.924017
    outer loop
      vertex 50.7926 2.8 18.6386
      vertex 50.9376 0 18.5786
      vertex 50.9376 2.8 18.5786
    endloop
  endfacet
  facet normal 0.382352 0 0.924017
    outer loop
      vertex 50.9376 0 18.5786
      vertex 50.7926 2.8 18.6386
      vertex 50.7926 0 18.6386
    endloop
  endfacet
  facet normal 0.276991 0 0.960872
    outer loop
      vertex 50.9376 2.8 18.5786
      vertex 51.0885 0 18.5351
      vertex 51.0885 2.8 18.5351
    endloop
  endfacet
  facet normal 0.276991 0 0.960872
    outer loop
      vertex 51.0885 0 18.5351
      vertex 50.9376 2.8 18.5786
      vertex 50.9376 0 18.5786
    endloop
  endfacet
  facet normal 0.167602 0 0.985855
    outer loop
      vertex 51.0885 2.8 18.5351
      vertex 51.2432 0 18.5088
      vertex 51.2432 2.8 18.5088
    endloop
  endfacet
  facet normal 0.167602 0 0.985855
    outer loop
      vertex 51.2432 0 18.5088
      vertex 51.0885 2.8 18.5351
      vertex 51.0885 0 18.5351
    endloop
  endfacet
  facet normal 0.0560343 0 0.998429
    outer loop
      vertex 51.2432 2.8 18.5088
      vertex 51.4 0 18.5
      vertex 51.4 2.8 18.5
    endloop
  endfacet
  facet normal 0.0560343 0 0.998429
    outer loop
      vertex 51.4 0 18.5
      vertex 51.2432 2.8 18.5088
      vertex 51.2432 0 18.5088
    endloop
  endfacet
  facet normal -0 0 1
    outer loop
      vertex 51.4 2.8 18.5
      vertex 62.6 0 18.5
      vertex 62.6 2.8 18.5
    endloop
  endfacet
  facet normal 0 0 1
    outer loop
      vertex 62.6 0 18.5
      vertex 51.4 2.8 18.5
      vertex 51.4 0 18.5
    endloop
  endfacet
  facet normal -0.0560699 0 0.998427
    outer loop
      vertex 62.6 2.8 18.5
      vertex 62.7567 0 18.5088
      vertex 62.7567 2.8 18.5088
    endloop
  endfacet
  facet normal -0.0560699 0 0.998427
    outer loop
      vertex 62.7567 0 18.5088
      vertex 62.6 2.8 18.5
      vertex 62.6 0 18.5
    endloop
  endfacet
  facet normal -0.167496 0 0.985873
    outer loop
      vertex 78.7567 2.8 18.5088
      vertex 78.9115 0 18.5351
      vertex 78.9115 2.8 18.5351
    endloop
  endfacet
  facet normal -0.167496 0 0.985873
    outer loop
      vertex 78.9115 0 18.5351
      vertex 78.7567 2.8 18.5088
      vertex 78.7567 0 18.5088
    endloop
  endfacet
  facet normal -0.276991 0 0.960872
    outer loop
      vertex 78.9115 2.8 18.5351
      vertex 79.0624 0 18.5786
      vertex 79.0624 2.8 18.5786
    endloop
  endfacet
  facet normal -0.276991 0 0.960872
    outer loop
      vertex 79.0624 0 18.5786
      vertex 78.9115 2.8 18.5351
      vertex 78.9115 0 18.5351
    endloop
  endfacet
  facet normal -0.382352 0 0.924017
    outer loop
      vertex 79.0624 2.8 18.5786
      vertex 79.2074 0 18.6386
      vertex 79.2074 2.8 18.6386
    endloop
  endfacet
  facet normal -0.382352 0 0.924017
    outer loop
      vertex 79.2074 0 18.6386
      vertex 79.0624 2.8 18.5786
      vertex 79.0624 0 18.5786
    endloop
  endfacet
  facet normal -0.48402 0 0.875057
    outer loop
      vertex 79.2074 2.8 18.6386
      vertex 79.3448 0 18.7146
      vertex 79.3448 2.8 18.7146
    endloop
  endfacet
  facet normal -0.48402 0 0.875057
    outer loop
      vertex 79.3448 0 18.7146
      vertex 79.2074 2.8 18.6386
      vertex 79.2074 0 18.6386
    endloop
  endfacet
  facet normal -0.578282 0 0.815837
    outer loop
      vertex 79.3448 2.8 18.7146
      vertex 79.4729 0 18.8054
      vertex 79.4729 2.8 18.8054
    endloop
  endfacet
  facet normal -0.578282 0 0.815837
    outer loop
      vertex 79.4729 0 18.8054
      vertex 79.3448 2.8 18.7146
      vertex 79.3448 0 18.7146
    endloop
  endfacet
  facet normal -0.666497 0 0.745508
    outer loop
      vertex 79.4729 2.8 18.8054
      vertex 79.5899 0 18.91
      vertex 79.5899 2.8 18.91
    endloop
  endfacet
  facet normal -0.666497 0 0.745508
    outer loop
      vertex 79.5899 0 18.91
      vertex 79.4729 2.8 18.8054
      vertex 79.4729 0 18.8054
    endloop
  endfacet
  facet normal -0.745791 0 0.66618
    outer loop
      vertex 79.5899 0 18.91
      vertex 79.6945 2.8 19.0271
      vertex 79.5899 2.8 18.91
    endloop
  endfacet
  facet normal -0.745791 0 0.66618
    outer loop
      vertex 79.6945 2.8 19.0271
      vertex 79.5899 0 18.91
      vertex 79.6945 0 19.0271
    endloop
  endfacet
  facet normal -0.815536 0 0.578706
    outer loop
      vertex 79.6945 0 19.0271
      vertex 79.7854 2.8 19.1552
      vertex 79.6945 2.8 19.0271
    endloop
  endfacet
  facet normal -0.815536 0 0.578706
    outer loop
      vertex 79.7854 2.8 19.1552
      vertex 79.6945 0 19.0271
      vertex 79.7854 0 19.1552
    endloop
  endfacet
  facet normal -0.875327 0 0.483532
    outer loop
      vertex 79.7854 0 19.1552
      vertex 79.8613 2.8 19.2926
      vertex 79.7854 2.8 19.1552
    endloop
  endfacet
  facet normal -0.875327 0 0.483532
    outer loop
      vertex 79.8613 2.8 19.2926
      vertex 79.7854 0 19.1552
      vertex 79.8613 0 19.2926
    endloop
  endfacet
  facet normal -0.923792 0 0.382896
    outer loop
      vertex 79.8613 0 19.2926
      vertex 79.9214 2.8 19.4376
      vertex 79.8613 2.8 19.2926
    endloop
  endfacet
  facet normal -0.923792 0 0.382896
    outer loop
      vertex 79.9214 2.8 19.4376
      vertex 79.8613 0 19.2926
      vertex 79.9214 0 19.4376
    endloop
  endfacet
  facet normal -0.960872 0 0.276991
    outer loop
      vertex 79.9214 0 19.4376
      vertex 79.9649 2.8 19.5885
      vertex 79.9214 2.8 19.4376
    endloop
  endfacet
  facet normal -0.960872 0 0.276991
    outer loop
      vertex 79.9649 2.8 19.5885
      vertex 79.9214 0 19.4376
      vertex 79.9649 0 19.5885
    endloop
  endfacet
  facet normal -0.985855 0 0.167602
    outer loop
      vertex 79.9649 0 19.5885
      vertex 79.9912 2.8 19.7432
      vertex 79.9649 2.8 19.5885
    endloop
  endfacet
  facet normal -0.985855 0 0.167602
    outer loop
      vertex 79.9912 2.8 19.7432
      vertex 79.9649 0 19.5885
      vertex 79.9912 0 19.7432
    endloop
  endfacet
  facet normal -0.998429 0 0.0560343
    outer loop
      vertex 79.9912 0 19.7432
      vertex 80 2.8 19.9
      vertex 79.9912 2.8 19.7432
    endloop
  endfacet
  facet normal -0.998429 0 0.0560343
    outer loop
      vertex 80 2.8 19.9
      vertex 79.9912 0 19.7432
      vertex 80 0 19.9
    endloop
  endfacet
  facet normal -1 0 0
    outer loop
      vertex 80 0 19.9
      vertex 80 2.8 20.1
      vertex 80 2.8 19.9
    endloop
  endfacet
  facet normal -1 -0 0
    outer loop
      vertex 80 2.8 20.1
      vertex 80 0 19.9
      vertex 80 0 20.1
    endloop
  endfacet
  facet normal -0.998427 0 -0.0560699
    outer loop
      vertex 80 0 20.1
      vertex 79.9912 2.8 20.2567
      vertex 80 2.8 20.1
    endloop
  endfacet
  facet normal -0.998427 -0 -0.0560699
    outer loop
      vertex 79.9912 2.8 20.2567
      vertex 80 0 20.1
      vertex 79.9912 0 20.2567
    endloop
  endfacet
  facet normal -0.985873 0 -0.167496
    outer loop
      vertex 79.9912 0 20.2567
      vertex 79.9649 2.8 20.4115
      vertex 79.9912 2.8 20.2567
    endloop
  endfacet
  facet normal -0.985873 -0 -0.167496
    outer loop
      vertex 79.9649 2.8 20.4115
      vertex 79.9912 0 20.2567
      vertex 79.9649 0 20.4115
    endloop
  endfacet
  facet normal -0.960872 0 -0.276991
    outer loop
      vertex 79.9649 0 20.4115
      vertex 79.9214 2.8 20.5624
      vertex 79.9649 2.8 20.4115
    endloop
  endfacet
  facet normal -0.960872 -0 -0.276991
    outer loop
      vertex 79.9214 2.8 20.5624
      vertex 79.9649 0 20.4115
      vertex 79.9214 0 20.5624
    endloop
  endfacet
  facet normal -0.923792 0 -0.382896
    outer loop
      vertex 79.9214 0 20.5624
      vertex 79.8613 2.8 20.7074
      vertex 79.9214 2.8 20.5624
    endloop
  endfacet
  facet normal -0.923792 -0 -0.382896
    outer loop
      vertex 79.8613 2.8 20.7074
      vertex 79.9214 0 20.5624
      vertex 79.8613 0 20.7074
    endloop
  endfacet
  facet normal -0.875327 0 -0.483532
    outer loop
      vertex 79.8613 0 20.7074
      vertex 79.7854 2.8 20.8448
      vertex 79.8613 2.8 20.7074
    endloop
  endfacet
  facet normal -0.875327 -0 -0.483532
    outer loop
      vertex 79.7854 2.8 20.8448
      vertex 79.8613 0 20.7074
      vertex 79.7854 0 20.8448
    endloop
  endfacet
  facet normal -0.815536 0 -0.578706
    outer loop
      vertex 79.7854 0 20.8448
      vertex 79.6945 2.8 20.9729
      vertex 79.7854 2.8 20.8448
    endloop
  endfacet
  facet normal -0.815536 -0 -0.578706
    outer loop
      vertex 79.6945 2.8 20.9729
      vertex 79.7854 0 20.8448
      vertex 79.6945 0 20.9729
    endloop
  endfacet
  facet normal -0.745508 0 -0.666497
    outer loop
      vertex 79.6945 0 20.9729
      vertex 79.5899 2.8 21.0899
      vertex 79.6945 2.8 20.9729
    endloop
  endfacet
  facet normal -0.745508 -0 -0.666497
    outer loop
      vertex 79.5899 2.8 21.0899
      vertex 79.6945 0 20.9729
      vertex 79.5899 0 21.0899
    endloop
  endfacet
  facet normal -0.666497 0 -0.745508
    outer loop
      vertex 79.4729 0 21.1945
      vertex 79.5899 2.8 21.0899
      vertex 79.5899 0 21.0899
    endloop
  endfacet
  facet normal -0.666497 0 -0.745508
    outer loop
      vertex 79.5899 2.8 21.0899
      vertex 79.4729 0 21.1945
      vertex 79.4729 2.8 21.1945
    endloop
  endfacet
  facet normal -0.578706 0 -0.815536
    outer loop
      vertex 79.3448 0 21.2854
      vertex 79.4729 2.8 21.1945
      vertex 79.4729 0 21.1945
    endloop
  endfacet
  facet normal -0.578706 0 -0.815536
    outer loop
      vertex 79.4729 2.8 21.1945
      vertex 79.3448 0 21.2854
      vertex 79.3448 2.8 21.2854
    endloop
  endfacet
  facet normal -0.483532 0 -0.875327
    outer loop
      vertex 79.2074 0 21.3613
      vertex 79.3448 2.8 21.2854
      vertex 79.3448 0 21.2854
    endloop
  endfacet
  facet normal -0.483532 0 -0.875327
    outer loop
      vertex 79.3448 2.8 21.2854
      vertex 79.2074 0 21.3613
      vertex 79.2074 2.8 21.3613
    endloop
  endfacet
  facet normal -0.382896 0 -0.923792
    outer loop
      vertex 79.0624 0 21.4214
      vertex 79.2074 2.8 21.3613
      vertex 79.2074 0 21.3613
    endloop
  endfacet
  facet normal -0.382896 0 -0.923792
    outer loop
      vertex 79.2074 2.8 21.3613
      vertex 79.0624 0 21.4214
      vertex 79.0624 2.8 21.4214
    endloop
  endfacet
  facet normal -0.276991 0 -0.960872
    outer loop
      vertex 78.9115 0 21.4649
      vertex 79.0624 2.8 21.4214
      vertex 79.0624 0 21.4214
    endloop
  endfacet
  facet normal -0.276991 0 -0.960872
    outer loop
      vertex 79.0624 2.8 21.4214
      vertex 78.9115 0 21.4649
      vertex 78.9115 2.8 21.4649
    endloop
  endfacet
  facet normal -0.167496 0 -0.985873
    outer loop
      vertex 78.7567 0 21.4912
      vertex 78.9115 2.8 21.4649
      vertex 78.9115 0 21.4649
    endloop
  endfacet
  facet normal -0.167496 0 -0.985873
    outer loop
      vertex 78.9115 2.8 21.4649
      vertex 78.7567 0 21.4912
      vertex 78.7567 2.8 21.4912
    endloop
  endfacet
  facet normal -0.0560699 0 -0.998427
    outer loop
      vertex 78.6 0 21.5
      vertex 78.7567 2.8 21.4912
      vertex 78.7567 0 21.4912
    endloop
  endfacet
  facet normal -0.0560699 0 -0.998427
    outer loop
      vertex 78.7567 2.8 21.4912
      vertex 78.6 0 21.5
      vertex 78.6 2.8 21.5
    endloop
  endfacet
  facet normal 0 0 -1
    outer loop
      vertex 67.4 0 21.5
      vertex 78.6 2.8 21.5
      vertex 78.6 0 21.5
    endloop
  endfacet
  facet normal -0 0 -1
    outer loop
      vertex 78.6 2.8 21.5
      vertex 67.4 0 21.5
      vertex 67.4 2.8 21.5
    endloop
  endfacet
  facet normal 0.0560343 0 -0.998429
    outer loop
      vertex 67.2432 0 21.4912
      vertex 67.4 2.8 21.5
      vertex 67.4 0 21.5
    endloop
  endfacet
  facet normal 0.0560343 0 -0.998429
    outer loop
      vertex 67.4 2.8 21.5
      vertex 67.2432 0 21.4912
      vertex 67.2432 2.8 21.4912
    endloop
  endfacet
  facet normal 0.167602 0 -0.985855
    outer loop
      vertex 67.0885 0 21.4649
      vertex 67.2432 2.8 21.4912
      vertex 67.2432 0 21.4912
    endloop
  endfacet
  facet normal 0.167602 0 -0.985855
    outer loop
      vertex 67.2432 2.8 21.4912
      vertex 67.0885 0 21.4649
      vertex 67.0885 2.8 21.4649
    endloop
  endfacet
  facet normal 0.276991 0 -0.960872
    outer loop
      vertex 66.9376 0 21.4214
      vertex 67.0885 2.8 21.4649
      vertex 67.0885 0 21.4649
    endloop
  endfacet
  facet normal 0.276991 0 -0.960872
    outer loop
      vertex 67.0885 2.8 21.4649
      vertex 66.9376 0 21.4214
      vertex 66.9376 2.8 21.4214
    endloop
  endfacet
  facet normal 0.382896 0 -0.923792
    outer loop
      vertex 66.7926 0 21.3613
      vertex 66.9376 2.8 21.4214
      vertex 66.9376 0 21.4214
    endloop
  endfacet
  facet normal 0.382896 0 -0.923792
    outer loop
      vertex 66.9376 2.8 21.4214
      vertex 66.7926 0 21.3613
      vertex 66.7926 2.8 21.3613
    endloop
  endfacet
  facet normal 0.483532 0 -0.875327
    outer loop
      vertex 66.6552 0 21.2854
      vertex 66.7926 2.8 21.3613
      vertex 66.7926 0 21.3613
    endloop
  endfacet
  facet normal 0.483532 0 -0.875327
    outer loop
      vertex 66.7926 2.8 21.3613
      vertex 66.6552 0 21.2854
      vertex 66.6552 2.8 21.2854
    endloop
  endfacet
  facet normal 0.578706 0 -0.815536
    outer loop
      vertex 66.5271 0 21.1945
      vertex 66.6552 2.8 21.2854
      vertex 66.6552 0 21.2854
    endloop
  endfacet
  facet normal 0.578706 0 -0.815536
    outer loop
      vertex 66.6552 2.8 21.2854
      vertex 66.5271 0 21.1945
      vertex 66.5271 2.8 21.1945
    endloop
  endfacet
  facet normal 0.66618 0 -0.745791
    outer loop
      vertex 66.41 0 21.0899
      vertex 66.5271 2.8 21.1945
      vertex 66.5271 0 21.1945
    endloop
  endfacet
  facet normal 0.66618 0 -0.745791
    outer loop
      vertex 66.5271 2.8 21.1945
      vertex 66.41 0 21.0899
      vertex 66.41 2.8 21.0899
    endloop
  endfacet
  facet normal 0.745508 0 -0.666497
    outer loop
      vertex 66.41 0 21.0899
      vertex 66.3054 2.8 20.9729
      vertex 66.41 2.8 21.0899
    endloop
  endfacet
  facet normal 0.745508 0 -0.666497
    outer loop
      vertex 66.3054 2.8 20.9729
      vertex 66.41 0 21.0899
      vertex 66.3054 0 20.9729
    endloop
  endfacet
  facet normal 0.815837 0 -0.578282
    outer loop
      vertex 66.3054 0 20.9729
      vertex 66.2146 2.8 20.8448
      vertex 66.3054 2.8 20.9729
    endloop
  endfacet
  facet normal 0.815837 0 -0.578282
    outer loop
      vertex 66.2146 2.8 20.8448
      vertex 66.3054 0 20.9729
      vertex 66.2146 0 20.8448
    endloop
  endfacet
  facet normal 0.875057 0 -0.48402
    outer loop
      vertex 66.2146 0 20.8448
      vertex 66.1386 2.8 20.7074
      vertex 66.2146 2.8 20.8448
    endloop
  endfacet
  facet normal 0.875057 0 -0.48402
    outer loop
      vertex 66.1386 2.8 20.7074
      vertex 66.2146 0 20.8448
      vertex 66.1386 0 20.7074
    endloop
  endfacet
  facet normal 0.924017 0 -0.382352
    outer loop
      vertex 66.1386 0 20.7074
      vertex 66.0786 2.8 20.5624
      vertex 66.1386 2.8 20.7074
    endloop
  endfacet
  facet normal 0.924017 0 -0.382352
    outer loop
      vertex 66.0786 2.8 20.5624
      vertex 66.1386 0 20.7074
      vertex 66.0786 0 20.5624
    endloop
  endfacet
  facet normal 0.960872 0 -0.276991
    outer loop
      vertex 66.0786 0 20.5624
      vertex 66.0351 2.8 20.4115
      vertex 66.0786 2.8 20.5624
    endloop
  endfacet
  facet normal 0.960872 0 -0.276991
    outer loop
      vertex 66.0351 2.8 20.4115
      vertex 66.0786 0 20.5624
      vertex 66.0351 0 20.4115
    endloop
  endfacet
  facet normal 0.985873 0 -0.167496
    outer loop
      vertex 66.0351 0 20.4115
      vertex 66.0088 2.8 20.2567
      vertex 66.0351 2.8 20.4115
    endloop
  endfacet
  facet normal 0.985873 0 -0.167496
    outer loop
      vertex 66.0088 2.8 20.2567
      vertex 66.0351 0 20.4115
      vertex 66.0088 0 20.2567
    endloop
  endfacet
  facet normal 0.998427 0 -0.0560699
    outer loop
      vertex 66.0088 0 20.2567
      vertex 66 2.8 20.1
      vertex 66.0088 2.8 20.2567
    endloop
  endfacet
  facet normal 0.998427 0 -0.0560699
    outer loop
      vertex 66 2.8 20.1
      vertex 66.0088 0 20.2567
      vertex 66 0 20.1
    endloop
  endfacet
  facet normal 1 -0 0
    outer loop
      vertex 66 0 20.1
      vertex 66 2.8 19.9
      vertex 66 2.8 20.1
    endloop
  endfacet
  facet normal 1 0 0
    outer loop
      vertex 66 2.8 19.9
      vertex 66 0 20.1
      vertex 66 0 19.9
    endloop
  endfacet
  facet normal 0.998429 -0 0.0560343
    outer loop
      vertex 66 0 19.9
      vertex 66.0088 2.8 19.7432
      vertex 66 2.8 19.9
    endloop
  endfacet
  facet normal 0.998429 0 0.0560343
    outer loop
      vertex 66.0088 2.8 19.7432
      vertex 66 0 19.9
      vertex 66.0088 0 19.7432
    endloop
  endfacet
  facet normal 0.985855 -0 0.167602
    outer loop
      vertex 66.0088 0 19.7432
      vertex 66.0351 2.8 19.5885
      vertex 66.0088 2.8 19.7432
    endloop
  endfacet
  facet normal 0.985855 0 0.167602
    outer loop
      vertex 66.0351 2.8 19.5885
      vertex 66.0088 0 19.7432
      vertex 66.0351 0 19.5885
    endloop
  endfacet
  facet normal 0.960872 -0 0.276991
    outer loop
      vertex 66.0351 0 19.5885
      vertex 66.0786 2.8 19.4376
      vertex 66.0351 2.8 19.5885
    endloop
  endfacet
  facet normal 0.960872 0 0.276991
    outer loop
      vertex 66.0786 2.8 19.4376
      vertex 66.0351 0 19.5885
      vertex 66.0786 0 19.4376
    endloop
  endfacet
  facet normal 0.924017 -0 0.382352
    outer loop
      vertex 66.0786 0 19.4376
      vertex 66.1386 2.8 19.2926
      vertex 66.0786 2.8 19.4376
    endloop
  endfacet
  facet normal 0.924017 0 0.382352
    outer loop
      vertex 66.1386 2.8 19.2926
      vertex 66.0786 0 19.4376
      vertex 66.1386 0 19.2926
    endloop
  endfacet
  facet normal 0.875057 -0 0.48402
    outer loop
      vertex 66.1386 0 19.2926
      vertex 66.2146 2.8 19.1552
      vertex 66.1386 2.8 19.2926
    endloop
  endfacet
  facet normal 0.875057 0 0.48402
    outer loop
      vertex 66.2146 2.8 19.1552
      vertex 66.1386 0 19.2926
      vertex 66.2146 0 19.1552
    endloop
  endfacet
  facet normal 0.815837 -0 0.578282
    outer loop
      vertex 66.2146 0 19.1552
      vertex 66.3054 2.8 19.0271
      vertex 66.2146 2.8 19.1552
    endloop
  endfacet
  facet normal 0.815837 0 0.578282
    outer loop
      vertex 66.3054 2.8 19.0271
      vertex 66.2146 0 19.1552
      vertex 66.3054 0 19.0271
    endloop
  endfacet
  facet normal 0.745791 -0 0.66618
    outer loop
      vertex 66.3054 0 19.0271
      vertex 66.41 2.8 18.91
      vertex 66.3054 2.8 19.0271
    endloop
  endfacet
  facet normal 0.745791 0 0.66618
    outer loop
      vertex 66.41 2.8 18.91
      vertex 66.3054 0 19.0271
      vertex 66.41 0 18.91
    endloop
  endfacet
  facet normal 0.66618 0 0.745791
    outer loop
      vertex 66.41 2.8 18.91
      vertex 66.5271 0 18.8054
      vertex 66.5271 2.8 18.8054
    endloop
  endfacet
  facet normal 0.66618 0 0.745791
    outer loop
      vertex 66.5271 0 18.8054
      vertex 66.41 2.8 18.91
      vertex 66.41 0 18.91
    endloop
  endfacet
  facet normal 0.578282 0 0.815837
    outer loop
      vertex 66.5271 2.8 18.8054
      vertex 66.6552 0 18.7146
      vertex 66.6552 2.8 18.7146
    endloop
  endfacet
  facet normal 0.578282 0 0.815837
    outer loop
      vertex 66.6552 0 18.7146
      vertex 66.5271 2.8 18.8054
      vertex 66.5271 0 18.8054
    endloop
  endfacet
  facet normal 0.48402 0 0.875057
    outer loop
      vertex 66.6552 2.8 18.7146
      vertex 66.7926 0 18.6386
      vertex 66.7926 2.8 18.6386
    endloop
  endfacet
  facet normal 0.48402 0 0.875057
    outer loop
      vertex 66.7926 0 18.6386
      vertex 66.6552 2.8 18.7146
      vertex 66.6552 0 18.7146
    endloop
  endfacet
  facet normal 0.382352 0 0.924017
    outer loop
      vertex 66.7926 2.8 18.6386
      vertex 66.9376 0 18.5786
      vertex 66.9376 2.8 18.5786
    endloop
  endfacet
  facet normal 0.382352 0 0.924017
    outer loop
      vertex 66.9376 0 18.5786
      vertex 66.7926 2.8 18.6386
      vertex 66.7926 0 18.6386
    endloop
  endfacet
  facet normal 0.276991 0 0.960872
    outer loop
      vertex 66.9376 2.8 18.5786
      vertex 67.0885 0 18.5351
      vertex 67.0885 2.8 18.5351
    endloop
  endfacet
  facet normal 0.276991 0 0.960872
    outer loop
      vertex 67.0885 0 18.5351
      vertex 66.9376 2.8 18.5786
      vertex 66.9376 0 18.5786
    endloop
  endfacet
  facet normal 0.167602 0 0.985855
    outer loop
      vertex 67.0885 2.8 18.5351
      vertex 67.2432 0 18.5088
      vertex 67.2432 2.8 18.5088
    endloop
  endfacet
  facet normal 0.167602 0 0.985855
    outer loop
      vertex 67.2432 0 18.5088
      vertex 67.0885 2.8 18.5351
      vertex 67.0885 0 18.5351
    endloop
  endfacet
  facet normal 0.0560343 0 0.998429
    outer loop
      vertex 67.2432 2.8 18.5088
      vertex 67.4 0 18.5
      vertex 67.4 2.8 18.5
    endloop
  endfacet
  facet normal 0.0560343 0 0.998429
    outer loop
      vertex 67.4 0 18.5
      vertex 67.2432 2.8 18.5088
      vertex 67.2432 0 18.5088
    endloop
  endfacet
  facet normal -0 0 1
    outer loop
      vertex 67.4 2.8 18.5
      vertex 78.6 0 18.5
      vertex 78.6 2.8 18.5
    endloop
  endfacet
  facet normal 0 0 1
    outer loop
      vertex 78.6 0 18.5
      vertex 67.4 2.8 18.5
      vertex 67.4 0 18.5
    endloop
  endfacet
  facet normal -0.0560699 0 0.998427
    outer loop
      vertex 78.6 2.8 18.5
      vertex 78.7567 0 18.5088
      vertex 78.7567 2.8 18.5088
    endloop
  endfacet
  facet normal -0.0560699 0 0.998427
    outer loop
      vertex 78.7567 0 18.5088
      vertex 78.6 2.8 18.5
      vertex 78.6 0 18.5
    endloop
  endfacet
  facet normal -0.167496 0 0.985873
    outer loop
      vertex 62.7567 2.8 11.5088
      vertex 62.9115 0 11.5351
      vertex 62.9115 2.8 11.5351
    endloop
  endfacet
  facet normal -0.167496 0 0.985873
    outer loop
      vertex 62.9115 0 11.5351
      vertex 62.7567 2.8 11.5088
      vertex 62.7567 0 11.5088
    endloop
  endfacet
  facet normal -0.276991 0 0.960872
    outer loop
      vertex 62.9115 2.8 11.5351
      vertex 63.0624 0 11.5786
      vertex 63.0624 2.8 11.5786
    endloop
  endfacet
  facet normal -0.276991 0 0.960872
    outer loop
      vertex 63.0624 0 11.5786
      vertex 62.9115 2.8 11.5351
      vertex 62.9115 0 11.5351
    endloop
  endfacet
  facet normal -0.382352 0 0.924017
    outer loop
      vertex 63.0624 2.8 11.5786
      vertex 63.2074 0 11.6386
      vertex 63.2074 2.8 11.6386
    endloop
  endfacet
  facet normal -0.382352 0 0.924017
    outer loop
      vertex 63.2074 0 11.6386
      vertex 63.0624 2.8 11.5786
      vertex 63.0624 0 11.5786
    endloop
  endfacet
  facet normal -0.48402 0 0.875057
    outer loop
      vertex 63.2074 2.8 11.6386
      vertex 63.3448 0 11.7146
      vertex 63.3448 2.8 11.7146
    endloop
  endfacet
  facet normal -0.48402 0 0.875057
    outer loop
      vertex 63.3448 0 11.7146
      vertex 63.2074 2.8 11.6386
      vertex 63.2074 0 11.6386
    endloop
  endfacet
  facet normal -0.578282 0 0.815837
    outer loop
      vertex 63.3448 2.8 11.7146
      vertex 63.4729 0 11.8054
      vertex 63.4729 2.8 11.8054
    endloop
  endfacet
  facet normal -0.578282 0 0.815837
    outer loop
      vertex 63.4729 0 11.8054
      vertex 63.3448 2.8 11.7146
      vertex 63.3448 0 11.7146
    endloop
  endfacet
  facet normal -0.666497 0 0.745508
    outer loop
      vertex 63.4729 2.8 11.8054
      vertex 63.5899 0 11.91
      vertex 63.5899 2.8 11.91
    endloop
  endfacet
  facet normal -0.666497 0 0.745508
    outer loop
      vertex 63.5899 0 11.91
      vertex 63.4729 2.8 11.8054
      vertex 63.4729 0 11.8054
    endloop
  endfacet
  facet normal -0.745791 0 0.66618
    outer loop
      vertex 63.5899 0 11.91
      vertex 63.6945 2.8 12.0271
      vertex 63.5899 2.8 11.91
    endloop
  endfacet
  facet normal -0.745791 0 0.66618
    outer loop
      vertex 63.6945 2.8 12.0271
      vertex 63.5899 0 11.91
      vertex 63.6945 0 12.0271
    endloop
  endfacet
  facet normal -0.815536 0 0.578706
    outer loop
      vertex 63.6945 0 12.0271
      vertex 63.7854 2.8 12.1552
      vertex 63.6945 2.8 12.0271
    endloop
  endfacet
  facet normal -0.815536 0 0.578706
    outer loop
      vertex 63.7854 2.8 12.1552
      vertex 63.6945 0 12.0271
      vertex 63.7854 0 12.1552
    endloop
  endfacet
  facet normal -0.875327 0 0.483532
    outer loop
      vertex 63.7854 0 12.1552
      vertex 63.8613 2.8 12.2926
      vertex 63.7854 2.8 12.1552
    endloop
  endfacet
  facet normal -0.875327 0 0.483532
    outer loop
      vertex 63.8613 2.8 12.2926
      vertex 63.7854 0 12.1552
      vertex 63.8613 0 12.2926
    endloop
  endfacet
  facet normal -0.923792 0 0.382896
    outer loop
      vertex 63.8613 0 12.2926
      vertex 63.9214 2.8 12.4376
      vertex 63.8613 2.8 12.2926
    endloop
  endfacet
  facet normal -0.923792 0 0.382896
    outer loop
      vertex 63.9214 2.8 12.4376
      vertex 63.8613 0 12.2926
      vertex 63.9214 0 12.4376
    endloop
  endfacet
  facet normal -0.960872 0 0.276991
    outer loop
      vertex 63.9214 0 12.4376
      vertex 63.9649 2.8 12.5885
      vertex 63.9214 2.8 12.4376
    endloop
  endfacet
  facet normal -0.960872 0 0.276991
    outer loop
      vertex 63.9649 2.8 12.5885
      vertex 63.9214 0 12.4376
      vertex 63.9649 0 12.5885
    endloop
  endfacet
  facet normal -0.985855 0 0.167602
    outer loop
      vertex 63.9649 0 12.5885
      vertex 63.9912 2.8 12.7432
      vertex 63.9649 2.8 12.5885
    endloop
  endfacet
  facet normal -0.985855 0 0.167602
    outer loop
      vertex 63.9912 2.8 12.7432
      vertex 63.9649 0 12.5885
      vertex 63.9912 0 12.7432
    endloop
  endfacet
  facet normal -0.998429 0 0.0560343
    outer loop
      vertex 63.9912 0 12.7432
      vertex 64 2.8 12.9
      vertex 63.9912 2.8 12.7432
    endloop
  endfacet
  facet normal -0.998429 0 0.0560343
    outer loop
      vertex 64 2.8 12.9
      vertex 63.9912 0 12.7432
      vertex 64 0 12.9
    endloop
  endfacet
  facet normal -1 0 0
    outer loop
      vertex 64 0 12.9
      vertex 64 2.8 13.1
      vertex 64 2.8 12.9
    endloop
  endfacet
  facet normal -1 -0 0
    outer loop
      vertex 64 2.8 13.1
      vertex 64 0 12.9
      vertex 64 0 13.1
    endloop
  endfacet
  facet normal -0.998427 0 -0.0560699
    outer loop
      vertex 64 0 13.1
      vertex 63.9912 2.8 13.2567
      vertex 64 2.8 13.1
    endloop
  endfacet
  facet normal -0.998427 -0 -0.0560699
    outer loop
      vertex 63.9912 2.8 13.2567
      vertex 64 0 13.1
      vertex 63.9912 0 13.2567
    endloop
  endfacet
  facet normal -0.985873 0 -0.167496
    outer loop
      vertex 63.9912 0 13.2567
      vertex 63.9649 2.8 13.4115
      vertex 63.9912 2.8 13.2567
    endloop
  endfacet
  facet normal -0.985873 -0 -0.167496
    outer loop
      vertex 63.9649 2.8 13.4115
      vertex 63.9912 0 13.2567
      vertex 63.9649 0 13.4115
    endloop
  endfacet
  facet normal -0.960872 0 -0.276991
    outer loop
      vertex 63.9649 0 13.4115
      vertex 63.9214 2.8 13.5624
      vertex 63.9649 2.8 13.4115
    endloop
  endfacet
  facet normal -0.960872 -0 -0.276991
    outer loop
      vertex 63.9214 2.8 13.5624
      vertex 63.9649 0 13.4115
      vertex 63.9214 0 13.5624
    endloop
  endfacet
  facet normal -0.923792 0 -0.382896
    outer loop
      vertex 63.9214 0 13.5624
      vertex 63.8613 2.8 13.7074
      vertex 63.9214 2.8 13.5624
    endloop
  endfacet
  facet normal -0.923792 -0 -0.382896
    outer loop
      vertex 63.8613 2.8 13.7074
      vertex 63.9214 0 13.5624
      vertex 63.8613 0 13.7074
    endloop
  endfacet
  facet normal -0.875327 0 -0.483532
    outer loop
      vertex 63.8613 0 13.7074
      vertex 63.7854 2.8 13.8448
      vertex 63.8613 2.8 13.7074
    endloop
  endfacet
  facet normal -0.875327 -0 -0.483532
    outer loop
      vertex 63.7854 2.8 13.8448
      vertex 63.8613 0 13.7074
      vertex 63.7854 0 13.8448
    endloop
  endfacet
  facet normal -0.815536 0 -0.578706
    outer loop
      vertex 63.7854 0 13.8448
      vertex 63.6945 2.8 13.9729
      vertex 63.7854 2.8 13.8448
    endloop
  endfacet
  facet normal -0.815536 -0 -0.578706
    outer loop
      vertex 63.6945 2.8 13.9729
      vertex 63.7854 0 13.8448
      vertex 63.6945 0 13.9729
    endloop
  endfacet
  facet normal -0.745508 0 -0.666497
    outer loop
      vertex 63.6945 0 13.9729
      vertex 63.5899 2.8 14.0899
      vertex 63.6945 2.8 13.9729
    endloop
  endfacet
  facet normal -0.745508 -0 -0.666497
    outer loop
      vertex 63.5899 2.8 14.0899
      vertex 63.6945 0 13.9729
      vertex 63.5899 0 14.0899
    endloop
  endfacet
  facet normal -0.666497 0 -0.745508
    outer loop
      vertex 63.4729 0 14.1945
      vertex 63.5899 2.8 14.0899
      vertex 63.5899 0 14.0899
    endloop
  endfacet
  facet normal -0.666497 0 -0.745508
    outer loop
      vertex 63.5899 2.8 14.0899
      vertex 63.4729 0 14.1945
      vertex 63.4729 2.8 14.1945
    endloop
  endfacet
  facet normal -0.578706 0 -0.815536
    outer loop
      vertex 63.3448 0 14.2854
      vertex 63.4729 2.8 14.1945
      vertex 63.4729 0 14.1945
    endloop
  endfacet
  facet normal -0.578706 0 -0.815536
    outer loop
      vertex 63.4729 2.8 14.1945
      vertex 63.3448 0 14.2854
      vertex 63.3448 2.8 14.2854
    endloop
  endfacet
  facet normal -0.483532 0 -0.875327
    outer loop
      vertex 63.2074 0 14.3613
      vertex 63.3448 2.8 14.2854
      vertex 63.3448 0 14.2854
    endloop
  endfacet
  facet normal -0.483532 0 -0.875327
    outer loop
      vertex 63.3448 2.8 14.2854
      vertex 63.2074 0 14.3613
      vertex 63.2074 2.8 14.3613
    endloop
  endfacet
  facet normal -0.382896 0 -0.923792
    outer loop
      vertex 63.0624 0 14.4214
      vertex 63.2074 2.8 14.3613
      vertex 63.2074 0 14.3613
    endloop
  endfacet
  facet normal -0.382896 0 -0.923792
    outer loop
      vertex 63.2074 2.8 14.3613
      vertex 63.0624 0 14.4214
      vertex 63.0624 2.8 14.4214
    endloop
  endfacet
  facet normal -0.276991 0 -0.960872
    outer loop
      vertex 62.9115 0 14.4649
      vertex 63.0624 2.8 14.4214
      vertex 63.0624 0 14.4214
    endloop
  endfacet
  facet normal -0.276991 0 -0.960872
    outer loop
      vertex 63.0624 2.8 14.4214
      vertex 62.9115 0 14.4649
      vertex 62.9115 2.8 14.4649
    endloop
  endfacet
  facet normal -0.167496 0 -0.985873
    outer loop
      vertex 62.7567 0 14.4912
      vertex 62.9115 2.8 14.4649
      vertex 62.9115 0 14.4649
    endloop
  endfacet
  facet normal -0.167496 0 -0.985873
    outer loop
      vertex 62.9115 2.8 14.4649
      vertex 62.7567 0 14.4912
      vertex 62.7567 2.8 14.4912
    endloop
  endfacet
  facet normal -0.0560699 0 -0.998427
    outer loop
      vertex 62.6 0 14.5
      vertex 62.7567 2.8 14.4912
      vertex 62.7567 0 14.4912
    endloop
  endfacet
  facet normal -0.0560699 0 -0.998427
    outer loop
      vertex 62.7567 2.8 14.4912
      vertex 62.6 0 14.5
      vertex 62.6 2.8 14.5
    endloop
  endfacet
  facet normal 0 0 -1
    outer loop
      vertex 51.4 0 14.5
      vertex 62.6 2.8 14.5
      vertex 62.6 0 14.5
    endloop
  endfacet
  facet normal -0 0 -1
    outer loop
      vertex 62.6 2.8 14.5
      vertex 51.4 0 14.5
      vertex 51.4 2.8 14.5
    endloop
  endfacet
  facet normal 0.0560343 0 -0.998429
    outer loop
      vertex 51.2432 0 14.4912
      vertex 51.4 2.8 14.5
      vertex 51.4 0 14.5
    endloop
  endfacet
  facet normal 0.0560343 0 -0.998429
    outer loop
      vertex 51.4 2.8 14.5
      vertex 51.2432 0 14.4912
      vertex 51.2432 2.8 14.4912
    endloop
  endfacet
  facet normal 0.167602 0 -0.985855
    outer loop
      vertex 51.0885 0 14.4649
      vertex 51.2432 2.8 14.4912
      vertex 51.2432 0 14.4912
    endloop
  endfacet
  facet normal 0.167602 0 -0.985855
    outer loop
      vertex 51.2432 2.8 14.4912
      vertex 51.0885 0 14.4649
      vertex 51.0885 2.8 14.4649
    endloop
  endfacet
  facet normal 0.276991 0 -0.960872
    outer loop
      vertex 50.9376 0 14.4214
      vertex 51.0885 2.8 14.4649
      vertex 51.0885 0 14.4649
    endloop
  endfacet
  facet normal 0.276991 0 -0.960872
    outer loop
      vertex 51.0885 2.8 14.4649
      vertex 50.9376 0 14.4214
      vertex 50.9376 2.8 14.4214
    endloop
  endfacet
  facet normal 0.382896 0 -0.923792
    outer loop
      vertex 50.7926 0 14.3613
      vertex 50.9376 2.8 14.4214
      vertex 50.9376 0 14.4214
    endloop
  endfacet
  facet normal 0.382896 0 -0.923792
    outer loop
      vertex 50.9376 2.8 14.4214
      vertex 50.7926 0 14.3613
      vertex 50.7926 2.8 14.3613
    endloop
  endfacet
  facet normal 0.483532 0 -0.875327
    outer loop
      vertex 50.6552 0 14.2854
      vertex 50.7926 2.8 14.3613
      vertex 50.7926 0 14.3613
    endloop
  endfacet
  facet normal 0.483532 0 -0.875327
    outer loop
      vertex 50.7926 2.8 14.3613
      vertex 50.6552 0 14.2854
      vertex 50.6552 2.8 14.2854
    endloop
  endfacet
  facet normal 0.578706 0 -0.815536
    outer loop
      vertex 50.5271 0 14.1945
      vertex 50.6552 2.8 14.2854
      vertex 50.6552 0 14.2854
    endloop
  endfacet
  facet normal 0.578706 0 -0.815536
    outer loop
      vertex 50.6552 2.8 14.2854
      vertex 50.5271 0 14.1945
      vertex 50.5271 2.8 14.1945
    endloop
  endfacet
  facet normal 0.66618 0 -0.745791
    outer loop
      vertex 50.41 0 14.0899
      vertex 50.5271 2.8 14.1945
      vertex 50.5271 0 14.1945
    endloop
  endfacet
  facet normal 0.66618 0 -0.745791
    outer loop
      vertex 50.5271 2.8 14.1945
      vertex 50.41 0 14.0899
      vertex 50.41 2.8 14.0899
    endloop
  endfacet
  facet normal 0.745508 0 -0.666497
    outer loop
      vertex 50.41 0 14.0899
      vertex 50.3054 2.8 13.9729
      vertex 50.41 2.8 14.0899
    endloop
  endfacet
  facet normal 0.745508 0 -0.666497
    outer loop
      vertex 50.3054 2.8 13.9729
      vertex 50.41 0 14.0899
      vertex 50.3054 0 13.9729
    endloop
  endfacet
  facet normal 0.815837 0 -0.578282
    outer loop
      vertex 50.3054 0 13.9729
      vertex 50.2146 2.8 13.8448
      vertex 50.3054 2.8 13.9729
    endloop
  endfacet
  facet normal 0.815837 0 -0.578282
    outer loop
      vertex 50.2146 2.8 13.8448
      vertex 50.3054 0 13.9729
      vertex 50.2146 0 13.8448
    endloop
  endfacet
  facet normal 0.875057 0 -0.48402
    outer loop
      vertex 50.2146 0 13.8448
      vertex 50.1386 2.8 13.7074
      vertex 50.2146 2.8 13.8448
    endloop
  endfacet
  facet normal 0.875057 0 -0.48402
    outer loop
      vertex 50.1386 2.8 13.7074
      vertex 50.2146 0 13.8448
      vertex 50.1386 0 13.7074
    endloop
  endfacet
  facet normal 0.924017 0 -0.382352
    outer loop
      vertex 50.1386 0 13.7074
      vertex 50.0786 2.8 13.5624
      vertex 50.1386 2.8 13.7074
    endloop
  endfacet
  facet normal 0.924017 0 -0.382352
    outer loop
      vertex 50.0786 2.8 13.5624
      vertex 50.1386 0 13.7074
      vertex 50.0786 0 13.5624
    endloop
  endfacet
  facet normal 0.960872 0 -0.276991
    outer loop
      vertex 50.0786 0 13.5624
      vertex 50.0351 2.8 13.4115
      vertex 50.0786 2.8 13.5624
    endloop
  endfacet
  facet normal 0.960872 0 -0.276991
    outer loop
      vertex 50.0351 2.8 13.4115
      vertex 50.0786 0 13.5624
      vertex 50.0351 0 13.4115
    endloop
  endfacet
  facet normal 0.985873 0 -0.167496
    outer loop
      vertex 50.0351 0 13.4115
      vertex 50.0088 2.8 13.2567
      vertex 50.0351 2.8 13.4115
    endloop
  endfacet
  facet normal 0.985873 0 -0.167496
    outer loop
      vertex 50.0088 2.8 13.2567
      vertex 50.0351 0 13.4115
      vertex 50.0088 0 13.2567
    endloop
  endfacet
  facet normal 0.998427 0 -0.0560699
    outer loop
      vertex 50.0088 0 13.2567
      vertex 50 2.8 13.1
      vertex 50.0088 2.8 13.2567
    endloop
  endfacet
  facet normal 0.998427 0 -0.0560699
    outer loop
      vertex 50 2.8 13.1
      vertex 50.0088 0 13.2567
      vertex 50 0 13.1
    endloop
  endfacet
  facet normal 1 -0 0
    outer loop
      vertex 50 0 13.1
      vertex 50 2.8 12.9
      vertex 50 2.8 13.1
    endloop
  endfacet
  facet normal 1 0 0
    outer loop
      vertex 50 2.8 12.9
      vertex 50 0 13.1
      vertex 50 0 12.9
    endloop
  endfacet
  facet normal 0.998429 -0 0.0560343
    outer loop
      vertex 50 0 12.9
      vertex 50.0088 2.8 12.7432
      vertex 50 2.8 12.9
    endloop
  endfacet
  facet normal 0.998429 0 0.0560343
    outer loop
      vertex 50.0088 2.8 12.7432
      vertex 50 0 12.9
      vertex 50.0088 0 12.7432
    endloop
  endfacet
  facet normal 0.985855 -0 0.167602
    outer loop
      vertex 50.0088 0 12.7432
      vertex 50.0351 2.8 12.5885
      vertex 50.0088 2.8 12.7432
    endloop
  endfacet
  facet normal 0.985855 0 0.167602
    outer loop
      vertex 50.0351 2.8 12.5885
      vertex 50.0088 0 12.7432
      vertex 50.0351 0 12.5885
    endloop
  endfacet
  facet normal 0.960872 -0 0.276991
    outer loop
      vertex 50.0351 0 12.5885
      vertex 50.0786 2.8 12.4376
      vertex 50.0351 2.8 12.5885
    endloop
  endfacet
  facet normal 0.960872 0 0.276991
    outer loop
      vertex 50.0786 2.8 12.4376
      vertex 50.0351 0 12.5885
      vertex 50.0786 0 12.4376
    endloop
  endfacet
  facet normal 0.924017 -0 0.382352
    outer loop
      vertex 50.0786 0 12.4376
      vertex 50.1386 2.8 12.2926
      vertex 50.0786 2.8 12.4376
    endloop
  endfacet
  facet normal 0.924017 0 0.382352
    outer loop
      vertex 50.1386 2.8 12.2926
      vertex 50.0786 0 12.4376
      vertex 50.1386 0 12.2926
    endloop
  endfacet
  facet normal 0.875057 -0 0.48402
    outer loop
      vertex 50.1386 0 12.2926
      vertex 50.2146 2.8 12.1552
      vertex 50.1386 2.8 12.2926
    endloop
  endfacet
  facet normal 0.875057 0 0.48402
    outer loop
      vertex 50.2146 2.8 12.1552
      vertex 50.1386 0 12.2926
      vertex 50.2146 0 12.1552
    endloop
  endfacet
  facet normal 0.815837 -0 0.578282
    outer loop
      vertex 50.2146 0 12.1552
      vertex 50.3054 2.8 12.0271
      vertex 50.2146 2.8 12.1552
    endloop
  endfacet
  facet normal 0.815837 0 0.578282
    outer loop
      vertex 50.3054 2.8 12.0271
      vertex 50.2146 0 12.1552
      vertex 50.3054 0 12.0271
    endloop
  endfacet
  facet normal 0.745791 -0 0.66618
    outer loop
      vertex 50.3054 0 12.0271
      vertex 50.41 2.8 11.91
      vertex 50.3054 2.8 12.0271
    endloop
  endfacet
  facet normal 0.745791 0 0.66618
    outer loop
      vertex 50.41 2.8 11.91
      vertex 50.3054 0 12.0271
      vertex 50.41 0 11.91
    endloop
  endfacet
  facet normal 0.66618 0 0.745791
    outer loop
      vertex 50.41 2.8 11.91
      vertex 50.5271 0 11.8054
      vertex 50.5271 2.8 11.8054
    endloop
  endfacet
  facet normal 0.66618 0 0.745791
    outer loop
      vertex 50.5271 0 11.8054
      vertex 50.41 2.8 11.91
      vertex 50.41 0 11.91
    endloop
  endfacet
  facet normal 0.578282 0 0.815837
    outer loop
      vertex 50.5271 2.8 11.8054
      vertex 50.6552 0 11.7146
      vertex 50.6552 2.8 11.7146
    endloop
  endfacet
  facet normal 0.578282 0 0.815837
    outer loop
      vertex 50.6552 0 11.7146
      vertex 50.5271 2.8 11.8054
      vertex 50.5271 0 11.8054
    endloop
  endfacet
  facet normal 0.48402 0 0.875057
    outer loop
      vertex 50.6552 2.8 11.7146
      vertex 50.7926 0 11.6386
      vertex 50.7926 2.8 11.6386
    endloop
  endfacet
  facet normal 0.48402 0 0.875057
    outer loop
      vertex 50.7926 0 11.6386
      vertex 50.6552 2.8 11.7146
      vertex 50.6552 0 11.7146
    endloop
  endfacet
  facet normal 0.382352 0 0.924017
    outer loop
      vertex 50.7926 2.8 11.6386
      vertex 50.9376 0 11.5786
      vertex 50.9376 2.8 11.5786
    endloop
  endfacet
  facet normal 0.382352 0 0.924017
    outer loop
      vertex 50.9376 0 11.5786
      vertex 50.7926 2.8 11.6386
      vertex 50.7926 0 11.6386
    endloop
  endfacet
  facet normal 0.276991 0 0.960872
    outer loop
      vertex 50.9376 2.8 11.5786
      vertex 51.0885 0 11.5351
      vertex 51.0885 2.8 11.5351
    endloop
  endfacet
  facet normal 0.276991 0 0.960872
    outer loop
      vertex 51.0885 0 11.5351
      vertex 50.9376 2.8 11.5786
      vertex 50.9376 0 11.5786
    endloop
  endfacet
  facet normal 0.167602 0 0.985855
    outer loop
      vertex 51.0885 2.8 11.5351
      vertex 51.2432 0 11.5088
      vertex 51.2432 2.8 11.5088
    endloop
  endfacet
  facet normal 0.167602 0 0.985855
    outer loop
      vertex 51.2432 0 11.5088
      vertex 51.0885 2.8 11.5351
      vertex 51.0885 0 11.5351
    endloop
  endfacet
  facet normal 0.0560343 0 0.998429
    outer loop
      vertex 51.2432 2.8 11.5088
      vertex 51.4 0 11.5
      vertex 51.4 2.8 11.5
    endloop
  endfacet
  facet normal 0.0560343 0 0.998429
    outer loop
      vertex 51.4 0 11.5
      vertex 51.2432 2.8 11.5088
      vertex 51.2432 0 11.5088
    endloop
  endfacet
  facet normal -0 0 1
    outer loop
      vertex 51.4 2.8 11.5
      vertex 62.6 0 11.5
      vertex 62.6 2.8 11.5
    endloop
  endfacet
  facet normal 0 0 1
    outer loop
      vertex 62.6 0 11.5
      vertex 51.4 2.8 11.5
      vertex 51.4 0 11.5
    endloop
  endfacet
  facet normal -0.0560699 0 0.998427
    outer loop
      vertex 62.6 2.8 11.5
      vertex 62.7567 0 11.5088
      vertex 62.7567 2.8 11.5088
    endloop
  endfacet
  facet normal -0.0560699 0 0.998427
    outer loop
      vertex 62.7567 0 11.5088
      vertex 62.6 2.8 11.5
      vertex 62.6 0 11.5
    endloop
  endfacet
  facet normal -0.167496 0 0.985873
    outer loop
      vertex 78.7567 2.8 11.5088
      vertex 78.9115 0 11.5351
      vertex 78.9115 2.8 11.5351
    endloop
  endfacet
  facet normal -0.167496 0 0.985873
    outer loop
      vertex 78.9115 0 11.5351
      vertex 78.7567 2.8 11.5088
      vertex 78.7567 0 11.5088
    endloop
  endfacet
  facet normal -0.276991 0 0.960872
    outer loop
      vertex 78.9115 2.8 11.5351
      vertex 79.0624 0 11.5786
      vertex 79.0624 2.8 11.5786
    endloop
  endfacet
  facet normal -0.276991 0 0.960872
    outer loop
      vertex 79.0624 0 11.5786
      vertex 78.9115 2.8 11.5351
      vertex 78.9115 0 11.5351
    endloop
  endfacet
  facet normal -0.382352 0 0.924017
    outer loop
      vertex 79.0624 2.8 11.5786
      vertex 79.2074 0 11.6386
      vertex 79.2074 2.8 11.6386
    endloop
  endfacet
  facet normal -0.382352 0 0.924017
    outer loop
      vertex 79.2074 0 11.6386
      vertex 79.0624 2.8 11.5786
      vertex 79.0624 0 11.5786
    endloop
  endfacet
  facet normal -0.48402 0 0.875057
    outer loop
      vertex 79.2074 2.8 11.6386
      vertex 79.3448 0 11.7146
      vertex 79.3448 2.8 11.7146
    endloop
  endfacet
  facet normal -0.48402 0 0.875057
    outer loop
      vertex 79.3448 0 11.7146
      vertex 79.2074 2.8 11.6386
      vertex 79.2074 0 11.6386
    endloop
  endfacet
  facet normal -0.578282 0 0.815837
    outer loop
      vertex 79.3448 2.8 11.7146
      vertex 79.4729 0 11.8054
      vertex 79.4729 2.8 11.8054
    endloop
  endfacet
  facet normal -0.578282 0 0.815837
    outer loop
      vertex 79.4729 0 11.8054
      vertex 79.3448 2.8 11.7146
      vertex 79.3448 0 11.7146
    endloop
  endfacet
  facet normal -0.666497 0 0.745508
    outer loop
      vertex 79.4729 2.8 11.8054
      vertex 79.5899 0 11.91
      vertex 79.5899 2.8 11.91
    endloop
  endfacet
  facet normal -0.666497 0 0.745508
    outer loop
      vertex 79.5899 0 11.91
      vertex 79.4729 2.8 11.8054
      vertex 79.4729 0 11.8054
    endloop
  endfacet
  facet normal -0.745791 0 0.66618
    outer loop
      vertex 79.5899 0 11.91
      vertex 79.6945 2.8 12.0271
      vertex 79.5899 2.8 11.91
    endloop
  endfacet
  facet normal -0.745791 0 0.66618
    outer loop
      vertex 79.6945 2.8 12.0271
      vertex 79.5899 0 11.91
      vertex 79.6945 0 12.0271
    endloop
  endfacet
  facet normal -0.815536 0 0.578706
    outer loop
      vertex 79.6945 0 12.0271
      vertex 79.7854 2.8 12.1552
      vertex 79.6945 2.8 12.0271
    endloop
  endfacet
  facet normal -0.815536 0 0.578706
    outer loop
      vertex 79.7854 2.8 12.1552
      vertex 79.6945 0 12.0271
      vertex 79.7854 0 12.1552
    endloop
  endfacet
  facet normal -0.875327 0 0.483532
    outer loop
      vertex 79.7854 0 12.1552
      vertex 79.8613 2.8 12.2926
      vertex 79.7854 2.8 12.1552
    endloop
  endfacet
  facet normal -0.875327 0 0.483532
    outer loop
      vertex 79.8613 2.8 12.2926
      vertex 79.7854 0 12.1552
      vertex 79.8613 0 12.2926
    endloop
  endfacet
  facet normal -0.923792 0 0.382896
    outer loop
      vertex 79.8613 0 12.2926
      vertex 79.9214 2.8 12.4376
      vertex 79.8613 2.8 12.2926
    endloop
  endfacet
  facet normal -0.923792 0 0.382896
    outer loop
      vertex 79.9214 2.8 12.4376
      vertex 79.8613 0 12.2926
      vertex 79.9214 0 12.4376
    endloop
  endfacet
  facet normal -0.960872 0 0.276991
    outer loop
      vertex 79.9214 0 12.4376
      vertex 79.9649 2.8 12.5885
      vertex 79.9214 2.8 12.4376
    endloop
  endfacet
  facet normal -0.960872 0 0.276991
    outer loop
      vertex 79.9649 2.8 12.5885
      vertex 79.9214 0 12.4376
      vertex 79.9649 0 12.5885
    endloop
  endfacet
  facet normal -0.985855 0 0.167602
    outer loop
      vertex 79.9649 0 12.5885
      vertex 79.9912 2.8 12.7432
      vertex 79.9649 2.8 12.5885
    endloop
  endfacet
  facet normal -0.985855 0 0.167602
    outer loop
      vertex 79.9912 2.8 12.7432
      vertex 79.9649 0 12.5885
      vertex 79.9912 0 12.7432
    endloop
  endfacet
  facet normal -0.998429 0 0.0560343
    outer loop
      vertex 79.9912 0 12.7432
      vertex 80 2.8 12.9
      vertex 79.9912 2.8 12.7432
    endloop
  endfacet
  facet normal -0.998429 0 0.0560343
    outer loop
      vertex 80 2.8 12.9
      vertex 79.9912 0 12.7432
      vertex 80 0 12.9
    endloop
  endfacet
  facet normal -1 0 0
    outer loop
      vertex 80 0 12.9
      vertex 80 2.8 13.1
      vertex 80 2.8 12.9
    endloop
  endfacet
  facet normal -1 -0 0
    outer loop
      vertex 80 2.8 13.1
      vertex 80 0 12.9
      vertex 80 0 13.1
    endloop
  endfacet
  facet normal -0.998427 0 -0.0560699
    outer loop
      vertex 80 0 13.1
      vertex 79.9912 2.8 13.2567
      vertex 80 2.8 13.1
    endloop
  endfacet
  facet normal -0.998427 -0 -0.0560699
    outer loop
      vertex 79.9912 2.8 13.2567
      vertex 80 0 13.1
      vertex 79.9912 0 13.2567
    endloop
  endfacet
  facet normal -0.985873 0 -0.167496
    outer loop
      vertex 79.9912 0 13.2567
      vertex 79.9649 2.8 13.4115
      vertex 79.9912 2.8 13.2567
    endloop
  endfacet
  facet normal -0.985873 -0 -0.167496
    outer loop
      vertex 79.9649 2.8 13.4115
      vertex 79.9912 0 13.2567
      vertex 79.9649 0 13.4115
    endloop
  endfacet
  facet normal -0.960872 0 -0.276991
    outer loop
      vertex 79.9649 0 13.4115
      vertex 79.9214 2.8 13.5624
      vertex 79.9649 2.8 13.4115
    endloop
  endfacet
  facet normal -0.960872 -0 -0.276991
    outer loop
      vertex 79.9214 2.8 13.5624
      vertex 79.9649 0 13.4115
      vertex 79.9214 0 13.5624
    endloop
  endfacet
  facet normal -0.923792 0 -0.382896
    outer loop
      vertex 79.9214 0 13.5624
      vertex 79.8613 2.8 13.7074
      vertex 79.9214 2.8 13.5624
    endloop
  endfacet
  facet normal -0.923792 -0 -0.382896
    outer loop
      vertex 79.8613 2.8 13.7074
      vertex 79.9214 0 13.5624
      vertex 79.8613 0 13.7074
    endloop
  endfacet
  facet normal -0.875327 0 -0.483532
    outer loop
      vertex 79.8613 0 13.7074
      vertex 79.7854 2.8 13.8448
      vertex 79.8613 2.8 13.7074
    endloop
  endfacet
  facet normal -0.875327 -0 -0.483532
    outer loop
      vertex 79.7854 2.8 13.8448
      vertex 79.8613 0 13.7074
      vertex 79.7854 0 13.8448
    endloop
  endfacet
  facet normal -0.815536 0 -0.578706
    outer loop
      vertex 79.7854 0 13.8448
      vertex 79.6945 2.8 13.9729
      vertex 79.7854 2.8 13.8448
    endloop
  endfacet
  facet normal -0.815536 -0 -0.578706
    outer loop
      vertex 79.6945 2.8 13.9729
      vertex 79.7854 0 13.8448
      vertex 79.6945 0 13.9729
    endloop
  endfacet
  facet normal -0.745508 0 -0.666497
    outer loop
      vertex 79.6945 0 13.9729
      vertex 79.5899 2.8 14.0899
      vertex 79.6945 2.8 13.9729
    endloop
  endfacet
  facet normal -0.745508 -0 -0.666497
    outer loop
      vertex 79.5899 2.8 14.0899
      vertex 79.6945 0 13.9729
      vertex 79.5899 0 14.0899
    endloop
  endfacet
  facet normal -0.666497 0 -0.745508
    outer loop
      vertex 79.4729 0 14.1945
      vertex 79.5899 2.8 14.0899
      vertex 79.5899 0 14.0899
    endloop
  endfacet
  facet normal -0.666497 0 -0.745508
    outer loop
      vertex 79.5899 2.8 14.0899
      vertex 79.4729 0 14.1945
      vertex 79.4729 2.8 14.1945
    endloop
  endfacet
  facet normal -0.578706 0 -0.815536
    outer loop
      vertex 79.3448 0 14.2854
      vertex 79.4729 2.8 14.1945
      vertex 79.4729 0 14.1945
    endloop
  endfacet
  facet normal -0.578706 0 -0.815536
    outer loop
      vertex 79.4729 2.8 14.1945
      vertex 79.3448 0 14.2854
      vertex 79.3448 2.8 14.2854
    endloop
  endfacet
  facet normal -0.483532 0 -0.875327
    outer loop
      vertex 79.2074 0 14.3613
      vertex 79.3448 2.8 14.2854
      vertex 79.3448 0 14.2854
    endloop
  endfacet
  facet normal -0.483532 0 -0.875327
    outer loop
      vertex 79.3448 2.8 14.2854
      vertex 79.2074 0 14.3613
      vertex 79.2074 2.8 14.3613
    endloop
  endfacet
  facet normal -0.382896 0 -0.923792
    outer loop
      vertex 79.0624 0 14.4214
      vertex 79.2074 2.8 14.3613
      vertex 79.2074 0 14.3613
    endloop
  endfacet
  facet normal -0.382896 0 -0.923792
    outer loop
      vertex 79.2074 2.8 14.3613
      vertex 79.0624 0 14.4214
      vertex 79.0624 2.8 14.4214
    endloop
  endfacet
  facet normal -0.276991 0 -0.960872
    outer loop
      vertex 78.9115 0 14.4649
      vertex 79.0624 2.8 14.4214
      vertex 79.0624 0 14.4214
    endloop
  endfacet
  facet normal -0.276991 0 -0.960872
    outer loop
      vertex 79.0624 2.8 14.4214
      vertex 78.9115 0 14.4649
      vertex 78.9115 2.8 14.4649
    endloop
  endfacet
  facet normal -0.167496 0 -0.985873
    outer loop
      vertex 78.7567 0 14.4912
      vertex 78.9115 2.8 14.4649
      vertex 78.9115 0 14.4649
    endloop
  endfacet
  facet normal -0.167496 0 -0.985873
    outer loop
      vertex 78.9115 2.8 14.4649
      vertex 78.7567 0 14.4912
      vertex 78.7567 2.8 14.4912
    endloop
  endfacet
  facet normal -0.0560699 0 -0.998427
    outer loop
      vertex 78.6 0 14.5
      vertex 78.7567 2.8 14.4912
      vertex 78.7567 0 14.4912
    endloop
  endfacet
  facet normal -0.0560699 0 -0.998427
    outer loop
      vertex 78.7567 2.8 14.4912
      vertex 78.6 0 14.5
      vertex 78.6 2.8 14.5
    endloop
  endfacet
  facet normal 0 0 -1
    outer loop
      vertex 67.4 0 14.5
      vertex 78.6 2.8 14.5
      vertex 78.6 0 14.5
    endloop
  endfacet
  facet normal -0 0 -1
    outer loop
      vertex 78.6 2.8 14.5
      vertex 67.4 0 14.5
      vertex 67.4 2.8 14.5
    endloop
  endfacet
  facet normal 0.0560343 0 -0.998429
    outer loop
      vertex 67.2432 0 14.4912
      vertex 67.4 2.8 14.5
      vertex 67.4 0 14.5
    endloop
  endfacet
  facet normal 0.0560343 0 -0.998429
    outer loop
      vertex 67.4 2.8 14.5
      vertex 67.2432 0 14.4912
      vertex 67.2432 2.8 14.4912
    endloop
  endfacet
  facet normal 0.167602 0 -0.985855
    outer loop
      vertex 67.0885 0 14.4649
      vertex 67.2432 2.8 14.4912
      vertex 67.2432 0 14.4912
    endloop
  endfacet
  facet normal 0.167602 0 -0.985855
    outer loop
      vertex 67.2432 2.8 14.4912
      vertex 67.0885 0 14.4649
      vertex 67.0885 2.8 14.4649
    endloop
  endfacet
  facet normal 0.276991 0 -0.960872
    outer loop
      vertex 66.9376 0 14.4214
      vertex 67.0885 2.8 14.4649
      vertex 67.0885 0 14.4649
    endloop
  endfacet
  facet normal 0.276991 0 -0.960872
    outer loop
      vertex 67.0885 2.8 14.4649
      vertex 66.9376 0 14.4214
      vertex 66.9376 2.8 14.4214
    endloop
  endfacet
  facet normal 0.382896 0 -0.923792
    outer loop
      vertex 66.7926 0 14.3613
      vertex 66.9376 2.8 14.4214
      vertex 66.9376 0 14.4214
    endloop
  endfacet
  facet normal 0.382896 0 -0.923792
    outer loop
      vertex 66.9376 2.8 14.4214
      vertex 66.7926 0 14.3613
      vertex 66.7926 2.8 14.3613
    endloop
  endfacet
  facet normal 0.483532 0 -0.875327
    outer loop
      vertex 66.6552 0 14.2854
      vertex 66.7926 2.8 14.3613
      vertex 66.7926 0 14.3613
    endloop
  endfacet
  facet normal 0.483532 0 -0.875327
    outer loop
      vertex 66.7926 2.8 14.3613
      vertex 66.6552 0 14.2854
      vertex 66.6552 2.8 14.2854
    endloop
  endfacet
  facet normal 0.578706 0 -0.815536
    outer loop
      vertex 66.5271 0 14.1945
      vertex 66.6552 2.8 14.2854
      vertex 66.6552 0 14.2854
    endloop
  endfacet
  facet normal 0.578706 0 -0.815536
    outer loop
      vertex 66.6552 2.8 14.2854
      vertex 66.5271 0 14.1945
      vertex 66.5271 2.8 14.1945
    endloop
  endfacet
  facet normal 0.66618 0 -0.745791
    outer loop
      vertex 66.41 0 14.0899
      vertex 66.5271 2.8 14.1945
      vertex 66.5271 0 14.1945
    endloop
  endfacet
  facet normal 0.66618 0 -0.745791
    outer loop
      vertex 66.5271 2.8 14.1945
      vertex 66.41 0 14.0899
      vertex 66.41 2.8 14.0899
    endloop
  endfacet
  facet normal 0.745508 0 -0.666497
    outer loop
      vertex 66.41 0 14.0899
      vertex 66.3054 2.8 13.9729
      vertex 66.41 2.8 14.0899
    endloop
  endfacet
  facet normal 0.745508 0 -0.666497
    outer loop
      vertex 66.3054 2.8 13.9729
      vertex 66.41 0 14.0899
      vertex 66.3054 0 13.9729
    endloop
  endfacet
  facet normal 0.815837 0 -0.578282
    outer loop
      vertex 66.3054 0 13.9729
      vertex 66.2146 2.8 13.8448
      vertex 66.3054 2.8 13.9729
    endloop
  endfacet
  facet normal 0.815837 0 -0.578282
    outer loop
      vertex 66.2146 2.8 13.8448
      vertex 66.3054 0 13.9729
      vertex 66.2146 0 13.8448
    endloop
  endfacet
  facet normal 0.875057 0 -0.48402
    outer loop
      vertex 66.2146 0 13.8448
      vertex 66.1386 2.8 13.7074
      vertex 66.2146 2.8 13.8448
    endloop
  endfacet
  facet normal 0.875057 0 -0.48402
    outer loop
      vertex 66.1386 2.8 13.7074
      vertex 66.2146 0 13.8448
      vertex 66.1386 0 13.7074
    endloop
  endfacet
  facet normal 0.924017 0 -0.382352
    outer loop
      vertex 66.1386 0 13.7074
      vertex 66.0786 2.8 13.5624
      vertex 66.1386 2.8 13.7074
    endloop
  endfacet
  facet normal 0.924017 0 -0.382352
    outer loop
      vertex 66.0786 2.8 13.5624
      vertex 66.1386 0 13.7074
      vertex 66.0786 0 13.5624
    endloop
  endfacet
  facet normal 0.960872 0 -0.276991
    outer loop
      vertex 66.0786 0 13.5624
      vertex 66.0351 2.8 13.4115
      vertex 66.0786 2.8 13.5624
    endloop
  endfacet
  facet normal 0.960872 0 -0.276991
    outer loop
      vertex 66.0351 2.8 13.4115
      vertex 66.0786 0 13.5624
      vertex 66.0351 0 13.4115
    endloop
  endfacet
  facet normal 0.985873 0 -0.167496
    outer loop
      vertex 66.0351 0 13.4115
      vertex 66.0088 2.8 13.2567
      vertex 66.0351 2.8 13.4115
    endloop
  endfacet
  facet normal 0.985873 0 -0.167496
    outer loop
      vertex 66.0088 2.8 13.2567
      vertex 66.0351 0 13.4115
      vertex 66.0088 0 13.2567
    endloop
  endfacet
  facet normal 0.998427 0 -0.0560699
    outer loop
      vertex 66.0088 0 13.2567
      vertex 66 2.8 13.1
      vertex 66.0088 2.8 13.2567
    endloop
  endfacet
  facet normal 0.998427 0 -0.0560699
    outer loop
      vertex 66 2.8 13.1
      vertex 66.0088 0 13.2567
      vertex 66 0 13.1
    endloop
  endfacet
  facet normal 1 -0 0
    outer loop
      vertex 66 0 13.1
      vertex 66 2.8 12.9
      vertex 66 2.8 13.1
    endloop
  endfacet
  facet normal 1 0 0
    outer loop
      vertex 66 2.8 12.9
      vertex 66 0 13.1
      vertex 66 0 12.9
    endloop
  endfacet
  facet normal 0.998429 -0 0.0560343
    outer loop
      vertex 66 0 12.9
      vertex 66.0088 2.8 12.7432
      vertex 66 2.8 12.9
    endloop
  endfacet
  facet normal 0.998429 0 0.0560343
    outer loop
      vertex 66.0088 2.8 12.7432
      vertex 66 0 12.9
      vertex 66.0088 0 12.7432
    endloop
  endfacet
  facet normal 0.985855 -0 0.167602
    outer loop
      vertex 66.0088 0 12.7432
      vertex 66.0351 2.8 12.5885
      vertex 66.0088 2.8 12.7432
    endloop
  endfacet
  facet normal 0.985855 0 0.167602
    outer loop
      vertex 66.0351 2.8 12.5885
      vertex 66.0088 0 12.7432
      vertex 66.0351 0 12.5885
    endloop
  endfacet
  facet normal 0.960872 -0 0.276991
    outer loop
      vertex 66.0351 0 12.5885
      vertex 66.0786 2.8 12.4376
      vertex 66.0351 2.8 12.5885
    endloop
  endfacet
  facet normal 0.960872 0 0.276991
    outer loop
      vertex 66.0786 2.8 12.4376
      vertex 66.0351 0 12.5885
      vertex 66.0786 0 12.4376
    endloop
  endfacet
  facet normal 0.924017 -0 0.382352
    outer loop
      vertex 66.0786 0 12.4376
      vertex 66.1386 2.8 12.2926
      vertex 66.0786 2.8 12.4376
    endloop
  endfacet
  facet normal 0.924017 0 0.382352
    outer loop
      vertex 66.1386 2.8 12.2926
      vertex 66.0786 0 12.4376
      vertex 66.1386 0 12.2926
    endloop
  endfacet
  facet normal 0.875057 -0 0.48402
    outer loop
      vertex 66.1386 0 12.2926
      vertex 66.2146 2.8 12.1552
      vertex 66.1386 2.8 12.2926
    endloop
  endfacet
  facet normal 0.875057 0 0.48402
    outer loop
      vertex 66.2146 2.8 12.1552
      vertex 66.1386 0 12.2926
      vertex 66.2146 0 12.1552
    endloop
  endfacet
  facet normal 0.815837 -0 0.578282
    outer loop
      vertex 66.2146 0 12.1552
      vertex 66.3054 2.8 12.0271
      vertex 66.2146 2.8 12.1552
    endloop
  endfacet
  facet normal 0.815837 0 0.578282
    outer loop
      vertex 66.3054 2.8 12.0271
      vertex 66.2146 0 12.1552
      vertex 66.3054 0 12.0271
    endloop
  endfacet
  facet normal 0.745791 -0 0.66618
    outer loop
      vertex 66.3054 0 12.0271
      vertex 66.41 2.8 11.91
      vertex 66.3054 2.8 12.0271
    endloop
  endfacet
  facet normal 0.745791 0 0.66618
    outer loop
      vertex 66.41 2.8 11.91
      vertex 66.3054 0 12.0271
      vertex 66.41 0 11.91
    endloop
  endfacet
  facet normal 0.66618 0 0.745791
    outer loop
      vertex 66.41 2.8 11.91
      vertex 66.5271 0 11.8054
      vertex 66.5271 2.8 11.8054
    endloop
  endfacet
  facet normal 0.66618 0 0.745791
    outer loop
      vertex 66.5271 0 11.8054
      vertex 66.41 2.8 11.91
      vertex 66.41 0 11.91
    endloop
  endfacet
  facet normal 0.578282 0 0.815837
    outer loop
      vertex 66.5271 2.8 11.8054
      vertex 66.6552 0 11.7146
      vertex 66.6552 2.8 11.7146
    endloop
  endfacet
  facet normal 0.578282 0 0.815837
    outer loop
      vertex 66.6552 0 11.7146
      vertex 66.5271 2.8 11.8054
      vertex 66.5271 0 11.8054
    endloop
  endfacet
  facet normal 0.48402 0 0.875057
    outer loop
      vertex 66.6552 2.8 11.7146
      vertex 66.7926 0 11.6386
      vertex 66.7926 2.8 11.6386
    endloop
  endfacet
  facet normal 0.48402 0 0.875057
    outer loop
      vertex 66.7926 0 11.6386
      vertex 66.6552 2.8 11.7146
      vertex 66.6552 0 11.7146
    endloop
  endfacet
  facet normal 0.382352 0 0.924017
    outer loop
      vertex 66.7926 2.8 11.6386
      vertex 66.9376 0 11.5786
      vertex 66.9376 2.8 11.5786
    endloop
  endfacet
  facet normal 0.382352 0 0.924017
    outer loop
      vertex 66.9376 0 11.5786
      vertex 66.7926 2.8 11.6386
      vertex 66.7926 0 11.6386
    endloop
  endfacet
  facet normal 0.276991 0 0.960872
    outer loop
      vertex 66.9376 2.8 11.5786
      vertex 67.0885 0 11.5351
      vertex 67.0885 2.8 11.5351
    endloop
  endfacet
  facet normal 0.276991 0 0.960872
    outer loop
      vertex 67.0885 0 11.5351
      vertex 66.9376 2.8 11.5786
      vertex 66.9376 0 11.5786
    endloop
  endfacet
  facet normal 0.167602 0 0.985855
    outer loop
      vertex 67.0885 2.8 11.5351
      vertex 67.2432 0 11.5088
      vertex 67.2432 2.8 11.5088
    endloop
  endfacet
  facet normal 0.167602 0 0.985855
    outer loop
      vertex 67.2432 0 11.5088
      vertex 67.0885 2.8 11.5351
      vertex 67.0885 0 11.5351
    endloop
  endfacet
  facet normal 0.0560343 0 0.998429
    outer loop
      vertex 67.2432 2.8 11.5088
      vertex 67.4 0 11.5
      vertex 67.4 2.8 11.5
    endloop
  endfacet
  facet normal 0.0560343 0 0.998429
    outer loop
      vertex 67.4 0 11.5
      vertex 67.2432 2.8 11.5088
      vertex 67.2432 0 11.5088
    endloop
  endfacet
  facet normal -0 0 1
    outer loop
      vertex 67.4 2.8 11.5
      vertex 78.6 0 11.5
      vertex 78.6 2.8 11.5
    endloop
  endfacet
  facet normal 0 0 1
    outer loop
      vertex 78.6 0 11.5
      vertex 67.4 2.8 11.5
      vertex 67.4 0 11.5
    endloop
  endfacet
  facet normal -0.0560699 0 0.998427
    outer loop
      vertex 78.6 2.8 11.5
      vertex 78.7567 0 11.5088
      vertex 78.7567 2.8 11.5088
    endloop
  endfacet
  facet normal -0.0560699 0 0.998427
    outer loop
      vertex 78.7567 0 11.5088
      vertex 78.6 2.8 11.5
      vertex 78.6 0 11.5
    endloop
  endfacet
  facet normal -0 0 1
    outer loop
      vertex 28.3 2.8 4.7
      vertex 29.2 0 4.7
      vertex 29.2 2.8 4.7
    endloop
  endfacet
  facet normal 0 0 1
    outer loop
      vertex 29.2 0 4.7
      vertex 28.3 2.8 4.7
      vertex 28.3 0 4.7
    endloop
  endfacet
  facet normal -0.0560258 0 0.998429
    outer loop
      vertex 29.2 2.8 4.7
      vertex 29.3791 0 4.71005
      vertex 29.3791 2.8 4.71005
    endloop
  endfacet
  facet normal -0.0560258 0 0.998429
    outer loop
      vertex 29.3791 0 4.71005
      vertex 29.2 2.8 4.7
      vertex 29.2 0 4.7
    endloop
  endfacet
  facet normal -0.167471 0 0.985877
    outer loop
      vertex 29.3791 2.8 4.71005
      vertex 29.556 0 4.7401
      vertex 29.556 2.8 4.7401
    endloop
  endfacet
  facet normal -0.167471 0 0.985877
    outer loop
      vertex 29.556 0 4.7401
      vertex 29.3791 2.8 4.71005
      vertex 29.3791 0 4.71005
    endloop
  endfacet
  facet normal -0.276899 0 0.960899
    outer loop
      vertex 29.556 2.8 4.7401
      vertex 29.7284 0 4.78978
      vertex 29.7284 2.8 4.78978
    endloop
  endfacet
  facet normal -0.276899 0 0.960899
    outer loop
      vertex 29.7284 0 4.78978
      vertex 29.556 2.8 4.7401
      vertex 29.556 0 4.7401
    endloop
  endfacet
  facet normal -0.382604 0 0.923912
    outer loop
      vertex 29.7284 2.8 4.78978
      vertex 29.8942 0 4.85844
      vertex 29.8942 2.8 4.85844
    endloop
  endfacet
  facet normal -0.382604 0 0.923912
    outer loop
      vertex 29.8942 0 4.85844
      vertex 29.7284 2.8 4.78978
      vertex 29.7284 0 4.78978
    endloop
  endfacet
  facet normal -0.483843 0 0.875155
    outer loop
      vertex 29.8942 2.8 4.85844
      vertex 30.0512 0 4.94524
      vertex 30.0512 2.8 4.94524
    endloop
  endfacet
  facet normal -0.483843 0 0.875155
    outer loop
      vertex 30.0512 0 4.94524
      vertex 29.8942 2.8 4.85844
      vertex 29.8942 0 4.85844
    endloop
  endfacet
  facet normal -0.578462 0 0.815709
    outer loop
      vertex 30.0512 2.8 4.94524
      vertex 30.1976 0 5.04906
      vertex 30.1976 2.8 5.04906
    endloop
  endfacet
  facet normal -0.578462 0 0.815709
    outer loop
      vertex 30.1976 0 5.04906
      vertex 30.0512 2.8 4.94524
      vertex 30.0512 0 4.94524
    endloop
  endfacet
  facet normal -0.666589 0 0.745425
    outer loop
      vertex 30.1976 2.8 5.04906
      vertex 30.3313 0 5.16862
      vertex 30.3313 2.8 5.16862
    endloop
  endfacet
  facet normal -0.666589 0 0.745425
    outer loop
      vertex 30.3313 0 5.16862
      vertex 30.1976 2.8 5.04906
      vertex 30.1976 0 5.04906
    endloop
  endfacet
  facet normal -0.745512 0 0.666492
    outer loop
      vertex 30.3313 0 5.16862
      vertex 30.4509 2.8 5.3024
      vertex 30.3313 2.8 5.16862
    endloop
  endfacet
  facet normal -0.745512 0 0.666492
    outer loop
      vertex 30.4509 2.8 5.3024
      vertex 30.3313 0 5.16862
      vertex 30.4509 0 5.3024
    endloop
  endfacet
  facet normal -0.815631 0 0.578572
    outer loop
      vertex 30.4509 0 5.3024
      vertex 30.5547 2.8 5.44873
      vertex 30.4509 2.8 5.3024
    endloop
  endfacet
  facet normal -0.815631 0 0.578572
    outer loop
      vertex 30.5547 2.8 5.44873
      vertex 30.4509 0 5.3024
      vertex 30.5547 0 5.44873
    endloop
  endfacet
  facet normal -0.875207 0 0.483749
    outer loop
      vertex 30.5547 0 5.44873
      vertex 30.6415 2.8 5.60577
      vertex 30.5547 2.8 5.44873
    endloop
  endfacet
  facet normal -0.875207 0 0.483749
    outer loop
      vertex 30.6415 2.8 5.60577
      vertex 30.5547 0 5.44873
      vertex 30.6415 0 5.60577
    endloop
  endfacet
  facet normal -0.923817 0 0.382834
    outer loop
      vertex 30.6415 0 5.60577
      vertex 30.7102 2.8 5.77155
      vertex 30.6415 2.8 5.60577
    endloop
  endfacet
  facet normal -0.923817 0 0.382834
    outer loop
      vertex 30.7102 2.8 5.77155
      vertex 30.6415 0 5.60577
      vertex 30.7102 0 5.77155
    endloop
  endfacet
  facet normal -0.960869 0 0.277002
    outer loop
      vertex 30.7102 0 5.77155
      vertex 30.7599 2.8 5.94395
      vertex 30.7102 2.8 5.77155
    endloop
  endfacet
  facet normal -0.960869 0 0.277002
    outer loop
      vertex 30.7599 2.8 5.94395
      vertex 30.7102 0 5.77155
      vertex 30.7599 0 5.94395
    endloop
  endfacet
  facet normal -0.985923 0 0.1672
    outer loop
      vertex 30.7599 0 5.94395
      vertex 30.7899 2.8 6.12085
      vertex 30.7599 2.8 5.94395
    endloop
  endfacet
  facet normal -0.985923 0 0.1672
    outer loop
      vertex 30.7899 2.8 6.12085
      vertex 30.7599 0 5.94395
      vertex 30.7899 0 6.12085
    endloop
  endfacet
  facet normal -0.998414 0 0.0562911
    outer loop
      vertex 30.7899 0 6.12085
      vertex 30.8 2.8 6.29999
      vertex 30.7899 2.8 6.12085
    endloop
  endfacet
  facet normal -0.998414 0 0.0562911
    outer loop
      vertex 30.8 2.8 6.29999
      vertex 30.7899 0 6.12085
      vertex 30.8 0 6.29999
    endloop
  endfacet
  facet normal -1 0 0
    outer loop
      vertex 30.8 0 6.29999
      vertex 30.8 2.8 11.1
      vertex 30.8 2.8 6.29999
    endloop
  endfacet
  facet normal -1 -0 0
    outer loop
      vertex 30.8 2.8 11.1
      vertex 30.8 0 6.29999
      vertex 30.8 0 11.1
    endloop
  endfacet
  facet normal -0.998414 0 -0.0563036
    outer loop
      vertex 30.8 0 11.1
      vertex 30.7899 2.8 11.2791
      vertex 30.8 2.8 11.1
    endloop
  endfacet
  facet normal -0.998414 -0 -0.0563036
    outer loop
      vertex 30.7899 2.8 11.2791
      vertex 30.8 0 11.1
      vertex 30.7899 0 11.2791
    endloop
  endfacet
  facet normal -0.985923 0 -0.1672
    outer loop
      vertex 30.7899 0 11.2791
      vertex 30.7599 2.8 11.456
      vertex 30.7899 2.8 11.2791
    endloop
  endfacet
  facet normal -0.985923 -0 -0.1672
    outer loop
      vertex 30.7599 2.8 11.456
      vertex 30.7899 0 11.2791
      vertex 30.7599 0 11.456
    endloop
  endfacet
  facet normal -0.960869 0 -0.277002
    outer loop
      vertex 30.7599 0 11.456
      vertex 30.7102 2.8 11.6284
      vertex 30.7599 2.8 11.456
    endloop
  endfacet
  facet normal -0.960869 -0 -0.277002
    outer loop
      vertex 30.7102 2.8 11.6284
      vertex 30.7599 0 11.456
      vertex 30.7102 0 11.6284
    endloop
  endfacet
  facet normal -0.923833 0 -0.382795
    outer loop
      vertex 30.7102 0 11.6284
      vertex 30.6415 2.8 11.7942
      vertex 30.7102 2.8 11.6284
    endloop
  endfacet
  facet normal -0.923833 -0 -0.382795
    outer loop
      vertex 30.6415 2.8 11.7942
      vertex 30.7102 0 11.6284
      vertex 30.6415 0 11.7942
    endloop
  endfacet
  facet normal -0.875155 0 -0.483843
    outer loop
      vertex 30.6415 0 11.7942
      vertex 30.5547 2.8 11.9512
      vertex 30.6415 2.8 11.7942
    endloop
  endfacet
  facet normal -0.875155 -0 -0.483843
    outer loop
      vertex 30.5547 2.8 11.9512
      vertex 30.6415 0 11.7942
      vertex 30.5547 0 11.9512
    endloop
  endfacet
  facet normal -0.815762 0 -0.578388
    outer loop
      vertex 30.5547 0 11.9512
      vertex 30.4509 2.8 12.0976
      vertex 30.5547 2.8 11.9512
    endloop
  endfacet
  facet normal -0.815762 -0 -0.578388
    outer loop
      vertex 30.4509 2.8 12.0976
      vertex 30.5547 0 11.9512
      vertex 30.4509 0 12.0976
    endloop
  endfacet
  facet normal -0.745562 0 -0.666436
    outer loop
      vertex 30.4509 0 12.0976
      vertex 30.3313 2.8 12.2314
      vertex 30.4509 2.8 12.0976
    endloop
  endfacet
  facet normal -0.745562 -0 -0.666436
    outer loop
      vertex 30.3313 2.8 12.2314
      vertex 30.4509 0 12.0976
      vertex 30.3313 0 12.2314
    endloop
  endfacet
  facet normal -0.666404 0 -0.745591
    outer loop
      vertex 30.1976 0 12.3509
      vertex 30.3313 2.8 12.2314
      vertex 30.3313 0 12.2314
    endloop
  endfacet
  facet normal -0.666404 0 -0.745591
    outer loop
      vertex 30.3313 2.8 12.2314
      vertex 30.1976 0 12.3509
      vertex 30.1976 2.8 12.3509
    endloop
  endfacet
  facet normal -0.578388 0 -0.815762
    outer loop
      vertex 30.0512 0 12.4547
      vertex 30.1976 2.8 12.3509
      vertex 30.1976 0 12.3509
    endloop
  endfacet
  facet normal -0.578388 0 -0.815762
    outer loop
      vertex 30.1976 2.8 12.3509
      vertex 30.0512 0 12.4547
      vertex 30.0512 2.8 12.4547
    endloop
  endfacet
  facet normal -0.483843 0 -0.875155
    outer loop
      vertex 29.8942 0 12.5415
      vertex 30.0512 2.8 12.4547
      vertex 30.0512 0 12.4547
    endloop
  endfacet
  facet normal -0.483843 0 -0.875155
    outer loop
      vertex 30.0512 2.8 12.4547
      vertex 29.8942 0 12.5415
      vertex 29.8942 2.8 12.5415
    endloop
  endfacet
  facet normal -0.382795 0 -0.923833
    outer loop
      vertex 29.7284 0 12.6102
      vertex 29.8942 2.8 12.5415
      vertex 29.8942 0 12.5415
    endloop
  endfacet
  facet normal -0.382795 0 -0.923833
    outer loop
      vertex 29.8942 2.8 12.5415
      vertex 29.7284 0 12.6102
      vertex 29.7284 2.8 12.6102
    endloop
  endfacet
  facet normal -0.277002 0 -0.960869
    outer loop
      vertex 29.556 0 12.6599
      vertex 29.7284 2.8 12.6102
      vertex 29.7284 0 12.6102
    endloop
  endfacet
  facet normal -0.277002 0 -0.960869
    outer loop
      vertex 29.7284 2.8 12.6102
      vertex 29.556 0 12.6599
      vertex 29.556 2.8 12.6599
    endloop
  endfacet
  facet normal -0.1672 0 -0.985923
    outer loop
      vertex 29.3791 0 12.6899
      vertex 29.556 2.8 12.6599
      vertex 29.556 0 12.6599
    endloop
  endfacet
  facet normal -0.1672 0 -0.985923
    outer loop
      vertex 29.556 2.8 12.6599
      vertex 29.3791 0 12.6899
      vertex 29.3791 2.8 12.6899
    endloop
  endfacet
  facet normal -0.0563036 0 -0.998414
    outer loop
      vertex 29.2 0 12.7
      vertex 29.3791 2.8 12.6899
      vertex 29.3791 0 12.6899
    endloop
  endfacet
  facet normal -0.0563036 0 -0.998414
    outer loop
      vertex 29.3791 2.8 12.6899
      vertex 29.2 0 12.7
      vertex 29.2 2.8 12.7
    endloop
  endfacet
  facet normal 0 0 -1
    outer loop
      vertex 19.4 0 12.7
      vertex 29.2 2.8 12.7
      vertex 29.2 0 12.7
    endloop
  endfacet
  facet normal -0 0 -1
    outer loop
      vertex 29.2 2.8 12.7
      vertex 19.4 0 12.7
      vertex 19.4 2.8 12.7
    endloop
  endfacet
  facet normal 0.0562723 0 -0.998415
    outer loop
      vertex 19.2208 0 12.6899
      vertex 19.4 2.8 12.7
      vertex 19.4 0 12.7
    endloop
  endfacet
  facet normal 0.0562723 0 -0.998415
    outer loop
      vertex 19.4 2.8 12.7
      vertex 19.2208 0 12.6899
      vertex 19.2208 2.8 12.6899
    endloop
  endfacet
  facet normal 0.1672 0 -0.985923
    outer loop
      vertex 19.0439 0 12.6599
      vertex 19.2208 2.8 12.6899
      vertex 19.2208 0 12.6899
    endloop
  endfacet
  facet normal 0.1672 0 -0.985923
    outer loop
      vertex 19.2208 2.8 12.6899
      vertex 19.0439 0 12.6599
      vertex 19.0439 2.8 12.6599
    endloop
  endfacet
  facet normal 0.277002 0 -0.960869
    outer loop
      vertex 18.8715 0 12.6102
      vertex 19.0439 2.8 12.6599
      vertex 19.0439 0 12.6599
    endloop
  endfacet
  facet normal 0.277002 0 -0.960869
    outer loop
      vertex 19.0439 2.8 12.6599
      vertex 18.8715 0 12.6102
      vertex 18.8715 2.8 12.6102
    endloop
  endfacet
  facet normal 0.382992 0 -0.923752
    outer loop
      vertex 18.7058 0 12.5415
      vertex 18.8715 2.8 12.6102
      vertex 18.8715 0 12.6102
    endloop
  endfacet
  facet normal 0.382992 0 -0.923752
    outer loop
      vertex 18.8715 2.8 12.6102
      vertex 18.7058 0 12.5415
      vertex 18.7058 2.8 12.5415
    endloop
  endfacet
  facet normal 0.483607 0 -0.875285
    outer loop
      vertex 18.5487 0 12.4547
      vertex 18.7058 2.8 12.5415
      vertex 18.7058 0 12.5415
    endloop
  endfacet
  facet normal 0.483607 0 -0.875285
    outer loop
      vertex 18.7058 2.8 12.5415
      vertex 18.5487 0 12.4547
      vertex 18.5487 2.8 12.4547
    endloop
  endfacet
  facet normal 0.578651 0 -0.815575
    outer loop
      vertex 18.4024 0 12.3509
      vertex 18.5487 2.8 12.4547
      vertex 18.5487 0 12.4547
    endloop
  endfacet
  facet normal 0.578651 0 -0.815575
    outer loop
      vertex 18.5487 2.8 12.4547
      vertex 18.4024 0 12.3509
      vertex 18.4024 2.8 12.3509
    endloop
  endfacet
  facet normal 0.666127 0 -0.745839
    outer loop
      vertex 18.2686 0 12.2314
      vertex 18.4024 2.8 12.3509
      vertex 18.4024 0 12.3509
    endloop
  endfacet
  facet normal 0.666127 0 -0.745839
    outer loop
      vertex 18.4024 2.8 12.3509
      vertex 18.2686 0 12.2314
      vertex 18.2686 2.8 12.2314
    endloop
  endfacet
  facet normal 0.745562 0 -0.666436
    outer loop
      vertex 18.2686 0 12.2314
      vertex 18.149 2.8 12.0976
      vertex 18.2686 2.8 12.2314
    endloop
  endfacet
  facet normal 0.745562 0 -0.666436
    outer loop
      vertex 18.149 2.8 12.0976
      vertex 18.2686 0 12.2314
      vertex 18.149 0 12.0976
    endloop
  endfacet
  facet normal 0.815762 0 -0.578388
    outer loop
      vertex 18.149 0 12.0976
      vertex 18.0452 2.8 11.9512
      vertex 18.149 2.8 12.0976
    endloop
  endfacet
  facet normal 0.815762 0 -0.578388
    outer loop
      vertex 18.0452 2.8 11.9512
      vertex 18.149 0 12.0976
      vertex 18.0452 0 11.9512
    endloop
  endfacet
  facet normal 0.875155 0 -0.483843
    outer loop
      vertex 18.0452 0 11.9512
      vertex 17.9584 2.8 11.7942
      vertex 18.0452 2.8 11.9512
    endloop
  endfacet
  facet normal 0.875155 0 -0.483843
    outer loop
      vertex 17.9584 2.8 11.7942
      vertex 18.0452 0 11.9512
      vertex 17.9584 0 11.7942
    endloop
  endfacet
  facet normal 0.92403 0 -0.382319
    outer loop
      vertex 17.9584 0 11.7942
      vertex 17.8898 2.8 11.6284
      vertex 17.9584 2.8 11.7942
    endloop
  endfacet
  facet normal 0.92403 0 -0.382319
    outer loop
      vertex 17.8898 2.8 11.6284
      vertex 17.9584 0 11.7942
      vertex 17.8898 0 11.6284
    endloop
  endfacet
  facet normal 0.960869 0 -0.277002
    outer loop
      vertex 17.8898 0 11.6284
      vertex 17.8401 2.8 11.456
      vertex 17.8898 2.8 11.6284
    endloop
  endfacet
  facet normal 0.960869 0 -0.277002
    outer loop
      vertex 17.8401 2.8 11.456
      vertex 17.8898 0 11.6284
      vertex 17.8401 0 11.456
    endloop
  endfacet
  facet normal 0.985831 0 -0.167742
    outer loop
      vertex 17.8401 0 11.456
      vertex 17.81 2.8 11.2791
      vertex 17.8401 2.8 11.456
    endloop
  endfacet
  facet normal 0.985831 0 -0.167742
    outer loop
      vertex 17.81 2.8 11.2791
      vertex 17.8401 0 11.456
      vertex 17.81 0 11.2791
    endloop
  endfacet
  facet normal 0.998445 0 -0.0557479
    outer loop
      vertex 17.81 0 11.2791
      vertex 17.8 2.8 11.1
      vertex 17.81 2.8 11.2791
    endloop
  endfacet
  facet normal 0.998445 0 -0.0557479
    outer loop
      vertex 17.8 2.8 11.1
      vertex 17.81 0 11.2791
      vertex 17.8 0 11.1
    endloop
  endfacet
  facet normal 1 -0 0
    outer loop
      vertex 17.8 0 11.1
      vertex 17.8 2.8 6.29999
      vertex 17.8 2.8 11.1
    endloop
  endfacet
  facet normal 1 0 0
    outer loop
      vertex 17.8 2.8 6.29999
      vertex 17.8 0 11.1
      vertex 17.8 0 6.29999
    endloop
  endfacet
  facet normal 0.998446 -0 0.0557355
    outer loop
      vertex 17.8 0 6.29999
      vertex 17.81 2.8 6.12085
      vertex 17.8 2.8 6.29999
    endloop
  endfacet
  facet normal 0.998446 0 0.0557355
    outer loop
      vertex 17.81 2.8 6.12085
      vertex 17.8 0 6.29999
      vertex 17.81 0 6.12085
    endloop
  endfacet
  facet normal 0.985831 -0 0.167742
    outer loop
      vertex 17.81 0 6.12085
      vertex 17.8401 2.8 5.94395
      vertex 17.81 2.8 6.12085
    endloop
  endfacet
  facet normal 0.985831 0 0.167742
    outer loop
      vertex 17.8401 2.8 5.94395
      vertex 17.81 0 6.12085
      vertex 17.8401 0 5.94395
    endloop
  endfacet
  facet normal 0.960869 -0 0.277002
    outer loop
      vertex 17.8401 0 5.94395
      vertex 17.8898 2.8 5.77155
      vertex 17.8401 2.8 5.94395
    endloop
  endfacet
  facet normal 0.960869 0 0.277002
    outer loop
      vertex 17.8898 2.8 5.77155
      vertex 17.8401 0 5.94395
      vertex 17.8898 0 5.77155
    endloop
  endfacet
  facet normal 0.924014 -0 0.382358
    outer loop
      vertex 17.8898 0 5.77155
      vertex 17.9584 2.8 5.60577
      vertex 17.8898 2.8 5.77155
    endloop
  endfacet
  facet normal 0.924014 0 0.382358
    outer loop
      vertex 17.9584 2.8 5.60577
      vertex 17.8898 0 5.77155
      vertex 17.9584 0 5.60577
    endloop
  endfacet
  facet normal 0.875207 -0 0.483749
    outer loop
      vertex 17.9584 0 5.60577
      vertex 18.0452 2.8 5.44873
      vertex 17.9584 2.8 5.60577
    endloop
  endfacet
  facet normal 0.875207 0 0.483749
    outer loop
      vertex 18.0452 2.8 5.44873
      vertex 17.9584 0 5.60577
      vertex 18.0452 0 5.44873
    endloop
  endfacet
  facet normal 0.815631 -0 0.578572
    outer loop
      vertex 18.0452 0 5.44873
      vertex 18.149 2.8 5.3024
      vertex 18.0452 2.8 5.44873
    endloop
  endfacet
  facet normal 0.815631 0 0.578572
    outer loop
      vertex 18.149 2.8 5.3024
      vertex 18.0452 0 5.44873
      vertex 18.149 0 5.3024
    endloop
  endfacet
  facet normal 0.745512 -0 0.666492
    outer loop
      vertex 18.149 0 5.3024
      vertex 18.2686 2.8 5.16862
      vertex 18.149 2.8 5.3024
    endloop
  endfacet
  facet normal 0.745512 0 0.666492
    outer loop
      vertex 18.2686 2.8 5.16862
      vertex 18.149 0 5.3024
      vertex 18.2686 0 5.16862
    endloop
  endfacet
  facet normal 0.666313 0 0.745673
    outer loop
      vertex 18.2686 2.8 5.16862
      vertex 18.4024 0 5.04906
      vertex 18.4024 2.8 5.04906
    endloop
  endfacet
  facet normal 0.666313 0 0.745673
    outer loop
      vertex 18.4024 0 5.04906
      vertex 18.2686 2.8 5.16862
      vertex 18.2686 0 5.16862
    endloop
  endfacet
  facet normal 0.578725 0 0.815522
    outer loop
      vertex 18.4024 2.8 5.04906
      vertex 18.5487 0 4.94524
      vertex 18.5487 2.8 4.94524
    endloop
  endfacet
  facet normal 0.578725 0 0.815522
    outer loop
      vertex 18.5487 0 4.94524
      vertex 18.4024 2.8 5.04906
      vertex 18.4024 0 5.04906
    endloop
  endfacet
  facet normal 0.483607 0 0.875285
    outer loop
      vertex 18.5487 2.8 4.94524
      vertex 18.7058 0 4.85844
      vertex 18.7058 2.8 4.85844
    endloop
  endfacet
  facet normal 0.483607 0 0.875285
    outer loop
      vertex 18.7058 0 4.85844
      vertex 18.5487 2.8 4.94524
      vertex 18.5487 0 4.94524
    endloop
  endfacet
  facet normal 0.382802 0 0.923831
    outer loop
      vertex 18.7058 2.8 4.85844
      vertex 18.8715 0 4.78978
      vertex 18.8715 2.8 4.78978
    endloop
  endfacet
  facet normal 0.382802 0 0.923831
    outer loop
      vertex 18.8715 0 4.78978
      vertex 18.7058 2.8 4.85844
      vertex 18.7058 0 4.85844
    endloop
  endfacet
  facet normal 0.276899 0 0.960899
    outer loop
      vertex 18.8715 2.8 4.78978
      vertex 19.0439 0 4.7401
      vertex 19.0439 2.8 4.7401
    endloop
  endfacet
  facet normal 0.276899 0 0.960899
    outer loop
      vertex 19.0439 0 4.7401
      vertex 18.8715 2.8 4.78978
      vertex 18.8715 0 4.78978
    endloop
  endfacet
  facet normal 0.167471 0 0.985877
    outer loop
      vertex 19.0439 2.8 4.7401
      vertex 19.2208 0 4.71005
      vertex 19.2208 2.8 4.71005
    endloop
  endfacet
  facet normal 0.167471 0 0.985877
    outer loop
      vertex 19.2208 0 4.71005
      vertex 19.0439 2.8 4.7401
      vertex 19.0439 0 4.7401
    endloop
  endfacet
  facet normal 0.0559946 0 0.998431
    outer loop
      vertex 19.2208 2.8 4.71005
      vertex 19.4 0 4.7
      vertex 19.4 2.8 4.7
    endloop
  endfacet
  facet normal 0.0559946 0 0.998431
    outer loop
      vertex 19.4 0 4.7
      vertex 19.2208 2.8 4.71005
      vertex 19.2208 0 4.71005
    endloop
  endfacet
  facet normal -0 0 1
    outer loop
      vertex 19.4 2.8 4.7
      vertex 20.3 0 4.7
      vertex 20.3 2.8 4.7
    endloop
  endfacet
  facet normal 0 0 1
    outer loop
      vertex 20.3 0 4.7
      vertex 19.4 2.8 4.7
      vertex 19.4 0 4.7
    endloop
  endfacet
  facet normal 1 -0 0
    outer loop
      vertex 20.3 0 4.7
      vertex 20.3 2.8 0
      vertex 20.3 2.8 4.7
    endloop
  endfacet
  facet normal 1 0 0
    outer loop
      vertex 20.3 2.8 0
      vertex 20.3 0 4.7
      vertex 20.3 0 0
    endloop
  endfacet
  facet normal -1 0 0
    outer loop
      vertex 28.3 0 0
      vertex 28.3 2.8 4.7
      vertex 28.3 2.8 0
    endloop
  endfacet
  facet normal -1 -0 0
    outer loop
      vertex 28.3 2.8 4.7
      vertex 28.3 0 0
      vertex 28.3 0 4.7
    endloop
  endfacet
  facet normal -0.167474 0 0.985877
    outer loop
      vertex 6.16794 1.2 4.50943
      vertex 6.33377 0 4.5376
      vertex 6.33377 1.2 4.5376
    endloop
  endfacet
  facet normal -0.167474 0 0.985877
    outer loop
      vertex 6.33377 0 4.5376
      vertex 6.16794 1.2 4.50943
      vertex 6.16794 0 4.50943
    endloop
  endfacet
  facet normal -0.276848 0 0.960914
    outer loop
      vertex 6.33377 1.2 4.5376
      vertex 6.49541 0 4.58417
      vertex 6.49541 1.2 4.58417
    endloop
  endfacet
  facet normal -0.276848 0 0.960914
    outer loop
      vertex 6.49541 0 4.58417
      vertex 6.33377 1.2 4.5376
      vertex 6.33377 0 4.5376
    endloop
  endfacet
  facet normal -0.382669 0 0.923886
    outer loop
      vertex 6.49541 1.2 4.58417
      vertex 6.65082 0 4.64854
      vertex 6.65082 1.2 4.64854
    endloop
  endfacet
  facet normal -0.382669 0 0.923886
    outer loop
      vertex 6.65082 0 4.64854
      vertex 6.49541 1.2 4.58417
      vertex 6.49541 0 4.58417
    endloop
  endfacet
  facet normal -0.483718 0 0.875224
    outer loop
      vertex 6.65082 1.2 4.64854
      vertex 6.79803 0 4.7299
      vertex 6.79803 1.2 4.7299
    endloop
  endfacet
  facet normal -0.483718 0 0.875224
    outer loop
      vertex 6.79803 0 4.7299
      vertex 6.65082 1.2 4.64854
      vertex 6.65082 0 4.64854
    endloop
  endfacet
  facet normal -0.578637 0 0.815585
    outer loop
      vertex 6.79803 1.2 4.7299
      vertex 6.93523 0 4.82724
      vertex 6.93523 1.2 4.82724
    endloop
  endfacet
  facet normal -0.578637 0 0.815585
    outer loop
      vertex 6.93523 0 4.82724
      vertex 6.79803 1.2 4.7299
      vertex 6.79803 0 4.7299
    endloop
  endfacet
  facet normal -0.666372 0 0.745619
    outer loop
      vertex 6.93523 1.2 4.82724
      vertex 7.06065 0 4.93933
      vertex 7.06065 1.2 4.93933
    endloop
  endfacet
  facet normal -0.666372 0 0.745619
    outer loop
      vertex 7.06065 0 4.93933
      vertex 6.93523 1.2 4.82724
      vertex 6.93523 0 4.82724
    endloop
  endfacet
  facet normal -0.745645 0 0.666343
    outer loop
      vertex 7.06065 0 4.93933
      vertex 7.17274 1.2 5.06476
      vertex 7.06065 1.2 4.93933
    endloop
  endfacet
  facet normal -0.745645 0 0.666343
    outer loop
      vertex 7.17274 1.2 5.06476
      vertex 7.06065 0 4.93933
      vertex 7.17274 0 5.06476
    endloop
  endfacet
  facet normal -0.815565 0 0.578665
    outer loop
      vertex 7.17274 0 5.06476
      vertex 7.27008 1.2 5.20195
      vertex 7.17274 1.2 5.06476
    endloop
  endfacet
  facet normal -0.815565 0 0.578665
    outer loop
      vertex 7.27008 1.2 5.20195
      vertex 7.17274 0 5.06476
      vertex 7.27008 0 5.20195
    endloop
  endfacet
  facet normal -0.875238 0 0.483693
    outer loop
      vertex 7.27008 0 5.20195
      vertex 7.35144 1.2 5.34917
      vertex 7.27008 1.2 5.20195
    endloop
  endfacet
  facet normal -0.875238 0 0.483693
    outer loop
      vertex 7.35144 1.2 5.34917
      vertex 7.27008 0 5.20195
      vertex 7.35144 0 5.34917
    endloop
  endfacet
  facet normal -0.923865 0 0.382719
    outer loop
      vertex 7.35144 0 5.34917
      vertex 7.41582 1.2 5.50458
      vertex 7.35144 1.2 5.34917
    endloop
  endfacet
  facet normal -0.923865 0 0.382719
    outer loop
      vertex 7.41582 1.2 5.50458
      vertex 7.35144 0 5.34917
      vertex 7.41582 0 5.50458
    endloop
  endfacet
  facet normal -0.960909 0 0.276864
    outer loop
      vertex 7.41582 0 5.50458
      vertex 7.46239 1.2 5.66621
      vertex 7.41582 1.2 5.50458
    endloop
  endfacet
  facet normal -0.960909 0 0.276864
    outer loop
      vertex 7.46239 1.2 5.66621
      vertex 7.41582 0 5.50458
      vertex 7.46239 0 5.66621
    endloop
  endfacet
  facet normal -0.985888 0 0.167406
    outer loop
      vertex 7.46239 0 5.66621
      vertex 7.49055 1.2 5.83205
      vertex 7.46239 1.2 5.66621
    endloop
  endfacet
  facet normal -0.985888 0 0.167406
    outer loop
      vertex 7.49055 1.2 5.83205
      vertex 7.46239 0 5.66621
      vertex 7.49055 0 5.83205
    endloop
  endfacet
  facet normal -0.998421 0 0.0561779
    outer loop
      vertex 7.49055 0 5.83205
      vertex 7.5 1.2 6
      vertex 7.49055 1.2 5.83205
    endloop
  endfacet
  facet normal -0.998421 0 0.0561779
    outer loop
      vertex 7.5 1.2 6
      vertex 7.49055 0 5.83205
      vertex 7.5 0 6
    endloop
  endfacet
  facet normal -0.998421 0 -0.0561812
    outer loop
      vertex 7.5 0 6
      vertex 7.49055 1.2 6.16794
      vertex 7.5 1.2 6
    endloop
  endfacet
  facet normal -0.998421 -0 -0.0561812
    outer loop
      vertex 7.49055 1.2 6.16794
      vertex 7.5 0 6
      vertex 7.49055 0 6.16794
    endloop
  endfacet
  facet normal -0.985886 0 -0.167416
    outer loop
      vertex 7.49055 0 6.16794
      vertex 7.46239 1.2 6.33377
      vertex 7.49055 1.2 6.16794
    endloop
  endfacet
  facet normal -0.985886 -0 -0.167416
    outer loop
      vertex 7.46239 1.2 6.33377
      vertex 7.49055 0 6.16794
      vertex 7.46239 0 6.33377
    endloop
  endfacet
  facet normal -0.960914 0 -0.276848
    outer loop
      vertex 7.46239 0 6.33377
      vertex 7.41582 1.2 6.49541
      vertex 7.46239 1.2 6.33377
    endloop
  endfacet
  facet normal -0.960914 -0 -0.276848
    outer loop
      vertex 7.41582 1.2 6.49541
      vertex 7.46239 0 6.33377
      vertex 7.41582 0 6.49541
    endloop
  endfacet
  facet normal -0.923865 0 -0.382719
    outer loop
      vertex 7.41582 0 6.49541
      vertex 7.35144 1.2 6.65082
      vertex 7.41582 1.2 6.49541
    endloop
  endfacet
  facet normal -0.923865 -0 -0.382719
    outer loop
      vertex 7.35144 1.2 6.65082
      vertex 7.41582 0 6.49541
      vertex 7.35144 0 6.65082
    endloop
  endfacet
  facet normal -0.875224 0 -0.483718
    outer loop
      vertex 7.35144 0 6.65082
      vertex 7.27008 1.2 6.79803
      vertex 7.35144 1.2 6.65082
    endloop
  endfacet
  facet normal -0.875224 -0 -0.483718
    outer loop
      vertex 7.27008 1.2 6.79803
      vertex 7.35144 0 6.65082
      vertex 7.27008 0 6.79803
    endloop
  endfacet
  facet normal -0.815585 0 -0.578637
    outer loop
      vertex 7.27008 0 6.79803
      vertex 7.17274 1.2 6.93523
      vertex 7.27008 1.2 6.79803
    endloop
  endfacet
  facet normal -0.815585 -0 -0.578637
    outer loop
      vertex 7.17274 1.2 6.93523
      vertex 7.27008 0 6.79803
      vertex 7.17274 0 6.93523
    endloop
  endfacet
  facet normal -0.745619 0 -0.666372
    outer loop
      vertex 7.17274 0 6.93523
      vertex 7.06065 1.2 7.06065
      vertex 7.17274 1.2 6.93523
    endloop
  endfacet
  facet normal -0.745619 -0 -0.666372
    outer loop
      vertex 7.06065 1.2 7.06065
      vertex 7.17274 0 6.93523
      vertex 7.06065 0 7.06065
    endloop
  endfacet
  facet normal -0.666372 0 -0.745619
    outer loop
      vertex 6.93523 0 7.17274
      vertex 7.06065 1.2 7.06065
      vertex 7.06065 0 7.06065
    endloop
  endfacet
  facet normal -0.666372 0 -0.745619
    outer loop
      vertex 7.06065 1.2 7.06065
      vertex 6.93523 0 7.17274
      vertex 6.93523 1.2 7.17274
    endloop
  endfacet
  facet normal -0.578637 0 -0.815585
    outer loop
      vertex 6.79803 0 7.27008
      vertex 6.93523 1.2 7.17274
      vertex 6.93523 0 7.17274
    endloop
  endfacet
  facet normal -0.578637 0 -0.815585
    outer loop
      vertex 6.93523 1.2 7.17274
      vertex 6.79803 0 7.27008
      vertex 6.79803 1.2 7.27008
    endloop
  endfacet
  facet normal -0.483718 0 -0.875224
    outer loop
      vertex 6.65082 0 7.35144
      vertex 6.79803 1.2 7.27008
      vertex 6.79803 0 7.27008
    endloop
  endfacet
  facet normal -0.483718 0 -0.875224
    outer loop
      vertex 6.79803 1.2 7.27008
      vertex 6.65082 0 7.35144
      vertex 6.65082 1.2 7.35144
    endloop
  endfacet
  facet normal -0.382719 0 -0.923865
    outer loop
      vertex 6.49541 0 7.41582
      vertex 6.65082 1.2 7.35144
      vertex 6.65082 0 7.35144
    endloop
  endfacet
  facet normal -0.382719 0 -0.923865
    outer loop
      vertex 6.65082 1.2 7.35144
      vertex 6.49541 0 7.41582
      vertex 6.49541 1.2 7.41582
    endloop
  endfacet
  facet normal -0.276848 0 -0.960914
    outer loop
      vertex 6.33377 0 7.46239
      vertex 6.49541 1.2 7.41582
      vertex 6.49541 0 7.41582
    endloop
  endfacet
  facet normal -0.276848 0 -0.960914
    outer loop
      vertex 6.49541 1.2 7.41582
      vertex 6.33377 0 7.46239
      vertex 6.33377 1.2 7.46239
    endloop
  endfacet
  facet normal -0.167416 0 -0.985886
    outer loop
      vertex 6.16794 0 7.49055
      vertex 6.33377 1.2 7.46239
      vertex 6.33377 0 7.46239
    endloop
  endfacet
  facet normal -0.167416 0 -0.985886
    outer loop
      vertex 6.33377 1.2 7.46239
      vertex 6.16794 0 7.49055
      vertex 6.16794 1.2 7.49055
    endloop
  endfacet
  facet normal -0.0561812 0 -0.998421
    outer loop
      vertex 6 0 7.5
      vertex 6.16794 1.2 7.49055
      vertex 6.16794 0 7.49055
    endloop
  endfacet
  facet normal -0.0561812 0 -0.998421
    outer loop
      vertex 6.16794 1.2 7.49055
      vertex 6 0 7.5
      vertex 6 1.2 7.5
    endloop
  endfacet
  facet normal 0.0561779 0 -0.998421
    outer loop
      vertex 5.83205 0 7.49055
      vertex 6 1.2 7.5
      vertex 6 0 7.5
    endloop
  endfacet
  facet normal 0.0561779 0 -0.998421
    outer loop
      vertex 6 1.2 7.5
      vertex 5.83205 0 7.49055
      vertex 5.83205 1.2 7.49055
    endloop
  endfacet
  facet normal 0.167406 0 -0.985888
    outer loop
      vertex 5.66621 0 7.46239
      vertex 5.83205 1.2 7.49055
      vertex 5.83205 0 7.49055
    endloop
  endfacet
  facet normal 0.167406 0 -0.985888
    outer loop
      vertex 5.83205 1.2 7.49055
      vertex 5.66621 0 7.46239
      vertex 5.66621 1.2 7.46239
    endloop
  endfacet
  facet normal 0.276864 0 -0.960909
    outer loop
      vertex 5.50458 0 7.41582
      vertex 5.66621 1.2 7.46239
      vertex 5.66621 0 7.46239
    endloop
  endfacet
  facet normal 0.276864 0 -0.960909
    outer loop
      vertex 5.66621 1.2 7.46239
      vertex 5.50458 0 7.41582
      vertex 5.50458 1.2 7.41582
    endloop
  endfacet
  facet normal 0.382719 0 -0.923865
    outer loop
      vertex 5.34917 0 7.35144
      vertex 5.50458 1.2 7.41582
      vertex 5.50458 0 7.41582
    endloop
  endfacet
  facet normal 0.382719 0 -0.923865
    outer loop
      vertex 5.50458 1.2 7.41582
      vertex 5.34917 0 7.35144
      vertex 5.34917 1.2 7.35144
    endloop
  endfacet
  facet normal 0.483693 0 -0.875238
    outer loop
      vertex 5.20195 0 7.27008
      vertex 5.34917 1.2 7.35144
      vertex 5.34917 0 7.35144
    endloop
  endfacet
  facet normal 0.483693 0 -0.875238
    outer loop
      vertex 5.34917 1.2 7.35144
      vertex 5.20195 0 7.27008
      vertex 5.20195 1.2 7.27008
    endloop
  endfacet
  facet normal 0.578665 0 -0.815565
    outer loop
      vertex 5.06476 0 7.17274
      vertex 5.20195 1.2 7.27008
      vertex 5.20195 0 7.27008
    endloop
  endfacet
  facet normal 0.578665 0 -0.815565
    outer loop
      vertex 5.20195 1.2 7.27008
      vertex 5.06476 0 7.17274
      vertex 5.06476 1.2 7.17274
    endloop
  endfacet
  facet normal 0.666343 0 -0.745645
    outer loop
      vertex 4.93933 0 7.06065
      vertex 5.06476 1.2 7.17274
      vertex 5.06476 0 7.17274
    endloop
  endfacet
  facet normal 0.666343 0 -0.745645
    outer loop
      vertex 5.06476 1.2 7.17274
      vertex 4.93933 0 7.06065
      vertex 4.93933 1.2 7.06065
    endloop
  endfacet
  facet normal 0.745619 0 -0.666372
    outer loop
      vertex 4.93933 0 7.06065
      vertex 4.82724 1.2 6.93523
      vertex 4.93933 1.2 7.06065
    endloop
  endfacet
  facet normal 0.745619 0 -0.666372
    outer loop
      vertex 4.82724 1.2 6.93523
      vertex 4.93933 0 7.06065
      vertex 4.82724 0 6.93523
    endloop
  endfacet
  facet normal 0.815585 0 -0.578637
    outer loop
      vertex 4.82724 0 6.93523
      vertex 4.7299 1.2 6.79803
      vertex 4.82724 1.2 6.93523
    endloop
  endfacet
  facet normal 0.815585 0 -0.578637
    outer loop
      vertex 4.7299 1.2 6.79803
      vertex 4.82724 0 6.93523
      vertex 4.7299 0 6.79803
    endloop
  endfacet
  facet normal 0.875224 0 -0.483718
    outer loop
      vertex 4.7299 0 6.79803
      vertex 4.64854 1.2 6.65082
      vertex 4.7299 1.2 6.79803
    endloop
  endfacet
  facet normal 0.875224 0 -0.483718
    outer loop
      vertex 4.64854 1.2 6.65082
      vertex 4.7299 0 6.79803
      vertex 4.64854 0 6.65082
    endloop
  endfacet
  facet normal 0.923886 0 -0.382669
    outer loop
      vertex 4.64854 0 6.65082
      vertex 4.58417 1.2 6.49541
      vertex 4.64854 1.2 6.65082
    endloop
  endfacet
  facet normal 0.923886 0 -0.382669
    outer loop
      vertex 4.58417 1.2 6.49541
      vertex 4.64854 0 6.65082
      vertex 4.58417 0 6.49541
    endloop
  endfacet
  facet normal 0.960914 0 -0.276848
    outer loop
      vertex 4.58417 0 6.49541
      vertex 4.5376 1.2 6.33377
      vertex 4.58417 1.2 6.49541
    endloop
  endfacet
  facet normal 0.960914 0 -0.276848
    outer loop
      vertex 4.5376 1.2 6.33377
      vertex 4.58417 0 6.49541
      vertex 4.5376 0 6.33377
    endloop
  endfacet
  facet normal 0.985877 0 -0.167474
    outer loop
      vertex 4.5376 0 6.33377
      vertex 4.50943 1.2 6.16794
      vertex 4.5376 1.2 6.33377
    endloop
  endfacet
  facet normal 0.985877 0 -0.167474
    outer loop
      vertex 4.50943 1.2 6.16794
      vertex 4.5376 0 6.33377
      vertex 4.50943 0 6.16794
    endloop
  endfacet
  facet normal 0.998427 0 -0.0560627
    outer loop
      vertex 4.50943 0 6.16794
      vertex 4.5 1.2 6
      vertex 4.50943 1.2 6.16794
    endloop
  endfacet
  facet normal 0.998427 0 -0.0560627
    outer loop
      vertex 4.5 1.2 6
      vertex 4.50943 0 6.16794
      vertex 4.5 0 6
    endloop
  endfacet
  facet normal 0.998427 -0 0.0560594
    outer loop
      vertex 4.5 0 6
      vertex 4.50943 1.2 5.83205
      vertex 4.5 1.2 6
    endloop
  endfacet
  facet normal 0.998427 0 0.0560594
    outer loop
      vertex 4.50943 1.2 5.83205
      vertex 4.5 0 6
      vertex 4.50943 0 5.83205
    endloop
  endfacet
  facet normal 0.985878 -0 0.167464
    outer loop
      vertex 4.50943 0 5.83205
      vertex 4.5376 1.2 5.66621
      vertex 4.50943 1.2 5.83205
    endloop
  endfacet
  facet normal 0.985878 0 0.167464
    outer loop
      vertex 4.5376 1.2 5.66621
      vertex 4.50943 0 5.83205
      vertex 4.5376 0 5.66621
    endloop
  endfacet
  facet normal 0.960909 -0 0.276864
    outer loop
      vertex 4.5376 0 5.66621
      vertex 4.58417 1.2 5.50458
      vertex 4.5376 1.2 5.66621
    endloop
  endfacet
  facet normal 0.960909 0 0.276864
    outer loop
      vertex 4.58417 1.2 5.50458
      vertex 4.5376 0 5.66621
      vertex 4.58417 0 5.50458
    endloop
  endfacet
  facet normal 0.923886 -0 0.382669
    outer loop
      vertex 4.58417 0 5.50458
      vertex 4.64854 1.2 5.34917
      vertex 4.58417 1.2 5.50458
    endloop
  endfacet
  facet normal 0.923886 0 0.382669
    outer loop
      vertex 4.64854 1.2 5.34917
      vertex 4.58417 0 5.50458
      vertex 4.64854 0 5.34917
    endloop
  endfacet
  facet normal 0.875238 -0 0.483693
    outer loop
      vertex 4.64854 0 5.34917
      vertex 4.7299 1.2 5.20195
      vertex 4.64854 1.2 5.34917
    endloop
  endfacet
  facet normal 0.875238 0 0.483693
    outer loop
      vertex 4.7299 1.2 5.20195
      vertex 4.64854 0 5.34917
      vertex 4.7299 0 5.20195
    endloop
  endfacet
  facet normal 0.815565 -0 0.578665
    outer loop
      vertex 4.7299 0 5.20195
      vertex 4.82724 1.2 5.06476
      vertex 4.7299 1.2 5.20195
    endloop
  endfacet
  facet normal 0.815565 0 0.578665
    outer loop
      vertex 4.82724 1.2 5.06476
      vertex 4.7299 0 5.20195
      vertex 4.82724 0 5.06476
    endloop
  endfacet
  facet normal 0.745645 -0 0.666343
    outer loop
      vertex 4.82724 0 5.06476
      vertex 4.93933 1.2 4.93933
      vertex 4.82724 1.2 5.06476
    endloop
  endfacet
  facet normal 0.745645 0 0.666343
    outer loop
      vertex 4.93933 1.2 4.93933
      vertex 4.82724 0 5.06476
      vertex 4.93933 0 4.93933
    endloop
  endfacet
  facet normal 0.666343 0 0.745645
    outer loop
      vertex 4.93933 1.2 4.93933
      vertex 5.06476 0 4.82724
      vertex 5.06476 1.2 4.82724
    endloop
  endfacet
  facet normal 0.666343 0 0.745645
    outer loop
      vertex 5.06476 0 4.82724
      vertex 4.93933 1.2 4.93933
      vertex 4.93933 0 4.93933
    endloop
  endfacet
  facet normal 0.578665 0 0.815565
    outer loop
      vertex 5.06476 1.2 4.82724
      vertex 5.20195 0 4.7299
      vertex 5.20195 1.2 4.7299
    endloop
  endfacet
  facet normal 0.578665 0 0.815565
    outer loop
      vertex 5.20195 0 4.7299
      vertex 5.06476 1.2 4.82724
      vertex 5.06476 0 4.82724
    endloop
  endfacet
  facet normal 0.483693 0 0.875238
    outer loop
      vertex 5.20195 1.2 4.7299
      vertex 5.34917 0 4.64854
      vertex 5.34917 1.2 4.64854
    endloop
  endfacet
  facet normal 0.483693 0 0.875238
    outer loop
      vertex 5.34917 0 4.64854
      vertex 5.20195 1.2 4.7299
      vertex 5.20195 0 4.7299
    endloop
  endfacet
  facet normal 0.382669 0 0.923886
    outer loop
      vertex 5.34917 1.2 4.64854
      vertex 5.50458 0 4.58417
      vertex 5.50458 1.2 4.58417
    endloop
  endfacet
  facet normal 0.382669 0 0.923886
    outer loop
      vertex 5.50458 0 4.58417
      vertex 5.34917 1.2 4.64854
      vertex 5.34917 0 4.64854
    endloop
  endfacet
  facet normal 0.276864 0 0.960909
    outer loop
      vertex 5.50458 1.2 4.58417
      vertex 5.66621 0 4.5376
      vertex 5.66621 1.2 4.5376
    endloop
  endfacet
  facet normal 0.276864 0 0.960909
    outer loop
      vertex 5.66621 0 4.5376
      vertex 5.50458 1.2 4.58417
      vertex 5.50458 0 4.58417
    endloop
  endfacet
  facet normal 0.167464 0 0.985878
    outer loop
      vertex 5.66621 1.2 4.5376
      vertex 5.83205 0 4.50943
      vertex 5.83205 1.2 4.50943
    endloop
  endfacet
  facet normal 0.167464 0 0.985878
    outer loop
      vertex 5.83205 0 4.50943
      vertex 5.66621 1.2 4.5376
      vertex 5.66621 0 4.5376
    endloop
  endfacet
  facet normal 0.0560594 0 0.998427
    outer loop
      vertex 5.83205 1.2 4.50943
      vertex 6 0 4.5
      vertex 6 1.2 4.5
    endloop
  endfacet
  facet normal 0.0560594 0 0.998427
    outer loop
      vertex 6 0 4.5
      vertex 5.83205 1.2 4.50943
      vertex 5.83205 0 4.50943
    endloop
  endfacet
  facet normal -0.0560627 0 0.998427
    outer loop
      vertex 6 1.2 4.5
      vertex 6.16794 0 4.50943
      vertex 6.16794 1.2 4.50943
    endloop
  endfacet
  facet normal -0.0560627 0 0.998427
    outer loop
      vertex 6.16794 0 4.50943
      vertex 6 1.2 4.5
      vertex 6 0 4.5
    endloop
  endfacet
  facet normal -0.167405 0 0.985888
    outer loop
      vertex 82.1679 1.2 4.50943
      vertex 82.3338 0 4.5376
      vertex 82.3338 1.2 4.5376
    endloop
  endfacet
  facet normal -0.167405 0 0.985888
    outer loop
      vertex 82.3338 0 4.5376
      vertex 82.1679 1.2 4.50943
      vertex 82.1679 0 4.50943
    endloop
  endfacet
  facet normal -0.276912 0 0.960895
    outer loop
      vertex 82.3338 1.2 4.5376
      vertex 82.4954 0 4.58417
      vertex 82.4954 1.2 4.58417
    endloop
  endfacet
  facet normal -0.276912 0 0.960895
    outer loop
      vertex 82.4954 0 4.58417
      vertex 82.3338 1.2 4.5376
      vertex 82.3338 0 4.5376
    endloop
  endfacet
  facet normal -0.38269 0 0.923877
    outer loop
      vertex 82.4954 1.2 4.58417
      vertex 82.6508 0 4.64854
      vertex 82.6508 1.2 4.64854
    endloop
  endfacet
  facet normal -0.38269 0 0.923877
    outer loop
      vertex 82.6508 0 4.64854
      vertex 82.4954 1.2 4.58417
      vertex 82.4954 0 4.58417
    endloop
  endfacet
  facet normal -0.483744 0 0.87521
    outer loop
      vertex 82.6508 1.2 4.64854
      vertex 82.798 0 4.7299
      vertex 82.798 1.2 4.7299
    endloop
  endfacet
  facet normal -0.483744 0 0.87521
    outer loop
      vertex 82.798 0 4.7299
      vertex 82.6508 1.2 4.64854
      vertex 82.6508 0 4.64854
    endloop
  endfacet
  facet normal -0.578637 0 0.815585
    outer loop
      vertex 82.798 1.2 4.7299
      vertex 82.9352 0 4.82724
      vertex 82.9352 1.2 4.82724
    endloop
  endfacet
  facet normal -0.578637 0 0.815585
    outer loop
      vertex 82.9352 0 4.82724
      vertex 82.798 1.2 4.7299
      vertex 82.798 0 4.7299
    endloop
  endfacet
  facet normal -0.666136 0 0.74583
    outer loop
      vertex 82.9352 1.2 4.82724
      vertex 83.0607 0 4.93933
      vertex 83.0607 1.2 4.93933
    endloop
  endfacet
  facet normal -0.666136 0 0.74583
    outer loop
      vertex 83.0607 0 4.93933
      vertex 82.9352 1.2 4.82724
      vertex 82.9352 0 4.82724
    endloop
  endfacet
  facet normal -0.745911 0 0.666045
    outer loop
      vertex 83.0607 0 4.93933
      vertex 83.1727 1.2 5.06476
      vertex 83.0607 1.2 4.93933
    endloop
  endfacet
  facet normal -0.745911 0 0.666045
    outer loop
      vertex 83.1727 1.2 5.06476
      vertex 83.0607 0 4.93933
      vertex 83.1727 0 5.06476
    endloop
  endfacet
  facet normal -0.815397 0 0.578903
    outer loop
      vertex 83.1727 0 5.06476
      vertex 83.2701 1.2 5.20195
      vertex 83.1727 1.2 5.06476
    endloop
  endfacet
  facet normal -0.815397 0 0.578903
    outer loop
      vertex 83.2701 1.2 5.20195
      vertex 83.1727 0 5.06476
      vertex 83.2701 0 5.20195
    endloop
  endfacet
  facet normal -0.875389 0 0.48342
    outer loop
      vertex 83.2701 0 5.20195
      vertex 83.3514 1.2 5.34917
      vertex 83.2701 1.2 5.20195
    endloop
  endfacet
  facet normal -0.875389 0 0.48342
    outer loop
      vertex 83.3514 1.2 5.34917
      vertex 83.2701 0 5.20195
      vertex 83.3514 0 5.34917
    endloop
  endfacet
  facet normal -0.923823 0 0.382821
    outer loop
      vertex 83.3514 0 5.34917
      vertex 83.4158 1.2 5.50458
      vertex 83.3514 1.2 5.34917
    endloop
  endfacet
  facet normal -0.923823 0 0.382821
    outer loop
      vertex 83.4158 1.2 5.50458
      vertex 83.3514 0 5.34917
      vertex 83.4158 0 5.50458
    endloop
  endfacet
  facet normal -0.960862 0 0.277029
    outer loop
      vertex 83.4158 0 5.50458
      vertex 83.4624 1.2 5.66621
      vertex 83.4158 1.2 5.50458
    endloop
  endfacet
  facet normal -0.960862 0 0.277029
    outer loop
      vertex 83.4624 1.2 5.66621
      vertex 83.4158 0 5.50458
      vertex 83.4624 0 5.66621
    endloop
  endfacet
  facet normal -0.985849 0 0.167637
    outer loop
      vertex 83.4624 0 5.66621
      vertex 83.4906 1.2 5.83205
      vertex 83.4624 1.2 5.66621
    endloop
  endfacet
  facet normal -0.985849 0 0.167637
    outer loop
      vertex 83.4906 1.2 5.83205
      vertex 83.4624 0 5.66621
      vertex 83.4906 0 5.83205
    endloop
  endfacet
  facet normal -0.998437 0 0.0558816
    outer loop
      vertex 83.4906 0 5.83205
      vertex 83.5 1.2 6
      vertex 83.4906 1.2 5.83205
    endloop
  endfacet
  facet normal -0.998437 0 0.0558816
    outer loop
      vertex 83.5 1.2 6
      vertex 83.4906 0 5.83205
      vertex 83.5 0 6
    endloop
  endfacet
  facet normal -0.998437 0 -0.0558849
    outer loop
      vertex 83.5 0 6
      vertex 83.4906 1.2 6.16794
      vertex 83.5 1.2 6
    endloop
  endfacet
  facet normal -0.998437 -0 -0.0558849
    outer loop
      vertex 83.4906 1.2 6.16794
      vertex 83.5 0 6
      vertex 83.4906 0 6.16794
    endloop
  endfacet
  facet normal -0.985847 0 -0.167647
    outer loop
      vertex 83.4906 0 6.16794
      vertex 83.4624 1.2 6.33377
      vertex 83.4906 1.2 6.16794
    endloop
  endfacet
  facet normal -0.985847 -0 -0.167647
    outer loop
      vertex 83.4624 1.2 6.33377
      vertex 83.4906 0 6.16794
      vertex 83.4624 0 6.33377
    endloop
  endfacet
  facet normal -0.960866 0 -0.277013
    outer loop
      vertex 83.4624 0 6.33377
      vertex 83.4158 1.2 6.49541
      vertex 83.4624 1.2 6.33377
    endloop
  endfacet
  facet normal -0.960866 -0 -0.277013
    outer loop
      vertex 83.4158 1.2 6.49541
      vertex 83.4624 0 6.33377
      vertex 83.4158 0 6.49541
    endloop
  endfacet
  facet normal -0.923823 0 -0.382821
    outer loop
      vertex 83.4158 0 6.49541
      vertex 83.3514 1.2 6.65082
      vertex 83.4158 1.2 6.49541
    endloop
  endfacet
  facet normal -0.923823 -0 -0.382821
    outer loop
      vertex 83.3514 1.2 6.65082
      vertex 83.4158 0 6.49541
      vertex 83.3514 0 6.65082
    endloop
  endfacet
  facet normal -0.875375 0 -0.483445
    outer loop
      vertex 83.3514 0 6.65082
      vertex 83.2701 1.2 6.79803
      vertex 83.3514 1.2 6.65082
    endloop
  endfacet
  facet normal -0.875375 -0 -0.483445
    outer loop
      vertex 83.2701 1.2 6.79803
      vertex 83.3514 0 6.65082
      vertex 83.2701 0 6.79803
    endloop
  endfacet
  facet normal -0.815417 0 -0.578875
    outer loop
      vertex 83.2701 0 6.79803
      vertex 83.1727 1.2 6.93523
      vertex 83.2701 1.2 6.79803
    endloop
  endfacet
  facet normal -0.815417 -0 -0.578875
    outer loop
      vertex 83.1727 1.2 6.93523
      vertex 83.2701 0 6.79803
      vertex 83.1727 0 6.93523
    endloop
  endfacet
  facet normal -0.745885 0 -0.666075
    outer loop
      vertex 83.1727 0 6.93523
      vertex 83.0607 1.2 7.06065
      vertex 83.1727 1.2 6.93523
    endloop
  endfacet
  facet normal -0.745885 -0 -0.666075
    outer loop
      vertex 83.0607 1.2 7.06065
      vertex 83.1727 0 6.93523
      vertex 83.0607 0 7.06065
    endloop
  endfacet
  facet normal -0.666136 0 -0.74583
    outer loop
      vertex 82.9352 0 7.17274
      vertex 83.0607 1.2 7.06065
      vertex 83.0607 0 7.06065
    endloop
  endfacet
  facet normal -0.666136 0 -0.74583
    outer loop
      vertex 83.0607 1.2 7.06065
      vertex 82.9352 0 7.17274
      vertex 82.9352 1.2 7.17274
    endloop
  endfacet
  facet normal -0.578637 0 -0.815585
    outer loop
      vertex 82.798 0 7.27008
      vertex 82.9352 1.2 7.17274
      vertex 82.9352 0 7.17274
    endloop
  endfacet
  facet normal -0.578637 0 -0.815585
    outer loop
      vertex 82.9352 1.2 7.17274
      vertex 82.798 0 7.27008
      vertex 82.798 1.2 7.27008
    endloop
  endfacet
  facet normal -0.483744 0 -0.87521
    outer loop
      vertex 82.6508 0 7.35144
      vertex 82.798 1.2 7.27008
      vertex 82.798 0 7.27008
    endloop
  endfacet
  facet normal -0.483744 0 -0.87521
    outer loop
      vertex 82.798 1.2 7.27008
      vertex 82.6508 0 7.35144
      vertex 82.6508 1.2 7.35144
    endloop
  endfacet
  facet normal -0.38274 0 -0.923856
    outer loop
      vertex 82.4954 0 7.41582
      vertex 82.6508 1.2 7.35144
      vertex 82.6508 0 7.35144
    endloop
  endfacet
  facet normal -0.38274 0 -0.923856
    outer loop
      vertex 82.6508 1.2 7.35144
      vertex 82.4954 0 7.41582
      vertex 82.4954 1.2 7.41582
    endloop
  endfacet
  facet normal -0.276912 0 -0.960895
    outer loop
      vertex 82.3338 0 7.46239
      vertex 82.4954 1.2 7.41582
      vertex 82.4954 0 7.41582
    endloop
  endfacet
  facet normal -0.276912 0 -0.960895
    outer loop
      vertex 82.4954 1.2 7.41582
      vertex 82.3338 0 7.46239
      vertex 82.3338 1.2 7.46239
    endloop
  endfacet
  facet normal -0.167347 0 -0.985898
    outer loop
      vertex 82.1679 0 7.49055
      vertex 82.3338 1.2 7.46239
      vertex 82.3338 0 7.46239
    endloop
  endfacet
  facet normal -0.167347 0 -0.985898
    outer loop
      vertex 82.3338 1.2 7.46239
      vertex 82.1679 0 7.49055
      vertex 82.1679 1.2 7.49055
    endloop
  endfacet
  facet normal -0.0561946 0 -0.99842
    outer loop
      vertex 82 0 7.5
      vertex 82.1679 1.2 7.49055
      vertex 82.1679 0 7.49055
    endloop
  endfacet
  facet normal -0.0561946 0 -0.99842
    outer loop
      vertex 82.1679 1.2 7.49055
      vertex 82 0 7.5
      vertex 82 1.2 7.5
    endloop
  endfacet
  facet normal 0.0561612 0 -0.998422
    outer loop
      vertex 81.832 0 7.49055
      vertex 82 1.2 7.5
      vertex 82 0 7.5
    endloop
  endfacet
  facet normal 0.0561612 0 -0.998422
    outer loop
      vertex 82 1.2 7.5
      vertex 81.832 0 7.49055
      vertex 81.832 1.2 7.49055
    endloop
  endfacet
  facet normal 0.167445 0 -0.985881
    outer loop
      vertex 81.6662 0 7.46239
      vertex 81.832 1.2 7.49055
      vertex 81.832 0 7.49055
    endloop
  endfacet
  facet normal 0.167445 0 -0.985881
    outer loop
      vertex 81.832 1.2 7.49055
      vertex 81.6662 0 7.46239
      vertex 81.6662 1.2 7.46239
    endloop
  endfacet
  facet normal 0.276912 0 -0.960895
    outer loop
      vertex 81.5046 0 7.41582
      vertex 81.6662 1.2 7.46239
      vertex 81.6662 0 7.46239
    endloop
  endfacet
  facet normal 0.276912 0 -0.960895
    outer loop
      vertex 81.6662 1.2 7.46239
      vertex 81.5046 0 7.41582
      vertex 81.5046 1.2 7.41582
    endloop
  endfacet
  facet normal 0.38274 0 -0.923856
    outer loop
      vertex 81.3492 0 7.35144
      vertex 81.5046 1.2 7.41582
      vertex 81.5046 0 7.41582
    endloop
  endfacet
  facet normal 0.38274 0 -0.923856
    outer loop
      vertex 81.5046 1.2 7.41582
      vertex 81.3492 0 7.35144
      vertex 81.3492 1.2 7.35144
    endloop
  endfacet
  facet normal 0.483744 0 -0.87521
    outer loop
      vertex 81.202 0 7.27008
      vertex 81.3492 1.2 7.35144
      vertex 81.3492 0 7.35144
    endloop
  endfacet
  facet normal 0.483744 0 -0.87521
    outer loop
      vertex 81.3492 1.2 7.35144
      vertex 81.202 0 7.27008
      vertex 81.202 1.2 7.27008
    endloop
  endfacet
  facet normal 0.578637 0 -0.815585
    outer loop
      vertex 81.0648 0 7.17274
      vertex 81.202 1.2 7.27008
      vertex 81.202 0 7.27008
    endloop
  endfacet
  facet normal 0.578637 0 -0.815585
    outer loop
      vertex 81.202 1.2 7.27008
      vertex 81.0648 0 7.17274
      vertex 81.0648 1.2 7.17274
    endloop
  endfacet
  facet normal 0.666136 0 -0.74583
    outer loop
      vertex 80.9393 0 7.06065
      vertex 81.0648 1.2 7.17274
      vertex 81.0648 0 7.17274
    endloop
  endfacet
  facet normal 0.666136 0 -0.74583
    outer loop
      vertex 81.0648 1.2 7.17274
      vertex 80.9393 0 7.06065
      vertex 80.9393 1.2 7.06065
    endloop
  endfacet
  facet normal 0.745589 0 -0.666406
    outer loop
      vertex 80.9393 0 7.06065
      vertex 80.8272 1.2 6.93523
      vertex 80.9393 1.2 7.06065
    endloop
  endfacet
  facet normal 0.745589 0 -0.666406
    outer loop
      vertex 80.8272 1.2 6.93523
      vertex 80.9393 0 7.06065
      vertex 80.8272 0 6.93523
    endloop
  endfacet
  facet normal 0.815697 0 -0.578479
    outer loop
      vertex 80.8272 0 6.93523
      vertex 80.7299 1.2 6.79803
      vertex 80.8272 1.2 6.93523
    endloop
  endfacet
  facet normal 0.815697 0 -0.578479
    outer loop
      vertex 80.7299 1.2 6.79803
      vertex 80.8272 0 6.93523
      vertex 80.7299 0 6.79803
    endloop
  endfacet
  facet normal 0.875123 0 -0.483901
    outer loop
      vertex 80.7299 0 6.79803
      vertex 80.6485 1.2 6.65082
      vertex 80.7299 1.2 6.79803
    endloop
  endfacet
  facet normal 0.875123 0 -0.483901
    outer loop
      vertex 80.6485 1.2 6.65082
      vertex 80.7299 0 6.79803
      vertex 80.6485 0 6.65082
    endloop
  endfacet
  facet normal 0.924033 0 -0.382313
    outer loop
      vertex 80.6485 0 6.65082
      vertex 80.5842 1.2 6.49541
      vertex 80.6485 1.2 6.65082
    endloop
  endfacet
  facet normal 0.924033 0 -0.382313
    outer loop
      vertex 80.5842 1.2 6.49541
      vertex 80.6485 0 6.65082
      vertex 80.5842 0 6.49541
    endloop
  endfacet
  facet normal 0.960866 0 -0.277013
    outer loop
      vertex 80.5842 0 6.49541
      vertex 80.5376 1.2 6.33377
      vertex 80.5842 1.2 6.49541
    endloop
  endfacet
  facet normal 0.960866 0 -0.277013
    outer loop
      vertex 80.5376 1.2 6.33377
      vertex 80.5842 0 6.49541
      vertex 80.5376 0 6.33377
    endloop
  endfacet
  facet normal 0.985847 0 -0.167647
    outer loop
      vertex 80.5376 0 6.33377
      vertex 80.5094 1.2 6.16794
      vertex 80.5376 1.2 6.33377
    endloop
  endfacet
  facet normal 0.985847 0 -0.167647
    outer loop
      vertex 80.5094 1.2 6.16794
      vertex 80.5376 0 6.33377
      vertex 80.5094 0 6.16794
    endloop
  endfacet
  facet normal 0.998437 0 -0.0558849
    outer loop
      vertex 80.5094 0 6.16794
      vertex 80.5 1.2 6
      vertex 80.5094 1.2 6.16794
    endloop
  endfacet
  facet normal 0.998437 0 -0.0558849
    outer loop
      vertex 80.5 1.2 6
      vertex 80.5094 0 6.16794
      vertex 80.5 0 6
    endloop
  endfacet
  facet normal 0.998437 -0 0.0558816
    outer loop
      vertex 80.5 0 6
      vertex 80.5094 1.2 5.83205
      vertex 80.5 1.2 6
    endloop
  endfacet
  facet normal 0.998437 0 0.0558816
    outer loop
      vertex 80.5094 1.2 5.83205
      vertex 80.5 0 6
      vertex 80.5094 0 5.83205
    endloop
  endfacet
  facet normal 0.985849 -0 0.167637
    outer loop
      vertex 80.5094 0 5.83205
      vertex 80.5376 1.2 5.66621
      vertex 80.5094 1.2 5.83205
    endloop
  endfacet
  facet normal 0.985849 0 0.167637
    outer loop
      vertex 80.5376 1.2 5.66621
      vertex 80.5094 0 5.83205
      vertex 80.5376 0 5.66621
    endloop
  endfacet
  facet normal 0.960862 -0 0.277029
    outer loop
      vertex 80.5376 0 5.66621
      vertex 80.5842 1.2 5.50458
      vertex 80.5376 1.2 5.66621
    endloop
  endfacet
  facet normal 0.960862 0 0.277029
    outer loop
      vertex 80.5842 1.2 5.50458
      vertex 80.5376 0 5.66621
      vertex 80.5842 0 5.50458
    endloop
  endfacet
  facet normal 0.924033 -0 0.382313
    outer loop
      vertex 80.5842 0 5.50458
      vertex 80.6485 1.2 5.34917
      vertex 80.5842 1.2 5.50458
    endloop
  endfacet
  facet normal 0.924033 0 0.382313
    outer loop
      vertex 80.6485 1.2 5.34917
      vertex 80.5842 0 5.50458
      vertex 80.6485 0 5.34917
    endloop
  endfacet
  facet normal 0.875137 -0 0.483875
    outer loop
      vertex 80.6485 0 5.34917
      vertex 80.7299 1.2 5.20195
      vertex 80.6485 1.2 5.34917
    endloop
  endfacet
  facet normal 0.875137 0 0.483875
    outer loop
      vertex 80.7299 1.2 5.20195
      vertex 80.6485 0 5.34917
      vertex 80.7299 0 5.20195
    endloop
  endfacet
  facet normal 0.815677 -0 0.578507
    outer loop
      vertex 80.7299 0 5.20195
      vertex 80.8272 1.2 5.06476
      vertex 80.7299 1.2 5.20195
    endloop
  endfacet
  facet normal 0.815677 0 0.578507
    outer loop
      vertex 80.8272 1.2 5.06476
      vertex 80.7299 0 5.20195
      vertex 80.8272 0 5.06476
    endloop
  endfacet
  facet normal 0.745616 -0 0.666376
    outer loop
      vertex 80.8272 0 5.06476
      vertex 80.9393 1.2 4.93933
      vertex 80.8272 1.2 5.06476
    endloop
  endfacet
  facet normal 0.745616 0 0.666376
    outer loop
      vertex 80.9393 1.2 4.93933
      vertex 80.8272 0 5.06476
      vertex 80.9393 0 4.93933
    endloop
  endfacet
  facet normal 0.666136 0 0.74583
    outer loop
      vertex 80.9393 1.2 4.93933
      vertex 81.0648 0 4.82724
      vertex 81.0648 1.2 4.82724
    endloop
  endfacet
  facet normal 0.666136 0 0.74583
    outer loop
      vertex 81.0648 0 4.82724
      vertex 80.9393 1.2 4.93933
      vertex 80.9393 0 4.93933
    endloop
  endfacet
  facet normal 0.578637 0 0.815585
    outer loop
      vertex 81.0648 1.2 4.82724
      vertex 81.202 0 4.7299
      vertex 81.202 1.2 4.7299
    endloop
  endfacet
  facet normal 0.578637 0 0.815585
    outer loop
      vertex 81.202 0 4.7299
      vertex 81.0648 1.2 4.82724
      vertex 81.0648 0 4.82724
    endloop
  endfacet
  facet normal 0.483744 0 0.87521
    outer loop
      vertex 81.202 1.2 4.7299
      vertex 81.3492 0 4.64854
      vertex 81.3492 1.2 4.64854
    endloop
  endfacet
  facet normal 0.483744 0 0.87521
    outer loop
      vertex 81.3492 0 4.64854
      vertex 81.202 1.2 4.7299
      vertex 81.202 0 4.7299
    endloop
  endfacet
  facet normal 0.38269 0 0.923877
    outer loop
      vertex 81.3492 1.2 4.64854
      vertex 81.5046 0 4.58417
      vertex 81.5046 1.2 4.58417
    endloop
  endfacet
  facet normal 0.38269 0 0.923877
    outer loop
      vertex 81.5046 0 4.58417
      vertex 81.3492 1.2 4.64854
      vertex 81.3492 0 4.64854
    endloop
  endfacet
  facet normal 0.276912 0 0.960895
    outer loop
      vertex 81.5046 1.2 4.58417
      vertex 81.6662 0 4.5376
      vertex 81.6662 1.2 4.5376
    endloop
  endfacet
  facet normal 0.276912 0 0.960895
    outer loop
      vertex 81.6662 0 4.5376
      vertex 81.5046 1.2 4.58417
      vertex 81.5046 0 4.58417
    endloop
  endfacet
  facet normal 0.167503 0 0.985872
    outer loop
      vertex 81.6662 1.2 4.5376
      vertex 81.832 0 4.50943
      vertex 81.832 1.2 4.50943
    endloop
  endfacet
  facet normal 0.167503 0 0.985872
    outer loop
      vertex 81.832 0 4.50943
      vertex 81.6662 1.2 4.5376
      vertex 81.6662 0 4.5376
    endloop
  endfacet
  facet normal 0.0560427 0 0.998428
    outer loop
      vertex 81.832 1.2 4.50943
      vertex 82 0 4.5
      vertex 82 1.2 4.5
    endloop
  endfacet
  facet normal 0.0560427 0 0.998428
    outer loop
      vertex 82 0 4.5
      vertex 81.832 1.2 4.50943
      vertex 81.832 0 4.50943
    endloop
  endfacet
  facet normal -0.056076 0 0.998427
    outer loop
      vertex 82 1.2 4.5
      vertex 82.1679 0 4.50943
      vertex 82.1679 1.2 4.50943
    endloop
  endfacet
  facet normal -0.056076 0 0.998427
    outer loop
      vertex 82.1679 0 4.50943
      vertex 82 1.2 4.5
      vertex 82 0 4.5
    endloop
  endfacet
endsolid OpenSCAD_Model
